ItemSection,Row,Column,Cell,UpgradeSection,Kit,KitName,Tier
army_nosorog_outfit,1,1,1,up_sect_firsta_exolight_1,upgr_o_3_physical,st_upgr_o_physical,3
army_nosorog_outfit,1,2,1,up_sect_firstc_exolight_1,upgr_o_3_physical,st_upgr_o_physical,3
army_nosorog_outfit,1,2,2,up_sect_firstd_exolight_1,upgr_o_3_physical,st_upgr_o_physical,3
army_nosorog_outfit,1,3,1,up_sect_firste_exolight_1,upgr_o_3_physical,st_upgr_o_physical,3
army_nosorog_outfit,1,3,2,up_sect_firstf_exolight_1,upgr_o_3_physical,st_upgr_o_physical,3
army_nosorog_outfit,2,1,1,up_sect_secona_exolight_1,upgr_o_3_magical,st_upgr_o_magical,3
army_nosorog_outfit,2,2,1,up_sect_seconc_exolight_1,upgr_o_3_magical,st_upgr_o_magical,3
army_nosorog_outfit,2,2,2,up_sect_second_exolight_1,upgr_o_3_magical,st_upgr_o_magical,3
army_nosorog_outfit,2,3,1,up_sect_secone_exolight_1,upgr_o_3_magical,st_upgr_o_magical,3
army_nosorog_outfit,2,3,2,up_sect_seconf_exolight_1,upgr_o_3_magical,st_upgr_o_magical,3
army_nosorog_outfit,3,1,1,up_sect_thirda_exolight_1,upgr_o_3_utility,st_upgr_o_utility,3
army_nosorog_outfit,3,2,1,up_sect_thirdc_exolight_1,upgr_o_3_utility,st_upgr_o_utility,3
army_nosorog_outfit,3,3,1,up_sect_thirde_exolight_1,upgr_o_3_physical,st_upgr_o_physical,3
army_nosorog_outfit,4,1,1,up_sect_fourta_exolight_1,upgr_o_3_utility,st_upgr_o_utility,3
army_nosorog_outfit,4,2,1,up_sect_fourtc_exolight_1,upgr_o_3_physical,st_upgr_o_physical,3
army_nosorog_outfit,4,2,2,up_sect_fourtd_exolight_1,upgr_o_3_physical,st_upgr_o_physical,3
army_nosorog_outfit,4,3,1,up_sect_fourte_exolight_1,upgr_o_3_utility,st_upgr_o_utility,3
army_nosorog_outfit,4,3,2,up_sect_fourtf_exolight_1,upgr_o_3_utility,st_upgr_o_utility,3
army_nosorog_outfit,5,1,1,up_sect_fiftha_nosorog_1,upgr_o_3_utility,st_upgr_o_utility,3
army_nosorog_outfit,5,2,1,up_sect_fifthc_nosorog_1,upgr_o_3_magical,st_upgr_o_magical,3
army_nosorog_outfit,5,2,2,up_sect_fifthd_nosorog_1,upgr_o_3_magical,st_upgr_o_magical,3
army_nosorog_outfit,5,3,1,up_sect_fifthe_nosorog_1,upgr_o_3_utility,st_upgr_o_utility,3
army_outfit,1,1,1,up_sect_firsta_novice_1,upgr_o_1_physical,st_upgr_o_physical,1
army_outfit,1,2,1,up_sect_firstc_novice_1,upgr_o_1_physical,st_upgr_o_physical,1
army_outfit,1,3,1,up_sect_firste_novice_1,upgr_o_1_physical,st_upgr_o_physical,1
army_outfit,2,1,1,up_sect_secona_novice_1,upgr_o_1_magical,st_upgr_o_magical,1
army_outfit,2,2,1,up_sect_seconc_novice_1,upgr_o_1_magical,st_upgr_o_magical,1
army_outfit,2,2,2,up_sect_second_novice_1,upgr_o_1_magical,st_upgr_o_magical,1
army_outfit,3,1,1,up_sect_thirda_novice_1,upgr_o_1_utility,st_upgr_o_utility,1
bandit_exo_outfit,1,1,1,up_sect_firsta_exolight_1,upgr_o_3_physical,st_upgr_o_physical,3
bandit_exo_outfit,1,2,1,up_sect_firstc_exolight_1,upgr_o_3_physical,st_upgr_o_physical,3
bandit_exo_outfit,1,2,2,up_sect_firstd_exolight_1,upgr_o_3_physical,st_upgr_o_physical,3
bandit_exo_outfit,1,3,1,up_sect_firste_exolight_1,upgr_o_3_physical,st_upgr_o_physical,3
bandit_exo_outfit,1,3,2,up_sect_firstf_exolight_1,upgr_o_3_physical,st_upgr_o_physical,3
bandit_exo_outfit,2,1,1,up_sect_secona_exolight_1,upgr_o_3_magical,st_upgr_o_magical,3
bandit_exo_outfit,2,2,1,up_sect_seconc_exolight_1,upgr_o_3_magical,st_upgr_o_magical,3
bandit_exo_outfit,2,2,2,up_sect_second_exolight_1,upgr_o_3_magical,st_upgr_o_magical,3
bandit_exo_outfit,2,3,1,up_sect_secone_exolight_1,upgr_o_3_magical,st_upgr_o_magical,3
bandit_exo_outfit,2,3,2,up_sect_seconf_exolight_1,upgr_o_3_magical,st_upgr_o_magical,3
bandit_exo_outfit,3,1,1,up_sect_thirda_exolight_1,upgr_o_3_utility,st_upgr_o_utility,3
bandit_exo_outfit,3,2,1,up_sect_thirdc_exolight_1,upgr_o_3_utility,st_upgr_o_utility,3
bandit_exo_outfit,3,3,1,up_sect_thirde_exolight_1,upgr_o_3_physical,st_upgr_o_physical,3
bandit_exo_outfit,4,1,1,up_sect_fourta_exolight_1,upgr_o_3_utility,st_upgr_o_utility,3
bandit_exo_outfit,4,2,1,up_sect_fourtc_exolight_1,upgr_o_3_physical,st_upgr_o_physical,3
bandit_exo_outfit,4,2,2,up_sect_fourtd_exolight_1,upgr_o_3_physical,st_upgr_o_physical,3
bandit_exo_outfit,4,3,1,up_sect_fourte_exolight_1,upgr_o_3_utility,st_upgr_o_utility,3
bandit_exo_outfit,4,3,2,up_sect_fourtf_exolight_1,upgr_o_3_utility,st_upgr_o_utility,3
bandit_exo_outfit,5,1,1,up_sect_fiftha_exo_1,upgr_o_3_utility,st_upgr_o_utility,3
bandit_exo_outfit,5,2,1,up_sect_fifthc_exo_1,upgr_o_3_magical,st_upgr_o_magical,3
bandit_exo_outfit,5,2,2,up_sect_fifthd_exo_1,upgr_o_3_magical,st_upgr_o_magical,3
bandit_exo_outfit,5,3,1,up_sect_fifthe_exo_1,upgr_o_3_utility,st_upgr_o_utility,3
bandit_exolight_outfit,1,1,1,up_sect_firsta_exolight_1,upgr_o_2_physical,st_upgr_o_physical,2
bandit_exolight_outfit,1,2,1,up_sect_firstc_exolight_1,upgr_o_2_physical,st_upgr_o_physical,2
bandit_exolight_outfit,1,2,2,up_sect_firstd_exolight_1,upgr_o_2_physical,st_upgr_o_physical,2
bandit_exolight_outfit,1,3,1,up_sect_firste_exolight_1,upgr_o_3_physical,st_upgr_o_physical,3
bandit_exolight_outfit,1,3,2,up_sect_firstf_exolight_1,upgr_o_3_physical,st_upgr_o_physical,3
bandit_exolight_outfit,2,1,1,up_sect_secona_exolight_1,upgr_o_2_magical,st_upgr_o_magical,2
bandit_exolight_outfit,2,2,1,up_sect_seconc_exolight_1,upgr_o_2_magical,st_upgr_o_magical,2
bandit_exolight_outfit,2,2,2,up_sect_second_exolight_1,upgr_o_2_magical,st_upgr_o_magical,2
bandit_exolight_outfit,2,3,1,up_sect_secone_exolight_1,upgr_o_3_magical,st_upgr_o_magical,3
bandit_exolight_outfit,2,3,2,up_sect_seconf_exolight_1,upgr_o_3_magical,st_upgr_o_magical,3
bandit_exolight_outfit,3,1,1,up_sect_thirda_exolight_1,upgr_o_2_utility,st_upgr_o_utility,2
bandit_exolight_outfit,3,2,1,up_sect_thirdc_exolight_1,upgr_o_2_utility,st_upgr_o_utility,2
bandit_exolight_outfit,3,3,1,up_sect_thirde_exolight_1,upgr_o_3_physical,st_upgr_o_physical,3
bandit_exolight_outfit,4,1,1,up_sect_fourta_exolight_1,upgr_o_2_utility,st_upgr_o_utility,2
bandit_exolight_outfit,4,2,1,up_sect_fourtc_exolight_1,upgr_o_2_physical,st_upgr_o_physical,2
bandit_exolight_outfit,4,2,2,up_sect_fourtd_exolight_1,upgr_o_2_physical,st_upgr_o_physical,2
bandit_exolight_outfit,4,3,1,up_sect_fourte_exolight_1,upgr_o_3_utility,st_upgr_o_utility,3
bandit_exolight_outfit,4,3,2,up_sect_fourtf_exolight_1,upgr_o_3_utility,st_upgr_o_utility,3
bandit_nbc_outfit,1,1,1,up_sect_firsta_sts_1,upgr_o_1_physical,st_upgr_o_physical,1
bandit_nbc_outfit,1,2,1,up_sect_firstc_sts_1,upgr_o_1_physical,st_upgr_o_physical,1
bandit_nbc_outfit,1,3,1,up_sect_firste_sts_1,upgr_o_1_physical,st_upgr_o_physical,1
bandit_nbc_outfit,1,3,2,up_sect_firstf_sts_1,upgr_o_1_physical,st_upgr_o_physical,1
bandit_nbc_outfit,2,1,1,up_sect_secona_sts_1,upgr_o_1_physical,st_upgr_o_physical,1
bandit_nbc_outfit,2,2,1,up_sect_seconc_sts_1,upgr_o_1_magical,st_upgr_o_magical,1
bandit_nbc_outfit,2,2,2,up_sect_second_sts_1,upgr_o_1_magical,st_upgr_o_magical,1
bandit_nbc_outfit,2,3,1,up_sect_secone_sts_1,upgr_o_1_magical,st_upgr_o_magical,1
bandit_nbc_outfit,2,3,2,up_sect_seconf_sts_1,upgr_o_1_magical,st_upgr_o_magical,1
bandit_nbc_outfit,3,1,1,up_sect_thirda_sts_1,upgr_o_1_magical,st_upgr_o_magical,1
bandit_nbc_outfit,3,2,1,up_sect_thirdc_sts_1,upgr_o_1_utility,st_upgr_o_utility,1
bandit_nbc_outfit,3,2,2,up_sect_thirdd_sts_1,upgr_o_1_utility,st_upgr_o_utility,1
bandit_nbc_outfit,3,3,1,up_sect_thirde_sts_1,upgr_o_1_utility,st_upgr_o_utility,1
bandit_nbc_outfit,4,1,1,up_sect_fourta_sts_nbc_1,upgr_o_1_magical,st_upgr_o_magical,1
bandit_nbc_outfit,4,2,1,up_sect_fourtc_sts_nbc_1,upgr_o_1_utility,st_upgr_o_utility,1
bandit_novice_outfit,1,1,1,up_sect_firsta_novice_1,upgr_o_1_physical,st_upgr_o_physical,1
bandit_novice_outfit,1,2,1,up_sect_firstc_novice_1,upgr_o_1_physical,st_upgr_o_physical,1
bandit_novice_outfit,1,3,1,up_sect_firste_novice_1,upgr_o_1_physical,st_upgr_o_physical,1
bandit_novice_outfit,2,1,1,up_sect_secona_novice_1,upgr_o_1_magical,st_upgr_o_magical,1
bandit_novice_outfit,2,2,1,up_sect_seconc_novice_1,upgr_o_1_magical,st_upgr_o_magical,1
bandit_novice_outfit,2,2,2,up_sect_second_novice_1,upgr_o_1_magical,st_upgr_o_magical,1
bandit_novice_outfit,3,1,1,up_sect_thirda_novice_1,upgr_o_1_utility,st_upgr_o_utility,1
bandit_novice_outfit_alt,1,1,1,up_sect_firsta_novice_1,upgr_o_1_physical,st_upgr_o_physical,1
bandit_novice_outfit_alt,1,2,1,up_sect_firstc_novice_1,upgr_o_1_physical,st_upgr_o_physical,1
bandit_novice_outfit_alt,1,3,1,up_sect_firste_novice_1,upgr_o_1_physical,st_upgr_o_physical,1
bandit_novice_outfit_alt,2,1,1,up_sect_secona_novice_1,upgr_o_1_magical,st_upgr_o_magical,1
bandit_novice_outfit_alt,2,2,1,up_sect_seconc_novice_1,upgr_o_1_magical,st_upgr_o_magical,1
bandit_novice_outfit_alt,2,2,2,up_sect_second_novice_1,upgr_o_1_magical,st_upgr_o_magical,1
bandit_novice_outfit_alt,3,1,1,up_sect_thirda_novice_1,upgr_o_1_utility,st_upgr_o_utility,1
bandit_ps5_outfit,1,1,1,up_sect_firsta_ps5_2,upgr_o_1_physical,st_upgr_o_physical,1
bandit_ps5_outfit,1,2,1,up_sect_firstc_ps5_2,upgr_o_2_physical,st_upgr_o_physical,2
bandit_ps5_outfit,1,3,1,up_sect_firste_ps5_2,upgr_o_2_physical,st_upgr_o_physical,2
bandit_ps5_outfit,1,3,2,up_sect_firstf_ps5_2,upgr_o_2_physical,st_upgr_o_physical,2
bandit_ps5_outfit,2,1,1,up_sect_secona_ps5_2,upgr_o_1_utility,st_upgr_o_utility,1
bandit_ps5_outfit,2,2,1,up_sect_seconc_ps5_2,upgr_o_2_magical,st_upgr_o_magical,2
bandit_ps5_outfit,2,2,2,up_sect_second_ps5_2,upgr_o_2_utility,st_upgr_o_utility,2
bandit_ps5_outfit,2,3,1,up_sect_secone_ps5_2,upgr_o_2_physical,st_upgr_o_physical,2
bandit_ps5_outfit,3,1,1,up_sect_thirda_ps5_2,upgr_o_1_utility,st_upgr_o_utility,1
bandit_ps5_outfit,3,2,1,up_sect_thirdc_ps5_2,upgr_o_2_utility,st_upgr_o_utility,2
bandit_ps5_outfit,3,3,1,up_sect_thirde_ps5_2,upgr_o_2_utility,st_upgr_o_utility,2
bandit_scientific_dark_outfit,1,1,1,up_sect_firsta_seva_2,upgr_o_1_physical,st_upgr_o_physical,1
bandit_scientific_dark_outfit,1,2,1,up_sect_firstc_seva_2,upgr_o_2_physical,st_upgr_o_physical,2
bandit_scientific_dark_outfit,1,2,2,up_sect_firstd_seva_2,upgr_o_2_physical,st_upgr_o_physical,2
bandit_scientific_dark_outfit,1,3,1,up_sect_firste_seva_2,upgr_o_2_physical,st_upgr_o_physical,2
bandit_scientific_dark_outfit,1,3,2,up_sect_firstf_seva_2,upgr_o_2_physical,st_upgr_o_physical,2
bandit_scientific_dark_outfit,2,1,1,up_sect_secona_seva_2,upgr_o_1_magical,st_upgr_o_magical,1
bandit_scientific_dark_outfit,2,2,1,up_sect_seconc_seva_2,upgr_o_2_magical,st_upgr_o_magical,2
bandit_scientific_dark_outfit,2,2,2,up_sect_second_seva_2,upgr_o_2_magical,st_upgr_o_magical,2
bandit_scientific_dark_outfit,2,3,1,up_sect_secone_seva_2,upgr_o_2_magical,st_upgr_o_magical,2
bandit_scientific_dark_outfit,2,3,2,up_sect_seconf_seva_2,upgr_o_2_magical,st_upgr_o_magical,2
bandit_scientific_dark_outfit,3,1,1,up_sect_thirda_seva_2,upgr_o_1_utility,st_upgr_o_utility,1
bandit_scientific_dark_outfit,3,2,1,up_sect_thirdc_seva_2,upgr_o_2_magical,st_upgr_o_magical,2
bandit_scientific_dark_outfit,3,2,2,up_sect_thirdd_seva_2,upgr_o_2_utility,st_upgr_o_utility,2
bandit_scientific_dark_outfit,3,3,1,up_sect_thirde_seva_2,upgr_o_2_utility,st_upgr_o_utility,2
bandit_scientific_dark_outfit,4,1,1,up_sect_fourta_seva_2,upgr_o_1_magical,st_upgr_o_magical,1
bandit_scientific_dark_outfit,4,2,1,up_sect_fourtc_seva_2,upgr_o_2_magical,st_upgr_o_magical,2
bandit_scientific_dark_outfit,4,3,1,up_sect_fourte_seva_2,upgr_o_2_utility,st_upgr_o_utility,2
bandit_scientific_outfit,1,1,1,up_sect_firsta_seva_2,upgr_o_1_physical,st_upgr_o_physical,1
bandit_scientific_outfit,1,2,1,up_sect_firstc_seva_2,upgr_o_2_physical,st_upgr_o_physical,2
bandit_scientific_outfit,1,2,2,up_sect_firstd_seva_2,upgr_o_2_physical,st_upgr_o_physical,2
bandit_scientific_outfit,1,3,1,up_sect_firste_seva_2,upgr_o_2_physical,st_upgr_o_physical,2
bandit_scientific_outfit,1,3,2,up_sect_firstf_seva_2,upgr_o_2_physical,st_upgr_o_physical,2
bandit_scientific_outfit,2,1,1,up_sect_secona_seva_2,upgr_o_1_magical,st_upgr_o_magical,1
bandit_scientific_outfit,2,2,1,up_sect_seconc_seva_2,upgr_o_2_magical,st_upgr_o_magical,2
bandit_scientific_outfit,2,2,2,up_sect_second_seva_2,upgr_o_2_magical,st_upgr_o_magical,2
bandit_scientific_outfit,2,3,1,up_sect_secone_seva_2,upgr_o_2_magical,st_upgr_o_magical,2
bandit_scientific_outfit,2,3,2,up_sect_seconf_seva_2,upgr_o_2_magical,st_upgr_o_magical,2
bandit_scientific_outfit,3,1,1,up_sect_thirda_seva_2,upgr_o_1_utility,st_upgr_o_utility,1
bandit_scientific_outfit,3,2,1,up_sect_thirdc_seva_2,upgr_o_2_magical,st_upgr_o_magical,2
bandit_scientific_outfit,3,2,2,up_sect_thirdd_seva_2,upgr_o_2_utility,st_upgr_o_utility,2
bandit_scientific_outfit,3,3,1,up_sect_thirde_seva_2,upgr_o_2_utility,st_upgr_o_utility,2
bandit_scientific_outfit,4,1,1,up_sect_fourta_seva_2,upgr_o_1_magical,st_upgr_o_magical,1
bandit_scientific_outfit,4,2,1,up_sect_fourtc_seva_2,upgr_o_2_magical,st_upgr_o_magical,2
bandit_scientific_outfit,4,3,1,up_sect_fourte_seva_2,upgr_o_2_utility,st_upgr_o_utility,2
bandit_sun_outfit,1,1,1,up_sect_firsta_sts_1,upgr_o_1_physical,st_upgr_o_physical,1
bandit_sun_outfit,1,2,1,up_sect_firstc_sts_1,upgr_o_2_physical,st_upgr_o_physical,2
bandit_sun_outfit,1,3,1,up_sect_firste_sts_1,upgr_o_2_physical,st_upgr_o_physical,2
bandit_sun_outfit,1,3,2,up_sect_firstf_sts_1,upgr_o_2_physical,st_upgr_o_physical,2
bandit_sun_outfit,2,1,1,up_sect_secona_sts_1,upgr_o_1_physical,st_upgr_o_physical,1
bandit_sun_outfit,2,2,1,up_sect_seconc_sts_1,upgr_o_2_magical,st_upgr_o_magical,2
bandit_sun_outfit,2,2,2,up_sect_second_sts_1,upgr_o_2_magical,st_upgr_o_magical,2
bandit_sun_outfit,2,3,1,up_sect_secone_sts_1,upgr_o_2_magical,st_upgr_o_magical,2
bandit_sun_outfit,2,3,2,up_sect_seconf_sts_1,upgr_o_2_magical,st_upgr_o_magical,2
bandit_sun_outfit,3,1,1,up_sect_thirda_sts_1,upgr_o_1_magical,st_upgr_o_magical,1
bandit_sun_outfit,3,2,1,up_sect_thirdc_sts_1,upgr_o_2_utility,st_upgr_o_utility,2
bandit_sun_outfit,3,2,2,up_sect_thirdd_sts_1,upgr_o_2_utility,st_upgr_o_utility,2
bandit_sun_outfit,3,3,1,up_sect_thirde_sts_1,upgr_o_2_utility,st_upgr_o_utility,2
banditmerc_outfit,1,1,1,up_sect_firsta_lcs_1,upgr_o_1_physical,st_upgr_o_physical,1
banditmerc_outfit,1,2,1,up_sect_firstc_lcs_1,upgr_o_1_physical,st_upgr_o_physical,1
banditmerc_outfit,1,2,2,up_sect_firstd_lcs_1,upgr_o_1_physical,st_upgr_o_physical,1
banditmerc_outfit,1,3,1,up_sect_firste_lcs_1,upgr_o_1_physical,st_upgr_o_physical,1
banditmerc_outfit,1,3,2,up_sect_firstf_lcs_1,upgr_o_1_physical,st_upgr_o_physical,1
banditmerc_outfit,2,1,1,up_sect_secona_lcs_1,upgr_o_1_physical,st_upgr_o_physical,1
banditmerc_outfit,2,2,1,up_sect_seconc_lcs_1,upgr_o_1_utility,st_upgr_o_utility,1
banditmerc_outfit,2,2,2,up_sect_second_lcs_1,upgr_o_1_magical,st_upgr_o_magical,1
banditmerc_outfit,2,3,1,up_sect_secone_lcs_1,upgr_o_1_magical,st_upgr_o_magical,1
banditmerc_outfit,3,1,1,up_sect_thirda_lcs_1,upgr_o_1_utility,st_upgr_o_utility,1
banditmerc_outfit,3,2,1,up_sect_thirdc_lcs_1,upgr_o_1_utility,st_upgr_o_utility,1
banditmerc_outfit,3,3,1,up_sect_thirde_lcs_1,upgr_o_1_utility,st_upgr_o_utility,1
banditmerc_outfit,4,1,1,up_sect_fourta_lcs_1,upgr_o_1_magical,st_upgr_o_magical,1
banditmerc_outfit,4,2,1,up_sect_fourtc_lcs_1,upgr_o_1_utility,st_upgr_o_utility,1
cs_exo_outfit,1,1,1,up_sect_firsta_exolight_2,upgr_o_3_physical,st_upgr_o_physical,3
cs_exo_outfit,1,2,1,up_sect_firstc_exolight_2,upgr_o_3_physical,st_upgr_o_physical,3
cs_exo_outfit,1,2,2,up_sect_firstd_exolight_2,upgr_o_3_physical,st_upgr_o_physical,3
cs_exo_outfit,1,3,1,up_sect_firste_exolight_2,upgr_o_3_physical,st_upgr_o_physical,3
cs_exo_outfit,1,3,2,up_sect_firstf_exolight_2,upgr_o_3_physical,st_upgr_o_physical,3
cs_exo_outfit,2,1,1,up_sect_secona_exolight_2,upgr_o_3_magical,st_upgr_o_magical,3
cs_exo_outfit,2,2,1,up_sect_seconc_exolight_2,upgr_o_3_magical,st_upgr_o_magical,3
cs_exo_outfit,2,2,2,up_sect_second_exolight_2,upgr_o_3_magical,st_upgr_o_magical,3
cs_exo_outfit,2,3,1,up_sect_secone_exolight_2,upgr_o_3_magical,st_upgr_o_magical,3
cs_exo_outfit,2,3,2,up_sect_seconf_exolight_2,upgr_o_3_magical,st_upgr_o_magical,3
cs_exo_outfit,3,1,1,up_sect_thirda_exolight_2,upgr_o_3_utility,st_upgr_o_utility,3
cs_exo_outfit,3,2,1,up_sect_thirdc_exolight_2,upgr_o_3_utility,st_upgr_o_utility,3
cs_exo_outfit,3,3,1,up_sect_thirde_exolight_2,upgr_o_3_physical,st_upgr_o_physical,3
cs_exo_outfit,4,1,1,up_sect_fourta_exolight_2,upgr_o_3_utility,st_upgr_o_utility,3
cs_exo_outfit,4,2,1,up_sect_fourtc_exolight_2,upgr_o_3_physical,st_upgr_o_physical,3
cs_exo_outfit,4,2,2,up_sect_fourtd_exolight_2,upgr_o_3_utility,st_upgr_o_utility,3
cs_exo_outfit,4,3,1,up_sect_fourte_exolight_2,upgr_o_3_utility,st_upgr_o_utility,3
cs_exo_outfit,4,3,2,up_sect_fourtf_exolight_2,upgr_o_3_magical,st_upgr_o_magical,3
cs_exo_outfit,5,1,1,up_sect_fiftha_exo_2,upgr_o_3_magical,st_upgr_o_magical,3
cs_exo_outfit,5,2,1,up_sect_fifthc_exo_2,upgr_o_3_utility,st_upgr_o_utility,3
cs_exo_outfit,5,2,2,up_sect_fifthd_exo_2,upgr_o_3_magical,st_upgr_o_magical,3
cs_exo_outfit,5,3,1,up_sect_fifthe_exo_2,upgr_o_3_utility,st_upgr_o_utility,3
cs_exolight_outfit,1,1,1,up_sect_firsta_exolight_2,upgr_o_2_physical,st_upgr_o_physical,2
cs_exolight_outfit,1,2,1,up_sect_firstc_exolight_2,upgr_o_2_physical,st_upgr_o_physical,2
cs_exolight_outfit,1,2,2,up_sect_firstd_exolight_2,upgr_o_2_physical,st_upgr_o_physical,2
cs_exolight_outfit,1,3,1,up_sect_firste_exolight_2,upgr_o_3_physical,st_upgr_o_physical,3
cs_exolight_outfit,1,3,2,up_sect_firstf_exolight_2,upgr_o_3_physical,st_upgr_o_physical,3
cs_exolight_outfit,2,1,1,up_sect_secona_exolight_2,upgr_o_2_magical,st_upgr_o_magical,2
cs_exolight_outfit,2,2,1,up_sect_seconc_exolight_2,upgr_o_2_magical,st_upgr_o_magical,2
cs_exolight_outfit,2,2,2,up_sect_second_exolight_2,upgr_o_2_magical,st_upgr_o_magical,2
cs_exolight_outfit,2,3,1,up_sect_secone_exolight_2,upgr_o_3_magical,st_upgr_o_magical,3
cs_exolight_outfit,2,3,2,up_sect_seconf_exolight_2,upgr_o_3_magical,st_upgr_o_magical,3
cs_exolight_outfit,3,1,1,up_sect_thirda_exolight_2,upgr_o_2_utility,st_upgr_o_utility,2
cs_exolight_outfit,3,2,1,up_sect_thirdc_exolight_2,upgr_o_2_utility,st_upgr_o_utility,2
cs_exolight_outfit,3,3,1,up_sect_thirde_exolight_2,upgr_o_3_physical,st_upgr_o_physical,3
cs_exolight_outfit,4,1,1,up_sect_fourta_exolight_2,upgr_o_2_utility,st_upgr_o_utility,2
cs_exolight_outfit,4,2,1,up_sect_fourtc_exolight_2,upgr_o_2_physical,st_upgr_o_physical,2
cs_exolight_outfit,4,2,2,up_sect_fourtd_exolight_2,upgr_o_2_utility,st_upgr_o_utility,2
cs_exolight_outfit,4,3,1,up_sect_fourte_exolight_2,upgr_o_3_utility,st_upgr_o_utility,3
cs_exolight_outfit,4,3,2,up_sect_fourtf_exolight_2,upgr_o_3_magical,st_upgr_o_magical,3
cs_heavy_outfit,1,1,1,up_sect_firsta_skat_1,upgr_o_2_physical,st_upgr_o_physical,2
cs_heavy_outfit,1,2,1,up_sect_firstc_skat_1,upgr_o_2_physical,st_upgr_o_physical,2
cs_heavy_outfit,1,2,2,up_sect_firstd_skat_1,upgr_o_2_physical,st_upgr_o_physical,2
cs_heavy_outfit,1,3,1,up_sect_firste_skat_1,upgr_o_3_physical,st_upgr_o_physical,3
cs_heavy_outfit,1,3,2,up_sect_firstf_skat_1,upgr_o_3_physical,st_upgr_o_physical,3
cs_heavy_outfit,2,1,1,up_sect_secona_skat_1,upgr_o_2_physical,st_upgr_o_physical,2
cs_heavy_outfit,2,2,1,up_sect_seconc_skat_1,upgr_o_2_magical,st_upgr_o_magical,2
cs_heavy_outfit,2,2,2,up_sect_second_skat_1,upgr_o_2_magical,st_upgr_o_magical,2
cs_heavy_outfit,2,3,1,up_sect_secone_skat_1,upgr_o_3_magical,st_upgr_o_magical,3
cs_heavy_outfit,2,3,2,up_sect_seconf_skat_1,upgr_o_3_magical,st_upgr_o_magical,3
cs_heavy_outfit,3,1,1,up_sect_thirda_skat_1,upgr_o_2_utility,st_upgr_o_utility,2
cs_heavy_outfit,3,2,1,up_sect_thirdc_skat_1,upgr_o_2_magical,st_upgr_o_magical,2
cs_heavy_outfit,3,2,2,up_sect_thirdd_skat_1,upgr_o_2_utility,st_upgr_o_utility,2
cs_heavy_outfit,3,3,1,up_sect_thirde_skat_1,upgr_o_3_utility,st_upgr_o_utility,3
cs_heavy_outfit,4,1,1,up_sect_fourta_skat_1,upgr_o_2_utility,st_upgr_o_utility,2
cs_heavy_outfit,4,2,1,up_sect_fourtc_skat_1,upgr_o_2_utility,st_upgr_o_utility,2
cs_heavy_outfit,4,3,1,up_sect_fourte_skat_1,upgr_o_3_utility,st_upgr_o_utility,3
cs_light_novice_outfit,1,1,1,up_sect_firsta_sunrise_3,upgr_o_1_utility,st_upgr_o_utility,1
cs_light_novice_outfit,1,2,1,up_sect_firstc_sunrise_3,upgr_o_1_physical,st_upgr_o_physical,1
cs_light_novice_outfit,1,2,2,up_sect_firstd_sunrise_3,upgr_o_1_physical,st_upgr_o_physical,1
cs_light_novice_outfit,1,3,1,up_sect_firste_sunrise_3,upgr_o_1_physical,st_upgr_o_physical,1
cs_light_novice_outfit,2,1,1,up_sect_secona_sunrise_3,upgr_o_1_magical,st_upgr_o_magical,1
cs_light_novice_outfit,2,2,1,up_sect_seconc_sunrise_3,upgr_o_1_magical,st_upgr_o_magical,1
cs_light_novice_outfit,2,2,2,up_sect_second_sunrise_3,upgr_o_1_magical,st_upgr_o_magical,1
cs_light_novice_outfit,2,3,1,up_sect_secone_sunrise_3,upgr_o_1_magical,st_upgr_o_magical,1
cs_light_novice_outfit,2,3,2,up_sect_seconf_sunrise_3,upgr_o_1_magical,st_upgr_o_magical,1
cs_light_novice_outfit,3,1,1,up_sect_thirda_sunrise_3,upgr_o_1_utility,st_upgr_o_utility,1
cs_light_novice_outfit,3,2,1,up_sect_thirdc_sunrise_3,upgr_o_1_utility,st_upgr_o_utility,1
cs_light_novice_outfit,3,2,2,up_sect_thirdd_sunrise_3,upgr_o_1_utility,st_upgr_o_utility,1
cs_light_novice_outfit,3,3,1,up_sect_thirde_sunrise_3,upgr_o_1_utility,st_upgr_o_utility,1
cs_light_outfit,1,1,1,up_sect_firsta_lcs_1,upgr_o_1_physical,st_upgr_o_physical,1
cs_light_outfit,1,2,1,up_sect_firstc_lcs_1,upgr_o_1_physical,st_upgr_o_physical,1
cs_light_outfit,1,2,2,up_sect_firstd_lcs_1,upgr_o_1_physical,st_upgr_o_physical,1
cs_light_outfit,1,3,1,up_sect_firste_lcs_1,upgr_o_1_physical,st_upgr_o_physical,1
cs_light_outfit,1,3,2,up_sect_firstf_lcs_1,upgr_o_1_physical,st_upgr_o_physical,1
cs_light_outfit,2,1,1,up_sect_secona_lcs_1,upgr_o_1_physical,st_upgr_o_physical,1
cs_light_outfit,2,2,1,up_sect_seconc_lcs_1,upgr_o_1_utility,st_upgr_o_utility,1
cs_light_outfit,2,2,2,up_sect_second_lcs_1,upgr_o_1_magical,st_upgr_o_magical,1
cs_light_outfit,2,3,1,up_sect_secone_lcs_1,upgr_o_1_magical,st_upgr_o_magical,1
cs_light_outfit,3,1,1,up_sect_thirda_lcs_1,upgr_o_1_utility,st_upgr_o_utility,1
cs_light_outfit,3,2,1,up_sect_thirdc_lcs_1,upgr_o_1_utility,st_upgr_o_utility,1
cs_light_outfit,3,3,1,up_sect_thirde_lcs_1,upgr_o_1_utility,st_upgr_o_utility,1
cs_light_outfit,4,1,1,up_sect_fourta_lcs_1,upgr_o_1_magical,st_upgr_o_magical,1
cs_light_outfit,4,2,1,up_sect_fourtc_lcs_1,upgr_o_1_utility,st_upgr_o_utility,1
cs_medium_outfit,1,1,1,up_sect_firsta_ps5_1,upgr_o_1_physical,st_upgr_o_physical,1
cs_medium_outfit,1,2,1,up_sect_firstc_ps5_1,upgr_o_2_physical,st_upgr_o_physical,2
cs_medium_outfit,1,3,1,up_sect_firste_ps5_1,upgr_o_2_physical,st_upgr_o_physical,2
cs_medium_outfit,1,3,2,up_sect_firstf_ps5_1,upgr_o_2_physical,st_upgr_o_physical,2
cs_medium_outfit,2,1,1,up_sect_secona_ps5_1,upgr_o_1_physical,st_upgr_o_physical,1
cs_medium_outfit,2,2,1,up_sect_seconc_ps5_1,upgr_o_2_physical,st_upgr_o_physical,2
cs_medium_outfit,2,2,2,up_sect_second_ps5_1,upgr_o_2_utility,st_upgr_o_utility,2
cs_medium_outfit,2,3,1,up_sect_secone_ps5_1,upgr_o_2_physical,st_upgr_o_physical,2
cs_medium_outfit,3,1,1,up_sect_thirda_ps5_1,upgr_o_1_utility,st_upgr_o_utility,1
cs_medium_outfit,3,2,1,up_sect_thirdc_ps5_1,upgr_o_2_utility,st_upgr_o_utility,2
cs_medium_outfit,3,3,1,up_sect_thirde_ps5_1,upgr_o_2_utility,st_upgr_o_utility,2
cs_nbc_outfit,1,1,1,up_sect_firsta_sunrise_3,upgr_o_1_utility,st_upgr_o_utility,1
cs_nbc_outfit,1,2,1,up_sect_firstc_sunrise_3,upgr_o_1_physical,st_upgr_o_physical,1
cs_nbc_outfit,1,2,2,up_sect_firstd_sunrise_3,upgr_o_1_physical,st_upgr_o_physical,1
cs_nbc_outfit,1,3,1,up_sect_firste_sunrise_3,upgr_o_1_physical,st_upgr_o_physical,1
cs_nbc_outfit,2,1,1,up_sect_secona_sunrise_3,upgr_o_1_magical,st_upgr_o_magical,1
cs_nbc_outfit,2,2,1,up_sect_seconc_sunrise_3,upgr_o_1_magical,st_upgr_o_magical,1
cs_nbc_outfit,2,2,2,up_sect_second_sunrise_3,upgr_o_1_magical,st_upgr_o_magical,1
cs_nbc_outfit,2,3,1,up_sect_secone_sunrise_3,upgr_o_1_magical,st_upgr_o_magical,1
cs_nbc_outfit,2,3,2,up_sect_seconf_sunrise_3,upgr_o_1_magical,st_upgr_o_magical,1
cs_nbc_outfit,3,1,1,up_sect_thirda_sunrise_3,upgr_o_1_utility,st_upgr_o_utility,1
cs_nbc_outfit,3,2,1,up_sect_thirdc_sunrise_3,upgr_o_1_utility,st_upgr_o_utility,1
cs_nbc_outfit,3,2,2,up_sect_thirdd_sunrise_3,upgr_o_1_utility,st_upgr_o_utility,1
cs_nbc_outfit,3,3,1,up_sect_thirde_sunrise_3,upgr_o_1_utility,st_upgr_o_utility,1
cs_nbc_outfit,4,1,1,up_sect_fourta_sunrise_nbc_1,upgr_o_1_magical,st_upgr_o_magical,1
cs_nbc_outfit,4,2,1,up_sect_fourtc_sunrise_nbc_1,upgr_o_1_utility,st_upgr_o_utility,1
cs_novice_outfit,1,1,1,up_sect_firsta_novice_1,upgr_o_1_physical,st_upgr_o_physical,1
cs_novice_outfit,1,2,1,up_sect_firstc_novice_1,upgr_o_1_physical,st_upgr_o_physical,1
cs_novice_outfit,1,3,1,up_sect_firste_novice_1,upgr_o_1_physical,st_upgr_o_physical,1
cs_novice_outfit,2,1,1,up_sect_secona_novice_1,upgr_o_1_magical,st_upgr_o_magical,1
cs_novice_outfit,2,2,1,up_sect_seconc_novice_1,upgr_o_1_magical,st_upgr_o_magical,1
cs_novice_outfit,2,2,2,up_sect_second_novice_1,upgr_o_1_magical,st_upgr_o_magical,1
cs_novice_outfit,3,1,1,up_sect_thirda_novice_1,upgr_o_1_utility,st_upgr_o_utility,1
cs_scientific_outfit,1,1,1,up_sect_firsta_seva_1,upgr_o_1_physical,st_upgr_o_physical,1
cs_scientific_outfit,1,2,1,up_sect_firstc_seva_1,upgr_o_2_physical,st_upgr_o_physical,2
cs_scientific_outfit,1,2,2,up_sect_firstd_seva_1,upgr_o_2_physical,st_upgr_o_physical,2
cs_scientific_outfit,1,3,1,up_sect_firste_seva_1,upgr_o_2_physical,st_upgr_o_physical,2
cs_scientific_outfit,1,3,2,up_sect_firstf_seva_1,upgr_o_2_physical,st_upgr_o_physical,2
cs_scientific_outfit,2,1,1,up_sect_secona_seva_1,upgr_o_1_physical,st_upgr_o_physical,1
cs_scientific_outfit,2,2,1,up_sect_seconc_seva_1,upgr_o_2_magical,st_upgr_o_magical,2
cs_scientific_outfit,2,2,2,up_sect_second_seva_1,upgr_o_2_magical,st_upgr_o_magical,2
cs_scientific_outfit,2,3,1,up_sect_secone_seva_1,upgr_o_2_magical,st_upgr_o_magical,2
cs_scientific_outfit,2,3,2,up_sect_seconf_seva_1,upgr_o_2_magical,st_upgr_o_magical,2
cs_scientific_outfit,3,1,1,up_sect_thirda_seva_1,upgr_o_1_utility,st_upgr_o_utility,1
cs_scientific_outfit,3,2,1,up_sect_thirdc_seva_1,upgr_o_2_utility,st_upgr_o_utility,2
cs_scientific_outfit,3,2,2,up_sect_thirdd_seva_1,upgr_o_2_utility,st_upgr_o_utility,2
cs_scientific_outfit,3,3,1,up_sect_thirde_seva_1,upgr_o_2_utility,st_upgr_o_utility,2
cs_scientific_outfit,4,1,1,up_sect_fourta_seva_1,upgr_o_1_magical,st_upgr_o_magical,1
cs_scientific_outfit,4,2,1,up_sect_fourtc_seva_1,upgr_o_2_magical,st_upgr_o_magical,2
cs_scientific_outfit,4,3,1,up_sect_fourte_seva_1,upgr_o_2_utility,st_upgr_o_utility,2
cs_scientific_outfit_good,1,1,1,up_sect_firsta_seva_2,upgr_o_2_physical,st_upgr_o_physical,2
cs_scientific_outfit_good,1,2,1,up_sect_firstc_seva_2,upgr_o_2_physical,st_upgr_o_physical,2
cs_scientific_outfit_good,1,2,2,up_sect_firstd_seva_2,upgr_o_2_physical,st_upgr_o_physical,2
cs_scientific_outfit_good,1,3,1,up_sect_firste_seva_2,upgr_o_3_physical,st_upgr_o_physical,3
cs_scientific_outfit_good,1,3,2,up_sect_firstf_seva_2,upgr_o_3_physical,st_upgr_o_physical,3
cs_scientific_outfit_good,2,1,1,up_sect_secona_seva_2,upgr_o_2_magical,st_upgr_o_magical,2
cs_scientific_outfit_good,2,2,1,up_sect_seconc_seva_2,upgr_o_2_magical,st_upgr_o_magical,2
cs_scientific_outfit_good,2,2,2,up_sect_second_seva_2,upgr_o_2_magical,st_upgr_o_magical,2
cs_scientific_outfit_good,2,3,1,up_sect_secone_seva_2,upgr_o_3_magical,st_upgr_o_magical,3
cs_scientific_outfit_good,2,3,2,up_sect_seconf_seva_2,upgr_o_3_magical,st_upgr_o_magical,3
cs_scientific_outfit_good,3,1,1,up_sect_thirda_seva_2,upgr_o_2_utility,st_upgr_o_utility,2
cs_scientific_outfit_good,3,2,1,up_sect_thirdc_seva_2,upgr_o_2_magical,st_upgr_o_magical,2
cs_scientific_outfit_good,3,2,2,up_sect_thirdd_seva_2,upgr_o_2_utility,st_upgr_o_utility,2
cs_scientific_outfit_good,3,3,1,up_sect_thirde_seva_2,upgr_o_3_utility,st_upgr_o_utility,3
cs_scientific_outfit_good,4,1,1,up_sect_fourta_seva_2,upgr_o_2_magical,st_upgr_o_magical,2
cs_scientific_outfit_good,4,2,1,up_sect_fourtc_seva_2,upgr_o_2_magical,st_upgr_o_magical,2
cs_scientific_outfit_good,4,3,1,up_sect_fourte_seva_2,upgr_o_3_utility,st_upgr_o_utility,3
cs_stalker_outfit,1,1,1,up_sect_firsta_sunrise_2,upgr_o_1_utility,st_upgr_o_utility,1
cs_stalker_outfit,1,2,1,up_sect_firstc_sunrise_2,upgr_o_2_physical,st_upgr_o_physical,2
cs_stalker_outfit,1,2,2,up_sect_firstd_sunrise_2,upgr_o_2_physical,st_upgr_o_physical,2
cs_stalker_outfit,1,3,1,up_sect_firste_sunrise_2,upgr_o_2_physical,st_upgr_o_physical,2
cs_stalker_outfit,2,1,1,up_sect_secona_sunrise_2,upgr_o_1_magical,st_upgr_o_magical,1
cs_stalker_outfit,2,2,1,up_sect_seconc_sunrise_2,upgr_o_2_magical,st_upgr_o_magical,2
cs_stalker_outfit,2,2,2,up_sect_second_sunrise_2,upgr_o_2_magical,st_upgr_o_magical,2
cs_stalker_outfit,2,3,1,up_sect_secone_sunrise_2,upgr_o_2_magical,st_upgr_o_magical,2
cs_stalker_outfit,2,3,2,up_sect_seconf_sunrise_2,upgr_o_2_magical,st_upgr_o_magical,2
cs_stalker_outfit,3,1,1,up_sect_thirda_sunrise_2,upgr_o_1_utility,st_upgr_o_utility,1
cs_stalker_outfit,3,2,1,up_sect_thirdc_sunrise_2,upgr_o_2_utility,st_upgr_o_utility,2
cs_stalker_outfit,3,2,2,up_sect_thirdd_sunrise_2,upgr_o_2_physical,st_upgr_o_physical,2
cs_stalker_outfit,3,3,1,up_sect_thirde_sunrise_2,upgr_o_2_utility,st_upgr_o_utility,2
cs_stalker_proto_exo_outfit,1,1,1,up_sect_firsta_sunrise_3,upgr_o_2_utility,st_upgr_o_utility,2
cs_stalker_proto_exo_outfit,1,2,1,up_sect_firstc_sunrise_3,upgr_o_2_physical,st_upgr_o_physical,2
cs_stalker_proto_exo_outfit,1,2,2,up_sect_firstd_sunrise_3,upgr_o_2_physical,st_upgr_o_physical,2
cs_stalker_proto_exo_outfit,1,3,1,up_sect_firste_sunrise_3,upgr_o_3_physical,st_upgr_o_physical,3
cs_stalker_proto_exo_outfit,2,1,1,up_sect_secona_sunrise_3,upgr_o_2_magical,st_upgr_o_magical,2
cs_stalker_proto_exo_outfit,2,2,1,up_sect_seconc_sunrise_3,upgr_o_2_magical,st_upgr_o_magical,2
cs_stalker_proto_exo_outfit,2,2,2,up_sect_second_sunrise_3,upgr_o_2_magical,st_upgr_o_magical,2
cs_stalker_proto_exo_outfit,2,3,1,up_sect_secone_sunrise_3,upgr_o_3_magical,st_upgr_o_magical,3
cs_stalker_proto_exo_outfit,2,3,2,up_sect_seconf_sunrise_3,upgr_o_3_magical,st_upgr_o_magical,3
cs_stalker_proto_exo_outfit,3,1,1,up_sect_thirda_sunrise_3,upgr_o_2_utility,st_upgr_o_utility,2
cs_stalker_proto_exo_outfit,3,2,1,up_sect_thirdc_sunrise_3,upgr_o_2_utility,st_upgr_o_utility,2
cs_stalker_proto_exo_outfit,3,2,2,up_sect_thirdd_sunrise_3,upgr_o_2_utility,st_upgr_o_utility,2
cs_stalker_proto_exo_outfit,3,3,1,up_sect_thirde_sunrise_3,upgr_o_3_utility,st_upgr_o_utility,3
cs_stalker_proto_exo_outfit,4,1,1,up_sect_fourta_sunrise_proto_1,upgr_o_2_utility,st_upgr_o_utility,2
cs_stalker_proto_exo_outfit,4,2,1,up_sect_fourtc_sunrise_proto_1,upgr_o_2_utility,st_upgr_o_utility,2
dolg_exo_outfit,1,1,1,up_sect_firsta_exolight_1,upgr_o_3_physical,st_upgr_o_physical,3
dolg_exo_outfit,1,2,1,up_sect_firstc_exolight_1,upgr_o_3_physical,st_upgr_o_physical,3
dolg_exo_outfit,1,2,2,up_sect_firstd_exolight_1,upgr_o_3_physical,st_upgr_o_physical,3
dolg_exo_outfit,1,3,1,up_sect_firste_exolight_1,upgr_o_3_physical,st_upgr_o_physical,3
dolg_exo_outfit,1,3,2,up_sect_firstf_exolight_1,upgr_o_3_physical,st_upgr_o_physical,3
dolg_exo_outfit,2,1,1,up_sect_secona_exolight_1,upgr_o_3_magical,st_upgr_o_magical,3
dolg_exo_outfit,2,2,1,up_sect_seconc_exolight_1,upgr_o_3_magical,st_upgr_o_magical,3
dolg_exo_outfit,2,2,2,up_sect_second_exolight_1,upgr_o_3_magical,st_upgr_o_magical,3
dolg_exo_outfit,2,3,1,up_sect_secone_exolight_1,upgr_o_3_magical,st_upgr_o_magical,3
dolg_exo_outfit,2,3,2,up_sect_seconf_exolight_1,upgr_o_3_magical,st_upgr_o_magical,3
dolg_exo_outfit,3,1,1,up_sect_thirda_exolight_1,upgr_o_3_utility,st_upgr_o_utility,3
dolg_exo_outfit,3,2,1,up_sect_thirdc_exolight_1,upgr_o_3_utility,st_upgr_o_utility,3
dolg_exo_outfit,3,3,1,up_sect_thirde_exolight_1,upgr_o_3_physical,st_upgr_o_physical,3
dolg_exo_outfit,4,1,1,up_sect_fourta_exolight_1,upgr_o_3_utility,st_upgr_o_utility,3
dolg_exo_outfit,4,2,1,up_sect_fourtc_exolight_1,upgr_o_3_physical,st_upgr_o_physical,3
dolg_exo_outfit,4,2,2,up_sect_fourtd_exolight_1,upgr_o_3_physical,st_upgr_o_physical,3
dolg_exo_outfit,4,3,1,up_sect_fourte_exolight_1,upgr_o_3_utility,st_upgr_o_utility,3
dolg_exo_outfit,4,3,2,up_sect_fourtf_exolight_1,upgr_o_3_utility,st_upgr_o_utility,3
dolg_exo_outfit,5,1,1,up_sect_fiftha_exo_1,upgr_o_3_utility,st_upgr_o_utility,3
dolg_exo_outfit,5,2,1,up_sect_fifthc_exo_1,upgr_o_3_magical,st_upgr_o_magical,3
dolg_exo_outfit,5,2,2,up_sect_fifthd_exo_1,upgr_o_3_magical,st_upgr_o_magical,3
dolg_exo_outfit,5,3,1,up_sect_fifthe_exo_1,upgr_o_3_utility,st_upgr_o_utility,3
dolg_exolight_outfit,1,1,1,up_sect_firsta_exolight_1,upgr_o_2_physical,st_upgr_o_physical,2
dolg_exolight_outfit,1,2,1,up_sect_firstc_exolight_1,upgr_o_2_physical,st_upgr_o_physical,2
dolg_exolight_outfit,1,2,2,up_sect_firstd_exolight_1,upgr_o_2_physical,st_upgr_o_physical,2
dolg_exolight_outfit,1,3,1,up_sect_firste_exolight_1,upgr_o_3_physical,st_upgr_o_physical,3
dolg_exolight_outfit,1,3,2,up_sect_firstf_exolight_1,upgr_o_3_physical,st_upgr_o_physical,3
dolg_exolight_outfit,2,1,1,up_sect_secona_exolight_1,upgr_o_2_magical,st_upgr_o_magical,2
dolg_exolight_outfit,2,2,1,up_sect_seconc_exolight_1,upgr_o_2_magical,st_upgr_o_magical,2
dolg_exolight_outfit,2,2,2,up_sect_second_exolight_1,upgr_o_2_magical,st_upgr_o_magical,2
dolg_exolight_outfit,2,3,1,up_sect_secone_exolight_1,upgr_o_3_magical,st_upgr_o_magical,3
dolg_exolight_outfit,2,3,2,up_sect_seconf_exolight_1,upgr_o_3_magical,st_upgr_o_magical,3
dolg_exolight_outfit,3,1,1,up_sect_thirda_exolight_1,upgr_o_2_utility,st_upgr_o_utility,2
dolg_exolight_outfit,3,2,1,up_sect_thirdc_exolight_1,upgr_o_2_utility,st_upgr_o_utility,2
dolg_exolight_outfit,3,3,1,up_sect_thirde_exolight_1,upgr_o_3_physical,st_upgr_o_physical,3
dolg_exolight_outfit,4,1,1,up_sect_fourta_exolight_1,upgr_o_2_utility,st_upgr_o_utility,2
dolg_exolight_outfit,4,2,1,up_sect_fourtc_exolight_1,upgr_o_2_physical,st_upgr_o_physical,2
dolg_exolight_outfit,4,2,2,up_sect_fourtd_exolight_1,upgr_o_2_physical,st_upgr_o_physical,2
dolg_exolight_outfit,4,3,1,up_sect_fourte_exolight_1,upgr_o_3_utility,st_upgr_o_utility,3
dolg_exolight_outfit,4,3,2,up_sect_fourtf_exolight_1,upgr_o_3_utility,st_upgr_o_utility,3
dolg_heavy_outfit,1,1,1,up_sect_firsta_skat_1,upgr_o_2_physical,st_upgr_o_physical,2
dolg_heavy_outfit,1,2,1,up_sect_firstc_skat_1,upgr_o_2_physical,st_upgr_o_physical,2
dolg_heavy_outfit,1,2,2,up_sect_firstd_skat_1,upgr_o_2_physical,st_upgr_o_physical,2
dolg_heavy_outfit,1,3,1,up_sect_firste_skat_1,upgr_o_3_physical,st_upgr_o_physical,3
dolg_heavy_outfit,1,3,2,up_sect_firstf_skat_1,upgr_o_3_physical,st_upgr_o_physical,3
dolg_heavy_outfit,2,1,1,up_sect_secona_skat_1,upgr_o_2_physical,st_upgr_o_physical,2
dolg_heavy_outfit,2,2,1,up_sect_seconc_skat_1,upgr_o_2_magical,st_upgr_o_magical,2
dolg_heavy_outfit,2,2,2,up_sect_second_skat_1,upgr_o_2_magical,st_upgr_o_magical,2
dolg_heavy_outfit,2,3,1,up_sect_secone_skat_1,upgr_o_3_magical,st_upgr_o_magical,3
dolg_heavy_outfit,2,3,2,up_sect_seconf_skat_1,upgr_o_3_magical,st_upgr_o_magical,3
dolg_heavy_outfit,3,1,1,up_sect_thirda_skat_1,upgr_o_2_utility,st_upgr_o_utility,2
dolg_heavy_outfit,3,2,1,up_sect_thirdc_skat_1,upgr_o_2_magical,st_upgr_o_magical,2
dolg_heavy_outfit,3,2,2,up_sect_thirdd_skat_1,upgr_o_2_utility,st_upgr_o_utility,2
dolg_heavy_outfit,3,3,1,up_sect_thirde_skat_1,upgr_o_3_utility,st_upgr_o_utility,3
dolg_heavy_outfit,4,1,1,up_sect_fourta_skat_1,upgr_o_2_utility,st_upgr_o_utility,2
dolg_heavy_outfit,4,2,1,up_sect_fourtc_skat_1,upgr_o_2_utility,st_upgr_o_utility,2
dolg_heavy_outfit,4,3,1,up_sect_fourte_skat_1,upgr_o_3_utility,st_upgr_o_utility,3
dolg_heavy_proto_exo_outfit,1,1,1,up_sect_firsta_skat_1,upgr_o_3_physical,st_upgr_o_physical,3
dolg_heavy_proto_exo_outfit,1,2,1,up_sect_firstc_skat_1,upgr_o_3_physical,st_upgr_o_physical,3
dolg_heavy_proto_exo_outfit,1,2,2,up_sect_firstd_skat_1,upgr_o_3_physical,st_upgr_o_physical,3
dolg_heavy_proto_exo_outfit,1,3,1,up_sect_firste_skat_1,upgr_o_3_physical,st_upgr_o_physical,3
dolg_heavy_proto_exo_outfit,1,3,2,up_sect_firstf_skat_1,upgr_o_3_physical,st_upgr_o_physical,3
dolg_heavy_proto_exo_outfit,2,1,1,up_sect_secona_skat_1,upgr_o_3_physical,st_upgr_o_physical,3
dolg_heavy_proto_exo_outfit,2,2,1,up_sect_seconc_skat_1,upgr_o_3_magical,st_upgr_o_magical,3
dolg_heavy_proto_exo_outfit,2,2,2,up_sect_second_skat_1,upgr_o_3_magical,st_upgr_o_magical,3
dolg_heavy_proto_exo_outfit,2,3,1,up_sect_secone_skat_1,upgr_o_3_magical,st_upgr_o_magical,3
dolg_heavy_proto_exo_outfit,2,3,2,up_sect_seconf_skat_1,upgr_o_3_magical,st_upgr_o_magical,3
dolg_heavy_proto_exo_outfit,3,1,1,up_sect_thirda_skat_1,upgr_o_3_utility,st_upgr_o_utility,3
dolg_heavy_proto_exo_outfit,3,2,1,up_sect_thirdc_skat_1,upgr_o_3_magical,st_upgr_o_magical,3
dolg_heavy_proto_exo_outfit,3,2,2,up_sect_thirdd_skat_1,upgr_o_3_utility,st_upgr_o_utility,3
dolg_heavy_proto_exo_outfit,3,3,1,up_sect_thirde_skat_1,upgr_o_3_utility,st_upgr_o_utility,3
dolg_heavy_proto_exo_outfit,4,1,1,up_sect_fourta_skat_1,upgr_o_3_utility,st_upgr_o_utility,3
dolg_heavy_proto_exo_outfit,4,2,1,up_sect_fourtc_skat_1,upgr_o_3_utility,st_upgr_o_utility,3
dolg_heavy_proto_exo_outfit,4,3,1,up_sect_fourte_skat_1,upgr_o_3_utility,st_upgr_o_utility,3
dolg_heavy_proto_exo_outfit,5,1,1,up_sect_fiftha_skat_proto_1,upgr_o_3_utility,st_upgr_o_utility,3
dolg_heavy_proto_exo_outfit,5,2,1,up_sect_fifthc_skat_proto_1,upgr_o_3_utility,st_upgr_o_utility,3
dolg_heavy_redline_outfit,1,1,1,up_sect_firsta_skat_1,upgr_o_2_physical,st_upgr_o_physical,2
dolg_heavy_redline_outfit,1,2,1,up_sect_firstc_skat_1,upgr_o_2_physical,st_upgr_o_physical,2
dolg_heavy_redline_outfit,1,2,2,up_sect_firstd_skat_1,upgr_o_2_physical,st_upgr_o_physical,2
dolg_heavy_redline_outfit,1,3,1,up_sect_firste_skat_1,upgr_o_3_physical,st_upgr_o_physical,3
dolg_heavy_redline_outfit,1,3,2,up_sect_firstf_skat_1,upgr_o_3_physical,st_upgr_o_physical,3
dolg_heavy_redline_outfit,2,1,1,up_sect_secona_skat_1,upgr_o_2_physical,st_upgr_o_physical,2
dolg_heavy_redline_outfit,2,2,1,up_sect_seconc_skat_1,upgr_o_2_magical,st_upgr_o_magical,2
dolg_heavy_redline_outfit,2,2,2,up_sect_second_skat_1,upgr_o_2_magical,st_upgr_o_magical,2
dolg_heavy_redline_outfit,2,3,1,up_sect_secone_skat_1,upgr_o_3_magical,st_upgr_o_magical,3
dolg_heavy_redline_outfit,2,3,2,up_sect_seconf_skat_1,upgr_o_3_magical,st_upgr_o_magical,3
dolg_heavy_redline_outfit,3,1,1,up_sect_thirda_skat_1,upgr_o_2_utility,st_upgr_o_utility,2
dolg_heavy_redline_outfit,3,2,1,up_sect_thirdc_skat_1,upgr_o_2_magical,st_upgr_o_magical,2
dolg_heavy_redline_outfit,3,2,2,up_sect_thirdd_skat_1,upgr_o_2_utility,st_upgr_o_utility,2
dolg_heavy_redline_outfit,3,3,1,up_sect_thirde_skat_1,upgr_o_3_utility,st_upgr_o_utility,3
dolg_heavy_redline_outfit,4,1,1,up_sect_fourta_skat_1,upgr_o_2_utility,st_upgr_o_utility,2
dolg_heavy_redline_outfit,4,2,1,up_sect_fourtc_skat_1,upgr_o_2_utility,st_upgr_o_utility,2
dolg_heavy_redline_outfit,4,3,1,up_sect_fourte_skat_1,upgr_o_3_utility,st_upgr_o_utility,3
dolg_nosorog_outfit,1,1,1,up_sect_firsta_exolight_1,upgr_o_3_physical,st_upgr_o_physical,3
dolg_nosorog_outfit,1,2,1,up_sect_firstc_exolight_1,upgr_o_3_physical,st_upgr_o_physical,3
dolg_nosorog_outfit,1,2,2,up_sect_firstd_exolight_1,upgr_o_3_physical,st_upgr_o_physical,3
dolg_nosorog_outfit,1,3,1,up_sect_firste_exolight_1,upgr_o_3_physical,st_upgr_o_physical,3
dolg_nosorog_outfit,1,3,2,up_sect_firstf_exolight_1,upgr_o_3_physical,st_upgr_o_physical,3
dolg_nosorog_outfit,2,1,1,up_sect_secona_exolight_1,upgr_o_3_magical,st_upgr_o_magical,3
dolg_nosorog_outfit,2,2,1,up_sect_seconc_exolight_1,upgr_o_3_magical,st_upgr_o_magical,3
dolg_nosorog_outfit,2,2,2,up_sect_second_exolight_1,upgr_o_3_magical,st_upgr_o_magical,3
dolg_nosorog_outfit,2,3,1,up_sect_secone_exolight_1,upgr_o_3_magical,st_upgr_o_magical,3
dolg_nosorog_outfit,2,3,2,up_sect_seconf_exolight_1,upgr_o_3_magical,st_upgr_o_magical,3
dolg_nosorog_outfit,3,1,1,up_sect_thirda_exolight_1,upgr_o_3_utility,st_upgr_o_utility,3
dolg_nosorog_outfit,3,2,1,up_sect_thirdc_exolight_1,upgr_o_3_utility,st_upgr_o_utility,3
dolg_nosorog_outfit,3,3,1,up_sect_thirde_exolight_1,upgr_o_3_physical,st_upgr_o_physical,3
dolg_nosorog_outfit,4,1,1,up_sect_fourta_exolight_1,upgr_o_3_utility,st_upgr_o_utility,3
dolg_nosorog_outfit,4,2,1,up_sect_fourtc_exolight_1,upgr_o_3_physical,st_upgr_o_physical,3
dolg_nosorog_outfit,4,2,2,up_sect_fourtd_exolight_1,upgr_o_3_physical,st_upgr_o_physical,3
dolg_nosorog_outfit,4,3,1,up_sect_fourte_exolight_1,upgr_o_3_utility,st_upgr_o_utility,3
dolg_nosorog_outfit,4,3,2,up_sect_fourtf_exolight_1,upgr_o_3_utility,st_upgr_o_utility,3
dolg_nosorog_outfit,5,1,1,up_sect_fiftha_nosorog_1,upgr_o_3_utility,st_upgr_o_utility,3
dolg_nosorog_outfit,5,2,1,up_sect_fifthc_nosorog_1,upgr_o_3_magical,st_upgr_o_magical,3
dolg_nosorog_outfit,5,2,2,up_sect_fifthd_nosorog_1,upgr_o_3_magical,st_upgr_o_magical,3
dolg_nosorog_outfit,5,3,1,up_sect_fifthe_nosorog_1,upgr_o_3_utility,st_upgr_o_utility,3
dolg_novice_outfit,1,1,1,up_sect_firsta_novice_1,upgr_o_1_physical,st_upgr_o_physical,1
dolg_novice_outfit,1,2,1,up_sect_firstc_novice_1,upgr_o_1_physical,st_upgr_o_physical,1
dolg_novice_outfit,1,3,1,up_sect_firste_novice_1,upgr_o_1_physical,st_upgr_o_physical,1
dolg_novice_outfit,2,1,1,up_sect_secona_novice_1,upgr_o_1_magical,st_upgr_o_magical,1
dolg_novice_outfit,2,2,1,up_sect_seconc_novice_1,upgr_o_1_magical,st_upgr_o_magical,1
dolg_novice_outfit,2,2,2,up_sect_second_novice_1,upgr_o_1_magical,st_upgr_o_magical,1
dolg_novice_outfit,3,1,1,up_sect_thirda_novice_1,upgr_o_1_utility,st_upgr_o_utility,1
dolg_outfit,1,1,1,up_sect_firsta_ps5_1,upgr_o_1_physical,st_upgr_o_physical,1
dolg_outfit,1,2,1,up_sect_firstc_ps5_1,upgr_o_2_physical,st_upgr_o_physical,2
dolg_outfit,1,3,1,up_sect_firste_ps5_1,upgr_o_2_physical,st_upgr_o_physical,2
dolg_outfit,1,3,2,up_sect_firstf_ps5_1,upgr_o_2_physical,st_upgr_o_physical,2
dolg_outfit,2,1,1,up_sect_secona_ps5_1,upgr_o_1_physical,st_upgr_o_physical,1
dolg_outfit,2,2,1,up_sect_seconc_ps5_1,upgr_o_2_physical,st_upgr_o_physical,2
dolg_outfit,2,2,2,up_sect_second_ps5_1,upgr_o_2_utility,st_upgr_o_utility,2
dolg_outfit,2,3,1,up_sect_secone_ps5_1,upgr_o_2_physical,st_upgr_o_physical,2
dolg_outfit,3,1,1,up_sect_thirda_ps5_1,upgr_o_1_utility,st_upgr_o_utility,1
dolg_outfit,3,2,1,up_sect_thirdc_ps5_1,upgr_o_2_utility,st_upgr_o_utility,2
dolg_outfit,3,3,1,up_sect_thirde_ps5_1,upgr_o_2_utility,st_upgr_o_utility,2
dolg_pantsir_outfit,1,1,1,up_sect_firsta_skat_1,upgr_o_2_physical,st_upgr_o_physical,2
dolg_pantsir_outfit,1,2,1,up_sect_firstc_skat_1,upgr_o_2_physical,st_upgr_o_physical,2
dolg_pantsir_outfit,1,2,2,up_sect_firstd_skat_1,upgr_o_2_physical,st_upgr_o_physical,2
dolg_pantsir_outfit,1,3,1,up_sect_firste_skat_1,upgr_o_3_physical,st_upgr_o_physical,3
dolg_pantsir_outfit,1,3,2,up_sect_firstf_skat_1,upgr_o_3_physical,st_upgr_o_physical,3
dolg_pantsir_outfit,2,1,1,up_sect_secona_skat_1,upgr_o_2_physical,st_upgr_o_physical,2
dolg_pantsir_outfit,2,2,1,up_sect_seconc_skat_1,upgr_o_2_magical,st_upgr_o_magical,2
dolg_pantsir_outfit,2,2,2,up_sect_second_skat_1,upgr_o_2_magical,st_upgr_o_magical,2
dolg_pantsir_outfit,2,3,1,up_sect_secone_skat_1,upgr_o_3_magical,st_upgr_o_magical,3
dolg_pantsir_outfit,2,3,2,up_sect_seconf_skat_1,upgr_o_3_magical,st_upgr_o_magical,3
dolg_pantsir_outfit,3,1,1,up_sect_thirda_skat_1,upgr_o_2_utility,st_upgr_o_utility,2
dolg_pantsir_outfit,3,2,1,up_sect_thirdc_skat_1,upgr_o_2_magical,st_upgr_o_magical,2
dolg_pantsir_outfit,3,2,2,up_sect_thirdd_skat_1,upgr_o_2_utility,st_upgr_o_utility,2
dolg_pantsir_outfit,3,3,1,up_sect_thirde_skat_1,upgr_o_3_utility,st_upgr_o_utility,3
dolg_pantsir_outfit,4,1,1,up_sect_fourta_skat_1,upgr_o_2_utility,st_upgr_o_utility,2
dolg_pantsir_outfit,4,2,1,up_sect_fourtc_skat_1,upgr_o_2_utility,st_upgr_o_utility,2
dolg_pantsir_outfit,4,3,1,up_sect_fourte_skat_1,upgr_o_3_utility,st_upgr_o_utility,3
dolg_proto_exo_outfit,1,1,1,up_sect_firsta_ps5_1,upgr_o_2_physical,st_upgr_o_physical,2
dolg_proto_exo_outfit,1,2,1,up_sect_firstc_ps5_1,upgr_o_2_physical,st_upgr_o_physical,2
dolg_proto_exo_outfit,1,3,1,up_sect_firste_ps5_1,upgr_o_3_physical,st_upgr_o_physical,3
dolg_proto_exo_outfit,1,3,2,up_sect_firstf_ps5_1,upgr_o_3_physical,st_upgr_o_physical,3
dolg_proto_exo_outfit,2,1,1,up_sect_secona_ps5_1,upgr_o_2_physical,st_upgr_o_physical,2
dolg_proto_exo_outfit,2,2,1,up_sect_seconc_ps5_1,upgr_o_2_physical,st_upgr_o_physical,2
dolg_proto_exo_outfit,2,2,2,up_sect_second_ps5_1,upgr_o_2_utility,st_upgr_o_utility,2
dolg_proto_exo_outfit,2,3,1,up_sect_secone_ps5_1,upgr_o_3_physical,st_upgr_o_physical,3
dolg_proto_exo_outfit,3,1,1,up_sect_thirda_ps5_1,upgr_o_2_utility,st_upgr_o_utility,2
dolg_proto_exo_outfit,3,2,1,up_sect_thirdc_ps5_1,upgr_o_2_utility,st_upgr_o_utility,2
dolg_proto_exo_outfit,3,3,1,up_sect_thirde_ps5_1,upgr_o_3_utility,st_upgr_o_utility,3
dolg_proto_exo_outfit,4,1,1,up_sect_fourta_ps5_proto_1,upgr_o_2_utility,st_upgr_o_utility,2
dolg_proto_exo_outfit,4,2,1,up_sect_fourtc_ps5_proto_1,upgr_o_2_utility,st_upgr_o_utility,2
dolg_red_outfit,1,1,1,up_sect_firsta_ps5_3,upgr_o_1_physical,st_upgr_o_physical,1
dolg_red_outfit,1,2,1,up_sect_firstc_ps5_3,upgr_o_1_physical,st_upgr_o_physical,1
dolg_red_outfit,1,3,1,up_sect_firste_ps5_3,upgr_o_1_physical,st_upgr_o_physical,1
dolg_red_outfit,1,3,2,up_sect_firstf_ps5_3,upgr_o_1_physical,st_upgr_o_physical,1
dolg_red_outfit,2,1,1,up_sect_secona_ps5_3,upgr_o_1_physical,st_upgr_o_physical,1
dolg_red_outfit,2,2,1,up_sect_seconc_ps5_3,upgr_o_1_physical,st_upgr_o_physical,1
dolg_red_outfit,2,2,2,up_sect_second_ps5_3,upgr_o_1_utility,st_upgr_o_utility,1
dolg_red_outfit,2,3,1,up_sect_secone_ps5_3,upgr_o_1_physical,st_upgr_o_physical,1
dolg_red_outfit,3,1,1,up_sect_thirda_ps5_3,upgr_o_1_utility,st_upgr_o_utility,1
dolg_red_outfit,3,2,1,up_sect_thirdc_ps5_3,upgr_o_1_utility,st_upgr_o_utility,1
dolg_red_outfit,3,3,1,up_sect_thirde_ps5_3,upgr_o_1_utility,st_upgr_o_utility,1
dolg_scientific_outfit,1,1,1,up_sect_firsta_seva_1,upgr_o_1_physical,st_upgr_o_physical,1
dolg_scientific_outfit,1,2,1,up_sect_firstc_seva_1,upgr_o_2_physical,st_upgr_o_physical,2
dolg_scientific_outfit,1,2,2,up_sect_firstd_seva_1,upgr_o_2_physical,st_upgr_o_physical,2
dolg_scientific_outfit,1,3,1,up_sect_firste_seva_1,upgr_o_2_physical,st_upgr_o_physical,2
dolg_scientific_outfit,1,3,2,up_sect_firstf_seva_1,upgr_o_2_physical,st_upgr_o_physical,2
dolg_scientific_outfit,2,1,1,up_sect_secona_seva_1,upgr_o_1_physical,st_upgr_o_physical,1
dolg_scientific_outfit,2,2,1,up_sect_seconc_seva_1,upgr_o_2_magical,st_upgr_o_magical,2
dolg_scientific_outfit,2,2,2,up_sect_second_seva_1,upgr_o_2_magical,st_upgr_o_magical,2
dolg_scientific_outfit,2,3,1,up_sect_secone_seva_1,upgr_o_2_magical,st_upgr_o_magical,2
dolg_scientific_outfit,2,3,2,up_sect_seconf_seva_1,upgr_o_2_magical,st_upgr_o_magical,2
dolg_scientific_outfit,3,1,1,up_sect_thirda_seva_1,upgr_o_1_utility,st_upgr_o_utility,1
dolg_scientific_outfit,3,2,1,up_sect_thirdc_seva_1,upgr_o_2_utility,st_upgr_o_utility,2
dolg_scientific_outfit,3,2,2,up_sect_thirdd_seva_1,upgr_o_2_utility,st_upgr_o_utility,2
dolg_scientific_outfit,3,3,1,up_sect_thirde_seva_1,upgr_o_2_utility,st_upgr_o_utility,2
dolg_scientific_outfit,4,1,1,up_sect_fourta_seva_1,upgr_o_1_magical,st_upgr_o_magical,1
dolg_scientific_outfit,4,2,1,up_sect_fourtc_seva_1,upgr_o_2_magical,st_upgr_o_magical,2
dolg_scientific_outfit,4,3,1,up_sect_fourte_seva_1,upgr_o_2_utility,st_upgr_o_utility,2
dolg_scientific_red_outfit,1,1,1,up_sect_firsta_seva_1,upgr_o_1_physical,st_upgr_o_physical,1
dolg_scientific_red_outfit,1,2,1,up_sect_firstc_seva_1,upgr_o_2_physical,st_upgr_o_physical,2
dolg_scientific_red_outfit,1,2,2,up_sect_firstd_seva_1,upgr_o_2_physical,st_upgr_o_physical,2
dolg_scientific_red_outfit,1,3,1,up_sect_firste_seva_1,upgr_o_2_physical,st_upgr_o_physical,2
dolg_scientific_red_outfit,1,3,2,up_sect_firstf_seva_1,upgr_o_2_physical,st_upgr_o_physical,2
dolg_scientific_red_outfit,2,1,1,up_sect_secona_seva_1,upgr_o_1_physical,st_upgr_o_physical,1
dolg_scientific_red_outfit,2,2,1,up_sect_seconc_seva_1,upgr_o_2_magical,st_upgr_o_magical,2
dolg_scientific_red_outfit,2,2,2,up_sect_second_seva_1,upgr_o_2_magical,st_upgr_o_magical,2
dolg_scientific_red_outfit,2,3,1,up_sect_secone_seva_1,upgr_o_2_magical,st_upgr_o_magical,2
dolg_scientific_red_outfit,2,3,2,up_sect_seconf_seva_1,upgr_o_2_magical,st_upgr_o_magical,2
dolg_scientific_red_outfit,3,1,1,up_sect_thirda_seva_1,upgr_o_1_utility,st_upgr_o_utility,1
dolg_scientific_red_outfit,3,2,1,up_sect_thirdc_seva_1,upgr_o_2_utility,st_upgr_o_utility,2
dolg_scientific_red_outfit,3,2,2,up_sect_thirdd_seva_1,upgr_o_2_utility,st_upgr_o_utility,2
dolg_scientific_red_outfit,3,3,1,up_sect_thirde_seva_1,upgr_o_2_utility,st_upgr_o_utility,2
dolg_scientific_red_outfit,4,1,1,up_sect_fourta_seva_1,upgr_o_1_magical,st_upgr_o_magical,1
dolg_scientific_red_outfit,4,2,1,up_sect_fourtc_seva_1,upgr_o_2_magical,st_upgr_o_magical,2
dolg_scientific_red_outfit,4,3,1,up_sect_fourte_seva_1,upgr_o_2_utility,st_upgr_o_utility,2
dolg_scientific_wood_outfit,1,1,1,up_sect_firsta_seva_2,upgr_o_1_physical,st_upgr_o_physical,1
dolg_scientific_wood_outfit,1,2,1,up_sect_firstc_seva_2,upgr_o_2_physical,st_upgr_o_physical,2
dolg_scientific_wood_outfit,1,2,2,up_sect_firstd_seva_2,upgr_o_2_physical,st_upgr_o_physical,2
dolg_scientific_wood_outfit,1,3,1,up_sect_firste_seva_2,upgr_o_2_physical,st_upgr_o_physical,2
dolg_scientific_wood_outfit,1,3,2,up_sect_firstf_seva_2,upgr_o_2_physical,st_upgr_o_physical,2
dolg_scientific_wood_outfit,2,1,1,up_sect_secona_seva_2,upgr_o_1_magical,st_upgr_o_magical,1
dolg_scientific_wood_outfit,2,2,1,up_sect_seconc_seva_2,upgr_o_2_magical,st_upgr_o_magical,2
dolg_scientific_wood_outfit,2,2,2,up_sect_second_seva_2,upgr_o_2_magical,st_upgr_o_magical,2
dolg_scientific_wood_outfit,2,3,1,up_sect_secone_seva_2,upgr_o_2_magical,st_upgr_o_magical,2
dolg_scientific_wood_outfit,2,3,2,up_sect_seconf_seva_2,upgr_o_2_magical,st_upgr_o_magical,2
dolg_scientific_wood_outfit,3,1,1,up_sect_thirda_seva_2,upgr_o_1_utility,st_upgr_o_utility,1
dolg_scientific_wood_outfit,3,2,1,up_sect_thirdc_seva_2,upgr_o_2_magical,st_upgr_o_magical,2
dolg_scientific_wood_outfit,3,2,2,up_sect_thirdd_seva_2,upgr_o_2_utility,st_upgr_o_utility,2
dolg_scientific_wood_outfit,3,3,1,up_sect_thirde_seva_2,upgr_o_2_utility,st_upgr_o_utility,2
dolg_scientific_wood_outfit,4,1,1,up_sect_fourta_seva_2,upgr_o_1_magical,st_upgr_o_magical,1
dolg_scientific_wood_outfit,4,2,1,up_sect_fourtc_seva_2,upgr_o_2_magical,st_upgr_o_magical,2
dolg_scientific_wood_outfit,4,3,1,up_sect_fourte_seva_2,upgr_o_2_utility,st_upgr_o_utility,2
dolg_scout_outfit,1,1,1,up_sect_firsta_ps5_2,upgr_o_1_physical,st_upgr_o_physical,1
dolg_scout_outfit,1,2,1,up_sect_firstc_ps5_2,upgr_o_2_physical,st_upgr_o_physical,2
dolg_scout_outfit,1,3,1,up_sect_firste_ps5_2,upgr_o_2_physical,st_upgr_o_physical,2
dolg_scout_outfit,1,3,2,up_sect_firstf_ps5_2,upgr_o_2_physical,st_upgr_o_physical,2
dolg_scout_outfit,2,1,1,up_sect_secona_ps5_2,upgr_o_1_utility,st_upgr_o_utility,1
dolg_scout_outfit,2,2,1,up_sect_seconc_ps5_2,upgr_o_2_magical,st_upgr_o_magical,2
dolg_scout_outfit,2,2,2,up_sect_second_ps5_2,upgr_o_2_utility,st_upgr_o_utility,2
dolg_scout_outfit,2,3,1,up_sect_secone_ps5_2,upgr_o_2_physical,st_upgr_o_physical,2
dolg_scout_outfit,3,1,1,up_sect_thirda_ps5_2,upgr_o_1_utility,st_upgr_o_utility,1
dolg_scout_outfit,3,2,1,up_sect_thirdc_ps5_2,upgr_o_2_utility,st_upgr_o_utility,2
dolg_scout_outfit,3,3,1,up_sect_thirde_ps5_2,upgr_o_2_utility,st_upgr_o_utility,2
dolg_specops_red_outfit,1,1,1,up_sect_firsta_berill_2,upgr_o_2_physical,st_upgr_o_physical,2
dolg_specops_red_outfit,1,2,1,up_sect_firstc_berill_2,upgr_o_2_physical,st_upgr_o_physical,2
dolg_specops_red_outfit,1,2,2,up_sect_firstd_berill_2,upgr_o_2_physical,st_upgr_o_physical,2
dolg_specops_red_outfit,1,3,1,up_sect_firste_berill_2,upgr_o_3_physical,st_upgr_o_physical,3
dolg_specops_red_outfit,1,3,2,up_sect_firstf_berill_2,upgr_o_3_physical,st_upgr_o_physical,3
dolg_specops_red_outfit,2,1,1,up_sect_secona_berill_2,upgr_o_2_magical,st_upgr_o_magical,2
dolg_specops_red_outfit,2,2,1,up_sect_seconc_berill_2,upgr_o_2_magical,st_upgr_o_magical,2
dolg_specops_red_outfit,2,2,2,up_sect_second_berill_2,upgr_o_2_magical,st_upgr_o_magical,2
dolg_specops_red_outfit,2,3,1,up_sect_secone_berill_2,upgr_o_3_magical,st_upgr_o_magical,3
dolg_specops_red_outfit,3,1,1,up_sect_thirda_berill_2,upgr_o_2_utility,st_upgr_o_utility,2
dolg_specops_red_outfit,3,2,1,up_sect_thirdc_berill_2,upgr_o_2_utility,st_upgr_o_utility,2
dolg_specops_red_outfit,3,3,1,up_sect_thirde_berill_2,upgr_o_3_utility,st_upgr_o_utility,3
dolg_voin_outfit,1,1,1,up_sect_firsta_lcs_3,upgr_o_1_physical,st_upgr_o_physical,1
dolg_voin_outfit,1,2,1,up_sect_firstc_lcs_3,upgr_o_2_physical,st_upgr_o_physical,2
dolg_voin_outfit,1,2,2,up_sect_firstd_lcs_3,upgr_o_2_physical,st_upgr_o_physical,2
dolg_voin_outfit,1,3,1,up_sect_firste_lcs_3,upgr_o_2_physical,st_upgr_o_physical,2
dolg_voin_outfit,1,3,2,up_sect_firstf_lcs_3,upgr_o_2_physical,st_upgr_o_physical,2
dolg_voin_outfit,2,1,1,up_sect_secona_lcs_3,upgr_o_1_physical,st_upgr_o_physical,1
dolg_voin_outfit,2,2,1,up_sect_seconc_lcs_3,upgr_o_2_magical,st_upgr_o_magical,2
dolg_voin_outfit,2,2,2,up_sect_second_lcs_3,upgr_o_2_magical,st_upgr_o_magical,2
dolg_voin_outfit,2,3,1,up_sect_secone_lcs_3,upgr_o_2_physical,st_upgr_o_physical,2
dolg_voin_outfit,3,1,1,up_sect_thirda_lcs_3,upgr_o_1_utility,st_upgr_o_utility,1
dolg_voin_outfit,3,2,1,up_sect_thirdc_lcs_3,upgr_o_2_magical,st_upgr_o_magical,2
dolg_voin_outfit,3,3,1,up_sect_thirde_lcs_3,upgr_o_2_utility,st_upgr_o_utility,2
dolg_voin_outfit,4,1,1,up_sect_fourta_lcs_3,upgr_o_1_utility,st_upgr_o_utility,1
dolg_voin_outfit,4,2,1,up_sect_fourtc_lcs_3,upgr_o_2_physical,st_upgr_o_physical,2
ecolog_exo_outfit,1,1,1,up_sect_firsta_exolight_1,upgr_o_3_physical,st_upgr_o_physical,3
ecolog_exo_outfit,1,2,1,up_sect_firstc_exolight_1,upgr_o_3_physical,st_upgr_o_physical,3
ecolog_exo_outfit,1,2,2,up_sect_firstd_exolight_1,upgr_o_3_physical,st_upgr_o_physical,3
ecolog_exo_outfit,1,3,1,up_sect_firste_exolight_1,upgr_o_3_physical,st_upgr_o_physical,3
ecolog_exo_outfit,1,3,2,up_sect_firstf_exolight_1,upgr_o_3_physical,st_upgr_o_physical,3
ecolog_exo_outfit,2,1,1,up_sect_secona_exolight_1,upgr_o_3_magical,st_upgr_o_magical,3
ecolog_exo_outfit,2,2,1,up_sect_seconc_exolight_1,upgr_o_3_magical,st_upgr_o_magical,3
ecolog_exo_outfit,2,2,2,up_sect_second_exolight_1,upgr_o_3_magical,st_upgr_o_magical,3
ecolog_exo_outfit,2,3,1,up_sect_secone_exolight_1,upgr_o_3_magical,st_upgr_o_magical,3
ecolog_exo_outfit,2,3,2,up_sect_seconf_exolight_1,upgr_o_3_magical,st_upgr_o_magical,3
ecolog_exo_outfit,3,1,1,up_sect_thirda_exolight_1,upgr_o_3_utility,st_upgr_o_utility,3
ecolog_exo_outfit,3,2,1,up_sect_thirdc_exolight_1,upgr_o_3_utility,st_upgr_o_utility,3
ecolog_exo_outfit,3,3,1,up_sect_thirde_exolight_1,upgr_o_3_physical,st_upgr_o_physical,3
ecolog_exo_outfit,4,1,1,up_sect_fourta_exolight_1,upgr_o_3_utility,st_upgr_o_utility,3
ecolog_exo_outfit,4,2,1,up_sect_fourtc_exolight_1,upgr_o_3_physical,st_upgr_o_physical,3
ecolog_exo_outfit,4,2,2,up_sect_fourtd_exolight_1,upgr_o_3_physical,st_upgr_o_physical,3
ecolog_exo_outfit,4,3,1,up_sect_fourte_exolight_1,upgr_o_3_utility,st_upgr_o_utility,3
ecolog_exo_outfit,4,3,2,up_sect_fourtf_exolight_1,upgr_o_3_utility,st_upgr_o_utility,3
ecolog_exo_outfit,5,1,1,up_sect_fiftha_exo_1,upgr_o_3_utility,st_upgr_o_utility,3
ecolog_exo_outfit,5,2,1,up_sect_fifthc_exo_1,upgr_o_3_magical,st_upgr_o_magical,3
ecolog_exo_outfit,5,2,2,up_sect_fifthd_exo_1,upgr_o_3_magical,st_upgr_o_magical,3
ecolog_exo_outfit,5,3,1,up_sect_fifthe_exo_1,upgr_o_3_utility,st_upgr_o_utility,3
ecolog_guard_outfit,1,1,1,up_sect_firsta_sunrise_1,upgr_o_1_physical,st_upgr_o_physical,1
ecolog_guard_outfit,1,2,1,up_sect_firstc_sunrise_1,upgr_o_2_physical,st_upgr_o_physical,2
ecolog_guard_outfit,1,2,2,up_sect_firstd_sunrise_1,upgr_o_2_utility,st_upgr_o_utility,2
ecolog_guard_outfit,1,3,1,up_sect_firste_sunrise_1,upgr_o_2_physical,st_upgr_o_physical,2
ecolog_guard_outfit,2,1,1,up_sect_secona_sunrise_1,upgr_o_1_physical,st_upgr_o_physical,1
ecolog_guard_outfit,2,2,1,up_sect_seconc_sunrise_1,upgr_o_2_magical,st_upgr_o_magical,2
ecolog_guard_outfit,2,2,2,up_sect_second_sunrise_1,upgr_o_2_magical,st_upgr_o_magical,2
ecolog_guard_outfit,2,3,1,up_sect_secone_sunrise_1,upgr_o_2_magical,st_upgr_o_magical,2
ecolog_guard_outfit,2,3,2,up_sect_seconf_sunrise_1,upgr_o_2_magical,st_upgr_o_magical,2
ecolog_guard_outfit,3,1,1,up_sect_thirda_sunrise_1,upgr_o_1_magical,st_upgr_o_magical,1
ecolog_guard_outfit,3,2,1,up_sect_thirdc_sunrise_1,upgr_o_2_utility,st_upgr_o_utility,2
ecolog_guard_outfit,3,2,2,up_sect_thirdd_sunrise_1,upgr_o_2_utility,st_upgr_o_utility,2
ecolog_guard_outfit,3,3,1,up_sect_thirde_sunrise_1,upgr_o_2_utility,st_upgr_o_utility,2
ecolog_outfit_blue,1,1,1,up_sect_firsta_ssp_1,upgr_o_1_physical,st_upgr_o_physical,1
ecolog_outfit_blue,1,2,1,up_sect_firstc_ssp_1,upgr_o_2_physical,st_upgr_o_physical,2
ecolog_outfit_blue,1,3,1,up_sect_firste_ssp_1,upgr_o_2_physical,st_upgr_o_physical,2
ecolog_outfit_blue,2,1,1,up_sect_secona_ssp_1,upgr_o_1_physical,st_upgr_o_physical,1
ecolog_outfit_blue,2,2,1,up_sect_seconc_ssp_1,upgr_o_2_magical,st_upgr_o_magical,2
ecolog_outfit_blue,2,2,2,up_sect_second_ssp_1,upgr_o_2_magical,st_upgr_o_magical,2
ecolog_outfit_blue,2,3,1,up_sect_secone_ssp_1,upgr_o_2_magical,st_upgr_o_magical,2
ecolog_outfit_blue,2,3,2,up_sect_seconf_ssp_1,upgr_o_2_magical,st_upgr_o_magical,2
ecolog_outfit_blue,3,1,1,up_sect_thirda_ssp_1,upgr_o_1_physical,st_upgr_o_physical,1
ecolog_outfit_blue,4,1,1,up_sect_fourta_ssp_1,upgr_o_1_utility,st_upgr_o_utility,1
ecolog_outfit_blue,4,2,1,up_sect_fourtc_ssp_1,upgr_o_2_utility,st_upgr_o_utility,2
ecolog_outfit_blue,4,2,2,up_sect_fourtd_ssp_1,upgr_o_2_magical,st_upgr_o_magical,2
ecolog_outfit_green,1,1,1,up_sect_firsta_ssp_1,upgr_o_1_physical,st_upgr_o_physical,1
ecolog_outfit_green,1,2,1,up_sect_firstc_ssp_1,upgr_o_2_physical,st_upgr_o_physical,2
ecolog_outfit_green,1,3,1,up_sect_firste_ssp_1,upgr_o_2_physical,st_upgr_o_physical,2
ecolog_outfit_green,2,1,1,up_sect_secona_ssp_1,upgr_o_1_physical,st_upgr_o_physical,1
ecolog_outfit_green,2,2,1,up_sect_seconc_ssp_1,upgr_o_2_magical,st_upgr_o_magical,2
ecolog_outfit_green,2,2,2,up_sect_second_ssp_1,upgr_o_2_magical,st_upgr_o_magical,2
ecolog_outfit_green,2,3,1,up_sect_secone_ssp_1,upgr_o_2_magical,st_upgr_o_magical,2
ecolog_outfit_green,2,3,2,up_sect_seconf_ssp_1,upgr_o_2_magical,st_upgr_o_magical,2
ecolog_outfit_green,3,1,1,up_sect_thirda_ssp_1,upgr_o_1_physical,st_upgr_o_physical,1
ecolog_outfit_green,4,1,1,up_sect_fourta_ssp_1,upgr_o_1_utility,st_upgr_o_utility,1
ecolog_outfit_green,4,2,1,up_sect_fourtc_ssp_1,upgr_o_2_utility,st_upgr_o_utility,2
ecolog_outfit_green,4,2,2,up_sect_fourtd_ssp_1,upgr_o_2_magical,st_upgr_o_magical,2
ecolog_outfit_orange,1,1,1,up_sect_firsta_ssp_1,upgr_o_1_physical,st_upgr_o_physical,1
ecolog_outfit_orange,1,2,1,up_sect_firstc_ssp_1,upgr_o_2_physical,st_upgr_o_physical,2
ecolog_outfit_orange,1,3,1,up_sect_firste_ssp_1,upgr_o_2_physical,st_upgr_o_physical,2
ecolog_outfit_orange,2,1,1,up_sect_secona_ssp_1,upgr_o_1_physical,st_upgr_o_physical,1
ecolog_outfit_orange,2,2,1,up_sect_seconc_ssp_1,upgr_o_2_magical,st_upgr_o_magical,2
ecolog_outfit_orange,2,2,2,up_sect_second_ssp_1,upgr_o_2_magical,st_upgr_o_magical,2
ecolog_outfit_orange,2,3,1,up_sect_secone_ssp_1,upgr_o_2_magical,st_upgr_o_magical,2
ecolog_outfit_orange,2,3,2,up_sect_seconf_ssp_1,upgr_o_2_magical,st_upgr_o_magical,2
ecolog_outfit_orange,3,1,1,up_sect_thirda_ssp_1,upgr_o_1_physical,st_upgr_o_physical,1
ecolog_outfit_orange,4,1,1,up_sect_fourta_ssp_1,upgr_o_1_utility,st_upgr_o_utility,1
ecolog_outfit_orange,4,2,1,up_sect_fourtc_ssp_1,upgr_o_2_utility,st_upgr_o_utility,2
ecolog_outfit_orange,4,2,2,up_sect_fourtd_ssp_1,upgr_o_2_magical,st_upgr_o_magical,2
ecolog_outfit_red,1,1,1,up_sect_firsta_ssp_1,upgr_o_1_physical,st_upgr_o_physical,1
ecolog_outfit_red,1,2,1,up_sect_firstc_ssp_1,upgr_o_2_physical,st_upgr_o_physical,2
ecolog_outfit_red,1,3,1,up_sect_firste_ssp_1,upgr_o_2_physical,st_upgr_o_physical,2
ecolog_outfit_red,2,1,1,up_sect_secona_ssp_1,upgr_o_1_physical,st_upgr_o_physical,1
ecolog_outfit_red,2,2,1,up_sect_seconc_ssp_1,upgr_o_2_magical,st_upgr_o_magical,2
ecolog_outfit_red,2,2,2,up_sect_second_ssp_1,upgr_o_2_magical,st_upgr_o_magical,2
ecolog_outfit_red,2,3,1,up_sect_secone_ssp_1,upgr_o_2_magical,st_upgr_o_magical,2
ecolog_outfit_red,2,3,2,up_sect_seconf_ssp_1,upgr_o_2_magical,st_upgr_o_magical,2
ecolog_outfit_red,3,1,1,up_sect_thirda_ssp_1,upgr_o_1_physical,st_upgr_o_physical,1
ecolog_outfit_red,4,1,1,up_sect_fourta_ssp_1,upgr_o_1_utility,st_upgr_o_utility,1
ecolog_outfit_red,4,2,1,up_sect_fourtc_ssp_1,upgr_o_2_utility,st_upgr_o_utility,2
ecolog_outfit_red,4,2,2,up_sect_fourtd_ssp_1,upgr_o_2_magical,st_upgr_o_magical,2
ecolog_outfit_white,1,1,1,up_sect_firsta_ssp_1,upgr_o_1_physical,st_upgr_o_physical,1
ecolog_outfit_white,1,2,1,up_sect_firstc_ssp_1,upgr_o_2_physical,st_upgr_o_physical,2
ecolog_outfit_white,1,3,1,up_sect_firste_ssp_1,upgr_o_2_physical,st_upgr_o_physical,2
ecolog_outfit_white,2,1,1,up_sect_secona_ssp_1,upgr_o_1_physical,st_upgr_o_physical,1
ecolog_outfit_white,2,2,1,up_sect_seconc_ssp_1,upgr_o_2_magical,st_upgr_o_magical,2
ecolog_outfit_white,2,2,2,up_sect_second_ssp_1,upgr_o_2_magical,st_upgr_o_magical,2
ecolog_outfit_white,2,3,1,up_sect_secone_ssp_1,upgr_o_2_magical,st_upgr_o_magical,2
ecolog_outfit_white,2,3,2,up_sect_seconf_ssp_1,upgr_o_2_magical,st_upgr_o_magical,2
ecolog_outfit_white,3,1,1,up_sect_thirda_ssp_1,upgr_o_1_physical,st_upgr_o_physical,1
ecolog_outfit_white,4,1,1,up_sect_fourta_ssp_1,upgr_o_1_utility,st_upgr_o_utility,1
ecolog_outfit_white,4,2,1,up_sect_fourtc_ssp_1,upgr_o_2_utility,st_upgr_o_utility,2
ecolog_outfit_white,4,2,2,up_sect_fourtd_ssp_1,upgr_o_2_magical,st_upgr_o_magical,2
ecolog_outfit_yello,1,1,1,up_sect_firsta_ssp_1,upgr_o_1_physical,st_upgr_o_physical,1
ecolog_outfit_yello,1,2,1,up_sect_firstc_ssp_1,upgr_o_2_physical,st_upgr_o_physical,2
ecolog_outfit_yello,1,3,1,up_sect_firste_ssp_1,upgr_o_2_physical,st_upgr_o_physical,2
ecolog_outfit_yello,2,1,1,up_sect_secona_ssp_1,upgr_o_1_physical,st_upgr_o_physical,1
ecolog_outfit_yello,2,2,1,up_sect_seconc_ssp_1,upgr_o_2_magical,st_upgr_o_magical,2
ecolog_outfit_yello,2,2,2,up_sect_second_ssp_1,upgr_o_2_magical,st_upgr_o_magical,2
ecolog_outfit_yello,2,3,1,up_sect_secone_ssp_1,upgr_o_2_magical,st_upgr_o_magical,2
ecolog_outfit_yello,2,3,2,up_sect_seconf_ssp_1,upgr_o_2_magical,st_upgr_o_magical,2
ecolog_outfit_yello,3,1,1,up_sect_thirda_ssp_1,upgr_o_1_physical,st_upgr_o_physical,1
ecolog_outfit_yello,4,1,1,up_sect_fourta_ssp_1,upgr_o_1_utility,st_upgr_o_utility,1
ecolog_outfit_yello,4,2,1,up_sect_fourtc_ssp_1,upgr_o_2_utility,st_upgr_o_utility,2
ecolog_outfit_yello,4,2,2,up_sect_fourtd_ssp_1,upgr_o_2_magical,st_upgr_o_magical,2
ecolog_proto_exo_outfit,1,1,1,up_sect_firsta_exolight_1,upgr_o_2_physical,st_upgr_o_physical,2
ecolog_proto_exo_outfit,1,2,1,up_sect_firstc_exolight_1,upgr_o_2_physical,st_upgr_o_physical,2
ecolog_proto_exo_outfit,1,2,2,up_sect_firstd_exolight_1,upgr_o_2_physical,st_upgr_o_physical,2
ecolog_proto_exo_outfit,1,3,1,up_sect_firste_exolight_1,upgr_o_3_physical,st_upgr_o_physical,3
ecolog_proto_exo_outfit,1,3,2,up_sect_firstf_exolight_1,upgr_o_3_physical,st_upgr_o_physical,3
ecolog_proto_exo_outfit,2,1,1,up_sect_secona_exolight_1,upgr_o_2_magical,st_upgr_o_magical,2
ecolog_proto_exo_outfit,2,2,1,up_sect_seconc_exolight_1,upgr_o_2_magical,st_upgr_o_magical,2
ecolog_proto_exo_outfit,2,2,2,up_sect_second_exolight_1,upgr_o_2_magical,st_upgr_o_magical,2
ecolog_proto_exo_outfit,2,3,1,up_sect_secone_exolight_1,upgr_o_3_magical,st_upgr_o_magical,3
ecolog_proto_exo_outfit,2,3,2,up_sect_seconf_exolight_1,upgr_o_3_magical,st_upgr_o_magical,3
ecolog_proto_exo_outfit,3,1,1,up_sect_thirda_exolight_1,upgr_o_2_utility,st_upgr_o_utility,2
ecolog_proto_exo_outfit,3,2,1,up_sect_thirdc_exolight_1,upgr_o_2_utility,st_upgr_o_utility,2
ecolog_proto_exo_outfit,3,3,1,up_sect_thirde_exolight_1,upgr_o_3_physical,st_upgr_o_physical,3
ecolog_proto_exo_outfit,4,1,1,up_sect_fourta_exolight_1,upgr_o_2_utility,st_upgr_o_utility,2
ecolog_proto_exo_outfit,4,2,1,up_sect_fourtc_exolight_1,upgr_o_2_physical,st_upgr_o_physical,2
ecolog_proto_exo_outfit,4,2,2,up_sect_fourtd_exolight_1,upgr_o_2_physical,st_upgr_o_physical,2
ecolog_proto_exo_outfit,4,3,1,up_sect_fourte_exolight_1,upgr_o_3_utility,st_upgr_o_utility,3
ecolog_proto_exo_outfit,4,3,2,up_sect_fourtf_exolight_1,upgr_o_3_utility,st_upgr_o_utility,3
ecolog_proto_exo_outfit,5,1,1,up_sect_fiftha_exo_1,upgr_o_2_utility,st_upgr_o_utility,2
ecolog_proto_exo_outfit,5,2,1,up_sect_fifthc_exo_1,upgr_o_2_magical,st_upgr_o_magical,2
ecolog_proto_exo_outfit,5,2,2,up_sect_fifthd_exo_1,upgr_o_2_magical,st_upgr_o_magical,2
ecolog_proto_exo_outfit,5,3,1,up_sect_fifthe_exo_1,upgr_o_3_utility,st_upgr_o_utility,3
exo_dolg_outfit,1,1,1,up_sect_firsta_exolight_1,upgr_o_2_physical,st_upgr_o_physical,2
exo_dolg_outfit,1,2,1,up_sect_firstc_exolight_1,upgr_o_2_physical,st_upgr_o_physical,2
exo_dolg_outfit,1,2,2,up_sect_firstd_exolight_1,upgr_o_2_physical,st_upgr_o_physical,2
exo_dolg_outfit,1,3,1,up_sect_firste_exolight_1,upgr_o_3_physical,st_upgr_o_physical,3
exo_dolg_outfit,1,3,2,up_sect_firstf_exolight_1,upgr_o_3_physical,st_upgr_o_physical,3
exo_dolg_outfit,2,1,1,up_sect_secona_exolight_1,upgr_o_2_magical,st_upgr_o_magical,2
exo_dolg_outfit,2,2,1,up_sect_seconc_exolight_1,upgr_o_2_magical,st_upgr_o_magical,2
exo_dolg_outfit,2,2,2,up_sect_second_exolight_1,upgr_o_2_magical,st_upgr_o_magical,2
exo_dolg_outfit,2,3,1,up_sect_secone_exolight_1,upgr_o_3_magical,st_upgr_o_magical,3
exo_dolg_outfit,2,3,2,up_sect_seconf_exolight_1,upgr_o_3_magical,st_upgr_o_magical,3
exo_dolg_outfit,3,1,1,up_sect_thirda_exolight_1,upgr_o_2_utility,st_upgr_o_utility,2
exo_dolg_outfit,3,2,1,up_sect_thirdc_exolight_1,upgr_o_2_utility,st_upgr_o_utility,2
exo_dolg_outfit,3,3,1,up_sect_thirde_exolight_1,upgr_o_3_physical,st_upgr_o_physical,3
exo_dolg_outfit,4,1,1,up_sect_fourta_exolight_1,upgr_o_2_utility,st_upgr_o_utility,2
exo_dolg_outfit,4,2,1,up_sect_fourtc_exolight_1,upgr_o_2_physical,st_upgr_o_physical,2
exo_dolg_outfit,4,2,2,up_sect_fourtd_exolight_1,upgr_o_2_physical,st_upgr_o_physical,2
exo_dolg_outfit,4,3,1,up_sect_fourte_exolight_1,upgr_o_3_utility,st_upgr_o_utility,3
exo_dolg_outfit,4,3,2,up_sect_fourtf_exolight_1,upgr_o_3_utility,st_upgr_o_utility,3
exo_dolg_red_outfit,1,1,1,up_sect_firsta_exolight_1,upgr_o_2_physical,st_upgr_o_physical,2
exo_dolg_red_outfit,1,2,1,up_sect_firstc_exolight_1,upgr_o_2_physical,st_upgr_o_physical,2
exo_dolg_red_outfit,1,2,2,up_sect_firstd_exolight_1,upgr_o_2_physical,st_upgr_o_physical,2
exo_dolg_red_outfit,1,3,1,up_sect_firste_exolight_1,upgr_o_3_physical,st_upgr_o_physical,3
exo_dolg_red_outfit,1,3,2,up_sect_firstf_exolight_1,upgr_o_3_physical,st_upgr_o_physical,3
exo_dolg_red_outfit,2,1,1,up_sect_secona_exolight_1,upgr_o_2_magical,st_upgr_o_magical,2
exo_dolg_red_outfit,2,2,1,up_sect_seconc_exolight_1,upgr_o_2_magical,st_upgr_o_magical,2
exo_dolg_red_outfit,2,2,2,up_sect_second_exolight_1,upgr_o_2_magical,st_upgr_o_magical,2
exo_dolg_red_outfit,2,3,1,up_sect_secone_exolight_1,upgr_o_3_magical,st_upgr_o_magical,3
exo_dolg_red_outfit,2,3,2,up_sect_seconf_exolight_1,upgr_o_3_magical,st_upgr_o_magical,3
exo_dolg_red_outfit,3,1,1,up_sect_thirda_exolight_1,upgr_o_2_utility,st_upgr_o_utility,2
exo_dolg_red_outfit,3,2,1,up_sect_thirdc_exolight_1,upgr_o_2_utility,st_upgr_o_utility,2
exo_dolg_red_outfit,3,3,1,up_sect_thirde_exolight_1,upgr_o_3_physical,st_upgr_o_physical,3
exo_dolg_red_outfit,4,1,1,up_sect_fourta_exolight_1,upgr_o_2_utility,st_upgr_o_utility,2
exo_dolg_red_outfit,4,2,1,up_sect_fourtc_exolight_1,upgr_o_2_physical,st_upgr_o_physical,2
exo_dolg_red_outfit,4,2,2,up_sect_fourtd_exolight_1,upgr_o_2_physical,st_upgr_o_physical,2
exo_dolg_red_outfit,4,3,1,up_sect_fourte_exolight_1,upgr_o_3_utility,st_upgr_o_utility,3
exo_dolg_red_outfit,4,3,2,up_sect_fourtf_exolight_1,upgr_o_3_utility,st_upgr_o_utility,3
exo_dolg_urban_outfit,1,1,1,up_sect_firsta_exolight_2,upgr_o_2_physical,st_upgr_o_physical,2
exo_dolg_urban_outfit,1,2,1,up_sect_firstc_exolight_2,upgr_o_2_physical,st_upgr_o_physical,2
exo_dolg_urban_outfit,1,2,2,up_sect_firstd_exolight_2,upgr_o_2_physical,st_upgr_o_physical,2
exo_dolg_urban_outfit,1,3,1,up_sect_firste_exolight_2,upgr_o_3_physical,st_upgr_o_physical,3
exo_dolg_urban_outfit,1,3,2,up_sect_firstf_exolight_2,upgr_o_3_physical,st_upgr_o_physical,3
exo_dolg_urban_outfit,2,1,1,up_sect_secona_exolight_2,upgr_o_2_magical,st_upgr_o_magical,2
exo_dolg_urban_outfit,2,2,1,up_sect_seconc_exolight_2,upgr_o_2_magical,st_upgr_o_magical,2
exo_dolg_urban_outfit,2,2,2,up_sect_second_exolight_2,upgr_o_2_magical,st_upgr_o_magical,2
exo_dolg_urban_outfit,2,3,1,up_sect_secone_exolight_2,upgr_o_3_magical,st_upgr_o_magical,3
exo_dolg_urban_outfit,2,3,2,up_sect_seconf_exolight_2,upgr_o_3_magical,st_upgr_o_magical,3
exo_dolg_urban_outfit,3,1,1,up_sect_thirda_exolight_2,upgr_o_2_utility,st_upgr_o_utility,2
exo_dolg_urban_outfit,3,2,1,up_sect_thirdc_exolight_2,upgr_o_2_utility,st_upgr_o_utility,2
exo_dolg_urban_outfit,3,3,1,up_sect_thirde_exolight_2,upgr_o_3_physical,st_upgr_o_physical,3
exo_dolg_urban_outfit,4,1,1,up_sect_fourta_exolight_2,upgr_o_2_utility,st_upgr_o_utility,2
exo_dolg_urban_outfit,4,2,1,up_sect_fourtc_exolight_2,upgr_o_2_physical,st_upgr_o_physical,2
exo_dolg_urban_outfit,4,2,2,up_sect_fourtd_exolight_2,upgr_o_2_utility,st_upgr_o_utility,2
exo_dolg_urban_outfit,4,3,1,up_sect_fourte_exolight_2,upgr_o_3_utility,st_upgr_o_utility,3
exo_dolg_urban_outfit,4,3,2,up_sect_fourtf_exolight_2,upgr_o_3_magical,st_upgr_o_magical,3
exo_dolg_wood_outfit,1,1,1,up_sect_firsta_exolight_2,upgr_o_2_physical,st_upgr_o_physical,2
exo_dolg_wood_outfit,1,2,1,up_sect_firstc_exolight_2,upgr_o_2_physical,st_upgr_o_physical,2
exo_dolg_wood_outfit,1,2,2,up_sect_firstd_exolight_2,upgr_o_2_physical,st_upgr_o_physical,2
exo_dolg_wood_outfit,1,3,1,up_sect_firste_exolight_2,upgr_o_3_physical,st_upgr_o_physical,3
exo_dolg_wood_outfit,1,3,2,up_sect_firstf_exolight_2,upgr_o_3_physical,st_upgr_o_physical,3
exo_dolg_wood_outfit,2,1,1,up_sect_secona_exolight_2,upgr_o_2_magical,st_upgr_o_magical,2
exo_dolg_wood_outfit,2,2,1,up_sect_seconc_exolight_2,upgr_o_2_magical,st_upgr_o_magical,2
exo_dolg_wood_outfit,2,2,2,up_sect_second_exolight_2,upgr_o_2_magical,st_upgr_o_magical,2
exo_dolg_wood_outfit,2,3,1,up_sect_secone_exolight_2,upgr_o_3_magical,st_upgr_o_magical,3
exo_dolg_wood_outfit,2,3,2,up_sect_seconf_exolight_2,upgr_o_3_magical,st_upgr_o_magical,3
exo_dolg_wood_outfit,3,1,1,up_sect_thirda_exolight_2,upgr_o_2_utility,st_upgr_o_utility,2
exo_dolg_wood_outfit,3,2,1,up_sect_thirdc_exolight_2,upgr_o_2_utility,st_upgr_o_utility,2
exo_dolg_wood_outfit,3,3,1,up_sect_thirde_exolight_2,upgr_o_3_physical,st_upgr_o_physical,3
exo_dolg_wood_outfit,4,1,1,up_sect_fourta_exolight_2,upgr_o_2_utility,st_upgr_o_utility,2
exo_dolg_wood_outfit,4,2,1,up_sect_fourtc_exolight_2,upgr_o_2_physical,st_upgr_o_physical,2
exo_dolg_wood_outfit,4,2,2,up_sect_fourtd_exolight_2,upgr_o_2_utility,st_upgr_o_utility,2
exo_dolg_wood_outfit,4,3,1,up_sect_fourte_exolight_2,upgr_o_3_utility,st_upgr_o_utility,3
exo_dolg_wood_outfit,4,3,2,up_sect_fourtf_exolight_2,upgr_o_3_magical,st_upgr_o_magical,3
exo_merc_grass_outfit,1,1,1,up_sect_firsta_exolight_1,upgr_o_2_physical,st_upgr_o_physical,2
exo_merc_grass_outfit,1,2,1,up_sect_firstc_exolight_1,upgr_o_2_physical,st_upgr_o_physical,2
exo_merc_grass_outfit,1,2,2,up_sect_firstd_exolight_1,upgr_o_2_physical,st_upgr_o_physical,2
exo_merc_grass_outfit,1,3,1,up_sect_firste_exolight_1,upgr_o_3_physical,st_upgr_o_physical,3
exo_merc_grass_outfit,1,3,2,up_sect_firstf_exolight_1,upgr_o_3_physical,st_upgr_o_physical,3
exo_merc_grass_outfit,2,1,1,up_sect_secona_exolight_1,upgr_o_2_magical,st_upgr_o_magical,2
exo_merc_grass_outfit,2,2,1,up_sect_seconc_exolight_1,upgr_o_2_magical,st_upgr_o_magical,2
exo_merc_grass_outfit,2,2,2,up_sect_second_exolight_1,upgr_o_2_magical,st_upgr_o_magical,2
exo_merc_grass_outfit,2,3,1,up_sect_secone_exolight_1,upgr_o_3_magical,st_upgr_o_magical,3
exo_merc_grass_outfit,2,3,2,up_sect_seconf_exolight_1,upgr_o_3_magical,st_upgr_o_magical,3
exo_merc_grass_outfit,3,1,1,up_sect_thirda_exolight_1,upgr_o_2_utility,st_upgr_o_utility,2
exo_merc_grass_outfit,3,2,1,up_sect_thirdc_exolight_1,upgr_o_2_utility,st_upgr_o_utility,2
exo_merc_grass_outfit,3,3,1,up_sect_thirde_exolight_1,upgr_o_3_physical,st_upgr_o_physical,3
exo_merc_grass_outfit,4,1,1,up_sect_fourta_exolight_1,upgr_o_2_utility,st_upgr_o_utility,2
exo_merc_grass_outfit,4,2,1,up_sect_fourtc_exolight_1,upgr_o_2_physical,st_upgr_o_physical,2
exo_merc_grass_outfit,4,2,2,up_sect_fourtd_exolight_1,upgr_o_2_physical,st_upgr_o_physical,2
exo_merc_grass_outfit,4,3,1,up_sect_fourte_exolight_1,upgr_o_3_utility,st_upgr_o_utility,3
exo_merc_grass_outfit,4,3,2,up_sect_fourtf_exolight_1,upgr_o_3_utility,st_upgr_o_utility,3
exo_merc_urban_outfit,1,1,1,up_sect_firsta_exolight_2,upgr_o_2_physical,st_upgr_o_physical,2
exo_merc_urban_outfit,1,2,1,up_sect_firstc_exolight_2,upgr_o_2_physical,st_upgr_o_physical,2
exo_merc_urban_outfit,1,2,2,up_sect_firstd_exolight_2,upgr_o_2_physical,st_upgr_o_physical,2
exo_merc_urban_outfit,1,3,1,up_sect_firste_exolight_2,upgr_o_3_physical,st_upgr_o_physical,3
exo_merc_urban_outfit,1,3,2,up_sect_firstf_exolight_2,upgr_o_3_physical,st_upgr_o_physical,3
exo_merc_urban_outfit,2,1,1,up_sect_secona_exolight_2,upgr_o_2_magical,st_upgr_o_magical,2
exo_merc_urban_outfit,2,2,1,up_sect_seconc_exolight_2,upgr_o_2_magical,st_upgr_o_magical,2
exo_merc_urban_outfit,2,2,2,up_sect_second_exolight_2,upgr_o_2_magical,st_upgr_o_magical,2
exo_merc_urban_outfit,2,3,1,up_sect_secone_exolight_2,upgr_o_3_magical,st_upgr_o_magical,3
exo_merc_urban_outfit,2,3,2,up_sect_seconf_exolight_2,upgr_o_3_magical,st_upgr_o_magical,3
exo_merc_urban_outfit,3,1,1,up_sect_thirda_exolight_2,upgr_o_2_utility,st_upgr_o_utility,2
exo_merc_urban_outfit,3,2,1,up_sect_thirdc_exolight_2,upgr_o_2_utility,st_upgr_o_utility,2
exo_merc_urban_outfit,3,3,1,up_sect_thirde_exolight_2,upgr_o_3_physical,st_upgr_o_physical,3
exo_merc_urban_outfit,4,1,1,up_sect_fourta_exolight_2,upgr_o_2_utility,st_upgr_o_utility,2
exo_merc_urban_outfit,4,2,1,up_sect_fourtc_exolight_2,upgr_o_2_physical,st_upgr_o_physical,2
exo_merc_urban_outfit,4,2,2,up_sect_fourtd_exolight_2,upgr_o_2_utility,st_upgr_o_utility,2
exo_merc_urban_outfit,4,3,1,up_sect_fourte_exolight_2,upgr_o_3_utility,st_upgr_o_utility,3
exo_merc_urban_outfit,4,3,2,up_sect_fourtf_exolight_2,upgr_o_3_magical,st_upgr_o_magical,3
exo_merc_wood_outfit,1,1,1,up_sect_firsta_exolight_2,upgr_o_2_physical,st_upgr_o_physical,2
exo_merc_wood_outfit,1,2,1,up_sect_firstc_exolight_2,upgr_o_2_physical,st_upgr_o_physical,2
exo_merc_wood_outfit,1,2,2,up_sect_firstd_exolight_2,upgr_o_2_physical,st_upgr_o_physical,2
exo_merc_wood_outfit,1,3,1,up_sect_firste_exolight_2,upgr_o_3_physical,st_upgr_o_physical,3
exo_merc_wood_outfit,1,3,2,up_sect_firstf_exolight_2,upgr_o_3_physical,st_upgr_o_physical,3
exo_merc_wood_outfit,2,1,1,up_sect_secona_exolight_2,upgr_o_2_magical,st_upgr_o_magical,2
exo_merc_wood_outfit,2,2,1,up_sect_seconc_exolight_2,upgr_o_2_magical,st_upgr_o_magical,2
exo_merc_wood_outfit,2,2,2,up_sect_second_exolight_2,upgr_o_2_magical,st_upgr_o_magical,2
exo_merc_wood_outfit,2,3,1,up_sect_secone_exolight_2,upgr_o_3_magical,st_upgr_o_magical,3
exo_merc_wood_outfit,2,3,2,up_sect_seconf_exolight_2,upgr_o_3_magical,st_upgr_o_magical,3
exo_merc_wood_outfit,3,1,1,up_sect_thirda_exolight_2,upgr_o_2_utility,st_upgr_o_utility,2
exo_merc_wood_outfit,3,2,1,up_sect_thirdc_exolight_2,upgr_o_2_utility,st_upgr_o_utility,2
exo_merc_wood_outfit,3,3,1,up_sect_thirde_exolight_2,upgr_o_3_physical,st_upgr_o_physical,3
exo_merc_wood_outfit,4,1,1,up_sect_fourta_exolight_2,upgr_o_2_utility,st_upgr_o_utility,2
exo_merc_wood_outfit,4,2,1,up_sect_fourtc_exolight_2,upgr_o_2_physical,st_upgr_o_physical,2
exo_merc_wood_outfit,4,2,2,up_sect_fourtd_exolight_2,upgr_o_2_utility,st_upgr_o_utility,2
exo_merc_wood_outfit,4,3,1,up_sect_fourte_exolight_2,upgr_o_3_utility,st_upgr_o_utility,3
exo_merc_wood_outfit,4,3,2,up_sect_fourtf_exolight_2,upgr_o_3_magical,st_upgr_o_magical,3
exo_outfit,1,1,1,up_sect_firsta_exolight_1,upgr_o_3_physical,st_upgr_o_physical,3
exo_outfit,1,2,1,up_sect_firstc_exolight_1,upgr_o_3_physical,st_upgr_o_physical,3
exo_outfit,1,2,2,up_sect_firstd_exolight_1,upgr_o_3_physical,st_upgr_o_physical,3
exo_outfit,1,3,1,up_sect_firste_exolight_1,upgr_o_3_physical,st_upgr_o_physical,3
exo_outfit,1,3,2,up_sect_firstf_exolight_1,upgr_o_3_physical,st_upgr_o_physical,3
exo_outfit,2,1,1,up_sect_secona_exolight_1,upgr_o_3_magical,st_upgr_o_magical,3
exo_outfit,2,2,1,up_sect_seconc_exolight_1,upgr_o_3_magical,st_upgr_o_magical,3
exo_outfit,2,2,2,up_sect_second_exolight_1,upgr_o_3_magical,st_upgr_o_magical,3
exo_outfit,2,3,1,up_sect_secone_exolight_1,upgr_o_3_magical,st_upgr_o_magical,3
exo_outfit,2,3,2,up_sect_seconf_exolight_1,upgr_o_3_magical,st_upgr_o_magical,3
exo_outfit,3,1,1,up_sect_thirda_exolight_1,upgr_o_3_utility,st_upgr_o_utility,3
exo_outfit,3,2,1,up_sect_thirdc_exolight_1,upgr_o_3_utility,st_upgr_o_utility,3
exo_outfit,3,3,1,up_sect_thirde_exolight_1,upgr_o_3_physical,st_upgr_o_physical,3
exo_outfit,4,1,1,up_sect_fourta_exolight_1,upgr_o_3_utility,st_upgr_o_utility,3
exo_outfit,4,2,1,up_sect_fourtc_exolight_1,upgr_o_3_physical,st_upgr_o_physical,3
exo_outfit,4,2,2,up_sect_fourtd_exolight_1,upgr_o_3_physical,st_upgr_o_physical,3
exo_outfit,4,3,1,up_sect_fourte_exolight_1,upgr_o_3_utility,st_upgr_o_utility,3
exo_outfit,4,3,2,up_sect_fourtf_exolight_1,upgr_o_3_utility,st_upgr_o_utility,3
exo_outfit,5,1,1,up_sect_fiftha_exo_1,upgr_o_3_utility,st_upgr_o_utility,3
exo_outfit,5,2,1,up_sect_fifthc_exo_1,upgr_o_3_magical,st_upgr_o_magical,3
exo_outfit,5,2,2,up_sect_fifthd_exo_1,upgr_o_3_magical,st_upgr_o_magical,3
exo_outfit,5,3,1,up_sect_fifthe_exo_1,upgr_o_3_utility,st_upgr_o_utility,3
exo_wood_outfit,1,1,1,up_sect_firsta_exolight_2,upgr_o_2_physical,st_upgr_o_physical,2
exo_wood_outfit,1,2,1,up_sect_firstc_exolight_2,upgr_o_2_physical,st_upgr_o_physical,2
exo_wood_outfit,1,2,2,up_sect_firstd_exolight_2,upgr_o_2_physical,st_upgr_o_physical,2
exo_wood_outfit,1,3,1,up_sect_firste_exolight_2,upgr_o_3_physical,st_upgr_o_physical,3
exo_wood_outfit,1,3,2,up_sect_firstf_exolight_2,upgr_o_3_physical,st_upgr_o_physical,3
exo_wood_outfit,2,1,1,up_sect_secona_exolight_2,upgr_o_2_magical,st_upgr_o_magical,2
exo_wood_outfit,2,2,1,up_sect_seconc_exolight_2,upgr_o_2_magical,st_upgr_o_magical,2
exo_wood_outfit,2,2,2,up_sect_second_exolight_2,upgr_o_2_magical,st_upgr_o_magical,2
exo_wood_outfit,2,3,1,up_sect_secone_exolight_2,upgr_o_3_magical,st_upgr_o_magical,3
exo_wood_outfit,2,3,2,up_sect_seconf_exolight_2,upgr_o_3_magical,st_upgr_o_magical,3
exo_wood_outfit,3,1,1,up_sect_thirda_exolight_2,upgr_o_2_utility,st_upgr_o_utility,2
exo_wood_outfit,3,2,1,up_sect_thirdc_exolight_2,upgr_o_2_utility,st_upgr_o_utility,2
exo_wood_outfit,3,3,1,up_sect_thirde_exolight_2,upgr_o_3_physical,st_upgr_o_physical,3
exo_wood_outfit,4,1,1,up_sect_fourta_exolight_2,upgr_o_2_utility,st_upgr_o_utility,2
exo_wood_outfit,4,2,1,up_sect_fourtc_exolight_2,upgr_o_2_physical,st_upgr_o_physical,2
exo_wood_outfit,4,2,2,up_sect_fourtd_exolight_2,upgr_o_2_utility,st_upgr_o_utility,2
exo_wood_outfit,4,3,1,up_sect_fourte_exolight_2,upgr_o_3_utility,st_upgr_o_utility,3
exo_wood_outfit,4,3,2,up_sect_fourtf_exolight_2,upgr_o_3_magical,st_upgr_o_magical,3
exolight_outfit,1,1,1,up_sect_firsta_exolight_1,upgr_o_2_physical,st_upgr_o_physical,2
exolight_outfit,1,2,1,up_sect_firstc_exolight_1,upgr_o_2_physical,st_upgr_o_physical,2
exolight_outfit,1,2,2,up_sect_firstd_exolight_1,upgr_o_2_physical,st_upgr_o_physical,2
exolight_outfit,1,3,1,up_sect_firste_exolight_1,upgr_o_3_physical,st_upgr_o_physical,3
exolight_outfit,1,3,2,up_sect_firstf_exolight_1,upgr_o_3_physical,st_upgr_o_physical,3
exolight_outfit,2,1,1,up_sect_secona_exolight_1,upgr_o_2_magical,st_upgr_o_magical,2
exolight_outfit,2,2,1,up_sect_seconc_exolight_1,upgr_o_2_magical,st_upgr_o_magical,2
exolight_outfit,2,2,2,up_sect_second_exolight_1,upgr_o_2_magical,st_upgr_o_magical,2
exolight_outfit,2,3,1,up_sect_secone_exolight_1,upgr_o_3_magical,st_upgr_o_magical,3
exolight_outfit,2,3,2,up_sect_seconf_exolight_1,upgr_o_3_magical,st_upgr_o_magical,3
exolight_outfit,3,1,1,up_sect_thirda_exolight_1,upgr_o_2_utility,st_upgr_o_utility,2
exolight_outfit,3,2,1,up_sect_thirdc_exolight_1,upgr_o_2_utility,st_upgr_o_utility,2
exolight_outfit,3,3,1,up_sect_thirde_exolight_1,upgr_o_3_physical,st_upgr_o_physical,3
exolight_outfit,4,1,1,up_sect_fourta_exolight_1,upgr_o_2_utility,st_upgr_o_utility,2
exolight_outfit,4,2,1,up_sect_fourtc_exolight_1,upgr_o_2_physical,st_upgr_o_physical,2
exolight_outfit,4,2,2,up_sect_fourtd_exolight_1,upgr_o_2_physical,st_upgr_o_physical,2
exolight_outfit,4,3,1,up_sect_fourte_exolight_1,upgr_o_3_utility,st_upgr_o_utility,3
exolight_outfit,4,3,2,up_sect_fourtf_exolight_1,upgr_o_3_utility,st_upgr_o_utility,3
freedom_exo_vineleaf_outfit,1,1,1,up_sect_firsta_exolight_1,upgr_o_2_physical,st_upgr_o_physical,2
freedom_exo_vineleaf_outfit,1,2,1,up_sect_firstc_exolight_1,upgr_o_2_physical,st_upgr_o_physical,2
freedom_exo_vineleaf_outfit,1,2,2,up_sect_firstd_exolight_1,upgr_o_2_physical,st_upgr_o_physical,2
freedom_exo_vineleaf_outfit,1,3,1,up_sect_firste_exolight_1,upgr_o_3_physical,st_upgr_o_physical,3
freedom_exo_vineleaf_outfit,1,3,2,up_sect_firstf_exolight_1,upgr_o_3_physical,st_upgr_o_physical,3
freedom_exo_vineleaf_outfit,2,1,1,up_sect_secona_exolight_1,upgr_o_2_magical,st_upgr_o_magical,2
freedom_exo_vineleaf_outfit,2,2,1,up_sect_seconc_exolight_1,upgr_o_2_magical,st_upgr_o_magical,2
freedom_exo_vineleaf_outfit,2,2,2,up_sect_second_exolight_1,upgr_o_2_magical,st_upgr_o_magical,2
freedom_exo_vineleaf_outfit,2,3,1,up_sect_secone_exolight_1,upgr_o_3_magical,st_upgr_o_magical,3
freedom_exo_vineleaf_outfit,2,3,2,up_sect_seconf_exolight_1,upgr_o_3_magical,st_upgr_o_magical,3
freedom_exo_vineleaf_outfit,3,1,1,up_sect_thirda_exolight_1,upgr_o_2_utility,st_upgr_o_utility,2
freedom_exo_vineleaf_outfit,3,2,1,up_sect_thirdc_exolight_1,upgr_o_2_utility,st_upgr_o_utility,2
freedom_exo_vineleaf_outfit,3,3,1,up_sect_thirde_exolight_1,upgr_o_3_physical,st_upgr_o_physical,3
freedom_exo_vineleaf_outfit,4,1,1,up_sect_fourta_exolight_1,upgr_o_2_utility,st_upgr_o_utility,2
freedom_exo_vineleaf_outfit,4,2,1,up_sect_fourtc_exolight_1,upgr_o_2_physical,st_upgr_o_physical,2
freedom_exo_vineleaf_outfit,4,2,2,up_sect_fourtd_exolight_1,upgr_o_2_physical,st_upgr_o_physical,2
freedom_exo_vineleaf_outfit,4,3,1,up_sect_fourte_exolight_1,upgr_o_3_utility,st_upgr_o_utility,3
freedom_exo_vineleaf_outfit,4,3,2,up_sect_fourtf_exolight_1,upgr_o_3_utility,st_upgr_o_utility,3
freedom_nosorog_outfit,1,1,1,up_sect_firsta_exolight_2,upgr_o_3_physical,st_upgr_o_physical,3
freedom_nosorog_outfit,1,2,1,up_sect_firstc_exolight_2,upgr_o_3_physical,st_upgr_o_physical,3
freedom_nosorog_outfit,1,2,2,up_sect_firstd_exolight_2,upgr_o_3_physical,st_upgr_o_physical,3
freedom_nosorog_outfit,1,3,1,up_sect_firste_exolight_2,upgr_o_3_physical,st_upgr_o_physical,3
freedom_nosorog_outfit,1,3,2,up_sect_firstf_exolight_2,upgr_o_3_physical,st_upgr_o_physical,3
freedom_nosorog_outfit,2,1,1,up_sect_secona_exolight_2,upgr_o_3_magical,st_upgr_o_magical,3
freedom_nosorog_outfit,2,2,1,up_sect_seconc_exolight_2,upgr_o_3_magical,st_upgr_o_magical,3
freedom_nosorog_outfit,2,2,2,up_sect_second_exolight_2,upgr_o_3_magical,st_upgr_o_magical,3
freedom_nosorog_outfit,2,3,1,up_sect_secone_exolight_2,upgr_o_3_magical,st_upgr_o_magical,3
freedom_nosorog_outfit,2,3,2,up_sect_seconf_exolight_2,upgr_o_3_magical,st_upgr_o_magical,3
freedom_nosorog_outfit,3,1,1,up_sect_thirda_exolight_2,upgr_o_3_utility,st_upgr_o_utility,3
freedom_nosorog_outfit,3,2,1,up_sect_thirdc_exolight_2,upgr_o_3_utility,st_upgr_o_utility,3
freedom_nosorog_outfit,3,3,1,up_sect_thirde_exolight_2,upgr_o_3_physical,st_upgr_o_physical,3
freedom_nosorog_outfit,4,1,1,up_sect_fourta_exolight_2,upgr_o_3_utility,st_upgr_o_utility,3
freedom_nosorog_outfit,4,2,1,up_sect_fourtc_exolight_2,upgr_o_3_physical,st_upgr_o_physical,3
freedom_nosorog_outfit,4,2,2,up_sect_fourtd_exolight_2,upgr_o_3_utility,st_upgr_o_utility,3
freedom_nosorog_outfit,4,3,1,up_sect_fourte_exolight_2,upgr_o_3_utility,st_upgr_o_utility,3
freedom_nosorog_outfit,4,3,2,up_sect_fourtf_exolight_2,upgr_o_3_magical,st_upgr_o_magical,3
freedom_nosorog_outfit,5,1,1,up_sect_fiftha_nosorog_2,upgr_o_3_utility,st_upgr_o_utility,3
freedom_nosorog_outfit,5,2,1,up_sect_fifthc_nosorog_2,upgr_o_3_magical,st_upgr_o_magical,3
freedom_nosorog_outfit,5,2,2,up_sect_fifthd_nosorog_2,upgr_o_3_utility,st_upgr_o_utility,3
freedom_nosorog_outfit,5,3,1,up_sect_fifthe_nosorog_2,upgr_o_3_magical,st_upgr_o_magical,3
ghillie_outfit,1,1,1,up_sect_firsta_lcs_1,upgr_o_1_physical,st_upgr_o_physical,1
ghillie_outfit,1,2,1,up_sect_firstc_lcs_1,upgr_o_1_physical,st_upgr_o_physical,1
ghillie_outfit,1,2,2,up_sect_firstd_lcs_1,upgr_o_1_physical,st_upgr_o_physical,1
ghillie_outfit,1,3,1,up_sect_firste_lcs_1,upgr_o_1_physical,st_upgr_o_physical,1
ghillie_outfit,1,3,2,up_sect_firstf_lcs_1,upgr_o_1_physical,st_upgr_o_physical,1
ghillie_outfit,2,1,1,up_sect_secona_lcs_1,upgr_o_1_physical,st_upgr_o_physical,1
ghillie_outfit,2,2,1,up_sect_seconc_lcs_1,upgr_o_1_utility,st_upgr_o_utility,1
ghillie_outfit,2,2,2,up_sect_second_lcs_1,upgr_o_1_magical,st_upgr_o_magical,1
ghillie_outfit,2,3,1,up_sect_secone_lcs_1,upgr_o_1_magical,st_upgr_o_magical,1
ghillie_outfit,3,1,1,up_sect_thirda_lcs_1,upgr_o_1_utility,st_upgr_o_utility,1
ghillie_outfit,3,2,1,up_sect_thirdc_lcs_1,upgr_o_1_utility,st_upgr_o_utility,1
ghillie_outfit,3,3,1,up_sect_thirde_lcs_1,upgr_o_1_utility,st_upgr_o_utility,1
ghillie_outfit,4,1,1,up_sect_fourta_lcs_1,upgr_o_1_magical,st_upgr_o_magical,1
ghillie_outfit,4,2,1,up_sect_fourtc_lcs_1,upgr_o_1_utility,st_upgr_o_utility,1
greh_armored_camo_outfit,1,1,1,up_sect_firsta_lcs_2,upgr_o_1_physical,st_upgr_o_physical,1
greh_armored_camo_outfit,1,2,1,up_sect_firstc_lcs_2,upgr_o_2_physical,st_upgr_o_physical,2
greh_armored_camo_outfit,1,2,2,up_sect_firstd_lcs_2,upgr_o_2_physical,st_upgr_o_physical,2
greh_armored_camo_outfit,1,3,1,up_sect_firste_lcs_2,upgr_o_2_physical,st_upgr_o_physical,2
greh_armored_camo_outfit,1,3,2,up_sect_firstf_lcs_2,upgr_o_2_physical,st_upgr_o_physical,2
greh_armored_camo_outfit,2,1,1,up_sect_secona_lcs_2,upgr_o_1_physical,st_upgr_o_physical,1
greh_armored_camo_outfit,2,2,1,up_sect_seconc_lcs_2,upgr_o_2_magical,st_upgr_o_magical,2
greh_armored_camo_outfit,2,2,2,up_sect_second_lcs_2,upgr_o_2_magical,st_upgr_o_magical,2
greh_armored_camo_outfit,2,3,1,up_sect_secone_lcs_2,upgr_o_2_utility,st_upgr_o_utility,2
greh_armored_camo_outfit,3,1,1,up_sect_thirda_lcs_2,upgr_o_1_utility,st_upgr_o_utility,1
greh_armored_camo_outfit,3,2,1,up_sect_thirdc_lcs_2,upgr_o_2_utility,st_upgr_o_utility,2
greh_armored_camo_outfit,3,3,1,up_sect_thirde_lcs_2,upgr_o_2_utility,st_upgr_o_utility,2
greh_armored_camo_outfit,4,1,1,up_sect_fourta_lcs_2,upgr_o_1_magical,st_upgr_o_magical,1
greh_armored_camo_outfit,4,2,1,up_sect_fourtc_lcs_2,upgr_o_2_utility,st_upgr_o_utility,2
greh_armored_outfit,1,1,1,up_sect_firsta_lcs_1,upgr_o_1_physical,st_upgr_o_physical,1
greh_armored_outfit,1,2,1,up_sect_firstc_lcs_1,upgr_o_2_physical,st_upgr_o_physical,2
greh_armored_outfit,1,2,2,up_sect_firstd_lcs_1,upgr_o_2_physical,st_upgr_o_physical,2
greh_armored_outfit,1,3,1,up_sect_firste_lcs_1,upgr_o_2_physical,st_upgr_o_physical,2
greh_armored_outfit,1,3,2,up_sect_firstf_lcs_1,upgr_o_2_physical,st_upgr_o_physical,2
greh_armored_outfit,2,1,1,up_sect_secona_lcs_1,upgr_o_1_physical,st_upgr_o_physical,1
greh_armored_outfit,2,2,1,up_sect_seconc_lcs_1,upgr_o_2_utility,st_upgr_o_utility,2
greh_armored_outfit,2,2,2,up_sect_second_lcs_1,upgr_o_2_magical,st_upgr_o_magical,2
greh_armored_outfit,2,3,1,up_sect_secone_lcs_1,upgr_o_2_magical,st_upgr_o_magical,2
greh_armored_outfit,3,1,1,up_sect_thirda_lcs_1,upgr_o_1_utility,st_upgr_o_utility,1
greh_armored_outfit,3,2,1,up_sect_thirdc_lcs_1,upgr_o_2_utility,st_upgr_o_utility,2
greh_armored_outfit,3,3,1,up_sect_thirde_lcs_1,upgr_o_2_utility,st_upgr_o_utility,2
greh_armored_outfit,4,1,1,up_sect_fourta_lcs_1,upgr_o_1_magical,st_upgr_o_magical,1
greh_armored_outfit,4,2,1,up_sect_fourtc_lcs_1,upgr_o_2_utility,st_upgr_o_utility,2
greh_exo_outfit,1,1,1,up_sect_firsta_exolight_1,upgr_o_3_physical,st_upgr_o_physical,3
greh_exo_outfit,1,2,1,up_sect_firstc_exolight_1,upgr_o_3_physical,st_upgr_o_physical,3
greh_exo_outfit,1,2,2,up_sect_firstd_exolight_1,upgr_o_3_physical,st_upgr_o_physical,3
greh_exo_outfit,1,3,1,up_sect_firste_exolight_1,upgr_o_3_physical,st_upgr_o_physical,3
greh_exo_outfit,1,3,2,up_sect_firstf_exolight_1,upgr_o_3_physical,st_upgr_o_physical,3
greh_exo_outfit,2,1,1,up_sect_secona_exolight_1,upgr_o_3_magical,st_upgr_o_magical,3
greh_exo_outfit,2,2,1,up_sect_seconc_exolight_1,upgr_o_3_magical,st_upgr_o_magical,3
greh_exo_outfit,2,2,2,up_sect_second_exolight_1,upgr_o_3_magical,st_upgr_o_magical,3
greh_exo_outfit,2,3,1,up_sect_secone_exolight_1,upgr_o_3_magical,st_upgr_o_magical,3
greh_exo_outfit,2,3,2,up_sect_seconf_exolight_1,upgr_o_3_magical,st_upgr_o_magical,3
greh_exo_outfit,3,1,1,up_sect_thirda_exolight_1,upgr_o_3_utility,st_upgr_o_utility,3
greh_exo_outfit,3,2,1,up_sect_thirdc_exolight_1,upgr_o_3_utility,st_upgr_o_utility,3
greh_exo_outfit,3,3,1,up_sect_thirde_exolight_1,upgr_o_3_physical,st_upgr_o_physical,3
greh_exo_outfit,4,1,1,up_sect_fourta_exolight_1,upgr_o_3_utility,st_upgr_o_utility,3
greh_exo_outfit,4,2,1,up_sect_fourtc_exolight_1,upgr_o_3_physical,st_upgr_o_physical,3
greh_exo_outfit,4,2,2,up_sect_fourtd_exolight_1,upgr_o_3_physical,st_upgr_o_physical,3
greh_exo_outfit,4,3,1,up_sect_fourte_exolight_1,upgr_o_3_utility,st_upgr_o_utility,3
greh_exo_outfit,4,3,2,up_sect_fourtf_exolight_1,upgr_o_3_utility,st_upgr_o_utility,3
greh_exo_outfit,5,1,1,up_sect_fiftha_exo_1,upgr_o_3_utility,st_upgr_o_utility,3
greh_exo_outfit,5,2,1,up_sect_fifthc_exo_1,upgr_o_3_magical,st_upgr_o_magical,3
greh_exo_outfit,5,2,2,up_sect_fifthd_exo_1,upgr_o_3_magical,st_upgr_o_magical,3
greh_exo_outfit,5,3,1,up_sect_fifthe_exo_1,upgr_o_3_utility,st_upgr_o_utility,3
greh_ps5_outfit,1,1,1,up_sect_firsta_ps5_1,upgr_o_1_physical,st_upgr_o_physical,1
greh_ps5_outfit,1,2,1,up_sect_firstc_ps5_1,upgr_o_2_physical,st_upgr_o_physical,2
greh_ps5_outfit,1,3,1,up_sect_firste_ps5_1,upgr_o_2_physical,st_upgr_o_physical,2
greh_ps5_outfit,1,3,2,up_sect_firstf_ps5_1,upgr_o_2_physical,st_upgr_o_physical,2
greh_ps5_outfit,2,1,1,up_sect_secona_ps5_1,upgr_o_1_physical,st_upgr_o_physical,1
greh_ps5_outfit,2,2,1,up_sect_seconc_ps5_1,upgr_o_2_physical,st_upgr_o_physical,2
greh_ps5_outfit,2,2,2,up_sect_second_ps5_1,upgr_o_2_utility,st_upgr_o_utility,2
greh_ps5_outfit,2,3,1,up_sect_secone_ps5_1,upgr_o_2_physical,st_upgr_o_physical,2
greh_ps5_outfit,3,1,1,up_sect_thirda_ps5_1,upgr_o_1_utility,st_upgr_o_utility,1
greh_ps5_outfit,3,2,1,up_sect_thirdc_ps5_1,upgr_o_2_utility,st_upgr_o_utility,2
greh_ps5_outfit,3,3,1,up_sect_thirde_ps5_1,upgr_o_2_utility,st_upgr_o_utility,2
greh_trenchcoat_outfit,1,1,1,up_sect_firsta_ps5_1,upgr_o_2_physical,st_upgr_o_physical,2
greh_trenchcoat_outfit,1,2,1,up_sect_firstc_ps5_1,upgr_o_2_physical,st_upgr_o_physical,2
greh_trenchcoat_outfit,1,3,1,up_sect_firste_ps5_1,upgr_o_3_physical,st_upgr_o_physical,3
greh_trenchcoat_outfit,1,3,2,up_sect_firstf_ps5_1,upgr_o_3_physical,st_upgr_o_physical,3
greh_trenchcoat_outfit,2,1,1,up_sect_secona_ps5_1,upgr_o_2_physical,st_upgr_o_physical,2
greh_trenchcoat_outfit,2,2,1,up_sect_seconc_ps5_1,upgr_o_2_physical,st_upgr_o_physical,2
greh_trenchcoat_outfit,2,2,2,up_sect_second_ps5_1,upgr_o_2_utility,st_upgr_o_utility,2
greh_trenchcoat_outfit,2,3,1,up_sect_secone_ps5_1,upgr_o_3_physical,st_upgr_o_physical,3
greh_trenchcoat_outfit,3,1,1,up_sect_thirda_ps5_1,upgr_o_2_utility,st_upgr_o_utility,2
greh_trenchcoat_outfit,3,2,1,up_sect_thirdc_ps5_1,upgr_o_2_utility,st_upgr_o_utility,2
greh_trenchcoat_outfit,3,3,1,up_sect_thirde_ps5_1,upgr_o_3_utility,st_upgr_o_utility,3
helm_ach7,1,1,1,up_sect_firsta_helm_resp_3,upgr_o_1_magical,st_upgr_o_magical,1
helm_ach7,1,2,1,up_sect_firstc_helm_resp_3,upgr_o_2_magical,st_upgr_o_magical,2
helm_ach7ex,1,1,1,up_sect_firsta_helm_resp_4,upgr_o_1_utility,st_upgr_o_utility,1
helm_ach7ex,1,2,1,up_sect_firstc_helm_resp_4,upgr_o_2_magical,st_upgr_o_magical,2
helm_ach7ex,1,2,2,up_sect_firstd_helm_resp_4,upgr_o_2_magical,st_upgr_o_magical,2
helm_ach7ex,1,3,1,up_sect_firste_helm_resp_4,upgr_o_2_magical,st_upgr_o_magical,2
helm_ach7ex,1,3,2,up_sect_firstf_helm_resp_4,upgr_o_2_magical,st_upgr_o_magical,2
helm_battle,1,1,1,up_sect_firsta_helm_resp_4,upgr_o_2_utility,st_upgr_o_utility,2
helm_battle,1,2,1,up_sect_firstc_helm_resp_4,upgr_o_2_magical,st_upgr_o_magical,2
helm_battle,1,2,2,up_sect_firstd_helm_resp_4,upgr_o_2_magical,st_upgr_o_magical,2
helm_battle,1,3,1,up_sect_firste_helm_resp_4,upgr_o_3_magical,st_upgr_o_magical,3
helm_battle,1,3,2,up_sect_firstf_helm_resp_4,upgr_o_3_magical,st_upgr_o_magical,3
helm_exo,1,1,1,up_sect_firsta_helm_resp_4,upgr_o_3_utility,st_upgr_o_utility,3
helm_exo,1,2,1,up_sect_firstc_helm_resp_4,upgr_o_3_magical,st_upgr_o_magical,3
helm_exo,1,2,2,up_sect_firstd_helm_resp_4,upgr_o_3_magical,st_upgr_o_magical,3
helm_exo,1,3,1,up_sect_firste_helm_resp_4,upgr_o_3_magical,st_upgr_o_magical,3
helm_exo,1,3,2,up_sect_firstf_helm_resp_4,upgr_o_3_magical,st_upgr_o_magical,3
helm_hardhat,1,1,1,up_sect_firsta_helm_resp_3,upgr_o_1_magical,st_upgr_o_magical,1
helm_hardhat,1,2,1,up_sect_firstc_helm_resp_3,upgr_o_1_magical,st_upgr_o_magical,1
helm_hardhat_snag,1,1,1,up_sect_firsta_helm_resp_3,upgr_o_1_magical,st_upgr_o_magical,1
helm_hardhat_snag,1,2,1,up_sect_firstc_helm_resp_3,upgr_o_1_magical,st_upgr_o_magical,1
helm_m40,1,1,1,up_sect_firsta_helm_resp_2,upgr_o_1_utility,st_upgr_o_utility,1
helm_m40,1,2,1,up_sect_firstc_helm_resp_2,upgr_o_2_magical,st_upgr_o_magical,2
helm_m40,1,2,2,up_sect_firstd_helm_resp_2,upgr_o_2_magical,st_upgr_o_magical,2
helm_m40,1,3,1,up_sect_firste_helm_resp_2,upgr_o_2_magical,st_upgr_o_magical,2
helm_m50,1,1,1,up_sect_firsta_helm_resp_2,upgr_o_2_utility,st_upgr_o_utility,2
helm_m50,1,2,1,up_sect_firstc_helm_resp_2,upgr_o_2_magical,st_upgr_o_magical,2
helm_m50,1,2,2,up_sect_firstd_helm_resp_2,upgr_o_2_magical,st_upgr_o_magical,2
helm_m50,1,3,1,up_sect_firste_helm_resp_2,upgr_o_3_magical,st_upgr_o_magical,3
helm_metro,1,1,1,up_sect_firsta_helm_resp_4,upgr_o_2_utility,st_upgr_o_utility,2
helm_metro,1,2,1,up_sect_firstc_helm_resp_4,upgr_o_2_magical,st_upgr_o_magical,2
helm_metro,1,2,2,up_sect_firstd_helm_resp_4,upgr_o_2_magical,st_upgr_o_magical,2
helm_metro,1,3,1,up_sect_firste_helm_resp_4,upgr_o_3_magical,st_upgr_o_magical,3
helm_metro,1,3,2,up_sect_firstf_helm_resp_4,upgr_o_3_magical,st_upgr_o_magical,3
helm_ppm88,1,1,1,up_sect_firsta_helm_resp_2,upgr_o_1_utility,st_upgr_o_utility,1
helm_ppm88,1,2,1,up_sect_firstc_helm_resp_2,upgr_o_2_magical,st_upgr_o_magical,2
helm_ppm88,1,2,2,up_sect_firstd_helm_resp_2,upgr_o_2_magical,st_upgr_o_magical,2
helm_ppm88,1,3,1,up_sect_firste_helm_resp_2,upgr_o_2_magical,st_upgr_o_magical,2
helm_protective,1,1,1,up_sect_firsta_helm_resp_2,upgr_o_1_utility,st_upgr_o_utility,1
helm_protective,1,2,1,up_sect_firstc_helm_resp_2,upgr_o_2_magical,st_upgr_o_magical,2
helm_protective,1,2,2,up_sect_firstd_helm_resp_2,upgr_o_2_magical,st_upgr_o_magical,2
helm_protective,1,3,1,up_sect_firste_helm_resp_2,upgr_o_2_magical,st_upgr_o_magical,2
helm_ranger,1,1,1,up_sect_firsta_helm_resp_2,upgr_o_2_utility,st_upgr_o_utility,2
helm_ranger,1,2,1,up_sect_firstc_helm_resp_2,upgr_o_2_magical,st_upgr_o_magical,2
helm_ranger,1,2,2,up_sect_firstd_helm_resp_2,upgr_o_2_magical,st_upgr_o_magical,2
helm_ranger,1,3,1,up_sect_firste_helm_resp_2,upgr_o_3_magical,st_upgr_o_magical,3
helm_resp,1,1,1,up_sect_firsta_helm_resp_1,upgr_o_1_utility,st_upgr_o_utility,1
helm_resp,1,2,1,up_sect_firstc_helm_resp_1,upgr_o_1_magical,st_upgr_o_magical,1
helm_respirator,1,1,1,up_sect_firsta_helm_resp_2,upgr_o_1_utility,st_upgr_o_utility,1
helm_respirator,1,2,1,up_sect_firstc_helm_resp_2,upgr_o_1_magical,st_upgr_o_magical,1
helm_respirator,1,2,2,up_sect_firstd_helm_resp_2,upgr_o_1_magical,st_upgr_o_magical,1
helm_respirator,1,3,1,up_sect_firste_helm_resp_2,upgr_o_1_magical,st_upgr_o_magical,1
helm_respirator_gp5,1,1,1,up_sect_firsta_helm_resp_2,upgr_o_1_utility,st_upgr_o_utility,1
helm_respirator_gp5,1,2,1,up_sect_firstc_helm_resp_2,upgr_o_1_magical,st_upgr_o_magical,1
helm_respirator_gp5,1,2,2,up_sect_firstd_helm_resp_2,upgr_o_1_magical,st_upgr_o_magical,1
helm_respirator_gp5,1,3,1,up_sect_firste_helm_resp_2,upgr_o_1_magical,st_upgr_o_magical,1
helm_respirator_old,1,1,1,up_sect_firsta_helm_resp_2,upgr_o_1_utility,st_upgr_o_utility,1
helm_respirator_old,1,2,1,up_sect_firstc_helm_resp_2,upgr_o_1_magical,st_upgr_o_magical,1
helm_respirator_old,1,2,2,up_sect_firstd_helm_resp_2,upgr_o_1_magical,st_upgr_o_magical,1
helm_respirator_old,1,3,1,up_sect_firste_helm_resp_2,upgr_o_1_magical,st_upgr_o_magical,1
helm_spartan,1,1,1,up_sect_firsta_helm_resp_4,upgr_o_3_utility,st_upgr_o_utility,3
helm_spartan,1,2,1,up_sect_firstc_helm_resp_4,upgr_o_3_magical,st_upgr_o_magical,3
helm_spartan,1,2,2,up_sect_firstd_helm_resp_4,upgr_o_3_magical,st_upgr_o_magical,3
helm_spartan,1,3,1,up_sect_firste_helm_resp_4,upgr_o_3_magical,st_upgr_o_magical,3
helm_spartan,1,3,2,up_sect_firstf_helm_resp_4,upgr_o_3_magical,st_upgr_o_magical,3
helm_tactic,1,1,1,up_sect_firsta_helm_resp_4,upgr_o_2_utility,st_upgr_o_utility,2
helm_tactic,1,2,1,up_sect_firstc_helm_resp_4,upgr_o_2_magical,st_upgr_o_magical,2
helm_tactic,1,2,2,up_sect_firstd_helm_resp_4,upgr_o_2_magical,st_upgr_o_magical,2
helm_tactic,1,3,1,up_sect_firste_helm_resp_4,upgr_o_3_magical,st_upgr_o_magical,3
helm_tactic,1,3,2,up_sect_firstf_helm_resp_4,upgr_o_3_magical,st_upgr_o_magical,3
hybrid_outfit,1,1,1,up_sect_firsta_seva_1,upgr_o_2_physical,st_upgr_o_physical,2
hybrid_outfit,1,2,1,up_sect_firstc_seva_1,upgr_o_2_physical,st_upgr_o_physical,2
hybrid_outfit,1,2,2,up_sect_firstd_seva_1,upgr_o_2_physical,st_upgr_o_physical,2
hybrid_outfit,1,3,1,up_sect_firste_seva_1,upgr_o_3_physical,st_upgr_o_physical,3
hybrid_outfit,1,3,2,up_sect_firstf_seva_1,upgr_o_3_physical,st_upgr_o_physical,3
hybrid_outfit,2,1,1,up_sect_secona_seva_1,upgr_o_2_physical,st_upgr_o_physical,2
hybrid_outfit,2,2,1,up_sect_seconc_seva_1,upgr_o_2_magical,st_upgr_o_magical,2
hybrid_outfit,2,2,2,up_sect_second_seva_1,upgr_o_2_magical,st_upgr_o_magical,2
hybrid_outfit,2,3,1,up_sect_secone_seva_1,upgr_o_3_magical,st_upgr_o_magical,3
hybrid_outfit,2,3,2,up_sect_seconf_seva_1,upgr_o_3_magical,st_upgr_o_magical,3
hybrid_outfit,3,1,1,up_sect_thirda_seva_1,upgr_o_2_utility,st_upgr_o_utility,2
hybrid_outfit,3,2,1,up_sect_thirdc_seva_1,upgr_o_2_utility,st_upgr_o_utility,2
hybrid_outfit,3,2,2,up_sect_thirdd_seva_1,upgr_o_2_utility,st_upgr_o_utility,2
hybrid_outfit,3,3,1,up_sect_thirde_seva_1,upgr_o_3_utility,st_upgr_o_utility,3
hybrid_outfit,4,1,1,up_sect_fourta_seva_1,upgr_o_2_magical,st_upgr_o_magical,2
hybrid_outfit,4,2,1,up_sect_fourtc_seva_1,upgr_o_2_magical,st_upgr_o_magical,2
hybrid_outfit,4,3,1,up_sect_fourte_seva_1,upgr_o_3_utility,st_upgr_o_utility,3
isg_camo_outfit,1,1,1,up_sect_firsta_sts_2,upgr_o_1_physical,st_upgr_o_physical,1
isg_camo_outfit,1,2,1,up_sect_firstc_sts_2,upgr_o_2_physical,st_upgr_o_physical,2
isg_camo_outfit,1,3,1,up_sect_firste_sts_2,upgr_o_2_physical,st_upgr_o_physical,2
isg_camo_outfit,1,3,2,up_sect_firstf_sts_2,upgr_o_2_physical,st_upgr_o_physical,2
isg_camo_outfit,2,1,1,up_sect_secona_sts_2,upgr_o_1_magical,st_upgr_o_magical,1
isg_camo_outfit,2,2,1,up_sect_seconc_sts_2,upgr_o_2_magical,st_upgr_o_magical,2
isg_camo_outfit,2,2,2,up_sect_second_sts_2,upgr_o_2_magical,st_upgr_o_magical,2
isg_camo_outfit,2,3,1,up_sect_secone_sts_2,upgr_o_2_magical,st_upgr_o_magical,2
isg_camo_outfit,2,3,2,up_sect_seconf_sts_2,upgr_o_2_magical,st_upgr_o_magical,2
isg_camo_outfit,3,1,1,up_sect_thirda_sts_2,upgr_o_1_physical,st_upgr_o_physical,1
isg_camo_outfit,3,2,1,up_sect_thirdc_sts_2,upgr_o_2_utility,st_upgr_o_utility,2
isg_camo_outfit,3,2,2,up_sect_thirdd_sts_2,upgr_o_2_physical,st_upgr_o_physical,2
isg_camo_outfit,3,3,1,up_sect_thirde_sts_2,upgr_o_2_utility,st_upgr_o_utility,2
isg_exo_outfit,1,1,1,up_sect_firsta_exolight_1,upgr_o_3_physical,st_upgr_o_physical,3
isg_exo_outfit,1,2,1,up_sect_firstc_exolight_1,upgr_o_3_physical,st_upgr_o_physical,3
isg_exo_outfit,1,2,2,up_sect_firstd_exolight_1,upgr_o_3_physical,st_upgr_o_physical,3
isg_exo_outfit,1,3,1,up_sect_firste_exolight_1,upgr_o_3_physical,st_upgr_o_physical,3
isg_exo_outfit,1,3,2,up_sect_firstf_exolight_1,upgr_o_3_physical,st_upgr_o_physical,3
isg_exo_outfit,2,1,1,up_sect_secona_exolight_1,upgr_o_3_magical,st_upgr_o_magical,3
isg_exo_outfit,2,2,1,up_sect_seconc_exolight_1,upgr_o_3_magical,st_upgr_o_magical,3
isg_exo_outfit,2,2,2,up_sect_second_exolight_1,upgr_o_3_magical,st_upgr_o_magical,3
isg_exo_outfit,2,3,1,up_sect_secone_exolight_1,upgr_o_3_magical,st_upgr_o_magical,3
isg_exo_outfit,2,3,2,up_sect_seconf_exolight_1,upgr_o_3_magical,st_upgr_o_magical,3
isg_exo_outfit,3,1,1,up_sect_thirda_exolight_1,upgr_o_3_utility,st_upgr_o_utility,3
isg_exo_outfit,3,2,1,up_sect_thirdc_exolight_1,upgr_o_3_utility,st_upgr_o_utility,3
isg_exo_outfit,3,3,1,up_sect_thirde_exolight_1,upgr_o_3_physical,st_upgr_o_physical,3
isg_exo_outfit,4,1,1,up_sect_fourta_exolight_1,upgr_o_3_utility,st_upgr_o_utility,3
isg_exo_outfit,4,2,1,up_sect_fourtc_exolight_1,upgr_o_3_physical,st_upgr_o_physical,3
isg_exo_outfit,4,2,2,up_sect_fourtd_exolight_1,upgr_o_3_physical,st_upgr_o_physical,3
isg_exo_outfit,4,3,1,up_sect_fourte_exolight_1,upgr_o_3_utility,st_upgr_o_utility,3
isg_exo_outfit,4,3,2,up_sect_fourtf_exolight_1,upgr_o_3_utility,st_upgr_o_utility,3
isg_exo_outfit,5,1,1,up_sect_fiftha_exo_1,upgr_o_3_utility,st_upgr_o_utility,3
isg_exo_outfit,5,2,1,up_sect_fifthc_exo_1,upgr_o_3_magical,st_upgr_o_magical,3
isg_exo_outfit,5,2,2,up_sect_fifthd_exo_1,upgr_o_3_magical,st_upgr_o_magical,3
isg_exo_outfit,5,3,1,up_sect_fifthe_exo_1,upgr_o_3_utility,st_upgr_o_utility,3
isg_exolight_outfit,1,1,1,up_sect_firsta_exolight_1,upgr_o_2_physical,st_upgr_o_physical,2
isg_exolight_outfit,1,2,1,up_sect_firstc_exolight_1,upgr_o_2_physical,st_upgr_o_physical,2
isg_exolight_outfit,1,2,2,up_sect_firstd_exolight_1,upgr_o_2_physical,st_upgr_o_physical,2
isg_exolight_outfit,1,3,1,up_sect_firste_exolight_1,upgr_o_3_physical,st_upgr_o_physical,3
isg_exolight_outfit,1,3,2,up_sect_firstf_exolight_1,upgr_o_3_physical,st_upgr_o_physical,3
isg_exolight_outfit,2,1,1,up_sect_secona_exolight_1,upgr_o_2_magical,st_upgr_o_magical,2
isg_exolight_outfit,2,2,1,up_sect_seconc_exolight_1,upgr_o_2_magical,st_upgr_o_magical,2
isg_exolight_outfit,2,2,2,up_sect_second_exolight_1,upgr_o_2_magical,st_upgr_o_magical,2
isg_exolight_outfit,2,3,1,up_sect_secone_exolight_1,upgr_o_3_magical,st_upgr_o_magical,3
isg_exolight_outfit,2,3,2,up_sect_seconf_exolight_1,upgr_o_3_magical,st_upgr_o_magical,3
isg_exolight_outfit,3,1,1,up_sect_thirda_exolight_1,upgr_o_2_utility,st_upgr_o_utility,2
isg_exolight_outfit,3,2,1,up_sect_thirdc_exolight_1,upgr_o_2_utility,st_upgr_o_utility,2
isg_exolight_outfit,3,3,1,up_sect_thirde_exolight_1,upgr_o_3_physical,st_upgr_o_physical,3
isg_exolight_outfit,4,1,1,up_sect_fourta_exolight_1,upgr_o_2_utility,st_upgr_o_utility,2
isg_exolight_outfit,4,2,1,up_sect_fourtc_exolight_1,upgr_o_2_physical,st_upgr_o_physical,2
isg_exolight_outfit,4,2,2,up_sect_fourtd_exolight_1,upgr_o_2_physical,st_upgr_o_physical,2
isg_exolight_outfit,4,3,1,up_sect_fourte_exolight_1,upgr_o_3_utility,st_upgr_o_utility,3
isg_exolight_outfit,4,3,2,up_sect_fourtf_exolight_1,upgr_o_3_utility,st_upgr_o_utility,3
isg_lcs_camo_outfit,1,1,1,up_sect_firsta_lcs_2,upgr_o_1_physical,st_upgr_o_physical,1
isg_lcs_camo_outfit,1,2,1,up_sect_firstc_lcs_2,upgr_o_1_physical,st_upgr_o_physical,1
isg_lcs_camo_outfit,1,2,2,up_sect_firstd_lcs_2,upgr_o_1_physical,st_upgr_o_physical,1
isg_lcs_camo_outfit,1,3,1,up_sect_firste_lcs_2,upgr_o_1_physical,st_upgr_o_physical,1
isg_lcs_camo_outfit,1,3,2,up_sect_firstf_lcs_2,upgr_o_1_physical,st_upgr_o_physical,1
isg_lcs_camo_outfit,2,1,1,up_sect_secona_lcs_2,upgr_o_1_physical,st_upgr_o_physical,1
isg_lcs_camo_outfit,2,2,1,up_sect_seconc_lcs_2,upgr_o_1_magical,st_upgr_o_magical,1
isg_lcs_camo_outfit,2,2,2,up_sect_second_lcs_2,upgr_o_1_magical,st_upgr_o_magical,1
isg_lcs_camo_outfit,2,3,1,up_sect_secone_lcs_2,upgr_o_1_utility,st_upgr_o_utility,1
isg_lcs_camo_outfit,3,1,1,up_sect_thirda_lcs_2,upgr_o_1_utility,st_upgr_o_utility,1
isg_lcs_camo_outfit,3,2,1,up_sect_thirdc_lcs_2,upgr_o_1_utility,st_upgr_o_utility,1
isg_lcs_camo_outfit,3,3,1,up_sect_thirde_lcs_2,upgr_o_1_utility,st_upgr_o_utility,1
isg_lcs_camo_outfit,4,1,1,up_sect_fourta_lcs_2,upgr_o_1_magical,st_upgr_o_magical,1
isg_lcs_camo_outfit,4,2,1,up_sect_fourtc_lcs_2,upgr_o_1_utility,st_upgr_o_utility,1
isg_lcs_outfit,1,1,1,up_sect_firsta_lcs_1,upgr_o_1_physical,st_upgr_o_physical,1
isg_lcs_outfit,1,2,1,up_sect_firstc_lcs_1,upgr_o_2_physical,st_upgr_o_physical,2
isg_lcs_outfit,1,2,2,up_sect_firstd_lcs_1,upgr_o_2_physical,st_upgr_o_physical,2
isg_lcs_outfit,1,3,1,up_sect_firste_lcs_1,upgr_o_2_physical,st_upgr_o_physical,2
isg_lcs_outfit,1,3,2,up_sect_firstf_lcs_1,upgr_o_2_physical,st_upgr_o_physical,2
isg_lcs_outfit,2,1,1,up_sect_secona_lcs_1,upgr_o_1_physical,st_upgr_o_physical,1
isg_lcs_outfit,2,2,1,up_sect_seconc_lcs_1,upgr_o_2_utility,st_upgr_o_utility,2
isg_lcs_outfit,2,2,2,up_sect_second_lcs_1,upgr_o_2_magical,st_upgr_o_magical,2
isg_lcs_outfit,2,3,1,up_sect_secone_lcs_1,upgr_o_2_magical,st_upgr_o_magical,2
isg_lcs_outfit,3,1,1,up_sect_thirda_lcs_1,upgr_o_1_utility,st_upgr_o_utility,1
isg_lcs_outfit,3,2,1,up_sect_thirdc_lcs_1,upgr_o_2_utility,st_upgr_o_utility,2
isg_lcs_outfit,3,3,1,up_sect_thirde_lcs_1,upgr_o_2_utility,st_upgr_o_utility,2
isg_lcs_outfit,4,1,1,up_sect_fourta_lcs_1,upgr_o_1_magical,st_upgr_o_magical,1
isg_lcs_outfit,4,2,1,up_sect_fourtc_lcs_1,upgr_o_2_utility,st_upgr_o_utility,2
isg_lcs_urban_outfit,1,1,1,up_sect_firsta_lcs_3,upgr_o_1_physical,st_upgr_o_physical,1
isg_lcs_urban_outfit,1,2,1,up_sect_firstc_lcs_3,upgr_o_2_physical,st_upgr_o_physical,2
isg_lcs_urban_outfit,1,2,2,up_sect_firstd_lcs_3,upgr_o_2_physical,st_upgr_o_physical,2
isg_lcs_urban_outfit,1,3,1,up_sect_firste_lcs_3,upgr_o_2_physical,st_upgr_o_physical,2
isg_lcs_urban_outfit,1,3,2,up_sect_firstf_lcs_3,upgr_o_2_physical,st_upgr_o_physical,2
isg_lcs_urban_outfit,2,1,1,up_sect_secona_lcs_3,upgr_o_1_physical,st_upgr_o_physical,1
isg_lcs_urban_outfit,2,2,1,up_sect_seconc_lcs_3,upgr_o_2_magical,st_upgr_o_magical,2
isg_lcs_urban_outfit,2,2,2,up_sect_second_lcs_3,upgr_o_2_magical,st_upgr_o_magical,2
isg_lcs_urban_outfit,2,3,1,up_sect_secone_lcs_3,upgr_o_2_physical,st_upgr_o_physical,2
isg_lcs_urban_outfit,3,1,1,up_sect_thirda_lcs_3,upgr_o_1_utility,st_upgr_o_utility,1
isg_lcs_urban_outfit,3,2,1,up_sect_thirdc_lcs_3,upgr_o_2_magical,st_upgr_o_magical,2
isg_lcs_urban_outfit,3,3,1,up_sect_thirde_lcs_3,upgr_o_2_utility,st_upgr_o_utility,2
isg_lcs_urban_outfit,4,1,1,up_sect_fourta_lcs_3,upgr_o_1_utility,st_upgr_o_utility,1
isg_lcs_urban_outfit,4,2,1,up_sect_fourtc_lcs_3,upgr_o_2_physical,st_upgr_o_physical,2
isg_nosorog_outfit,1,1,1,up_sect_firsta_exolight_1,upgr_o_3_physical,st_upgr_o_physical,3
isg_nosorog_outfit,1,2,1,up_sect_firstc_exolight_1,upgr_o_3_physical,st_upgr_o_physical,3
isg_nosorog_outfit,1,2,2,up_sect_firstd_exolight_1,upgr_o_3_physical,st_upgr_o_physical,3
isg_nosorog_outfit,1,3,1,up_sect_firste_exolight_1,upgr_o_3_physical,st_upgr_o_physical,3
isg_nosorog_outfit,1,3,2,up_sect_firstf_exolight_1,upgr_o_3_physical,st_upgr_o_physical,3
isg_nosorog_outfit,2,1,1,up_sect_secona_exolight_1,upgr_o_3_magical,st_upgr_o_magical,3
isg_nosorog_outfit,2,2,1,up_sect_seconc_exolight_1,upgr_o_3_magical,st_upgr_o_magical,3
isg_nosorog_outfit,2,2,2,up_sect_second_exolight_1,upgr_o_3_magical,st_upgr_o_magical,3
isg_nosorog_outfit,2,3,1,up_sect_secone_exolight_1,upgr_o_3_magical,st_upgr_o_magical,3
isg_nosorog_outfit,2,3,2,up_sect_seconf_exolight_1,upgr_o_3_magical,st_upgr_o_magical,3
isg_nosorog_outfit,3,1,1,up_sect_thirda_exolight_1,upgr_o_3_utility,st_upgr_o_utility,3
isg_nosorog_outfit,3,2,1,up_sect_thirdc_exolight_1,upgr_o_3_utility,st_upgr_o_utility,3
isg_nosorog_outfit,3,3,1,up_sect_thirde_exolight_1,upgr_o_3_physical,st_upgr_o_physical,3
isg_nosorog_outfit,4,1,1,up_sect_fourta_exolight_1,upgr_o_3_utility,st_upgr_o_utility,3
isg_nosorog_outfit,4,2,1,up_sect_fourtc_exolight_1,upgr_o_3_physical,st_upgr_o_physical,3
isg_nosorog_outfit,4,2,2,up_sect_fourtd_exolight_1,upgr_o_3_physical,st_upgr_o_physical,3
isg_nosorog_outfit,4,3,1,up_sect_fourte_exolight_1,upgr_o_3_utility,st_upgr_o_utility,3
isg_nosorog_outfit,4,3,2,up_sect_fourtf_exolight_1,upgr_o_3_utility,st_upgr_o_utility,3
isg_nosorog_outfit,5,1,1,up_sect_fiftha_nosorog_1,upgr_o_3_utility,st_upgr_o_utility,3
isg_nosorog_outfit,5,2,1,up_sect_fifthc_nosorog_1,upgr_o_3_magical,st_upgr_o_magical,3
isg_nosorog_outfit,5,2,2,up_sect_fifthd_nosorog_1,upgr_o_3_magical,st_upgr_o_magical,3
isg_nosorog_outfit,5,3,1,up_sect_fifthe_nosorog_1,upgr_o_3_utility,st_upgr_o_utility,3
isg_outfit,1,1,1,up_sect_firsta_sts_1,upgr_o_1_physical,st_upgr_o_physical,1
isg_outfit,1,2,1,up_sect_firstc_sts_1,upgr_o_2_physical,st_upgr_o_physical,2
isg_outfit,1,3,1,up_sect_firste_sts_1,upgr_o_2_physical,st_upgr_o_physical,2
isg_outfit,1,3,2,up_sect_firstf_sts_1,upgr_o_2_physical,st_upgr_o_physical,2
isg_outfit,2,1,1,up_sect_secona_sts_1,upgr_o_1_physical,st_upgr_o_physical,1
isg_outfit,2,2,1,up_sect_seconc_sts_1,upgr_o_2_magical,st_upgr_o_magical,2
isg_outfit,2,2,2,up_sect_second_sts_1,upgr_o_2_magical,st_upgr_o_magical,2
isg_outfit,2,3,1,up_sect_secone_sts_1,upgr_o_2_magical,st_upgr_o_magical,2
isg_outfit,2,3,2,up_sect_seconf_sts_1,upgr_o_2_magical,st_upgr_o_magical,2
isg_outfit,3,1,1,up_sect_thirda_sts_1,upgr_o_1_magical,st_upgr_o_magical,1
isg_outfit,3,2,1,up_sect_thirdc_sts_1,upgr_o_2_utility,st_upgr_o_utility,2
isg_outfit,3,2,2,up_sect_thirdd_sts_1,upgr_o_2_utility,st_upgr_o_utility,2
isg_outfit,3,3,1,up_sect_thirde_sts_1,upgr_o_2_utility,st_upgr_o_utility,2
isg_proto_exo_outfit,1,1,1,up_sect_firsta_sts_1,upgr_o_2_physical,st_upgr_o_physical,2
isg_proto_exo_outfit,1,2,1,up_sect_firstc_sts_1,upgr_o_2_physical,st_upgr_o_physical,2
isg_proto_exo_outfit,1,3,1,up_sect_firste_sts_1,upgr_o_3_physical,st_upgr_o_physical,3
isg_proto_exo_outfit,1,3,2,up_sect_firstf_sts_1,upgr_o_3_physical,st_upgr_o_physical,3
isg_proto_exo_outfit,2,1,1,up_sect_secona_sts_1,upgr_o_2_physical,st_upgr_o_physical,2
isg_proto_exo_outfit,2,2,1,up_sect_seconc_sts_1,upgr_o_2_magical,st_upgr_o_magical,2
isg_proto_exo_outfit,2,2,2,up_sect_second_sts_1,upgr_o_2_magical,st_upgr_o_magical,2
isg_proto_exo_outfit,2,3,1,up_sect_secone_sts_1,upgr_o_3_magical,st_upgr_o_magical,3
isg_proto_exo_outfit,2,3,2,up_sect_seconf_sts_1,upgr_o_3_magical,st_upgr_o_magical,3
isg_proto_exo_outfit,3,1,1,up_sect_thirda_sts_1,upgr_o_2_magical,st_upgr_o_magical,2
isg_proto_exo_outfit,3,2,1,up_sect_thirdc_sts_1,upgr_o_2_utility,st_upgr_o_utility,2
isg_proto_exo_outfit,3,2,2,up_sect_thirdd_sts_1,upgr_o_2_utility,st_upgr_o_utility,2
isg_proto_exo_outfit,3,3,1,up_sect_thirde_sts_1,upgr_o_3_utility,st_upgr_o_utility,3
isg_proto_exo_outfit,4,1,1,up_sect_fourta_sts_proto_1,upgr_o_2_utility,st_upgr_o_utility,2
isg_proto_exo_outfit,4,2,1,up_sect_fourtc_sts_proto_1,upgr_o_2_utility,st_upgr_o_utility,2
isg_scientific_outfit,1,1,1,up_sect_firsta_seva_2,upgr_o_1_physical,st_upgr_o_physical,1
isg_scientific_outfit,1,2,1,up_sect_firstc_seva_2,upgr_o_2_physical,st_upgr_o_physical,2
isg_scientific_outfit,1,2,2,up_sect_firstd_seva_2,upgr_o_2_physical,st_upgr_o_physical,2
isg_scientific_outfit,1,3,1,up_sect_firste_seva_2,upgr_o_2_physical,st_upgr_o_physical,2
isg_scientific_outfit,1,3,2,up_sect_firstf_seva_2,upgr_o_2_physical,st_upgr_o_physical,2
isg_scientific_outfit,2,1,1,up_sect_secona_seva_2,upgr_o_1_magical,st_upgr_o_magical,1
isg_scientific_outfit,2,2,1,up_sect_seconc_seva_2,upgr_o_2_magical,st_upgr_o_magical,2
isg_scientific_outfit,2,2,2,up_sect_second_seva_2,upgr_o_2_magical,st_upgr_o_magical,2
isg_scientific_outfit,2,3,1,up_sect_secone_seva_2,upgr_o_2_magical,st_upgr_o_magical,2
isg_scientific_outfit,2,3,2,up_sect_seconf_seva_2,upgr_o_2_magical,st_upgr_o_magical,2
isg_scientific_outfit,3,1,1,up_sect_thirda_seva_2,upgr_o_1_utility,st_upgr_o_utility,1
isg_scientific_outfit,3,2,1,up_sect_thirdc_seva_2,upgr_o_2_magical,st_upgr_o_magical,2
isg_scientific_outfit,3,2,2,up_sect_thirdd_seva_2,upgr_o_2_utility,st_upgr_o_utility,2
isg_scientific_outfit,3,3,1,up_sect_thirde_seva_2,upgr_o_2_utility,st_upgr_o_utility,2
isg_scientific_outfit,4,1,1,up_sect_fourta_seva_2,upgr_o_1_magical,st_upgr_o_magical,1
isg_scientific_outfit,4,2,1,up_sect_fourtc_seva_2,upgr_o_2_magical,st_upgr_o_magical,2
isg_scientific_outfit,4,3,1,up_sect_fourte_seva_2,upgr_o_2_utility,st_upgr_o_utility,2
light_dolg_outfit,1,1,1,up_sect_firsta_assault_vest_1,upgr_o_2_physical,st_upgr_o_physical,2
light_dolg_outfit,1,2,1,up_sect_firstc_assault_vest_1,upgr_o_2_physical,st_upgr_o_physical,2
light_dolg_outfit,1,2,2,up_sect_firstd_assault_vest_1,upgr_o_2_physical,st_upgr_o_physical,2
light_dolg_outfit,1,3,1,up_sect_firste_assault_vest_1,upgr_o_3_physical,st_upgr_o_physical,3
light_dolg_outfit,1,3,2,up_sect_firstf_assault_vest_1,upgr_o_3_physical,st_upgr_o_physical,3
light_dolg_outfit,2,1,1,up_sect_secona_assault_vest_1,upgr_o_2_physical,st_upgr_o_physical,2
light_dolg_outfit,2,2,1,up_sect_seconc_assault_vest_1,upgr_o_2_magical,st_upgr_o_magical,2
light_dolg_outfit,2,2,2,up_sect_second_assault_vest_1,upgr_o_2_magical,st_upgr_o_magical,2
light_dolg_outfit,2,3,1,up_sect_secone_assault_vest_1,upgr_o_3_magical,st_upgr_o_magical,3
light_dolg_outfit,2,3,2,up_sect_seconf_assault_vest_1,upgr_o_3_magical,st_upgr_o_magical,3
light_dolg_outfit,3,1,1,up_sect_thirda_assault_vest_1,upgr_o_2_utility,st_upgr_o_utility,2
light_dolg_outfit,3,2,1,up_sect_thirdc_assault_vest_1,upgr_o_2_magical,st_upgr_o_magical,2
light_dolg_outfit,3,2,2,up_sect_thirdd_assault_vest_1,upgr_o_2_utility,st_upgr_o_utility,2
light_dolg_outfit,3,3,1,up_sect_thirde_assault_vest_1,upgr_o_3_utility,st_upgr_o_utility,3
light_dolg_outfit,4,1,1,up_sect_fourta_assault_vest_1,upgr_o_2_utility,st_upgr_o_utility,2
light_dolg_outfit,4,2,1,up_sect_fourtc_assault_vest_1,upgr_o_2_utility,st_upgr_o_utility,2
light_dolg_outfit,4,3,1,up_sect_fourte_assault_vest_1,upgr_o_3_magical,st_upgr_o_magical,3
light_freedom_outfit,1,1,1,up_sect_firsta_assault_vest_1,upgr_o_2_physical,st_upgr_o_physical,2
light_freedom_outfit,1,2,1,up_sect_firstc_assault_vest_1,upgr_o_2_physical,st_upgr_o_physical,2
light_freedom_outfit,1,2,2,up_sect_firstd_assault_vest_1,upgr_o_2_physical,st_upgr_o_physical,2
light_freedom_outfit,1,3,1,up_sect_firste_assault_vest_1,upgr_o_3_physical,st_upgr_o_physical,3
light_freedom_outfit,1,3,2,up_sect_firstf_assault_vest_1,upgr_o_3_physical,st_upgr_o_physical,3
light_freedom_outfit,2,1,1,up_sect_secona_assault_vest_1,upgr_o_2_physical,st_upgr_o_physical,2
light_freedom_outfit,2,2,1,up_sect_seconc_assault_vest_1,upgr_o_2_magical,st_upgr_o_magical,2
light_freedom_outfit,2,2,2,up_sect_second_assault_vest_1,upgr_o_2_magical,st_upgr_o_magical,2
light_freedom_outfit,2,3,1,up_sect_secone_assault_vest_1,upgr_o_3_magical,st_upgr_o_magical,3
light_freedom_outfit,2,3,2,up_sect_seconf_assault_vest_1,upgr_o_3_magical,st_upgr_o_magical,3
light_freedom_outfit,3,1,1,up_sect_thirda_assault_vest_1,upgr_o_2_utility,st_upgr_o_utility,2
light_freedom_outfit,3,2,1,up_sect_thirdc_assault_vest_1,upgr_o_2_magical,st_upgr_o_magical,2
light_freedom_outfit,3,2,2,up_sect_thirdd_assault_vest_1,upgr_o_2_utility,st_upgr_o_utility,2
light_freedom_outfit,3,3,1,up_sect_thirde_assault_vest_1,upgr_o_3_utility,st_upgr_o_utility,3
light_freedom_outfit,4,1,1,up_sect_fourta_assault_vest_1,upgr_o_2_utility,st_upgr_o_utility,2
light_freedom_outfit,4,2,1,up_sect_fourtc_assault_vest_1,upgr_o_2_utility,st_upgr_o_utility,2
light_freedom_outfit,4,3,1,up_sect_fourte_assault_vest_1,upgr_o_3_magical,st_upgr_o_magical,3
light_isg_outfit,1,1,1,up_sect_firsta_assault_vest_1,upgr_o_2_physical,st_upgr_o_physical,2
light_isg_outfit,1,2,1,up_sect_firstc_assault_vest_1,upgr_o_2_physical,st_upgr_o_physical,2
light_isg_outfit,1,2,2,up_sect_firstd_assault_vest_1,upgr_o_2_physical,st_upgr_o_physical,2
light_isg_outfit,1,3,1,up_sect_firste_assault_vest_1,upgr_o_3_physical,st_upgr_o_physical,3
light_isg_outfit,1,3,2,up_sect_firstf_assault_vest_1,upgr_o_3_physical,st_upgr_o_physical,3
light_isg_outfit,2,1,1,up_sect_secona_assault_vest_1,upgr_o_2_physical,st_upgr_o_physical,2
light_isg_outfit,2,2,1,up_sect_seconc_assault_vest_1,upgr_o_2_magical,st_upgr_o_magical,2
light_isg_outfit,2,2,2,up_sect_second_assault_vest_1,upgr_o_2_magical,st_upgr_o_magical,2
light_isg_outfit,2,3,1,up_sect_secone_assault_vest_1,upgr_o_3_magical,st_upgr_o_magical,3
light_isg_outfit,2,3,2,up_sect_seconf_assault_vest_1,upgr_o_3_magical,st_upgr_o_magical,3
light_isg_outfit,3,1,1,up_sect_thirda_assault_vest_1,upgr_o_2_utility,st_upgr_o_utility,2
light_isg_outfit,3,2,1,up_sect_thirdc_assault_vest_1,upgr_o_2_magical,st_upgr_o_magical,2
light_isg_outfit,3,2,2,up_sect_thirdd_assault_vest_1,upgr_o_2_utility,st_upgr_o_utility,2
light_isg_outfit,3,3,1,up_sect_thirde_assault_vest_1,upgr_o_3_utility,st_upgr_o_utility,3
light_isg_outfit,4,1,1,up_sect_fourta_assault_vest_1,upgr_o_2_utility,st_upgr_o_utility,2
light_isg_outfit,4,2,1,up_sect_fourtc_assault_vest_1,upgr_o_2_utility,st_upgr_o_utility,2
light_isg_outfit,4,3,1,up_sect_fourte_assault_vest_1,upgr_o_3_magical,st_upgr_o_magical,3
light_loner_outfit,1,1,1,up_sect_firsta_assault_vest_1,upgr_o_2_physical,st_upgr_o_physical,2
light_loner_outfit,1,2,1,up_sect_firstc_assault_vest_1,upgr_o_2_physical,st_upgr_o_physical,2
light_loner_outfit,1,2,2,up_sect_firstd_assault_vest_1,upgr_o_2_physical,st_upgr_o_physical,2
light_loner_outfit,1,3,1,up_sect_firste_assault_vest_1,upgr_o_3_physical,st_upgr_o_physical,3
light_loner_outfit,1,3,2,up_sect_firstf_assault_vest_1,upgr_o_3_physical,st_upgr_o_physical,3
light_loner_outfit,2,1,1,up_sect_secona_assault_vest_1,upgr_o_2_physical,st_upgr_o_physical,2
light_loner_outfit,2,2,1,up_sect_seconc_assault_vest_1,upgr_o_2_magical,st_upgr_o_magical,2
light_loner_outfit,2,2,2,up_sect_second_assault_vest_1,upgr_o_2_magical,st_upgr_o_magical,2
light_loner_outfit,2,3,1,up_sect_secone_assault_vest_1,upgr_o_3_magical,st_upgr_o_magical,3
light_loner_outfit,2,3,2,up_sect_seconf_assault_vest_1,upgr_o_3_magical,st_upgr_o_magical,3
light_loner_outfit,3,1,1,up_sect_thirda_assault_vest_1,upgr_o_2_utility,st_upgr_o_utility,2
light_loner_outfit,3,2,1,up_sect_thirdc_assault_vest_1,upgr_o_2_magical,st_upgr_o_magical,2
light_loner_outfit,3,2,2,up_sect_thirdd_assault_vest_1,upgr_o_2_utility,st_upgr_o_utility,2
light_loner_outfit,3,3,1,up_sect_thirde_assault_vest_1,upgr_o_3_utility,st_upgr_o_utility,3
light_loner_outfit,4,1,1,up_sect_fourta_assault_vest_1,upgr_o_2_utility,st_upgr_o_utility,2
light_loner_outfit,4,2,1,up_sect_fourtc_assault_vest_1,upgr_o_2_utility,st_upgr_o_utility,2
light_loner_outfit,4,3,1,up_sect_fourte_assault_vest_1,upgr_o_3_magical,st_upgr_o_magical,3
light_merc_outfit,1,1,1,up_sect_firsta_assault_vest_1,upgr_o_2_physical,st_upgr_o_physical,2
light_merc_outfit,1,2,1,up_sect_firstc_assault_vest_1,upgr_o_2_physical,st_upgr_o_physical,2
light_merc_outfit,1,2,2,up_sect_firstd_assault_vest_1,upgr_o_2_physical,st_upgr_o_physical,2
light_merc_outfit,1,3,1,up_sect_firste_assault_vest_1,upgr_o_3_physical,st_upgr_o_physical,3
light_merc_outfit,1,3,2,up_sect_firstf_assault_vest_1,upgr_o_3_physical,st_upgr_o_physical,3
light_merc_outfit,2,1,1,up_sect_secona_assault_vest_1,upgr_o_2_physical,st_upgr_o_physical,2
light_merc_outfit,2,2,1,up_sect_seconc_assault_vest_1,upgr_o_2_magical,st_upgr_o_magical,2
light_merc_outfit,2,2,2,up_sect_second_assault_vest_1,upgr_o_2_magical,st_upgr_o_magical,2
light_merc_outfit,2,3,1,up_sect_secone_assault_vest_1,upgr_o_3_magical,st_upgr_o_magical,3
light_merc_outfit,2,3,2,up_sect_seconf_assault_vest_1,upgr_o_3_magical,st_upgr_o_magical,3
light_merc_outfit,3,1,1,up_sect_thirda_assault_vest_1,upgr_o_2_utility,st_upgr_o_utility,2
light_merc_outfit,3,2,1,up_sect_thirdc_assault_vest_1,upgr_o_2_magical,st_upgr_o_magical,2
light_merc_outfit,3,2,2,up_sect_thirdd_assault_vest_1,upgr_o_2_utility,st_upgr_o_utility,2
light_merc_outfit,3,3,1,up_sect_thirde_assault_vest_1,upgr_o_3_utility,st_upgr_o_utility,3
light_merc_outfit,4,1,1,up_sect_fourta_assault_vest_1,upgr_o_2_utility,st_upgr_o_utility,2
light_merc_outfit,4,2,1,up_sect_fourtc_assault_vest_1,upgr_o_2_utility,st_upgr_o_utility,2
light_merc_outfit,4,3,1,up_sect_fourte_assault_vest_1,upgr_o_3_magical,st_upgr_o_magical,3
light_monolit_outfit,1,1,1,up_sect_firsta_assault_vest_1,upgr_o_2_physical,st_upgr_o_physical,2
light_monolit_outfit,1,2,1,up_sect_firstc_assault_vest_1,upgr_o_2_physical,st_upgr_o_physical,2
light_monolit_outfit,1,2,2,up_sect_firstd_assault_vest_1,upgr_o_2_physical,st_upgr_o_physical,2
light_monolit_outfit,1,3,1,up_sect_firste_assault_vest_1,upgr_o_3_physical,st_upgr_o_physical,3
light_monolit_outfit,1,3,2,up_sect_firstf_assault_vest_1,upgr_o_3_physical,st_upgr_o_physical,3
light_monolit_outfit,2,1,1,up_sect_secona_assault_vest_1,upgr_o_2_physical,st_upgr_o_physical,2
light_monolit_outfit,2,2,1,up_sect_seconc_assault_vest_1,upgr_o_2_magical,st_upgr_o_magical,2
light_monolit_outfit,2,2,2,up_sect_second_assault_vest_1,upgr_o_2_magical,st_upgr_o_magical,2
light_monolit_outfit,2,3,1,up_sect_secone_assault_vest_1,upgr_o_3_magical,st_upgr_o_magical,3
light_monolit_outfit,2,3,2,up_sect_seconf_assault_vest_1,upgr_o_3_magical,st_upgr_o_magical,3
light_monolit_outfit,3,1,1,up_sect_thirda_assault_vest_1,upgr_o_2_utility,st_upgr_o_utility,2
light_monolit_outfit,3,2,1,up_sect_thirdc_assault_vest_1,upgr_o_2_magical,st_upgr_o_magical,2
light_monolit_outfit,3,2,2,up_sect_thirdd_assault_vest_1,upgr_o_2_utility,st_upgr_o_utility,2
light_monolit_outfit,3,3,1,up_sect_thirde_assault_vest_1,upgr_o_3_utility,st_upgr_o_utility,3
light_monolit_outfit,4,1,1,up_sect_fourta_assault_vest_1,upgr_o_2_utility,st_upgr_o_utility,2
light_monolit_outfit,4,2,1,up_sect_fourtc_assault_vest_1,upgr_o_2_utility,st_upgr_o_utility,2
light_monolit_outfit,4,3,1,up_sect_fourte_assault_vest_1,upgr_o_3_magical,st_upgr_o_magical,3
light_voen_outfit,1,1,1,up_sect_firsta_assault_vest_1,upgr_o_2_physical,st_upgr_o_physical,2
light_voen_outfit,1,2,1,up_sect_firstc_assault_vest_1,upgr_o_2_physical,st_upgr_o_physical,2
light_voen_outfit,1,2,2,up_sect_firstd_assault_vest_1,upgr_o_2_physical,st_upgr_o_physical,2
light_voen_outfit,1,3,1,up_sect_firste_assault_vest_1,upgr_o_3_physical,st_upgr_o_physical,3
light_voen_outfit,1,3,2,up_sect_firstf_assault_vest_1,upgr_o_3_physical,st_upgr_o_physical,3
light_voen_outfit,2,1,1,up_sect_secona_assault_vest_1,upgr_o_2_physical,st_upgr_o_physical,2
light_voen_outfit,2,2,1,up_sect_seconc_assault_vest_1,upgr_o_2_magical,st_upgr_o_magical,2
light_voen_outfit,2,2,2,up_sect_second_assault_vest_1,upgr_o_2_magical,st_upgr_o_magical,2
light_voen_outfit,2,3,1,up_sect_secone_assault_vest_1,upgr_o_3_magical,st_upgr_o_magical,3
light_voen_outfit,2,3,2,up_sect_seconf_assault_vest_1,upgr_o_3_magical,st_upgr_o_magical,3
light_voen_outfit,3,1,1,up_sect_thirda_assault_vest_1,upgr_o_2_utility,st_upgr_o_utility,2
light_voen_outfit,3,2,1,up_sect_thirdc_assault_vest_1,upgr_o_2_magical,st_upgr_o_magical,2
light_voen_outfit,3,2,2,up_sect_thirdd_assault_vest_1,upgr_o_2_utility,st_upgr_o_utility,2
light_voen_outfit,3,3,1,up_sect_thirde_assault_vest_1,upgr_o_3_utility,st_upgr_o_utility,3
light_voen_outfit,4,1,1,up_sect_fourta_assault_vest_1,upgr_o_2_utility,st_upgr_o_utility,2
light_voen_outfit,4,2,1,up_sect_fourtc_assault_vest_1,upgr_o_2_utility,st_upgr_o_utility,2
light_voen_outfit,4,3,1,up_sect_fourte_assault_vest_1,upgr_o_3_magical,st_upgr_o_magical,3
merc_ace_outfit,1,1,1,up_sect_firsta_seva_1,upgr_o_2_physical,st_upgr_o_physical,2
merc_ace_outfit,1,2,1,up_sect_firstc_seva_1,upgr_o_2_physical,st_upgr_o_physical,2
merc_ace_outfit,1,2,2,up_sect_firstd_seva_1,upgr_o_2_physical,st_upgr_o_physical,2
merc_ace_outfit,1,3,1,up_sect_firste_seva_1,upgr_o_3_physical,st_upgr_o_physical,3
merc_ace_outfit,1,3,2,up_sect_firstf_seva_1,upgr_o_3_physical,st_upgr_o_physical,3
merc_ace_outfit,2,1,1,up_sect_secona_seva_1,upgr_o_2_physical,st_upgr_o_physical,2
merc_ace_outfit,2,2,1,up_sect_seconc_seva_1,upgr_o_2_magical,st_upgr_o_magical,2
merc_ace_outfit,2,2,2,up_sect_second_seva_1,upgr_o_2_magical,st_upgr_o_magical,2
merc_ace_outfit,2,3,1,up_sect_secone_seva_1,upgr_o_3_magical,st_upgr_o_magical,3
merc_ace_outfit,2,3,2,up_sect_seconf_seva_1,upgr_o_3_magical,st_upgr_o_magical,3
merc_ace_outfit,3,1,1,up_sect_thirda_seva_1,upgr_o_2_utility,st_upgr_o_utility,2
merc_ace_outfit,3,2,1,up_sect_thirdc_seva_1,upgr_o_2_utility,st_upgr_o_utility,2
merc_ace_outfit,3,2,2,up_sect_thirdd_seva_1,upgr_o_2_utility,st_upgr_o_utility,2
merc_ace_outfit,3,3,1,up_sect_thirde_seva_1,upgr_o_3_utility,st_upgr_o_utility,3
merc_ace_outfit,4,1,1,up_sect_fourta_seva_1,upgr_o_2_magical,st_upgr_o_magical,2
merc_ace_outfit,4,2,1,up_sect_fourtc_seva_1,upgr_o_2_magical,st_upgr_o_magical,2
merc_ace_outfit,4,3,1,up_sect_fourte_seva_1,upgr_o_3_utility,st_upgr_o_utility,3
merc_combat_scientific_outfit,1,1,1,up_sect_firsta_seva_2,upgr_o_2_physical,st_upgr_o_physical,2
merc_combat_scientific_outfit,1,2,1,up_sect_firstc_seva_2,upgr_o_2_physical,st_upgr_o_physical,2
merc_combat_scientific_outfit,1,2,2,up_sect_firstd_seva_2,upgr_o_2_physical,st_upgr_o_physical,2
merc_combat_scientific_outfit,1,3,1,up_sect_firste_seva_2,upgr_o_3_physical,st_upgr_o_physical,3
merc_combat_scientific_outfit,1,3,2,up_sect_firstf_seva_2,upgr_o_3_physical,st_upgr_o_physical,3
merc_combat_scientific_outfit,2,1,1,up_sect_secona_seva_2,upgr_o_2_magical,st_upgr_o_magical,2
merc_combat_scientific_outfit,2,2,1,up_sect_seconc_seva_2,upgr_o_2_magical,st_upgr_o_magical,2
merc_combat_scientific_outfit,2,2,2,up_sect_second_seva_2,upgr_o_2_magical,st_upgr_o_magical,2
merc_combat_scientific_outfit,2,3,1,up_sect_secone_seva_2,upgr_o_3_magical,st_upgr_o_magical,3
merc_combat_scientific_outfit,2,3,2,up_sect_seconf_seva_2,upgr_o_3_magical,st_upgr_o_magical,3
merc_combat_scientific_outfit,3,1,1,up_sect_thirda_seva_2,upgr_o_2_utility,st_upgr_o_utility,2
merc_combat_scientific_outfit,3,2,1,up_sect_thirdc_seva_2,upgr_o_2_magical,st_upgr_o_magical,2
merc_combat_scientific_outfit,3,2,2,up_sect_thirdd_seva_2,upgr_o_2_utility,st_upgr_o_utility,2
merc_combat_scientific_outfit,3,3,1,up_sect_thirde_seva_2,upgr_o_3_utility,st_upgr_o_utility,3
merc_combat_scientific_outfit,4,1,1,up_sect_fourta_seva_2,upgr_o_2_magical,st_upgr_o_magical,2
merc_combat_scientific_outfit,4,2,1,up_sect_fourtc_seva_2,upgr_o_2_magical,st_upgr_o_magical,2
merc_combat_scientific_outfit,4,3,1,up_sect_fourte_seva_2,upgr_o_3_utility,st_upgr_o_utility,3
merc_coyote_outfit,1,1,1,up_sect_firsta_lcs_3,upgr_o_1_physical,st_upgr_o_physical,1
merc_coyote_outfit,1,2,1,up_sect_firstc_lcs_3,upgr_o_2_physical,st_upgr_o_physical,2
merc_coyote_outfit,1,2,2,up_sect_firstd_lcs_3,upgr_o_2_physical,st_upgr_o_physical,2
merc_coyote_outfit,1,3,1,up_sect_firste_lcs_3,upgr_o_2_physical,st_upgr_o_physical,2
merc_coyote_outfit,1,3,2,up_sect_firstf_lcs_3,upgr_o_2_physical,st_upgr_o_physical,2
merc_coyote_outfit,2,1,1,up_sect_secona_lcs_3,upgr_o_1_physical,st_upgr_o_physical,1
merc_coyote_outfit,2,2,1,up_sect_seconc_lcs_3,upgr_o_2_magical,st_upgr_o_magical,2
merc_coyote_outfit,2,2,2,up_sect_second_lcs_3,upgr_o_2_magical,st_upgr_o_magical,2
merc_coyote_outfit,2,3,1,up_sect_secone_lcs_3,upgr_o_2_physical,st_upgr_o_physical,2
merc_coyote_outfit,3,1,1,up_sect_thirda_lcs_3,upgr_o_1_utility,st_upgr_o_utility,1
merc_coyote_outfit,3,2,1,up_sect_thirdc_lcs_3,upgr_o_2_magical,st_upgr_o_magical,2
merc_coyote_outfit,3,3,1,up_sect_thirde_lcs_3,upgr_o_2_utility,st_upgr_o_utility,2
merc_coyote_outfit,4,1,1,up_sect_fourta_lcs_3,upgr_o_1_utility,st_upgr_o_utility,1
merc_coyote_outfit,4,2,1,up_sect_fourtc_lcs_3,upgr_o_2_physical,st_upgr_o_physical,2
merc_exo_outfit,1,1,1,up_sect_firsta_exolight_1,upgr_o_3_physical,st_upgr_o_physical,3
merc_exo_outfit,1,2,1,up_sect_firstc_exolight_1,upgr_o_3_physical,st_upgr_o_physical,3
merc_exo_outfit,1,2,2,up_sect_firstd_exolight_1,upgr_o_3_physical,st_upgr_o_physical,3
merc_exo_outfit,1,3,1,up_sect_firste_exolight_1,upgr_o_3_physical,st_upgr_o_physical,3
merc_exo_outfit,1,3,2,up_sect_firstf_exolight_1,upgr_o_3_physical,st_upgr_o_physical,3
merc_exo_outfit,2,1,1,up_sect_secona_exolight_1,upgr_o_3_magical,st_upgr_o_magical,3
merc_exo_outfit,2,2,1,up_sect_seconc_exolight_1,upgr_o_3_magical,st_upgr_o_magical,3
merc_exo_outfit,2,2,2,up_sect_second_exolight_1,upgr_o_3_magical,st_upgr_o_magical,3
merc_exo_outfit,2,3,1,up_sect_secone_exolight_1,upgr_o_3_magical,st_upgr_o_magical,3
merc_exo_outfit,2,3,2,up_sect_seconf_exolight_1,upgr_o_3_magical,st_upgr_o_magical,3
merc_exo_outfit,3,1,1,up_sect_thirda_exolight_1,upgr_o_3_utility,st_upgr_o_utility,3
merc_exo_outfit,3,2,1,up_sect_thirdc_exolight_1,upgr_o_3_utility,st_upgr_o_utility,3
merc_exo_outfit,3,3,1,up_sect_thirde_exolight_1,upgr_o_3_physical,st_upgr_o_physical,3
merc_exo_outfit,4,1,1,up_sect_fourta_exolight_1,upgr_o_3_utility,st_upgr_o_utility,3
merc_exo_outfit,4,2,1,up_sect_fourtc_exolight_1,upgr_o_3_physical,st_upgr_o_physical,3
merc_exo_outfit,4,2,2,up_sect_fourtd_exolight_1,upgr_o_3_physical,st_upgr_o_physical,3
merc_exo_outfit,4,3,1,up_sect_fourte_exolight_1,upgr_o_3_utility,st_upgr_o_utility,3
merc_exo_outfit,4,3,2,up_sect_fourtf_exolight_1,upgr_o_3_utility,st_upgr_o_utility,3
merc_exo_outfit,5,1,1,up_sect_fiftha_exo_1,upgr_o_3_utility,st_upgr_o_utility,3
merc_exo_outfit,5,2,1,up_sect_fifthc_exo_1,upgr_o_3_magical,st_upgr_o_magical,3
merc_exo_outfit,5,2,2,up_sect_fifthd_exo_1,upgr_o_3_magical,st_upgr_o_magical,3
merc_exo_outfit,5,3,1,up_sect_fifthe_exo_1,upgr_o_3_utility,st_upgr_o_utility,3
merc_exolight_outfit,1,1,1,up_sect_firsta_exolight_1,upgr_o_2_physical,st_upgr_o_physical,2
merc_exolight_outfit,1,2,1,up_sect_firstc_exolight_1,upgr_o_2_physical,st_upgr_o_physical,2
merc_exolight_outfit,1,2,2,up_sect_firstd_exolight_1,upgr_o_2_physical,st_upgr_o_physical,2
merc_exolight_outfit,1,3,1,up_sect_firste_exolight_1,upgr_o_3_physical,st_upgr_o_physical,3
merc_exolight_outfit,1,3,2,up_sect_firstf_exolight_1,upgr_o_3_physical,st_upgr_o_physical,3
merc_exolight_outfit,2,1,1,up_sect_secona_exolight_1,upgr_o_2_magical,st_upgr_o_magical,2
merc_exolight_outfit,2,2,1,up_sect_seconc_exolight_1,upgr_o_2_magical,st_upgr_o_magical,2
merc_exolight_outfit,2,2,2,up_sect_second_exolight_1,upgr_o_2_magical,st_upgr_o_magical,2
merc_exolight_outfit,2,3,1,up_sect_secone_exolight_1,upgr_o_3_magical,st_upgr_o_magical,3
merc_exolight_outfit,2,3,2,up_sect_seconf_exolight_1,upgr_o_3_magical,st_upgr_o_magical,3
merc_exolight_outfit,3,1,1,up_sect_thirda_exolight_1,upgr_o_2_utility,st_upgr_o_utility,2
merc_exolight_outfit,3,2,1,up_sect_thirdc_exolight_1,upgr_o_2_utility,st_upgr_o_utility,2
merc_exolight_outfit,3,3,1,up_sect_thirde_exolight_1,upgr_o_3_physical,st_upgr_o_physical,3
merc_exolight_outfit,4,1,1,up_sect_fourta_exolight_1,upgr_o_2_utility,st_upgr_o_utility,2
merc_exolight_outfit,4,2,1,up_sect_fourtc_exolight_1,upgr_o_2_physical,st_upgr_o_physical,2
merc_exolight_outfit,4,2,2,up_sect_fourtd_exolight_1,upgr_o_2_physical,st_upgr_o_physical,2
merc_exolight_outfit,4,3,1,up_sect_fourte_exolight_1,upgr_o_3_utility,st_upgr_o_utility,3
merc_exolight_outfit,4,3,2,up_sect_fourtf_exolight_1,upgr_o_3_utility,st_upgr_o_utility,3
merc_fighter_outfit,1,1,1,up_sect_firsta_lcs_2,upgr_o_1_physical,st_upgr_o_physical,1
merc_fighter_outfit,1,2,1,up_sect_firstc_lcs_2,upgr_o_1_physical,st_upgr_o_physical,1
merc_fighter_outfit,1,2,2,up_sect_firstd_lcs_2,upgr_o_1_physical,st_upgr_o_physical,1
merc_fighter_outfit,1,3,1,up_sect_firste_lcs_2,upgr_o_1_physical,st_upgr_o_physical,1
merc_fighter_outfit,1,3,2,up_sect_firstf_lcs_2,upgr_o_1_physical,st_upgr_o_physical,1
merc_fighter_outfit,2,1,1,up_sect_secona_lcs_2,upgr_o_1_physical,st_upgr_o_physical,1
merc_fighter_outfit,2,2,1,up_sect_seconc_lcs_2,upgr_o_1_magical,st_upgr_o_magical,1
merc_fighter_outfit,2,2,2,up_sect_second_lcs_2,upgr_o_1_magical,st_upgr_o_magical,1
merc_fighter_outfit,2,3,1,up_sect_secone_lcs_2,upgr_o_1_utility,st_upgr_o_utility,1
merc_fighter_outfit,3,1,1,up_sect_thirda_lcs_2,upgr_o_1_utility,st_upgr_o_utility,1
merc_fighter_outfit,3,2,1,up_sect_thirdc_lcs_2,upgr_o_1_utility,st_upgr_o_utility,1
merc_fighter_outfit,3,3,1,up_sect_thirde_lcs_2,upgr_o_1_utility,st_upgr_o_utility,1
merc_fighter_outfit,4,1,1,up_sect_fourta_lcs_2,upgr_o_1_magical,st_upgr_o_magical,1
merc_fighter_outfit,4,2,1,up_sect_fourtc_lcs_2,upgr_o_1_utility,st_upgr_o_utility,1
merc_jackal_outfit,1,1,1,up_sect_firsta_lcs_3,upgr_o_1_physical,st_upgr_o_physical,1
merc_jackal_outfit,1,2,1,up_sect_firstc_lcs_3,upgr_o_2_physical,st_upgr_o_physical,2
merc_jackal_outfit,1,2,2,up_sect_firstd_lcs_3,upgr_o_2_physical,st_upgr_o_physical,2
merc_jackal_outfit,1,3,1,up_sect_firste_lcs_3,upgr_o_2_physical,st_upgr_o_physical,2
merc_jackal_outfit,1,3,2,up_sect_firstf_lcs_3,upgr_o_2_physical,st_upgr_o_physical,2
merc_jackal_outfit,2,1,1,up_sect_secona_lcs_3,upgr_o_1_physical,st_upgr_o_physical,1
merc_jackal_outfit,2,2,1,up_sect_seconc_lcs_3,upgr_o_2_magical,st_upgr_o_magical,2
merc_jackal_outfit,2,2,2,up_sect_second_lcs_3,upgr_o_2_magical,st_upgr_o_magical,2
merc_jackal_outfit,2,3,1,up_sect_secone_lcs_3,upgr_o_2_physical,st_upgr_o_physical,2
merc_jackal_outfit,3,1,1,up_sect_thirda_lcs_3,upgr_o_1_utility,st_upgr_o_utility,1
merc_jackal_outfit,3,2,1,up_sect_thirdc_lcs_3,upgr_o_2_magical,st_upgr_o_magical,2
merc_jackal_outfit,3,3,1,up_sect_thirde_lcs_3,upgr_o_2_utility,st_upgr_o_utility,2
merc_jackal_outfit,4,1,1,up_sect_fourta_lcs_3,upgr_o_1_utility,st_upgr_o_utility,1
merc_jackal_outfit,4,2,1,up_sect_fourtc_lcs_3,upgr_o_2_physical,st_upgr_o_physical,2
merc_nighthunter_outfit,1,1,1,up_sect_firsta_sts_3,upgr_o_2_physical,st_upgr_o_physical,2
merc_nighthunter_outfit,1,2,1,up_sect_firstc_sts_3,upgr_o_2_physical,st_upgr_o_physical,2
merc_nighthunter_outfit,1,3,1,up_sect_firste_sts_3,upgr_o_3_physical,st_upgr_o_physical,3
merc_nighthunter_outfit,1,3,2,up_sect_firstf_sts_3,upgr_o_3_physical,st_upgr_o_physical,3
merc_nighthunter_outfit,2,1,1,up_sect_secona_sts_3,upgr_o_2_magical,st_upgr_o_magical,2
merc_nighthunter_outfit,2,2,1,up_sect_seconc_sts_3,upgr_o_2_magical,st_upgr_o_magical,2
merc_nighthunter_outfit,2,2,2,up_sect_second_sts_3,upgr_o_2_magical,st_upgr_o_magical,2
merc_nighthunter_outfit,2,3,1,up_sect_secone_sts_3,upgr_o_3_magical,st_upgr_o_magical,3
merc_nighthunter_outfit,2,3,2,up_sect_seconf_sts_3,upgr_o_3_magical,st_upgr_o_magical,3
merc_nighthunter_outfit,3,1,1,up_sect_thirda_sts_3,upgr_o_2_utility,st_upgr_o_utility,2
merc_nighthunter_outfit,3,2,1,up_sect_thirdc_sts_3,upgr_o_2_physical,st_upgr_o_physical,2
merc_nighthunter_outfit,3,2,2,up_sect_thirdd_sts_3,upgr_o_2_utility,st_upgr_o_utility,2
merc_nighthunter_outfit,3,3,1,up_sect_thirde_sts_3,upgr_o_3_physical,st_upgr_o_physical,3
merc_nosorog_outfit,1,1,1,up_sect_firsta_exolight_1,upgr_o_3_physical,st_upgr_o_physical,3
merc_nosorog_outfit,1,2,1,up_sect_firstc_exolight_1,upgr_o_3_physical,st_upgr_o_physical,3
merc_nosorog_outfit,1,2,2,up_sect_firstd_exolight_1,upgr_o_3_physical,st_upgr_o_physical,3
merc_nosorog_outfit,1,3,1,up_sect_firste_exolight_1,upgr_o_3_physical,st_upgr_o_physical,3
merc_nosorog_outfit,1,3,2,up_sect_firstf_exolight_1,upgr_o_3_physical,st_upgr_o_physical,3
merc_nosorog_outfit,2,1,1,up_sect_secona_exolight_1,upgr_o_3_magical,st_upgr_o_magical,3
merc_nosorog_outfit,2,2,1,up_sect_seconc_exolight_1,upgr_o_3_magical,st_upgr_o_magical,3
merc_nosorog_outfit,2,2,2,up_sect_second_exolight_1,upgr_o_3_magical,st_upgr_o_magical,3
merc_nosorog_outfit,2,3,1,up_sect_secone_exolight_1,upgr_o_3_magical,st_upgr_o_magical,3
merc_nosorog_outfit,2,3,2,up_sect_seconf_exolight_1,upgr_o_3_magical,st_upgr_o_magical,3
merc_nosorog_outfit,3,1,1,up_sect_thirda_exolight_1,upgr_o_3_utility,st_upgr_o_utility,3
merc_nosorog_outfit,3,2,1,up_sect_thirdc_exolight_1,upgr_o_3_utility,st_upgr_o_utility,3
merc_nosorog_outfit,3,3,1,up_sect_thirde_exolight_1,upgr_o_3_physical,st_upgr_o_physical,3
merc_nosorog_outfit,4,1,1,up_sect_fourta_exolight_1,upgr_o_3_utility,st_upgr_o_utility,3
merc_nosorog_outfit,4,2,1,up_sect_fourtc_exolight_1,upgr_o_3_physical,st_upgr_o_physical,3
merc_nosorog_outfit,4,2,2,up_sect_fourtd_exolight_1,upgr_o_3_physical,st_upgr_o_physical,3
merc_nosorog_outfit,4,3,1,up_sect_fourte_exolight_1,upgr_o_3_utility,st_upgr_o_utility,3
merc_nosorog_outfit,4,3,2,up_sect_fourtf_exolight_1,upgr_o_3_utility,st_upgr_o_utility,3
merc_nosorog_outfit,5,1,1,up_sect_fiftha_nosorog_1,upgr_o_3_utility,st_upgr_o_utility,3
merc_nosorog_outfit,5,2,1,up_sect_fifthc_nosorog_1,upgr_o_3_magical,st_upgr_o_magical,3
merc_nosorog_outfit,5,2,2,up_sect_fifthd_nosorog_1,upgr_o_3_magical,st_upgr_o_magical,3
merc_nosorog_outfit,5,3,1,up_sect_fifthe_nosorog_1,upgr_o_3_utility,st_upgr_o_utility,3
merc_outfit,1,1,1,up_sect_firsta_lcs_1,upgr_o_1_physical,st_upgr_o_physical,1
merc_outfit,1,2,1,up_sect_firstc_lcs_1,upgr_o_2_physical,st_upgr_o_physical,2
merc_outfit,1,2,2,up_sect_firstd_lcs_1,upgr_o_2_physical,st_upgr_o_physical,2
merc_outfit,1,3,1,up_sect_firste_lcs_1,upgr_o_2_physical,st_upgr_o_physical,2
merc_outfit,1,3,2,up_sect_firstf_lcs_1,upgr_o_2_physical,st_upgr_o_physical,2
merc_outfit,2,1,1,up_sect_secona_lcs_1,upgr_o_1_physical,st_upgr_o_physical,1
merc_outfit,2,2,1,up_sect_seconc_lcs_1,upgr_o_2_utility,st_upgr_o_utility,2
merc_outfit,2,2,2,up_sect_second_lcs_1,upgr_o_2_magical,st_upgr_o_magical,2
merc_outfit,2,3,1,up_sect_secone_lcs_1,upgr_o_2_magical,st_upgr_o_magical,2
merc_outfit,3,1,1,up_sect_thirda_lcs_1,upgr_o_1_utility,st_upgr_o_utility,1
merc_outfit,3,2,1,up_sect_thirdc_lcs_1,upgr_o_2_utility,st_upgr_o_utility,2
merc_outfit,3,3,1,up_sect_thirde_lcs_1,upgr_o_2_utility,st_upgr_o_utility,2
merc_outfit,4,1,1,up_sect_fourta_lcs_1,upgr_o_1_magical,st_upgr_o_magical,1
merc_outfit,4,2,1,up_sect_fourtc_lcs_1,upgr_o_2_utility,st_upgr_o_utility,2
merc_scientific_armored_outfit,1,1,1,up_sect_firsta_seva_2,upgr_o_1_physical,st_upgr_o_physical,1
merc_scientific_armored_outfit,1,2,1,up_sect_firstc_seva_2,upgr_o_2_physical,st_upgr_o_physical,2
merc_scientific_armored_outfit,1,2,2,up_sect_firstd_seva_2,upgr_o_2_physical,st_upgr_o_physical,2
merc_scientific_armored_outfit,1,3,1,up_sect_firste_seva_2,upgr_o_2_physical,st_upgr_o_physical,2
merc_scientific_armored_outfit,1,3,2,up_sect_firstf_seva_2,upgr_o_2_physical,st_upgr_o_physical,2
merc_scientific_armored_outfit,2,1,1,up_sect_secona_seva_2,upgr_o_1_magical,st_upgr_o_magical,1
merc_scientific_armored_outfit,2,2,1,up_sect_seconc_seva_2,upgr_o_2_magical,st_upgr_o_magical,2
merc_scientific_armored_outfit,2,2,2,up_sect_second_seva_2,upgr_o_2_magical,st_upgr_o_magical,2
merc_scientific_armored_outfit,2,3,1,up_sect_secone_seva_2,upgr_o_2_magical,st_upgr_o_magical,2
merc_scientific_armored_outfit,2,3,2,up_sect_seconf_seva_2,upgr_o_2_magical,st_upgr_o_magical,2
merc_scientific_armored_outfit,3,1,1,up_sect_thirda_seva_2,upgr_o_1_utility,st_upgr_o_utility,1
merc_scientific_armored_outfit,3,2,1,up_sect_thirdc_seva_2,upgr_o_2_magical,st_upgr_o_magical,2
merc_scientific_armored_outfit,3,2,2,up_sect_thirdd_seva_2,upgr_o_2_utility,st_upgr_o_utility,2
merc_scientific_armored_outfit,3,3,1,up_sect_thirde_seva_2,upgr_o_2_utility,st_upgr_o_utility,2
merc_scientific_armored_outfit,4,1,1,up_sect_fourta_seva_2,upgr_o_1_magical,st_upgr_o_magical,1
merc_scientific_armored_outfit,4,2,1,up_sect_fourtc_seva_2,upgr_o_2_magical,st_upgr_o_magical,2
merc_scientific_armored_outfit,4,3,1,up_sect_fourte_seva_2,upgr_o_2_utility,st_upgr_o_utility,2
merc_scientific_outfit,1,1,1,up_sect_firsta_seva_1,upgr_o_1_physical,st_upgr_o_physical,1
merc_scientific_outfit,1,2,1,up_sect_firstc_seva_1,upgr_o_2_physical,st_upgr_o_physical,2
merc_scientific_outfit,1,2,2,up_sect_firstd_seva_1,upgr_o_2_physical,st_upgr_o_physical,2
merc_scientific_outfit,1,3,1,up_sect_firste_seva_1,upgr_o_2_physical,st_upgr_o_physical,2
merc_scientific_outfit,1,3,2,up_sect_firstf_seva_1,upgr_o_2_physical,st_upgr_o_physical,2
merc_scientific_outfit,2,1,1,up_sect_secona_seva_1,upgr_o_1_physical,st_upgr_o_physical,1
merc_scientific_outfit,2,2,1,up_sect_seconc_seva_1,upgr_o_2_magical,st_upgr_o_magical,2
merc_scientific_outfit,2,2,2,up_sect_second_seva_1,upgr_o_2_magical,st_upgr_o_magical,2
merc_scientific_outfit,2,3,1,up_sect_secone_seva_1,upgr_o_2_magical,st_upgr_o_magical,2
merc_scientific_outfit,2,3,2,up_sect_seconf_seva_1,upgr_o_2_magical,st_upgr_o_magical,2
merc_scientific_outfit,3,1,1,up_sect_thirda_seva_1,upgr_o_1_utility,st_upgr_o_utility,1
merc_scientific_outfit,3,2,1,up_sect_thirdc_seva_1,upgr_o_2_utility,st_upgr_o_utility,2
merc_scientific_outfit,3,2,2,up_sect_thirdd_seva_1,upgr_o_2_utility,st_upgr_o_utility,2
merc_scientific_outfit,3,3,1,up_sect_thirde_seva_1,upgr_o_2_utility,st_upgr_o_utility,2
merc_scientific_outfit,4,1,1,up_sect_fourta_seva_1,upgr_o_1_magical,st_upgr_o_magical,1
merc_scientific_outfit,4,2,1,up_sect_fourtc_seva_1,upgr_o_2_magical,st_upgr_o_magical,2
merc_scientific_outfit,4,3,1,up_sect_fourte_seva_1,upgr_o_2_utility,st_upgr_o_utility,2
merc_scout_outfit,1,1,1,up_sect_firsta_lcs_2,upgr_o_1_physical,st_upgr_o_physical,1
merc_scout_outfit,1,2,1,up_sect_firstc_lcs_2,upgr_o_1_physical,st_upgr_o_physical,1
merc_scout_outfit,1,2,2,up_sect_firstd_lcs_2,upgr_o_1_physical,st_upgr_o_physical,1
merc_scout_outfit,1,3,1,up_sect_firste_lcs_2,upgr_o_1_physical,st_upgr_o_physical,1
merc_scout_outfit,1,3,2,up_sect_firstf_lcs_2,upgr_o_1_physical,st_upgr_o_physical,1
merc_scout_outfit,2,1,1,up_sect_secona_lcs_2,upgr_o_1_physical,st_upgr_o_physical,1
merc_scout_outfit,2,2,1,up_sect_seconc_lcs_2,upgr_o_1_magical,st_upgr_o_magical,1
merc_scout_outfit,2,2,2,up_sect_second_lcs_2,upgr_o_1_magical,st_upgr_o_magical,1
merc_scout_outfit,2,3,1,up_sect_secone_lcs_2,upgr_o_1_utility,st_upgr_o_utility,1
merc_scout_outfit,3,1,1,up_sect_thirda_lcs_2,upgr_o_1_utility,st_upgr_o_utility,1
merc_scout_outfit,3,2,1,up_sect_thirdc_lcs_2,upgr_o_1_utility,st_upgr_o_utility,1
merc_scout_outfit,3,3,1,up_sect_thirde_lcs_2,upgr_o_1_utility,st_upgr_o_utility,1
merc_scout_outfit,4,1,1,up_sect_fourta_lcs_2,upgr_o_1_magical,st_upgr_o_magical,1
merc_scout_outfit,4,2,1,up_sect_fourtc_lcs_2,upgr_o_1_utility,st_upgr_o_utility,1
merc_sun_outfit,1,1,1,up_sect_firsta_sts_2,upgr_o_1_physical,st_upgr_o_physical,1
merc_sun_outfit,1,2,1,up_sect_firstc_sts_2,upgr_o_2_physical,st_upgr_o_physical,2
merc_sun_outfit,1,3,1,up_sect_firste_sts_2,upgr_o_2_physical,st_upgr_o_physical,2
merc_sun_outfit,1,3,2,up_sect_firstf_sts_2,upgr_o_2_physical,st_upgr_o_physical,2
merc_sun_outfit,2,1,1,up_sect_secona_sts_2,upgr_o_1_magical,st_upgr_o_magical,1
merc_sun_outfit,2,2,1,up_sect_seconc_sts_2,upgr_o_2_magical,st_upgr_o_magical,2
merc_sun_outfit,2,2,2,up_sect_second_sts_2,upgr_o_2_magical,st_upgr_o_magical,2
merc_sun_outfit,2,3,1,up_sect_secone_sts_2,upgr_o_2_magical,st_upgr_o_magical,2
merc_sun_outfit,2,3,2,up_sect_seconf_sts_2,upgr_o_2_magical,st_upgr_o_magical,2
merc_sun_outfit,3,1,1,up_sect_thirda_sts_2,upgr_o_1_physical,st_upgr_o_physical,1
merc_sun_outfit,3,2,1,up_sect_thirdc_sts_2,upgr_o_2_utility,st_upgr_o_utility,2
merc_sun_outfit,3,2,2,up_sect_thirdd_sts_2,upgr_o_2_physical,st_upgr_o_physical,2
merc_sun_outfit,3,3,1,up_sect_thirde_sts_2,upgr_o_2_utility,st_upgr_o_utility,2
merc_sunset_outfit,1,1,1,up_sect_firsta_lcs_1,upgr_o_1_physical,st_upgr_o_physical,1
merc_sunset_outfit,1,2,1,up_sect_firstc_lcs_1,upgr_o_2_physical,st_upgr_o_physical,2
merc_sunset_outfit,1,2,2,up_sect_firstd_lcs_1,upgr_o_2_physical,st_upgr_o_physical,2
merc_sunset_outfit,1,3,1,up_sect_firste_lcs_1,upgr_o_2_physical,st_upgr_o_physical,2
merc_sunset_outfit,1,3,2,up_sect_firstf_lcs_1,upgr_o_2_physical,st_upgr_o_physical,2
merc_sunset_outfit,2,1,1,up_sect_secona_lcs_1,upgr_o_1_physical,st_upgr_o_physical,1
merc_sunset_outfit,2,2,1,up_sect_seconc_lcs_1,upgr_o_2_utility,st_upgr_o_utility,2
merc_sunset_outfit,2,2,2,up_sect_second_lcs_1,upgr_o_2_magical,st_upgr_o_magical,2
merc_sunset_outfit,2,3,1,up_sect_secone_lcs_1,upgr_o_2_magical,st_upgr_o_magical,2
merc_sunset_outfit,3,1,1,up_sect_thirda_lcs_1,upgr_o_1_utility,st_upgr_o_utility,1
merc_sunset_outfit,3,2,1,up_sect_thirdc_lcs_1,upgr_o_2_utility,st_upgr_o_utility,2
merc_sunset_outfit,3,3,1,up_sect_thirde_lcs_1,upgr_o_2_utility,st_upgr_o_utility,2
merc_sunset_outfit,4,1,1,up_sect_fourta_lcs_1,upgr_o_1_magical,st_upgr_o_magical,1
merc_sunset_outfit,4,2,1,up_sect_fourtc_lcs_1,upgr_o_2_utility,st_upgr_o_utility,2
merc_wolven_outfit,1,1,1,up_sect_firsta_sts_1,upgr_o_1_physical,st_upgr_o_physical,1
merc_wolven_outfit,1,2,1,up_sect_firstc_sts_1,upgr_o_1_physical,st_upgr_o_physical,1
merc_wolven_outfit,1,3,1,up_sect_firste_sts_1,upgr_o_1_physical,st_upgr_o_physical,1
merc_wolven_outfit,1,3,2,up_sect_firstf_sts_1,upgr_o_1_physical,st_upgr_o_physical,1
merc_wolven_outfit,2,1,1,up_sect_secona_sts_1,upgr_o_1_physical,st_upgr_o_physical,1
merc_wolven_outfit,2,2,1,up_sect_seconc_sts_1,upgr_o_1_magical,st_upgr_o_magical,1
merc_wolven_outfit,2,2,2,up_sect_second_sts_1,upgr_o_1_magical,st_upgr_o_magical,1
merc_wolven_outfit,2,3,1,up_sect_secone_sts_1,upgr_o_1_magical,st_upgr_o_magical,1
merc_wolven_outfit,2,3,2,up_sect_seconf_sts_1,upgr_o_1_magical,st_upgr_o_magical,1
merc_wolven_outfit,3,1,1,up_sect_thirda_sts_1,upgr_o_1_magical,st_upgr_o_magical,1
merc_wolven_outfit,3,2,1,up_sect_thirdc_sts_1,upgr_o_1_utility,st_upgr_o_utility,1
merc_wolven_outfit,3,2,2,up_sect_thirdd_sts_1,upgr_o_1_utility,st_upgr_o_utility,1
merc_wolven_outfit,3,3,1,up_sect_thirde_sts_1,upgr_o_1_utility,st_upgr_o_utility,1
military_bandit_outfit,1,1,1,up_sect_firsta_skat_1,upgr_o_2_physical,st_upgr_o_physical,2
military_bandit_outfit,1,2,1,up_sect_firstc_skat_1,upgr_o_2_physical,st_upgr_o_physical,2
military_bandit_outfit,1,2,2,up_sect_firstd_skat_1,upgr_o_2_physical,st_upgr_o_physical,2
military_bandit_outfit,1,3,1,up_sect_firste_skat_1,upgr_o_3_physical,st_upgr_o_physical,3
military_bandit_outfit,1,3,2,up_sect_firstf_skat_1,upgr_o_3_physical,st_upgr_o_physical,3
military_bandit_outfit,2,1,1,up_sect_secona_skat_1,upgr_o_2_physical,st_upgr_o_physical,2
military_bandit_outfit,2,2,1,up_sect_seconc_skat_1,upgr_o_2_magical,st_upgr_o_magical,2
military_bandit_outfit,2,2,2,up_sect_second_skat_1,upgr_o_2_magical,st_upgr_o_magical,2
military_bandit_outfit,2,3,1,up_sect_secone_skat_1,upgr_o_3_magical,st_upgr_o_magical,3
military_bandit_outfit,2,3,2,up_sect_seconf_skat_1,upgr_o_3_magical,st_upgr_o_magical,3
military_bandit_outfit,3,1,1,up_sect_thirda_skat_1,upgr_o_2_utility,st_upgr_o_utility,2
military_bandit_outfit,3,2,1,up_sect_thirdc_skat_1,upgr_o_2_magical,st_upgr_o_magical,2
military_bandit_outfit,3,2,2,up_sect_thirdd_skat_1,upgr_o_2_utility,st_upgr_o_utility,2
military_bandit_outfit,3,3,1,up_sect_thirde_skat_1,upgr_o_3_utility,st_upgr_o_utility,3
military_bandit_outfit,4,1,1,up_sect_fourta_skat_1,upgr_o_2_utility,st_upgr_o_utility,2
military_bandit_outfit,4,2,1,up_sect_fourtc_skat_1,upgr_o_2_utility,st_upgr_o_utility,2
military_bandit_outfit,4,3,1,up_sect_fourte_skat_1,upgr_o_3_utility,st_upgr_o_utility,3
military_exo_outfit,1,1,1,up_sect_firsta_exolight_1,upgr_o_3_physical,st_upgr_o_physical,3
military_exo_outfit,1,2,1,up_sect_firstc_exolight_1,upgr_o_3_physical,st_upgr_o_physical,3
military_exo_outfit,1,2,2,up_sect_firstd_exolight_1,upgr_o_3_physical,st_upgr_o_physical,3
military_exo_outfit,1,3,1,up_sect_firste_exolight_1,upgr_o_3_physical,st_upgr_o_physical,3
military_exo_outfit,1,3,2,up_sect_firstf_exolight_1,upgr_o_3_physical,st_upgr_o_physical,3
military_exo_outfit,2,1,1,up_sect_secona_exolight_1,upgr_o_3_magical,st_upgr_o_magical,3
military_exo_outfit,2,2,1,up_sect_seconc_exolight_1,upgr_o_3_magical,st_upgr_o_magical,3
military_exo_outfit,2,2,2,up_sect_second_exolight_1,upgr_o_3_magical,st_upgr_o_magical,3
military_exo_outfit,2,3,1,up_sect_secone_exolight_1,upgr_o_3_magical,st_upgr_o_magical,3
military_exo_outfit,2,3,2,up_sect_seconf_exolight_1,upgr_o_3_magical,st_upgr_o_magical,3
military_exo_outfit,3,1,1,up_sect_thirda_exolight_1,upgr_o_3_utility,st_upgr_o_utility,3
military_exo_outfit,3,2,1,up_sect_thirdc_exolight_1,upgr_o_3_utility,st_upgr_o_utility,3
military_exo_outfit,3,3,1,up_sect_thirde_exolight_1,upgr_o_3_physical,st_upgr_o_physical,3
military_exo_outfit,4,1,1,up_sect_fourta_exolight_1,upgr_o_3_utility,st_upgr_o_utility,3
military_exo_outfit,4,2,1,up_sect_fourtc_exolight_1,upgr_o_3_physical,st_upgr_o_physical,3
military_exo_outfit,4,2,2,up_sect_fourtd_exolight_1,upgr_o_3_physical,st_upgr_o_physical,3
military_exo_outfit,4,3,1,up_sect_fourte_exolight_1,upgr_o_3_utility,st_upgr_o_utility,3
military_exo_outfit,4,3,2,up_sect_fourtf_exolight_1,upgr_o_3_utility,st_upgr_o_utility,3
military_exo_outfit,5,1,1,up_sect_fiftha_exo_1,upgr_o_3_utility,st_upgr_o_utility,3
military_exo_outfit,5,2,1,up_sect_fifthc_exo_1,upgr_o_3_magical,st_upgr_o_magical,3
military_exo_outfit,5,2,2,up_sect_fifthd_exo_1,upgr_o_3_magical,st_upgr_o_magical,3
military_exo_outfit,5,3,1,up_sect_fifthe_exo_1,upgr_o_3_utility,st_upgr_o_utility,3
military_exolight_outfit,1,1,1,up_sect_firsta_exolight_1,upgr_o_2_physical,st_upgr_o_physical,2
military_exolight_outfit,1,2,1,up_sect_firstc_exolight_1,upgr_o_2_physical,st_upgr_o_physical,2
military_exolight_outfit,1,2,2,up_sect_firstd_exolight_1,upgr_o_2_physical,st_upgr_o_physical,2
military_exolight_outfit,1,3,1,up_sect_firste_exolight_1,upgr_o_3_physical,st_upgr_o_physical,3
military_exolight_outfit,1,3,2,up_sect_firstf_exolight_1,upgr_o_3_physical,st_upgr_o_physical,3
military_exolight_outfit,2,1,1,up_sect_secona_exolight_1,upgr_o_2_magical,st_upgr_o_magical,2
military_exolight_outfit,2,2,1,up_sect_seconc_exolight_1,upgr_o_2_magical,st_upgr_o_magical,2
military_exolight_outfit,2,2,2,up_sect_second_exolight_1,upgr_o_2_magical,st_upgr_o_magical,2
military_exolight_outfit,2,3,1,up_sect_secone_exolight_1,upgr_o_3_magical,st_upgr_o_magical,3
military_exolight_outfit,2,3,2,up_sect_seconf_exolight_1,upgr_o_3_magical,st_upgr_o_magical,3
military_exolight_outfit,3,1,1,up_sect_thirda_exolight_1,upgr_o_2_utility,st_upgr_o_utility,2
military_exolight_outfit,3,2,1,up_sect_thirdc_exolight_1,upgr_o_2_utility,st_upgr_o_utility,2
military_exolight_outfit,3,3,1,up_sect_thirde_exolight_1,upgr_o_3_physical,st_upgr_o_physical,3
military_exolight_outfit,4,1,1,up_sect_fourta_exolight_1,upgr_o_2_utility,st_upgr_o_utility,2
military_exolight_outfit,4,2,1,up_sect_fourtc_exolight_1,upgr_o_2_physical,st_upgr_o_physical,2
military_exolight_outfit,4,2,2,up_sect_fourtd_exolight_1,upgr_o_2_physical,st_upgr_o_physical,2
military_exolight_outfit,4,3,1,up_sect_fourte_exolight_1,upgr_o_3_utility,st_upgr_o_utility,3
military_exolight_outfit,4,3,2,up_sect_fourtf_exolight_1,upgr_o_3_utility,st_upgr_o_utility,3
military_freedom_outfit,1,1,1,up_sect_firsta_skat_1,upgr_o_2_physical,st_upgr_o_physical,2
military_freedom_outfit,1,2,1,up_sect_firstc_skat_1,upgr_o_2_physical,st_upgr_o_physical,2
military_freedom_outfit,1,2,2,up_sect_firstd_skat_1,upgr_o_2_physical,st_upgr_o_physical,2
military_freedom_outfit,1,3,1,up_sect_firste_skat_1,upgr_o_3_physical,st_upgr_o_physical,3
military_freedom_outfit,1,3,2,up_sect_firstf_skat_1,upgr_o_3_physical,st_upgr_o_physical,3
military_freedom_outfit,2,1,1,up_sect_secona_skat_1,upgr_o_2_physical,st_upgr_o_physical,2
military_freedom_outfit,2,2,1,up_sect_seconc_skat_1,upgr_o_2_magical,st_upgr_o_magical,2
military_freedom_outfit,2,2,2,up_sect_second_skat_1,upgr_o_2_magical,st_upgr_o_magical,2
military_freedom_outfit,2,3,1,up_sect_secone_skat_1,upgr_o_3_magical,st_upgr_o_magical,3
military_freedom_outfit,2,3,2,up_sect_seconf_skat_1,upgr_o_3_magical,st_upgr_o_magical,3
military_freedom_outfit,3,1,1,up_sect_thirda_skat_1,upgr_o_2_utility,st_upgr_o_utility,2
military_freedom_outfit,3,2,1,up_sect_thirdc_skat_1,upgr_o_2_magical,st_upgr_o_magical,2
military_freedom_outfit,3,2,2,up_sect_thirdd_skat_1,upgr_o_2_utility,st_upgr_o_utility,2
military_freedom_outfit,3,3,1,up_sect_thirde_skat_1,upgr_o_3_utility,st_upgr_o_utility,3
military_freedom_outfit,4,1,1,up_sect_fourta_skat_1,upgr_o_2_utility,st_upgr_o_utility,2
military_freedom_outfit,4,2,1,up_sect_fourtc_skat_1,upgr_o_2_utility,st_upgr_o_utility,2
military_freedom_outfit,4,3,1,up_sect_fourte_skat_1,upgr_o_3_utility,st_upgr_o_utility,3
military_merc_outfit,1,1,1,up_sect_firsta_skat_1,upgr_o_2_physical,st_upgr_o_physical,2
military_merc_outfit,1,2,1,up_sect_firstc_skat_1,upgr_o_2_physical,st_upgr_o_physical,2
military_merc_outfit,1,2,2,up_sect_firstd_skat_1,upgr_o_2_physical,st_upgr_o_physical,2
military_merc_outfit,1,3,1,up_sect_firste_skat_1,upgr_o_3_physical,st_upgr_o_physical,3
military_merc_outfit,1,3,2,up_sect_firstf_skat_1,upgr_o_3_physical,st_upgr_o_physical,3
military_merc_outfit,2,1,1,up_sect_secona_skat_1,upgr_o_2_physical,st_upgr_o_physical,2
military_merc_outfit,2,2,1,up_sect_seconc_skat_1,upgr_o_2_magical,st_upgr_o_magical,2
military_merc_outfit,2,2,2,up_sect_second_skat_1,upgr_o_2_magical,st_upgr_o_magical,2
military_merc_outfit,2,3,1,up_sect_secone_skat_1,upgr_o_3_magical,st_upgr_o_magical,3
military_merc_outfit,2,3,2,up_sect_seconf_skat_1,upgr_o_3_magical,st_upgr_o_magical,3
military_merc_outfit,3,1,1,up_sect_thirda_skat_1,upgr_o_2_utility,st_upgr_o_utility,2
military_merc_outfit,3,2,1,up_sect_thirdc_skat_1,upgr_o_2_magical,st_upgr_o_magical,2
military_merc_outfit,3,2,2,up_sect_thirdd_skat_1,upgr_o_2_utility,st_upgr_o_utility,2
military_merc_outfit,3,3,1,up_sect_thirde_skat_1,upgr_o_3_utility,st_upgr_o_utility,3
military_merc_outfit,4,1,1,up_sect_fourta_skat_1,upgr_o_2_utility,st_upgr_o_utility,2
military_merc_outfit,4,2,1,up_sect_fourtc_skat_1,upgr_o_2_utility,st_upgr_o_utility,2
military_merc_outfit,4,3,1,up_sect_fourte_skat_1,upgr_o_3_utility,st_upgr_o_utility,3
military_monolit_outfit,1,1,1,up_sect_firsta_skat_1,upgr_o_2_physical,st_upgr_o_physical,2
military_monolit_outfit,1,2,1,up_sect_firstc_skat_1,upgr_o_2_physical,st_upgr_o_physical,2
military_monolit_outfit,1,2,2,up_sect_firstd_skat_1,upgr_o_2_physical,st_upgr_o_physical,2
military_monolit_outfit,1,3,1,up_sect_firste_skat_1,upgr_o_3_physical,st_upgr_o_physical,3
military_monolit_outfit,1,3,2,up_sect_firstf_skat_1,upgr_o_3_physical,st_upgr_o_physical,3
military_monolit_outfit,2,1,1,up_sect_secona_skat_1,upgr_o_2_physical,st_upgr_o_physical,2
military_monolit_outfit,2,2,1,up_sect_seconc_skat_1,upgr_o_2_magical,st_upgr_o_magical,2
military_monolit_outfit,2,2,2,up_sect_second_skat_1,upgr_o_2_magical,st_upgr_o_magical,2
military_monolit_outfit,2,3,1,up_sect_secone_skat_1,upgr_o_3_magical,st_upgr_o_magical,3
military_monolit_outfit,2,3,2,up_sect_seconf_skat_1,upgr_o_3_magical,st_upgr_o_magical,3
military_monolit_outfit,3,1,1,up_sect_thirda_skat_1,upgr_o_2_utility,st_upgr_o_utility,2
military_monolit_outfit,3,2,1,up_sect_thirdc_skat_1,upgr_o_2_magical,st_upgr_o_magical,2
military_monolit_outfit,3,2,2,up_sect_thirdd_skat_1,upgr_o_2_utility,st_upgr_o_utility,2
military_monolit_outfit,3,3,1,up_sect_thirde_skat_1,upgr_o_3_utility,st_upgr_o_utility,3
military_monolit_outfit,4,1,1,up_sect_fourta_skat_1,upgr_o_2_utility,st_upgr_o_utility,2
military_monolit_outfit,4,2,1,up_sect_fourtc_skat_1,upgr_o_2_utility,st_upgr_o_utility,2
military_monolit_outfit,4,3,1,up_sect_fourte_skat_1,upgr_o_3_utility,st_upgr_o_utility,3
military_outfit,1,1,1,up_sect_firsta_skat_1,upgr_o_2_physical,st_upgr_o_physical,2
military_outfit,1,2,1,up_sect_firstc_skat_1,upgr_o_2_physical,st_upgr_o_physical,2
military_outfit,1,2,2,up_sect_firstd_skat_1,upgr_o_2_physical,st_upgr_o_physical,2
military_outfit,1,3,1,up_sect_firste_skat_1,upgr_o_3_physical,st_upgr_o_physical,3
military_outfit,1,3,2,up_sect_firstf_skat_1,upgr_o_3_physical,st_upgr_o_physical,3
military_outfit,2,1,1,up_sect_secona_skat_1,upgr_o_2_physical,st_upgr_o_physical,2
military_outfit,2,2,1,up_sect_seconc_skat_1,upgr_o_2_magical,st_upgr_o_magical,2
military_outfit,2,2,2,up_sect_second_skat_1,upgr_o_2_magical,st_upgr_o_magical,2
military_outfit,2,3,1,up_sect_secone_skat_1,upgr_o_3_magical,st_upgr_o_magical,3
military_outfit,2,3,2,up_sect_seconf_skat_1,upgr_o_3_magical,st_upgr_o_magical,3
military_outfit,3,1,1,up_sect_thirda_skat_1,upgr_o_2_utility,st_upgr_o_utility,2
military_outfit,3,2,1,up_sect_thirdc_skat_1,upgr_o_2_magical,st_upgr_o_magical,2
military_outfit,3,2,2,up_sect_thirdd_skat_1,upgr_o_2_utility,st_upgr_o_utility,2
military_outfit,3,3,1,up_sect_thirde_skat_1,upgr_o_3_utility,st_upgr_o_utility,3
military_outfit,4,1,1,up_sect_fourta_skat_1,upgr_o_2_utility,st_upgr_o_utility,2
military_outfit,4,2,1,up_sect_fourtc_skat_1,upgr_o_2_utility,st_upgr_o_utility,2
military_outfit,4,3,1,up_sect_fourte_skat_1,upgr_o_3_utility,st_upgr_o_utility,3
military_proto_exo_outfit,1,1,1,up_sect_firsta_sunrise_1,upgr_o_3_physical,st_upgr_o_physical,3
military_proto_exo_outfit,1,2,1,up_sect_firstc_sunrise_1,upgr_o_3_physical,st_upgr_o_physical,3
military_proto_exo_outfit,1,2,2,up_sect_firstd_sunrise_1,upgr_o_3_utility,st_upgr_o_utility,3
military_proto_exo_outfit,1,3,1,up_sect_firste_sunrise_1,upgr_o_3_physical,st_upgr_o_physical,3
military_proto_exo_outfit,2,1,1,up_sect_secona_sts_1,upgr_o_3_physical,st_upgr_o_physical,3
military_proto_exo_outfit,2,2,1,up_sect_seconc_sts_1,upgr_o_3_magical,st_upgr_o_magical,3
military_proto_exo_outfit,2,2,2,up_sect_second_sts_1,upgr_o_3_magical,st_upgr_o_magical,3
military_proto_exo_outfit,2,3,1,up_sect_secone_sts_1,upgr_o_3_magical,st_upgr_o_magical,3
military_proto_exo_outfit,2,3,2,up_sect_seconf_sts_1,upgr_o_3_magical,st_upgr_o_magical,3
military_proto_exo_outfit,3,1,1,up_sect_thirda_sunrise_3,upgr_o_3_utility,st_upgr_o_utility,3
military_proto_exo_outfit,3,2,1,up_sect_thirdc_sunrise_3,upgr_o_3_utility,st_upgr_o_utility,3
military_proto_exo_outfit,3,2,2,up_sect_thirdd_sunrise_3,upgr_o_3_utility,st_upgr_o_utility,3
military_proto_exo_outfit,3,3,1,up_sect_thirde_sunrise_3,upgr_o_3_utility,st_upgr_o_utility,3
military_proto_exo_outfit,4,1,1,up_sect_fourta_sunrise_proto_1,upgr_o_3_utility,st_upgr_o_utility,3
military_proto_exo_outfit,4,2,1,up_sect_fourtc_sunrise_proto_1,upgr_o_3_utility,st_upgr_o_utility,3
military_sky_outfit,1,1,1,up_sect_firsta_skat_1,upgr_o_2_physical,st_upgr_o_physical,2
military_sky_outfit,1,2,1,up_sect_firstc_skat_1,upgr_o_2_physical,st_upgr_o_physical,2
military_sky_outfit,1,2,2,up_sect_firstd_skat_1,upgr_o_2_physical,st_upgr_o_physical,2
military_sky_outfit,1,3,1,up_sect_firste_skat_1,upgr_o_3_physical,st_upgr_o_physical,3
military_sky_outfit,1,3,2,up_sect_firstf_skat_1,upgr_o_3_physical,st_upgr_o_physical,3
military_sky_outfit,2,1,1,up_sect_secona_skat_1,upgr_o_2_physical,st_upgr_o_physical,2
military_sky_outfit,2,2,1,up_sect_seconc_skat_1,upgr_o_2_magical,st_upgr_o_magical,2
military_sky_outfit,2,2,2,up_sect_second_skat_1,upgr_o_2_magical,st_upgr_o_magical,2
military_sky_outfit,2,3,1,up_sect_secone_skat_1,upgr_o_3_magical,st_upgr_o_magical,3
military_sky_outfit,2,3,2,up_sect_seconf_skat_1,upgr_o_3_magical,st_upgr_o_magical,3
military_sky_outfit,3,1,1,up_sect_thirda_skat_1,upgr_o_2_utility,st_upgr_o_utility,2
military_sky_outfit,3,2,1,up_sect_thirdc_skat_1,upgr_o_2_magical,st_upgr_o_magical,2
military_sky_outfit,3,2,2,up_sect_thirdd_skat_1,upgr_o_2_utility,st_upgr_o_utility,2
military_sky_outfit,3,3,1,up_sect_thirde_skat_1,upgr_o_3_utility,st_upgr_o_utility,3
military_sky_outfit,4,1,1,up_sect_fourta_skat_1,upgr_o_2_utility,st_upgr_o_utility,2
military_sky_outfit,4,2,1,up_sect_fourtc_skat_1,upgr_o_2_utility,st_upgr_o_utility,2
military_sky_outfit,4,3,1,up_sect_fourte_skat_1,upgr_o_3_utility,st_upgr_o_utility,3
monolith_exo_outfit,1,1,1,up_sect_firsta_exolight_2,upgr_o_3_physical,st_upgr_o_physical,3
monolith_exo_outfit,1,2,1,up_sect_firstc_exolight_2,upgr_o_3_physical,st_upgr_o_physical,3
monolith_exo_outfit,1,2,2,up_sect_firstd_exolight_2,upgr_o_3_physical,st_upgr_o_physical,3
monolith_exo_outfit,1,3,1,up_sect_firste_exolight_2,upgr_o_3_physical,st_upgr_o_physical,3
monolith_exo_outfit,1,3,2,up_sect_firstf_exolight_2,upgr_o_3_physical,st_upgr_o_physical,3
monolith_exo_outfit,2,1,1,up_sect_secona_exolight_2,upgr_o_3_magical,st_upgr_o_magical,3
monolith_exo_outfit,2,2,1,up_sect_seconc_exolight_2,upgr_o_3_magical,st_upgr_o_magical,3
monolith_exo_outfit,2,2,2,up_sect_second_exolight_2,upgr_o_3_magical,st_upgr_o_magical,3
monolith_exo_outfit,2,3,1,up_sect_secone_exolight_2,upgr_o_3_magical,st_upgr_o_magical,3
monolith_exo_outfit,2,3,2,up_sect_seconf_exolight_2,upgr_o_3_magical,st_upgr_o_magical,3
monolith_exo_outfit,3,1,1,up_sect_thirda_exolight_2,upgr_o_3_utility,st_upgr_o_utility,3
monolith_exo_outfit,3,2,1,up_sect_thirdc_exolight_2,upgr_o_3_utility,st_upgr_o_utility,3
monolith_exo_outfit,3,3,1,up_sect_thirde_exolight_2,upgr_o_3_physical,st_upgr_o_physical,3
monolith_exo_outfit,4,1,1,up_sect_fourta_exolight_2,upgr_o_3_utility,st_upgr_o_utility,3
monolith_exo_outfit,4,2,1,up_sect_fourtc_exolight_2,upgr_o_3_physical,st_upgr_o_physical,3
monolith_exo_outfit,4,2,2,up_sect_fourtd_exolight_2,upgr_o_3_utility,st_upgr_o_utility,3
monolith_exo_outfit,4,3,1,up_sect_fourte_exolight_2,upgr_o_3_utility,st_upgr_o_utility,3
monolith_exo_outfit,4,3,2,up_sect_fourtf_exolight_2,upgr_o_3_magical,st_upgr_o_magical,3
monolith_exo_outfit,5,1,1,up_sect_fiftha_exo_2,upgr_o_3_magical,st_upgr_o_magical,3
monolith_exo_outfit,5,2,1,up_sect_fifthc_exo_2,upgr_o_3_utility,st_upgr_o_utility,3
monolith_exo_outfit,5,2,2,up_sect_fifthd_exo_2,upgr_o_3_magical,st_upgr_o_magical,3
monolith_exo_outfit,5,3,1,up_sect_fifthe_exo_2,upgr_o_3_utility,st_upgr_o_utility,3
monolith_exolight_outfit,1,1,1,up_sect_firsta_exolight_2,upgr_o_2_physical,st_upgr_o_physical,2
monolith_exolight_outfit,1,2,1,up_sect_firstc_exolight_2,upgr_o_2_physical,st_upgr_o_physical,2
monolith_exolight_outfit,1,2,2,up_sect_firstd_exolight_2,upgr_o_2_physical,st_upgr_o_physical,2
monolith_exolight_outfit,1,3,1,up_sect_firste_exolight_2,upgr_o_3_physical,st_upgr_o_physical,3
monolith_exolight_outfit,1,3,2,up_sect_firstf_exolight_2,upgr_o_3_physical,st_upgr_o_physical,3
monolith_exolight_outfit,2,1,1,up_sect_secona_exolight_2,upgr_o_2_magical,st_upgr_o_magical,2
monolith_exolight_outfit,2,2,1,up_sect_seconc_exolight_2,upgr_o_2_magical,st_upgr_o_magical,2
monolith_exolight_outfit,2,2,2,up_sect_second_exolight_2,upgr_o_2_magical,st_upgr_o_magical,2
monolith_exolight_outfit,2,3,1,up_sect_secone_exolight_2,upgr_o_3_magical,st_upgr_o_magical,3
monolith_exolight_outfit,2,3,2,up_sect_seconf_exolight_2,upgr_o_3_magical,st_upgr_o_magical,3
monolith_exolight_outfit,3,1,1,up_sect_thirda_exolight_2,upgr_o_2_utility,st_upgr_o_utility,2
monolith_exolight_outfit,3,2,1,up_sect_thirdc_exolight_2,upgr_o_2_utility,st_upgr_o_utility,2
monolith_exolight_outfit,3,3,1,up_sect_thirde_exolight_2,upgr_o_3_physical,st_upgr_o_physical,3
monolith_exolight_outfit,4,1,1,up_sect_fourta_exolight_2,upgr_o_2_utility,st_upgr_o_utility,2
monolith_exolight_outfit,4,2,1,up_sect_fourtc_exolight_2,upgr_o_2_physical,st_upgr_o_physical,2
monolith_exolight_outfit,4,2,2,up_sect_fourtd_exolight_2,upgr_o_2_utility,st_upgr_o_utility,2
monolith_exolight_outfit,4,3,1,up_sect_fourte_exolight_2,upgr_o_3_utility,st_upgr_o_utility,3
monolith_exolight_outfit,4,3,2,up_sect_fourtf_exolight_2,upgr_o_3_magical,st_upgr_o_magical,3
monolith_nbc_outfit,1,1,1,up_sect_firsta_sts_1,upgr_o_1_physical,st_upgr_o_physical,1
monolith_nbc_outfit,1,2,1,up_sect_firstc_sts_1,upgr_o_1_physical,st_upgr_o_physical,1
monolith_nbc_outfit,1,3,1,up_sect_firste_sts_1,upgr_o_1_physical,st_upgr_o_physical,1
monolith_nbc_outfit,1,3,2,up_sect_firstf_sts_1,upgr_o_1_physical,st_upgr_o_physical,1
monolith_nbc_outfit,2,1,1,up_sect_secona_sts_1,upgr_o_1_physical,st_upgr_o_physical,1
monolith_nbc_outfit,2,2,1,up_sect_seconc_sts_1,upgr_o_1_magical,st_upgr_o_magical,1
monolith_nbc_outfit,2,2,2,up_sect_second_sts_1,upgr_o_1_magical,st_upgr_o_magical,1
monolith_nbc_outfit,2,3,1,up_sect_secone_sts_1,upgr_o_1_magical,st_upgr_o_magical,1
monolith_nbc_outfit,2,3,2,up_sect_seconf_sts_1,upgr_o_1_magical,st_upgr_o_magical,1
monolith_nbc_outfit,3,1,1,up_sect_thirda_sts_1,upgr_o_1_magical,st_upgr_o_magical,1
monolith_nbc_outfit,3,2,1,up_sect_thirdc_sts_1,upgr_o_1_utility,st_upgr_o_utility,1
monolith_nbc_outfit,3,2,2,up_sect_thirdd_sts_1,upgr_o_1_utility,st_upgr_o_utility,1
monolith_nbc_outfit,3,3,1,up_sect_thirde_sts_1,upgr_o_1_utility,st_upgr_o_utility,1
monolith_nbc_outfit,4,1,1,up_sect_fourta_sts_nbc_1,upgr_o_1_magical,st_upgr_o_magical,1
monolith_nbc_outfit,4,2,1,up_sect_fourtc_sts_nbc_1,upgr_o_1_utility,st_upgr_o_utility,1
monolith_nosorog_outfit,1,1,1,up_sect_firsta_exolight_2,upgr_o_3_physical,st_upgr_o_physical,3
monolith_nosorog_outfit,1,2,1,up_sect_firstc_exolight_2,upgr_o_3_physical,st_upgr_o_physical,3
monolith_nosorog_outfit,1,2,2,up_sect_firstd_exolight_2,upgr_o_3_physical,st_upgr_o_physical,3
monolith_nosorog_outfit,1,3,1,up_sect_firste_exolight_2,upgr_o_3_physical,st_upgr_o_physical,3
monolith_nosorog_outfit,1,3,2,up_sect_firstf_exolight_2,upgr_o_3_physical,st_upgr_o_physical,3
monolith_nosorog_outfit,2,1,1,up_sect_secona_exolight_2,upgr_o_3_magical,st_upgr_o_magical,3
monolith_nosorog_outfit,2,2,1,up_sect_seconc_exolight_2,upgr_o_3_magical,st_upgr_o_magical,3
monolith_nosorog_outfit,2,2,2,up_sect_second_exolight_2,upgr_o_3_magical,st_upgr_o_magical,3
monolith_nosorog_outfit,2,3,1,up_sect_secone_exolight_2,upgr_o_3_magical,st_upgr_o_magical,3
monolith_nosorog_outfit,2,3,2,up_sect_seconf_exolight_2,upgr_o_3_magical,st_upgr_o_magical,3
monolith_nosorog_outfit,3,1,1,up_sect_thirda_exolight_2,upgr_o_3_utility,st_upgr_o_utility,3
monolith_nosorog_outfit,3,2,1,up_sect_thirdc_exolight_2,upgr_o_3_utility,st_upgr_o_utility,3
monolith_nosorog_outfit,3,3,1,up_sect_thirde_exolight_2,upgr_o_3_physical,st_upgr_o_physical,3
monolith_nosorog_outfit,4,1,1,up_sect_fourta_exolight_2,upgr_o_3_utility,st_upgr_o_utility,3
monolith_nosorog_outfit,4,2,1,up_sect_fourtc_exolight_2,upgr_o_3_physical,st_upgr_o_physical,3
monolith_nosorog_outfit,4,2,2,up_sect_fourtd_exolight_2,upgr_o_3_utility,st_upgr_o_utility,3
monolith_nosorog_outfit,4,3,1,up_sect_fourte_exolight_2,upgr_o_3_utility,st_upgr_o_utility,3
monolith_nosorog_outfit,4,3,2,up_sect_fourtf_exolight_2,upgr_o_3_magical,st_upgr_o_magical,3
monolith_nosorog_outfit,5,1,1,up_sect_fiftha_nosorog_2,upgr_o_3_utility,st_upgr_o_utility,3
monolith_nosorog_outfit,5,2,1,up_sect_fifthc_nosorog_2,upgr_o_3_magical,st_upgr_o_magical,3
monolith_nosorog_outfit,5,2,2,up_sect_fifthd_nosorog_2,upgr_o_3_utility,st_upgr_o_utility,3
monolith_nosorog_outfit,5,3,1,up_sect_fifthe_nosorog_2,upgr_o_3_magical,st_upgr_o_magical,3
monolith_outfit,1,1,1,up_sect_firsta_sts_1,upgr_o_1_physical,st_upgr_o_physical,1
monolith_outfit,1,2,1,up_sect_firstc_sts_1,upgr_o_2_physical,st_upgr_o_physical,2
monolith_outfit,1,3,1,up_sect_firste_sts_1,upgr_o_2_physical,st_upgr_o_physical,2
monolith_outfit,1,3,2,up_sect_firstf_sts_1,upgr_o_2_physical,st_upgr_o_physical,2
monolith_outfit,2,1,1,up_sect_secona_sts_1,upgr_o_1_physical,st_upgr_o_physical,1
monolith_outfit,2,2,1,up_sect_seconc_sts_1,upgr_o_2_magical,st_upgr_o_magical,2
monolith_outfit,2,2,2,up_sect_second_sts_1,upgr_o_2_magical,st_upgr_o_magical,2
monolith_outfit,2,3,1,up_sect_secone_sts_1,upgr_o_2_magical,st_upgr_o_magical,2
monolith_outfit,2,3,2,up_sect_seconf_sts_1,upgr_o_2_magical,st_upgr_o_magical,2
monolith_outfit,3,1,1,up_sect_thirda_sts_1,upgr_o_1_magical,st_upgr_o_magical,1
monolith_outfit,3,2,1,up_sect_thirdc_sts_1,upgr_o_2_utility,st_upgr_o_utility,2
monolith_outfit,3,2,2,up_sect_thirdd_sts_1,upgr_o_2_utility,st_upgr_o_utility,2
monolith_outfit,3,3,1,up_sect_thirde_sts_1,upgr_o_2_utility,st_upgr_o_utility,2
monolith_proto_exo_outfit,1,1,1,up_sect_firsta_sts_1,upgr_o_2_physical,st_upgr_o_physical,2
monolith_proto_exo_outfit,1,2,1,up_sect_firstc_sts_1,upgr_o_2_physical,st_upgr_o_physical,2
monolith_proto_exo_outfit,1,3,1,up_sect_firste_sts_1,upgr_o_3_physical,st_upgr_o_physical,3
monolith_proto_exo_outfit,1,3,2,up_sect_firstf_sts_1,upgr_o_3_physical,st_upgr_o_physical,3
monolith_proto_exo_outfit,2,1,1,up_sect_secona_sts_1,upgr_o_2_physical,st_upgr_o_physical,2
monolith_proto_exo_outfit,2,2,1,up_sect_seconc_sts_1,upgr_o_2_magical,st_upgr_o_magical,2
monolith_proto_exo_outfit,2,2,2,up_sect_second_sts_1,upgr_o_2_magical,st_upgr_o_magical,2
monolith_proto_exo_outfit,2,3,1,up_sect_secone_sts_1,upgr_o_3_magical,st_upgr_o_magical,3
monolith_proto_exo_outfit,2,3,2,up_sect_seconf_sts_1,upgr_o_3_magical,st_upgr_o_magical,3
monolith_proto_exo_outfit,3,1,1,up_sect_thirda_sts_1,upgr_o_2_magical,st_upgr_o_magical,2
monolith_proto_exo_outfit,3,2,1,up_sect_thirdc_sts_1,upgr_o_2_utility,st_upgr_o_utility,2
monolith_proto_exo_outfit,3,2,2,up_sect_thirdd_sts_1,upgr_o_2_utility,st_upgr_o_utility,2
monolith_proto_exo_outfit,3,3,1,up_sect_thirde_sts_1,upgr_o_3_utility,st_upgr_o_utility,3
monolith_proto_exo_outfit,4,1,1,up_sect_fourta_sts_proto_1,upgr_o_2_utility,st_upgr_o_utility,2
monolith_proto_exo_outfit,4,2,1,up_sect_fourtc_sts_proto_1,upgr_o_2_utility,st_upgr_o_utility,2
monolith_scientific_light_outfit,1,1,1,up_sect_firsta_seva_1,upgr_o_1_physical,st_upgr_o_physical,1
monolith_scientific_light_outfit,1,2,1,up_sect_firstc_seva_1,upgr_o_2_physical,st_upgr_o_physical,2
monolith_scientific_light_outfit,1,2,2,up_sect_firstd_seva_1,upgr_o_2_physical,st_upgr_o_physical,2
monolith_scientific_light_outfit,1,3,1,up_sect_firste_seva_1,upgr_o_2_physical,st_upgr_o_physical,2
monolith_scientific_light_outfit,1,3,2,up_sect_firstf_seva_1,upgr_o_2_physical,st_upgr_o_physical,2
monolith_scientific_light_outfit,2,1,1,up_sect_secona_seva_1,upgr_o_1_physical,st_upgr_o_physical,1
monolith_scientific_light_outfit,2,2,1,up_sect_seconc_seva_1,upgr_o_2_magical,st_upgr_o_magical,2
monolith_scientific_light_outfit,2,2,2,up_sect_second_seva_1,upgr_o_2_magical,st_upgr_o_magical,2
monolith_scientific_light_outfit,2,3,1,up_sect_secone_seva_1,upgr_o_2_magical,st_upgr_o_magical,2
monolith_scientific_light_outfit,2,3,2,up_sect_seconf_seva_1,upgr_o_2_magical,st_upgr_o_magical,2
monolith_scientific_light_outfit,3,1,1,up_sect_thirda_seva_1,upgr_o_1_utility,st_upgr_o_utility,1
monolith_scientific_light_outfit,3,2,1,up_sect_thirdc_seva_1,upgr_o_2_utility,st_upgr_o_utility,2
monolith_scientific_light_outfit,3,2,2,up_sect_thirdd_seva_1,upgr_o_2_utility,st_upgr_o_utility,2
monolith_scientific_light_outfit,3,3,1,up_sect_thirde_seva_1,upgr_o_2_utility,st_upgr_o_utility,2
monolith_scientific_light_outfit,4,1,1,up_sect_fourta_seva_1,upgr_o_1_magical,st_upgr_o_magical,1
monolith_scientific_light_outfit,4,2,1,up_sect_fourtc_seva_1,upgr_o_2_magical,st_upgr_o_magical,2
monolith_scientific_light_outfit,4,3,1,up_sect_fourte_seva_1,upgr_o_2_utility,st_upgr_o_utility,2
monolith_scientific_outfit,1,1,1,up_sect_firsta_seva_1,upgr_o_1_physical,st_upgr_o_physical,1
monolith_scientific_outfit,1,2,1,up_sect_firstc_seva_1,upgr_o_2_physical,st_upgr_o_physical,2
monolith_scientific_outfit,1,2,2,up_sect_firstd_seva_1,upgr_o_2_physical,st_upgr_o_physical,2
monolith_scientific_outfit,1,3,1,up_sect_firste_seva_1,upgr_o_2_physical,st_upgr_o_physical,2
monolith_scientific_outfit,1,3,2,up_sect_firstf_seva_1,upgr_o_2_physical,st_upgr_o_physical,2
monolith_scientific_outfit,2,1,1,up_sect_secona_seva_1,upgr_o_1_physical,st_upgr_o_physical,1
monolith_scientific_outfit,2,2,1,up_sect_seconc_seva_1,upgr_o_2_magical,st_upgr_o_magical,2
monolith_scientific_outfit,2,2,2,up_sect_second_seva_1,upgr_o_2_magical,st_upgr_o_magical,2
monolith_scientific_outfit,2,3,1,up_sect_secone_seva_1,upgr_o_2_magical,st_upgr_o_magical,2
monolith_scientific_outfit,2,3,2,up_sect_seconf_seva_1,upgr_o_2_magical,st_upgr_o_magical,2
monolith_scientific_outfit,3,1,1,up_sect_thirda_seva_1,upgr_o_1_utility,st_upgr_o_utility,1
monolith_scientific_outfit,3,2,1,up_sect_thirdc_seva_1,upgr_o_2_utility,st_upgr_o_utility,2
monolith_scientific_outfit,3,2,2,up_sect_thirdd_seva_1,upgr_o_2_utility,st_upgr_o_utility,2
monolith_scientific_outfit,3,3,1,up_sect_thirde_seva_1,upgr_o_2_utility,st_upgr_o_utility,2
monolith_scientific_outfit,4,1,1,up_sect_fourta_seva_1,upgr_o_1_magical,st_upgr_o_magical,1
monolith_scientific_outfit,4,2,1,up_sect_fourtc_seva_1,upgr_o_2_magical,st_upgr_o_magical,2
monolith_scientific_outfit,4,3,1,up_sect_fourte_seva_1,upgr_o_2_utility,st_upgr_o_utility,2
monolith_trenchcoat_outfit,1,1,1,up_sect_firsta_sts_1,upgr_o_2_physical,st_upgr_o_physical,2
monolith_trenchcoat_outfit,1,2,1,up_sect_firstc_sts_1,upgr_o_2_physical,st_upgr_o_physical,2
monolith_trenchcoat_outfit,1,3,1,up_sect_firste_sts_1,upgr_o_3_physical,st_upgr_o_physical,3
monolith_trenchcoat_outfit,1,3,2,up_sect_firstf_sts_1,upgr_o_3_physical,st_upgr_o_physical,3
monolith_trenchcoat_outfit,2,1,1,up_sect_secona_sts_1,upgr_o_2_physical,st_upgr_o_physical,2
monolith_trenchcoat_outfit,2,2,1,up_sect_seconc_sts_1,upgr_o_2_magical,st_upgr_o_magical,2
monolith_trenchcoat_outfit,2,2,2,up_sect_second_sts_1,upgr_o_2_magical,st_upgr_o_magical,2
monolith_trenchcoat_outfit,2,3,1,up_sect_secone_sts_1,upgr_o_3_magical,st_upgr_o_magical,3
monolith_trenchcoat_outfit,2,3,2,up_sect_seconf_sts_1,upgr_o_3_magical,st_upgr_o_magical,3
monolith_trenchcoat_outfit,3,1,1,up_sect_thirda_sts_1,upgr_o_2_magical,st_upgr_o_magical,2
monolith_trenchcoat_outfit,3,2,1,up_sect_thirdc_sts_1,upgr_o_2_utility,st_upgr_o_utility,2
monolith_trenchcoat_outfit,3,2,2,up_sect_thirdd_sts_1,upgr_o_2_utility,st_upgr_o_utility,2
monolith_trenchcoat_outfit,3,3,1,up_sect_thirde_sts_1,upgr_o_3_utility,st_upgr_o_utility,3
nbc_dolg_outfit,1,1,1,up_sect_firsta_ps5_1,upgr_o_1_physical,st_upgr_o_physical,1
nbc_dolg_outfit,1,2,1,up_sect_firstc_ps5_1,upgr_o_1_physical,st_upgr_o_physical,1
nbc_dolg_outfit,1,3,1,up_sect_firste_ps5_1,upgr_o_1_physical,st_upgr_o_physical,1
nbc_dolg_outfit,1,3,2,up_sect_firstf_ps5_1,upgr_o_1_physical,st_upgr_o_physical,1
nbc_dolg_outfit,2,1,1,up_sect_secona_ps5_1,upgr_o_1_physical,st_upgr_o_physical,1
nbc_dolg_outfit,2,2,1,up_sect_seconc_ps5_1,upgr_o_1_physical,st_upgr_o_physical,1
nbc_dolg_outfit,2,2,2,up_sect_second_ps5_1,upgr_o_1_utility,st_upgr_o_utility,1
nbc_dolg_outfit,2,3,1,up_sect_secone_ps5_1,upgr_o_1_physical,st_upgr_o_physical,1
nbc_dolg_outfit,3,1,1,up_sect_thirda_ps5_1,upgr_o_1_utility,st_upgr_o_utility,1
nbc_dolg_outfit,3,2,1,up_sect_thirdc_ps5_1,upgr_o_1_utility,st_upgr_o_utility,1
nbc_dolg_outfit,3,3,1,up_sect_thirde_ps5_1,upgr_o_1_utility,st_upgr_o_utility,1
nbc_dolg_outfit,4,1,1,up_sect_fourta_ps5_nbc_1,upgr_o_1_magical,st_upgr_o_magical,1
nbc_dolg_outfit,4,2,1,up_sect_fourtc_ps5_nbc_1,upgr_o_1_utility,st_upgr_o_utility,1
nbc_freedom_outfit,1,1,1,up_sect_firsta_sts_1,upgr_o_1_physical,st_upgr_o_physical,1
nbc_freedom_outfit,1,2,1,up_sect_firstc_sts_1,upgr_o_1_physical,st_upgr_o_physical,1
nbc_freedom_outfit,1,3,1,up_sect_firste_sts_1,upgr_o_1_physical,st_upgr_o_physical,1
nbc_freedom_outfit,1,3,2,up_sect_firstf_sts_1,upgr_o_1_physical,st_upgr_o_physical,1
nbc_freedom_outfit,2,1,1,up_sect_secona_sts_1,upgr_o_1_physical,st_upgr_o_physical,1
nbc_freedom_outfit,2,2,1,up_sect_seconc_sts_1,upgr_o_1_magical,st_upgr_o_magical,1
nbc_freedom_outfit,2,2,2,up_sect_second_sts_1,upgr_o_1_magical,st_upgr_o_magical,1
nbc_freedom_outfit,2,3,1,up_sect_secone_sts_1,upgr_o_1_magical,st_upgr_o_magical,1
nbc_freedom_outfit,2,3,2,up_sect_seconf_sts_1,upgr_o_1_magical,st_upgr_o_magical,1
nbc_freedom_outfit,3,1,1,up_sect_thirda_sts_1,upgr_o_1_magical,st_upgr_o_magical,1
nbc_freedom_outfit,3,2,1,up_sect_thirdc_sts_1,upgr_o_1_utility,st_upgr_o_utility,1
nbc_freedom_outfit,3,2,2,up_sect_thirdd_sts_1,upgr_o_1_utility,st_upgr_o_utility,1
nbc_freedom_outfit,3,3,1,up_sect_thirde_sts_1,upgr_o_1_utility,st_upgr_o_utility,1
nbc_freedom_outfit,4,1,1,up_sect_fourta_sts_nbc_1,upgr_o_1_magical,st_upgr_o_magical,1
nbc_freedom_outfit,4,2,1,up_sect_fourtc_sts_nbc_1,upgr_o_1_utility,st_upgr_o_utility,1
nbc_merc_outfit,1,1,1,up_sect_firsta_ps5_1,upgr_o_1_physical,st_upgr_o_physical,1
nbc_merc_outfit,1,2,1,up_sect_firstc_ps5_1,upgr_o_1_physical,st_upgr_o_physical,1
nbc_merc_outfit,1,3,1,up_sect_firste_ps5_1,upgr_o_1_physical,st_upgr_o_physical,1
nbc_merc_outfit,1,3,2,up_sect_firstf_ps5_1,upgr_o_1_physical,st_upgr_o_physical,1
nbc_merc_outfit,2,1,1,up_sect_secona_ps5_1,upgr_o_1_physical,st_upgr_o_physical,1
nbc_merc_outfit,2,2,1,up_sect_seconc_ps5_1,upgr_o_1_physical,st_upgr_o_physical,1
nbc_merc_outfit,2,2,2,up_sect_second_ps5_1,upgr_o_1_utility,st_upgr_o_utility,1
nbc_merc_outfit,2,3,1,up_sect_secone_ps5_1,upgr_o_1_physical,st_upgr_o_physical,1
nbc_merc_outfit,3,1,1,up_sect_thirda_ps5_1,upgr_o_1_utility,st_upgr_o_utility,1
nbc_merc_outfit,3,2,1,up_sect_thirdc_ps5_1,upgr_o_1_utility,st_upgr_o_utility,1
nbc_merc_outfit,3,3,1,up_sect_thirde_ps5_1,upgr_o_1_utility,st_upgr_o_utility,1
nbc_merc_outfit,4,1,1,up_sect_fourta_ps5_nbc_1,upgr_o_1_magical,st_upgr_o_magical,1
nbc_merc_outfit,4,2,1,up_sect_fourtc_ps5_nbc_1,upgr_o_1_utility,st_upgr_o_utility,1
nbc_outfit,1,1,1,up_sect_firsta_sunrise_3,upgr_o_1_utility,st_upgr_o_utility,1
nbc_outfit,1,2,1,up_sect_firstc_sunrise_3,upgr_o_1_physical,st_upgr_o_physical,1
nbc_outfit,1,2,2,up_sect_firstd_sunrise_3,upgr_o_1_physical,st_upgr_o_physical,1
nbc_outfit,1,3,1,up_sect_firste_sunrise_3,upgr_o_1_physical,st_upgr_o_physical,1
nbc_outfit,2,1,1,up_sect_secona_sunrise_3,upgr_o_1_magical,st_upgr_o_magical,1
nbc_outfit,2,2,1,up_sect_seconc_sunrise_3,upgr_o_1_magical,st_upgr_o_magical,1
nbc_outfit,2,2,2,up_sect_second_sunrise_3,upgr_o_1_magical,st_upgr_o_magical,1
nbc_outfit,2,3,1,up_sect_secone_sunrise_3,upgr_o_1_magical,st_upgr_o_magical,1
nbc_outfit,2,3,2,up_sect_seconf_sunrise_3,upgr_o_1_magical,st_upgr_o_magical,1
nbc_outfit,3,1,1,up_sect_thirda_sunrise_3,upgr_o_1_utility,st_upgr_o_utility,1
nbc_outfit,3,2,1,up_sect_thirdc_sunrise_3,upgr_o_1_utility,st_upgr_o_utility,1
nbc_outfit,3,2,2,up_sect_thirdd_sunrise_3,upgr_o_1_utility,st_upgr_o_utility,1
nbc_outfit,3,3,1,up_sect_thirde_sunrise_3,upgr_o_1_utility,st_upgr_o_utility,1
nbc_outfit,4,1,1,up_sect_fourta_sunrise_nbc_1,upgr_o_1_magical,st_upgr_o_magical,1
nbc_outfit,4,2,1,up_sect_fourtc_sunrise_nbc_1,upgr_o_1_utility,st_upgr_o_utility,1
nomad_outfit,1,1,1,up_sect_firsta_sunrise_1,upgr_o_1_physical,st_upgr_o_physical,1
nomad_outfit,1,2,1,up_sect_firstc_sunrise_1,upgr_o_2_physical,st_upgr_o_physical,2
nomad_outfit,1,2,2,up_sect_firstd_sunrise_1,upgr_o_2_utility,st_upgr_o_utility,2
nomad_outfit,1,3,1,up_sect_firste_sunrise_1,upgr_o_2_physical,st_upgr_o_physical,2
nomad_outfit,2,1,1,up_sect_secona_sunrise_1,upgr_o_1_physical,st_upgr_o_physical,1
nomad_outfit,2,2,1,up_sect_seconc_sunrise_1,upgr_o_2_magical,st_upgr_o_magical,2
nomad_outfit,2,2,2,up_sect_second_sunrise_1,upgr_o_2_magical,st_upgr_o_magical,2
nomad_outfit,2,3,1,up_sect_secone_sunrise_1,upgr_o_2_magical,st_upgr_o_magical,2
nomad_outfit,2,3,2,up_sect_seconf_sunrise_1,upgr_o_2_magical,st_upgr_o_magical,2
nomad_outfit,3,1,1,up_sect_thirda_sunrise_1,upgr_o_1_magical,st_upgr_o_magical,1
nomad_outfit,3,2,1,up_sect_thirdc_sunrise_1,upgr_o_2_utility,st_upgr_o_utility,2
nomad_outfit,3,2,2,up_sect_thirdd_sunrise_1,upgr_o_2_utility,st_upgr_o_utility,2
nomad_outfit,3,3,1,up_sect_thirde_sunrise_1,upgr_o_2_utility,st_upgr_o_utility,2
novice_outfit,1,1,1,up_sect_firsta_novice_1,upgr_o_1_physical,st_upgr_o_physical,1
novice_outfit,1,2,1,up_sect_firstc_novice_1,upgr_o_1_physical,st_upgr_o_physical,1
novice_outfit,1,3,1,up_sect_firste_novice_1,upgr_o_1_physical,st_upgr_o_physical,1
novice_outfit,2,1,1,up_sect_secona_novice_1,upgr_o_1_magical,st_upgr_o_magical,1
novice_outfit,2,2,1,up_sect_seconc_novice_1,upgr_o_1_magical,st_upgr_o_magical,1
novice_outfit,2,2,2,up_sect_second_novice_1,upgr_o_1_magical,st_upgr_o_magical,1
novice_outfit,3,1,1,up_sect_thirda_novice_1,upgr_o_1_utility,st_upgr_o_utility,1
novice_outfit_camo,1,1,1,up_sect_firsta_novice_1,upgr_o_1_physical,st_upgr_o_physical,1
novice_outfit_camo,1,2,1,up_sect_firstc_novice_1,upgr_o_1_physical,st_upgr_o_physical,1
novice_outfit_camo,1,3,1,up_sect_firste_novice_1,upgr_o_1_physical,st_upgr_o_physical,1
novice_outfit_camo,2,1,1,up_sect_secona_novice_1,upgr_o_1_magical,st_upgr_o_magical,1
novice_outfit_camo,2,2,1,up_sect_seconc_novice_1,upgr_o_1_magical,st_upgr_o_magical,1
novice_outfit_camo,2,2,2,up_sect_second_novice_1,upgr_o_1_magical,st_upgr_o_magical,1
novice_outfit_camo,3,1,1,up_sect_thirda_novice_1,upgr_o_1_utility,st_upgr_o_utility,1
novice_outfit_tourist,1,1,1,up_sect_firsta_novice_1,upgr_o_1_physical,st_upgr_o_physical,1
novice_outfit_tourist,1,2,1,up_sect_firstc_novice_1,upgr_o_1_physical,st_upgr_o_physical,1
novice_outfit_tourist,1,3,1,up_sect_firste_novice_1,upgr_o_1_physical,st_upgr_o_physical,1
novice_outfit_tourist,2,1,1,up_sect_secona_novice_1,upgr_o_1_magical,st_upgr_o_magical,1
novice_outfit_tourist,2,2,1,up_sect_seconc_novice_1,upgr_o_1_magical,st_upgr_o_magical,1
novice_outfit_tourist,2,2,2,up_sect_second_novice_1,upgr_o_1_magical,st_upgr_o_magical,1
novice_outfit_tourist,3,1,1,up_sect_thirda_novice_1,upgr_o_1_utility,st_upgr_o_utility,1
pri_a17_gauss_rifle,1,1,1,up_sect_firsta_svd,upgr_w_2_external,st_upgr_w_external,2
pri_a17_gauss_rifle,1,2,1,up_sect_firstc_svd,upgr_w_3_external,st_upgr_w_external,3
pri_a17_gauss_rifle,1,2,2,up_sect_firstd_svd,upgr_w_3_external,st_upgr_w_external,3
pri_a17_gauss_rifle,1,3,1,up_sect_firste_svd,upgr_w_3_external,st_upgr_w_external,3
pri_a17_gauss_rifle,1,3,2,up_sect_firstf_svd,upgr_w_3_internal,st_upgr_w_internal,3
pri_a17_gauss_rifle,2,1,1,up_sect_secona_svd,upgr_w_2_internal,st_upgr_w_internal,2
pri_a17_gauss_rifle,2,2,1,up_sect_seconc_svd,upgr_w_3_internal,st_upgr_w_internal,3
pri_a17_gauss_rifle,2,2,2,up_sect_second_svd,upgr_w_3_external,st_upgr_w_external,3
pri_a17_gauss_rifle,3,1,1,up_sect_thirda_svd,upgr_w_2_internal,st_upgr_w_internal,2
pri_a17_gauss_rifle,3,2,1,up_sect_thirdc_svd,upgr_w_3_external,st_upgr_w_external,3
pri_a17_gauss_rifle,3,3,1,up_sect_thirde_svd,upgr_w_3_internal,st_upgr_w_internal,3
redline_novice_outfit,1,1,1,up_sect_firsta_novice_1,upgr_o_1_physical,st_upgr_o_physical,1
redline_novice_outfit,1,2,1,up_sect_firstc_novice_1,upgr_o_1_physical,st_upgr_o_physical,1
redline_novice_outfit,1,3,1,up_sect_firste_novice_1,upgr_o_1_physical,st_upgr_o_physical,1
redline_novice_outfit,2,1,1,up_sect_secona_novice_1,upgr_o_1_magical,st_upgr_o_magical,1
redline_novice_outfit,2,2,1,up_sect_seconc_novice_1,upgr_o_1_magical,st_upgr_o_magical,1
redline_novice_outfit,2,2,2,up_sect_second_novice_1,upgr_o_1_magical,st_upgr_o_magical,1
redline_novice_outfit,3,1,1,up_sect_thirda_novice_1,upgr_o_1_utility,st_upgr_o_utility,1
renegade_exo_outfit,1,1,1,up_sect_firsta_exolight_1,upgr_o_3_physical,st_upgr_o_physical,3
renegade_exo_outfit,1,2,1,up_sect_firstc_exolight_1,upgr_o_3_physical,st_upgr_o_physical,3
renegade_exo_outfit,1,2,2,up_sect_firstd_exolight_1,upgr_o_3_physical,st_upgr_o_physical,3
renegade_exo_outfit,1,3,1,up_sect_firste_exolight_1,upgr_o_3_physical,st_upgr_o_physical,3
renegade_exo_outfit,1,3,2,up_sect_firstf_exolight_1,upgr_o_3_physical,st_upgr_o_physical,3
renegade_exo_outfit,2,1,1,up_sect_secona_exolight_1,upgr_o_3_magical,st_upgr_o_magical,3
renegade_exo_outfit,2,2,1,up_sect_seconc_exolight_1,upgr_o_3_magical,st_upgr_o_magical,3
renegade_exo_outfit,2,2,2,up_sect_second_exolight_1,upgr_o_3_magical,st_upgr_o_magical,3
renegade_exo_outfit,2,3,1,up_sect_secone_exolight_1,upgr_o_3_magical,st_upgr_o_magical,3
renegade_exo_outfit,2,3,2,up_sect_seconf_exolight_1,upgr_o_3_magical,st_upgr_o_magical,3
renegade_exo_outfit,3,1,1,up_sect_thirda_exolight_1,upgr_o_3_utility,st_upgr_o_utility,3
renegade_exo_outfit,3,2,1,up_sect_thirdc_exolight_1,upgr_o_3_utility,st_upgr_o_utility,3
renegade_exo_outfit,3,3,1,up_sect_thirde_exolight_1,upgr_o_3_physical,st_upgr_o_physical,3
renegade_exo_outfit,4,1,1,up_sect_fourta_exolight_1,upgr_o_3_utility,st_upgr_o_utility,3
renegade_exo_outfit,4,2,1,up_sect_fourtc_exolight_1,upgr_o_3_physical,st_upgr_o_physical,3
renegade_exo_outfit,4,2,2,up_sect_fourtd_exolight_1,upgr_o_3_physical,st_upgr_o_physical,3
renegade_exo_outfit,4,3,1,up_sect_fourte_exolight_1,upgr_o_3_utility,st_upgr_o_utility,3
renegade_exo_outfit,4,3,2,up_sect_fourtf_exolight_1,upgr_o_3_utility,st_upgr_o_utility,3
renegade_exo_outfit,5,1,1,up_sect_fiftha_exo_1,upgr_o_3_utility,st_upgr_o_utility,3
renegade_exo_outfit,5,2,1,up_sect_fifthc_exo_1,upgr_o_3_magical,st_upgr_o_magical,3
renegade_exo_outfit,5,2,2,up_sect_fifthd_exo_1,upgr_o_3_magical,st_upgr_o_magical,3
renegade_exo_outfit,5,3,1,up_sect_fifthe_exo_1,upgr_o_3_utility,st_upgr_o_utility,3
renegade_scientific_outfit,1,1,1,up_sect_firsta_seva_2,upgr_o_1_physical,st_upgr_o_physical,1
renegade_scientific_outfit,1,2,1,up_sect_firstc_seva_2,upgr_o_2_physical,st_upgr_o_physical,2
renegade_scientific_outfit,1,2,2,up_sect_firstd_seva_2,upgr_o_2_physical,st_upgr_o_physical,2
renegade_scientific_outfit,1,3,1,up_sect_firste_seva_2,upgr_o_2_physical,st_upgr_o_physical,2
renegade_scientific_outfit,1,3,2,up_sect_firstf_seva_2,upgr_o_2_physical,st_upgr_o_physical,2
renegade_scientific_outfit,2,1,1,up_sect_secona_seva_2,upgr_o_1_magical,st_upgr_o_magical,1
renegade_scientific_outfit,2,2,1,up_sect_seconc_seva_2,upgr_o_2_magical,st_upgr_o_magical,2
renegade_scientific_outfit,2,2,2,up_sect_second_seva_2,upgr_o_2_magical,st_upgr_o_magical,2
renegade_scientific_outfit,2,3,1,up_sect_secone_seva_2,upgr_o_2_magical,st_upgr_o_magical,2
renegade_scientific_outfit,2,3,2,up_sect_seconf_seva_2,upgr_o_2_magical,st_upgr_o_magical,2
renegade_scientific_outfit,3,1,1,up_sect_thirda_seva_2,upgr_o_1_utility,st_upgr_o_utility,1
renegade_scientific_outfit,3,2,1,up_sect_thirdc_seva_2,upgr_o_2_magical,st_upgr_o_magical,2
renegade_scientific_outfit,3,2,2,up_sect_thirdd_seva_2,upgr_o_2_utility,st_upgr_o_utility,2
renegade_scientific_outfit,3,3,1,up_sect_thirde_seva_2,upgr_o_2_utility,st_upgr_o_utility,2
renegade_scientific_outfit,4,1,1,up_sect_fourta_seva_2,upgr_o_1_magical,st_upgr_o_magical,1
renegade_scientific_outfit,4,2,1,up_sect_fourtc_seva_2,upgr_o_2_magical,st_upgr_o_magical,2
renegade_scientific_outfit,4,3,1,up_sect_fourte_seva_2,upgr_o_2_utility,st_upgr_o_utility,2
renegademerc_outfit,1,1,1,up_sect_firsta_lcs_3,upgr_o_1_physical,st_upgr_o_physical,1
renegademerc_outfit,1,2,1,up_sect_firstc_lcs_3,upgr_o_2_physical,st_upgr_o_physical,2
renegademerc_outfit,1,2,2,up_sect_firstd_lcs_3,upgr_o_2_physical,st_upgr_o_physical,2
renegademerc_outfit,1,3,1,up_sect_firste_lcs_3,upgr_o_2_physical,st_upgr_o_physical,2
renegademerc_outfit,1,3,2,up_sect_firstf_lcs_3,upgr_o_2_physical,st_upgr_o_physical,2
renegademerc_outfit,2,1,1,up_sect_secona_lcs_3,upgr_o_1_physical,st_upgr_o_physical,1
renegademerc_outfit,2,2,1,up_sect_seconc_lcs_3,upgr_o_2_magical,st_upgr_o_magical,2
renegademerc_outfit,2,2,2,up_sect_second_lcs_3,upgr_o_2_magical,st_upgr_o_magical,2
renegademerc_outfit,2,3,1,up_sect_secone_lcs_3,upgr_o_2_physical,st_upgr_o_physical,2
renegademerc_outfit,3,1,1,up_sect_thirda_lcs_3,upgr_o_1_utility,st_upgr_o_utility,1
renegademerc_outfit,3,2,1,up_sect_thirdc_lcs_3,upgr_o_2_magical,st_upgr_o_magical,2
renegademerc_outfit,3,3,1,up_sect_thirde_lcs_3,upgr_o_2_utility,st_upgr_o_utility,2
renegademerc_outfit,4,1,1,up_sect_fourta_lcs_3,upgr_o_1_utility,st_upgr_o_utility,1
renegademerc_outfit,4,2,1,up_sect_fourtc_lcs_3,upgr_o_2_physical,st_upgr_o_physical,2
scientific_outfit,1,1,1,up_sect_firsta_seva_1,upgr_o_1_physical,st_upgr_o_physical,1
scientific_outfit,1,2,1,up_sect_firstc_seva_1,upgr_o_2_physical,st_upgr_o_physical,2
scientific_outfit,1,2,2,up_sect_firstd_seva_1,upgr_o_2_physical,st_upgr_o_physical,2
scientific_outfit,1,3,1,up_sect_firste_seva_1,upgr_o_2_physical,st_upgr_o_physical,2
scientific_outfit,1,3,2,up_sect_firstf_seva_1,upgr_o_2_physical,st_upgr_o_physical,2
scientific_outfit,2,1,1,up_sect_secona_seva_1,upgr_o_1_physical,st_upgr_o_physical,1
scientific_outfit,2,2,1,up_sect_seconc_seva_1,upgr_o_2_magical,st_upgr_o_magical,2
scientific_outfit,2,2,2,up_sect_second_seva_1,upgr_o_2_magical,st_upgr_o_magical,2
scientific_outfit,2,3,1,up_sect_secone_seva_1,upgr_o_2_magical,st_upgr_o_magical,2
scientific_outfit,2,3,2,up_sect_seconf_seva_1,upgr_o_2_magical,st_upgr_o_magical,2
scientific_outfit,3,1,1,up_sect_thirda_seva_1,upgr_o_1_utility,st_upgr_o_utility,1
scientific_outfit,3,2,1,up_sect_thirdc_seva_1,upgr_o_2_utility,st_upgr_o_utility,2
scientific_outfit,3,2,2,up_sect_thirdd_seva_1,upgr_o_2_utility,st_upgr_o_utility,2
scientific_outfit,3,3,1,up_sect_thirde_seva_1,upgr_o_2_utility,st_upgr_o_utility,2
scientific_outfit,4,1,1,up_sect_fourta_seva_1,upgr_o_1_magical,st_upgr_o_magical,1
scientific_outfit,4,2,1,up_sect_fourtc_seva_1,upgr_o_2_magical,st_upgr_o_magical,2
scientific_outfit,4,3,1,up_sect_fourte_seva_1,upgr_o_2_utility,st_upgr_o_utility,2
specops_bandit_outfit,1,1,1,up_sect_firsta_berill_1,upgr_o_1_physical,st_upgr_o_physical,1
specops_bandit_outfit,1,2,1,up_sect_firstc_berill_1,upgr_o_2_physical,st_upgr_o_physical,2
specops_bandit_outfit,1,2,2,up_sect_firstd_berill_1,upgr_o_2_physical,st_upgr_o_physical,2
specops_bandit_outfit,1,3,1,up_sect_firste_berill_1,upgr_o_2_physical,st_upgr_o_physical,2
specops_bandit_outfit,1,3,2,up_sect_firstf_berill_1,upgr_o_2_physical,st_upgr_o_physical,2
specops_bandit_outfit,2,1,1,up_sect_secona_berill_1,upgr_o_1_physical,st_upgr_o_physical,1
specops_bandit_outfit,2,2,1,up_sect_seconc_berill_1,upgr_o_2_utility,st_upgr_o_utility,2
specops_bandit_outfit,2,2,2,up_sect_second_berill_1,upgr_o_2_magical,st_upgr_o_magical,2
specops_bandit_outfit,2,3,1,up_sect_secone_berill_1,upgr_o_2_magical,st_upgr_o_magical,2
specops_bandit_outfit,3,1,1,up_sect_thirda_berill_1,upgr_o_1_utility,st_upgr_o_utility,1
specops_bandit_outfit,3,2,1,up_sect_thirdc_berill_1,upgr_o_2_utility,st_upgr_o_utility,2
specops_bandit_outfit,3,3,1,up_sect_thirde_berill_1,upgr_o_2_utility,st_upgr_o_utility,2
specops_dolg_outfit,1,1,1,up_sect_firsta_berill_3,upgr_o_1_physical,st_upgr_o_physical,1
specops_dolg_outfit,1,2,1,up_sect_firstc_berill_3,upgr_o_2_physical,st_upgr_o_physical,2
specops_dolg_outfit,1,2,2,up_sect_firstd_berill_3,upgr_o_2_physical,st_upgr_o_physical,2
specops_dolg_outfit,1,3,1,up_sect_firste_berill_3,upgr_o_2_physical,st_upgr_o_physical,2
specops_dolg_outfit,1,3,2,up_sect_firstf_berill_3,upgr_o_2_physical,st_upgr_o_physical,2
specops_dolg_outfit,2,1,1,up_sect_secona_berill_3,upgr_o_1_magical,st_upgr_o_magical,1
specops_dolg_outfit,2,2,1,up_sect_seconc_berill_3,upgr_o_2_magical,st_upgr_o_magical,2
specops_dolg_outfit,2,2,2,up_sect_second_berill_3,upgr_o_2_magical,st_upgr_o_magical,2
specops_dolg_outfit,2,3,1,up_sect_secone_berill_3,upgr_o_2_utility,st_upgr_o_utility,2
specops_dolg_outfit,3,1,1,up_sect_thirda_berill_3,upgr_o_1_utility,st_upgr_o_utility,1
specops_dolg_outfit,3,2,1,up_sect_thirdc_berill_3,upgr_o_2_magical,st_upgr_o_magical,2
specops_dolg_outfit,3,3,1,up_sect_thirde_berill_3,upgr_o_2_utility,st_upgr_o_utility,2
specops_merc_outfit,1,1,1,up_sect_firsta_berill_2,upgr_o_1_physical,st_upgr_o_physical,1
specops_merc_outfit,1,2,1,up_sect_firstc_berill_2,upgr_o_2_physical,st_upgr_o_physical,2
specops_merc_outfit,1,2,2,up_sect_firstd_berill_2,upgr_o_2_physical,st_upgr_o_physical,2
specops_merc_outfit,1,3,1,up_sect_firste_berill_2,upgr_o_2_physical,st_upgr_o_physical,2
specops_merc_outfit,1,3,2,up_sect_firstf_berill_2,upgr_o_2_physical,st_upgr_o_physical,2
specops_merc_outfit,2,1,1,up_sect_secona_berill_2,upgr_o_1_magical,st_upgr_o_magical,1
specops_merc_outfit,2,2,1,up_sect_seconc_berill_2,upgr_o_2_magical,st_upgr_o_magical,2
specops_merc_outfit,2,2,2,up_sect_second_berill_2,upgr_o_2_magical,st_upgr_o_magical,2
specops_merc_outfit,2,3,1,up_sect_secone_berill_2,upgr_o_2_magical,st_upgr_o_magical,2
specops_merc_outfit,3,1,1,up_sect_thirda_berill_2,upgr_o_1_utility,st_upgr_o_utility,1
specops_merc_outfit,3,2,1,up_sect_thirdc_berill_2,upgr_o_2_utility,st_upgr_o_utility,2
specops_merc_outfit,3,3,1,up_sect_thirde_berill_2,upgr_o_2_utility,st_upgr_o_utility,2
specops_outfit,1,1,1,up_sect_firsta_berill_1,upgr_o_1_physical,st_upgr_o_physical,1
specops_outfit,1,2,1,up_sect_firstc_berill_1,upgr_o_2_physical,st_upgr_o_physical,2
specops_outfit,1,2,2,up_sect_firstd_berill_1,upgr_o_2_physical,st_upgr_o_physical,2
specops_outfit,1,3,1,up_sect_firste_berill_1,upgr_o_2_physical,st_upgr_o_physical,2
specops_outfit,1,3,2,up_sect_firstf_berill_1,upgr_o_2_physical,st_upgr_o_physical,2
specops_outfit,2,1,1,up_sect_secona_berill_1,upgr_o_1_physical,st_upgr_o_physical,1
specops_outfit,2,2,1,up_sect_seconc_berill_1,upgr_o_2_utility,st_upgr_o_utility,2
specops_outfit,2,2,2,up_sect_second_berill_1,upgr_o_2_magical,st_upgr_o_magical,2
specops_outfit,2,3,1,up_sect_secone_berill_1,upgr_o_2_magical,st_upgr_o_magical,2
specops_outfit,3,1,1,up_sect_thirda_berill_1,upgr_o_1_utility,st_upgr_o_utility,1
specops_outfit,3,2,1,up_sect_thirdc_berill_1,upgr_o_2_utility,st_upgr_o_utility,2
specops_outfit,3,3,1,up_sect_thirde_berill_1,upgr_o_2_utility,st_upgr_o_utility,2
stalker_autumn_outfit,1,1,1,up_sect_firsta_sunrise_2,upgr_o_1_utility,st_upgr_o_utility,1
stalker_autumn_outfit,1,2,1,up_sect_firstc_sunrise_2,upgr_o_1_physical,st_upgr_o_physical,1
stalker_autumn_outfit,1,2,2,up_sect_firstd_sunrise_2,upgr_o_1_physical,st_upgr_o_physical,1
stalker_autumn_outfit,1,3,1,up_sect_firste_sunrise_2,upgr_o_1_physical,st_upgr_o_physical,1
stalker_autumn_outfit,2,1,1,up_sect_secona_sunrise_2,upgr_o_1_magical,st_upgr_o_magical,1
stalker_autumn_outfit,2,2,1,up_sect_seconc_sunrise_2,upgr_o_1_magical,st_upgr_o_magical,1
stalker_autumn_outfit,2,2,2,up_sect_second_sunrise_2,upgr_o_1_magical,st_upgr_o_magical,1
stalker_autumn_outfit,2,3,1,up_sect_secone_sunrise_2,upgr_o_1_magical,st_upgr_o_magical,1
stalker_autumn_outfit,2,3,2,up_sect_seconf_sunrise_2,upgr_o_1_magical,st_upgr_o_magical,1
stalker_autumn_outfit,3,1,1,up_sect_thirda_sunrise_2,upgr_o_1_utility,st_upgr_o_utility,1
stalker_autumn_outfit,3,2,1,up_sect_thirdc_sunrise_2,upgr_o_1_utility,st_upgr_o_utility,1
stalker_autumn_outfit,3,2,2,up_sect_thirdd_sunrise_2,upgr_o_1_physical,st_upgr_o_physical,1
stalker_autumn_outfit,3,3,1,up_sect_thirde_sunrise_2,upgr_o_1_utility,st_upgr_o_utility,1
stalker_bear_outfit,1,1,1,up_sect_firsta_sunrise_2,upgr_o_1_utility,st_upgr_o_utility,1
stalker_bear_outfit,1,2,1,up_sect_firstc_sunrise_2,upgr_o_2_physical,st_upgr_o_physical,2
stalker_bear_outfit,1,2,2,up_sect_firstd_sunrise_2,upgr_o_2_physical,st_upgr_o_physical,2
stalker_bear_outfit,1,3,1,up_sect_firste_sunrise_2,upgr_o_2_physical,st_upgr_o_physical,2
stalker_bear_outfit,2,1,1,up_sect_secona_sunrise_2,upgr_o_1_magical,st_upgr_o_magical,1
stalker_bear_outfit,2,2,1,up_sect_seconc_sunrise_2,upgr_o_2_magical,st_upgr_o_magical,2
stalker_bear_outfit,2,2,2,up_sect_second_sunrise_2,upgr_o_2_magical,st_upgr_o_magical,2
stalker_bear_outfit,2,3,1,up_sect_secone_sunrise_2,upgr_o_2_magical,st_upgr_o_magical,2
stalker_bear_outfit,2,3,2,up_sect_seconf_sunrise_2,upgr_o_2_magical,st_upgr_o_magical,2
stalker_bear_outfit,3,1,1,up_sect_thirda_sunrise_2,upgr_o_1_utility,st_upgr_o_utility,1
stalker_bear_outfit,3,2,1,up_sect_thirdc_sunrise_2,upgr_o_2_utility,st_upgr_o_utility,2
stalker_bear_outfit,3,2,2,up_sect_thirdd_sunrise_2,upgr_o_2_physical,st_upgr_o_physical,2
stalker_bear_outfit,3,3,1,up_sect_thirde_sunrise_2,upgr_o_2_utility,st_upgr_o_utility,2
stalker_drought_outfit,1,1,1,up_sect_firsta_sunrise_1,upgr_o_1_physical,st_upgr_o_physical,1
stalker_drought_outfit,1,2,1,up_sect_firstc_sunrise_1,upgr_o_2_physical,st_upgr_o_physical,2
stalker_drought_outfit,1,2,2,up_sect_firstd_sunrise_1,upgr_o_2_utility,st_upgr_o_utility,2
stalker_drought_outfit,1,3,1,up_sect_firste_sunrise_1,upgr_o_2_physical,st_upgr_o_physical,2
stalker_drought_outfit,2,1,1,up_sect_secona_sunrise_1,upgr_o_1_physical,st_upgr_o_physical,1
stalker_drought_outfit,2,2,1,up_sect_seconc_sunrise_1,upgr_o_2_magical,st_upgr_o_magical,2
stalker_drought_outfit,2,2,2,up_sect_second_sunrise_1,upgr_o_2_magical,st_upgr_o_magical,2
stalker_drought_outfit,2,3,1,up_sect_secone_sunrise_1,upgr_o_2_magical,st_upgr_o_magical,2
stalker_drought_outfit,2,3,2,up_sect_seconf_sunrise_1,upgr_o_2_magical,st_upgr_o_magical,2
stalker_drought_outfit,3,1,1,up_sect_thirda_sunrise_1,upgr_o_1_magical,st_upgr_o_magical,1
stalker_drought_outfit,3,2,1,up_sect_thirdc_sunrise_1,upgr_o_2_utility,st_upgr_o_utility,2
stalker_drought_outfit,3,2,2,up_sect_thirdd_sunrise_1,upgr_o_2_utility,st_upgr_o_utility,2
stalker_drought_outfit,3,3,1,up_sect_thirde_sunrise_1,upgr_o_2_utility,st_upgr_o_utility,2
stalker_graphite_outfit,1,1,1,up_sect_firsta_sunrise_1,upgr_o_1_physical,st_upgr_o_physical,1
stalker_graphite_outfit,1,2,1,up_sect_firstc_sunrise_1,upgr_o_2_physical,st_upgr_o_physical,2
stalker_graphite_outfit,1,2,2,up_sect_firstd_sunrise_1,upgr_o_2_utility,st_upgr_o_utility,2
stalker_graphite_outfit,1,3,1,up_sect_firste_sunrise_1,upgr_o_2_physical,st_upgr_o_physical,2
stalker_graphite_outfit,2,1,1,up_sect_secona_sunrise_1,upgr_o_1_physical,st_upgr_o_physical,1
stalker_graphite_outfit,2,2,1,up_sect_seconc_sunrise_1,upgr_o_2_magical,st_upgr_o_magical,2
stalker_graphite_outfit,2,2,2,up_sect_second_sunrise_1,upgr_o_2_magical,st_upgr_o_magical,2
stalker_graphite_outfit,2,3,1,up_sect_secone_sunrise_1,upgr_o_2_magical,st_upgr_o_magical,2
stalker_graphite_outfit,2,3,2,up_sect_seconf_sunrise_1,upgr_o_2_magical,st_upgr_o_magical,2
stalker_graphite_outfit,3,1,1,up_sect_thirda_sunrise_1,upgr_o_1_magical,st_upgr_o_magical,1
stalker_graphite_outfit,3,2,1,up_sect_thirdc_sunrise_1,upgr_o_2_utility,st_upgr_o_utility,2
stalker_graphite_outfit,3,2,2,up_sect_thirdd_sunrise_1,upgr_o_2_utility,st_upgr_o_utility,2
stalker_graphite_outfit,3,3,1,up_sect_thirde_sunrise_1,upgr_o_2_utility,st_upgr_o_utility,2
stalker_outfit,1,1,1,up_sect_firsta_sunrise_3,upgr_o_1_utility,st_upgr_o_utility,1
stalker_outfit,1,2,1,up_sect_firstc_sunrise_3,upgr_o_1_physical,st_upgr_o_physical,1
stalker_outfit,1,2,2,up_sect_firstd_sunrise_3,upgr_o_1_physical,st_upgr_o_physical,1
stalker_outfit,1,3,1,up_sect_firste_sunrise_3,upgr_o_1_physical,st_upgr_o_physical,1
stalker_outfit,2,1,1,up_sect_secona_sunrise_3,upgr_o_1_magical,st_upgr_o_magical,1
stalker_outfit,2,2,1,up_sect_seconc_sunrise_3,upgr_o_1_magical,st_upgr_o_magical,1
stalker_outfit,2,2,2,up_sect_second_sunrise_3,upgr_o_1_magical,st_upgr_o_magical,1
stalker_outfit,2,3,1,up_sect_secone_sunrise_3,upgr_o_1_magical,st_upgr_o_magical,1
stalker_outfit,2,3,2,up_sect_seconf_sunrise_3,upgr_o_1_magical,st_upgr_o_magical,1
stalker_outfit,3,1,1,up_sect_thirda_sunrise_3,upgr_o_1_utility,st_upgr_o_utility,1
stalker_outfit,3,2,1,up_sect_thirdc_sunrise_3,upgr_o_1_utility,st_upgr_o_utility,1
stalker_outfit,3,2,2,up_sect_thirdd_sunrise_3,upgr_o_1_utility,st_upgr_o_utility,1
stalker_outfit,3,3,1,up_sect_thirde_sunrise_3,upgr_o_1_utility,st_upgr_o_utility,1
stalker_predator_outfit,1,1,1,up_sect_firsta_sunrise_3,upgr_o_1_utility,st_upgr_o_utility,1
stalker_predator_outfit,1,2,1,up_sect_firstc_sunrise_3,upgr_o_1_physical,st_upgr_o_physical,1
stalker_predator_outfit,1,2,2,up_sect_firstd_sunrise_3,upgr_o_1_physical,st_upgr_o_physical,1
stalker_predator_outfit,1,3,1,up_sect_firste_sunrise_3,upgr_o_1_physical,st_upgr_o_physical,1
stalker_predator_outfit,2,1,1,up_sect_secona_sunrise_3,upgr_o_1_magical,st_upgr_o_magical,1
stalker_predator_outfit,2,2,1,up_sect_seconc_sunrise_3,upgr_o_1_magical,st_upgr_o_magical,1
stalker_predator_outfit,2,2,2,up_sect_second_sunrise_3,upgr_o_1_magical,st_upgr_o_magical,1
stalker_predator_outfit,2,3,1,up_sect_secone_sunrise_3,upgr_o_1_magical,st_upgr_o_magical,1
stalker_predator_outfit,2,3,2,up_sect_seconf_sunrise_3,upgr_o_1_magical,st_upgr_o_magical,1
stalker_predator_outfit,3,1,1,up_sect_thirda_sunrise_3,upgr_o_1_utility,st_upgr_o_utility,1
stalker_predator_outfit,3,2,1,up_sect_thirdc_sunrise_3,upgr_o_1_utility,st_upgr_o_utility,1
stalker_predator_outfit,3,2,2,up_sect_thirdd_sunrise_3,upgr_o_1_utility,st_upgr_o_utility,1
stalker_predator_outfit,3,3,1,up_sect_thirde_sunrise_3,upgr_o_1_utility,st_upgr_o_utility,1
stalker_proto_exo_outfit,1,1,1,up_sect_firsta_sunrise_3,upgr_o_2_utility,st_upgr_o_utility,2
stalker_proto_exo_outfit,1,2,1,up_sect_firstc_sunrise_3,upgr_o_2_physical,st_upgr_o_physical,2
stalker_proto_exo_outfit,1,2,2,up_sect_firstd_sunrise_3,upgr_o_2_physical,st_upgr_o_physical,2
stalker_proto_exo_outfit,1,3,1,up_sect_firste_sunrise_3,upgr_o_3_physical,st_upgr_o_physical,3
stalker_proto_exo_outfit,2,1,1,up_sect_secona_sunrise_3,upgr_o_2_magical,st_upgr_o_magical,2
stalker_proto_exo_outfit,2,2,1,up_sect_seconc_sunrise_3,upgr_o_2_magical,st_upgr_o_magical,2
stalker_proto_exo_outfit,2,2,2,up_sect_second_sunrise_3,upgr_o_2_magical,st_upgr_o_magical,2
stalker_proto_exo_outfit,2,3,1,up_sect_secone_sunrise_3,upgr_o_3_magical,st_upgr_o_magical,3
stalker_proto_exo_outfit,2,3,2,up_sect_seconf_sunrise_3,upgr_o_3_magical,st_upgr_o_magical,3
stalker_proto_exo_outfit,3,1,1,up_sect_thirda_sunrise_3,upgr_o_2_utility,st_upgr_o_utility,2
stalker_proto_exo_outfit,3,2,1,up_sect_thirdc_sunrise_3,upgr_o_2_utility,st_upgr_o_utility,2
stalker_proto_exo_outfit,3,2,2,up_sect_thirdd_sunrise_3,upgr_o_2_utility,st_upgr_o_utility,2
stalker_proto_exo_outfit,3,3,1,up_sect_thirde_sunrise_3,upgr_o_3_utility,st_upgr_o_utility,3
stalker_proto_exo_outfit,4,1,1,up_sect_fourta_sunrise_proto_1,upgr_o_2_utility,st_upgr_o_utility,2
stalker_proto_exo_outfit,4,2,1,up_sect_fourtc_sunrise_proto_1,upgr_o_2_utility,st_upgr_o_utility,2
stalker_salamander_outfit,1,1,1,up_sect_firsta_sunrise_3,upgr_o_1_utility,st_upgr_o_utility,1
stalker_salamander_outfit,1,2,1,up_sect_firstc_sunrise_3,upgr_o_1_physical,st_upgr_o_physical,1
stalker_salamander_outfit,1,2,2,up_sect_firstd_sunrise_3,upgr_o_1_physical,st_upgr_o_physical,1
stalker_salamander_outfit,1,3,1,up_sect_firste_sunrise_3,upgr_o_1_physical,st_upgr_o_physical,1
stalker_salamander_outfit,2,1,1,up_sect_secona_sunrise_3,upgr_o_1_magical,st_upgr_o_magical,1
stalker_salamander_outfit,2,2,1,up_sect_seconc_sunrise_3,upgr_o_1_magical,st_upgr_o_magical,1
stalker_salamander_outfit,2,2,2,up_sect_second_sunrise_3,upgr_o_1_magical,st_upgr_o_magical,1
stalker_salamander_outfit,2,3,1,up_sect_secone_sunrise_3,upgr_o_1_magical,st_upgr_o_magical,1
stalker_salamander_outfit,2,3,2,up_sect_seconf_sunrise_3,upgr_o_1_magical,st_upgr_o_magical,1
stalker_salamander_outfit,3,1,1,up_sect_thirda_sunrise_3,upgr_o_1_utility,st_upgr_o_utility,1
stalker_salamander_outfit,3,2,1,up_sect_thirdc_sunrise_3,upgr_o_1_utility,st_upgr_o_utility,1
stalker_salamander_outfit,3,2,2,up_sect_thirdd_sunrise_3,upgr_o_1_utility,st_upgr_o_utility,1
stalker_salamander_outfit,3,3,1,up_sect_thirde_sunrise_3,upgr_o_1_utility,st_upgr_o_utility,1
stalker_tigerstripe_outfit,1,1,1,up_sect_firsta_sunrise_1,upgr_o_1_physical,st_upgr_o_physical,1
stalker_tigerstripe_outfit,1,2,1,up_sect_firstc_sunrise_1,upgr_o_2_physical,st_upgr_o_physical,2
stalker_tigerstripe_outfit,1,2,2,up_sect_firstd_sunrise_1,upgr_o_2_utility,st_upgr_o_utility,2
stalker_tigerstripe_outfit,1,3,1,up_sect_firste_sunrise_1,upgr_o_2_physical,st_upgr_o_physical,2
stalker_tigerstripe_outfit,2,1,1,up_sect_secona_sunrise_1,upgr_o_1_physical,st_upgr_o_physical,1
stalker_tigerstripe_outfit,2,2,1,up_sect_seconc_sunrise_1,upgr_o_2_magical,st_upgr_o_magical,2
stalker_tigerstripe_outfit,2,2,2,up_sect_second_sunrise_1,upgr_o_2_magical,st_upgr_o_magical,2
stalker_tigerstripe_outfit,2,3,1,up_sect_secone_sunrise_1,upgr_o_2_magical,st_upgr_o_magical,2
stalker_tigerstripe_outfit,2,3,2,up_sect_seconf_sunrise_1,upgr_o_2_magical,st_upgr_o_magical,2
stalker_tigerstripe_outfit,3,1,1,up_sect_thirda_sunrise_1,upgr_o_1_magical,st_upgr_o_magical,1
stalker_tigerstripe_outfit,3,2,1,up_sect_thirdc_sunrise_1,upgr_o_2_utility,st_upgr_o_utility,2
stalker_tigerstripe_outfit,3,2,2,up_sect_thirdd_sunrise_1,upgr_o_2_utility,st_upgr_o_utility,2
stalker_tigerstripe_outfit,3,3,1,up_sect_thirde_sunrise_1,upgr_o_2_utility,st_upgr_o_utility,2
svoboda_exo_outfit,1,1,1,up_sect_firsta_exolight_2,upgr_o_3_physical,st_upgr_o_physical,3
svoboda_exo_outfit,1,2,1,up_sect_firstc_exolight_2,upgr_o_3_physical,st_upgr_o_physical,3
svoboda_exo_outfit,1,2,2,up_sect_firstd_exolight_2,upgr_o_3_physical,st_upgr_o_physical,3
svoboda_exo_outfit,1,3,1,up_sect_firste_exolight_2,upgr_o_3_physical,st_upgr_o_physical,3
svoboda_exo_outfit,1,3,2,up_sect_firstf_exolight_2,upgr_o_3_physical,st_upgr_o_physical,3
svoboda_exo_outfit,2,1,1,up_sect_secona_exolight_2,upgr_o_3_magical,st_upgr_o_magical,3
svoboda_exo_outfit,2,2,1,up_sect_seconc_exolight_2,upgr_o_3_magical,st_upgr_o_magical,3
svoboda_exo_outfit,2,2,2,up_sect_second_exolight_2,upgr_o_3_magical,st_upgr_o_magical,3
svoboda_exo_outfit,2,3,1,up_sect_secone_exolight_2,upgr_o_3_magical,st_upgr_o_magical,3
svoboda_exo_outfit,2,3,2,up_sect_seconf_exolight_2,upgr_o_3_magical,st_upgr_o_magical,3
svoboda_exo_outfit,3,1,1,up_sect_thirda_exolight_2,upgr_o_3_utility,st_upgr_o_utility,3
svoboda_exo_outfit,3,2,1,up_sect_thirdc_exolight_2,upgr_o_3_utility,st_upgr_o_utility,3
svoboda_exo_outfit,3,3,1,up_sect_thirde_exolight_2,upgr_o_3_physical,st_upgr_o_physical,3
svoboda_exo_outfit,4,1,1,up_sect_fourta_exolight_2,upgr_o_3_utility,st_upgr_o_utility,3
svoboda_exo_outfit,4,2,1,up_sect_fourtc_exolight_2,upgr_o_3_physical,st_upgr_o_physical,3
svoboda_exo_outfit,4,2,2,up_sect_fourtd_exolight_2,upgr_o_3_utility,st_upgr_o_utility,3
svoboda_exo_outfit,4,3,1,up_sect_fourte_exolight_2,upgr_o_3_utility,st_upgr_o_utility,3
svoboda_exo_outfit,4,3,2,up_sect_fourtf_exolight_2,upgr_o_3_magical,st_upgr_o_magical,3
svoboda_exo_outfit,5,1,1,up_sect_fiftha_exo_2,upgr_o_3_magical,st_upgr_o_magical,3
svoboda_exo_outfit,5,2,1,up_sect_fifthc_exo_2,upgr_o_3_utility,st_upgr_o_utility,3
svoboda_exo_outfit,5,2,2,up_sect_fifthd_exo_2,upgr_o_3_magical,st_upgr_o_magical,3
svoboda_exo_outfit,5,3,1,up_sect_fifthe_exo_2,upgr_o_3_utility,st_upgr_o_utility,3
svoboda_exolight_outfit,1,1,1,up_sect_firsta_exolight_2,upgr_o_2_physical,st_upgr_o_physical,2
svoboda_exolight_outfit,1,2,1,up_sect_firstc_exolight_2,upgr_o_2_physical,st_upgr_o_physical,2
svoboda_exolight_outfit,1,2,2,up_sect_firstd_exolight_2,upgr_o_2_physical,st_upgr_o_physical,2
svoboda_exolight_outfit,1,3,1,up_sect_firste_exolight_2,upgr_o_3_physical,st_upgr_o_physical,3
svoboda_exolight_outfit,1,3,2,up_sect_firstf_exolight_2,upgr_o_3_physical,st_upgr_o_physical,3
svoboda_exolight_outfit,2,1,1,up_sect_secona_exolight_2,upgr_o_2_magical,st_upgr_o_magical,2
svoboda_exolight_outfit,2,2,1,up_sect_seconc_exolight_2,upgr_o_2_magical,st_upgr_o_magical,2
svoboda_exolight_outfit,2,2,2,up_sect_second_exolight_2,upgr_o_2_magical,st_upgr_o_magical,2
svoboda_exolight_outfit,2,3,1,up_sect_secone_exolight_2,upgr_o_3_magical,st_upgr_o_magical,3
svoboda_exolight_outfit,2,3,2,up_sect_seconf_exolight_2,upgr_o_3_magical,st_upgr_o_magical,3
svoboda_exolight_outfit,3,1,1,up_sect_thirda_exolight_2,upgr_o_2_utility,st_upgr_o_utility,2
svoboda_exolight_outfit,3,2,1,up_sect_thirdc_exolight_2,upgr_o_2_utility,st_upgr_o_utility,2
svoboda_exolight_outfit,3,3,1,up_sect_thirde_exolight_2,upgr_o_3_physical,st_upgr_o_physical,3
svoboda_exolight_outfit,4,1,1,up_sect_fourta_exolight_2,upgr_o_2_utility,st_upgr_o_utility,2
svoboda_exolight_outfit,4,2,1,up_sect_fourtc_exolight_2,upgr_o_2_physical,st_upgr_o_physical,2
svoboda_exolight_outfit,4,2,2,up_sect_fourtd_exolight_2,upgr_o_2_utility,st_upgr_o_utility,2
svoboda_exolight_outfit,4,3,1,up_sect_fourte_exolight_2,upgr_o_3_utility,st_upgr_o_utility,3
svoboda_exolight_outfit,4,3,2,up_sect_fourtf_exolight_2,upgr_o_3_magical,st_upgr_o_magical,3
svoboda_heavy_outfit,1,1,1,up_sect_firsta_berill_3,upgr_o_1_physical,st_upgr_o_physical,1
svoboda_heavy_outfit,1,2,1,up_sect_firstc_berill_3,upgr_o_2_physical,st_upgr_o_physical,2
svoboda_heavy_outfit,1,2,2,up_sect_firstd_berill_3,upgr_o_2_physical,st_upgr_o_physical,2
svoboda_heavy_outfit,1,3,1,up_sect_firste_berill_3,upgr_o_2_physical,st_upgr_o_physical,2
svoboda_heavy_outfit,1,3,2,up_sect_firstf_berill_3,upgr_o_2_physical,st_upgr_o_physical,2
svoboda_heavy_outfit,2,1,1,up_sect_secona_berill_3,upgr_o_1_magical,st_upgr_o_magical,1
svoboda_heavy_outfit,2,2,1,up_sect_seconc_berill_3,upgr_o_2_magical,st_upgr_o_magical,2
svoboda_heavy_outfit,2,2,2,up_sect_second_berill_3,upgr_o_2_magical,st_upgr_o_magical,2
svoboda_heavy_outfit,2,3,1,up_sect_secone_berill_3,upgr_o_2_utility,st_upgr_o_utility,2
svoboda_heavy_outfit,3,1,1,up_sect_thirda_berill_3,upgr_o_1_utility,st_upgr_o_utility,1
svoboda_heavy_outfit,3,2,1,up_sect_thirdc_berill_3,upgr_o_2_magical,st_upgr_o_magical,2
svoboda_heavy_outfit,3,3,1,up_sect_thirde_berill_3,upgr_o_2_utility,st_upgr_o_utility,2
svoboda_heavy_outfit_2,1,1,1,up_sect_firsta_ps5_3,upgr_o_1_physical,st_upgr_o_physical,1
svoboda_heavy_outfit_2,1,2,1,up_sect_firstc_ps5_3,upgr_o_2_physical,st_upgr_o_physical,2
svoboda_heavy_outfit_2,1,3,1,up_sect_firste_ps5_3,upgr_o_2_physical,st_upgr_o_physical,2
svoboda_heavy_outfit_2,1,3,2,up_sect_firstf_ps5_3,upgr_o_2_physical,st_upgr_o_physical,2
svoboda_heavy_outfit_2,2,1,1,up_sect_secona_ps5_3,upgr_o_1_physical,st_upgr_o_physical,1
svoboda_heavy_outfit_2,2,2,1,up_sect_seconc_ps5_3,upgr_o_2_physical,st_upgr_o_physical,2
svoboda_heavy_outfit_2,2,2,2,up_sect_second_ps5_3,upgr_o_2_utility,st_upgr_o_utility,2
svoboda_heavy_outfit_2,2,3,1,up_sect_secone_ps5_3,upgr_o_2_physical,st_upgr_o_physical,2
svoboda_heavy_outfit_2,3,1,1,up_sect_thirda_ps5_3,upgr_o_1_utility,st_upgr_o_utility,1
svoboda_heavy_outfit_2,3,2,1,up_sect_thirdc_ps5_3,upgr_o_2_utility,st_upgr_o_utility,2
svoboda_heavy_outfit_2,3,3,1,up_sect_thirde_ps5_3,upgr_o_2_utility,st_upgr_o_utility,2
svoboda_light_outfit,1,1,1,up_sect_firsta_sts_2,upgr_o_1_physical,st_upgr_o_physical,1
svoboda_light_outfit,1,2,1,up_sect_firstc_sts_2,upgr_o_2_physical,st_upgr_o_physical,2
svoboda_light_outfit,1,3,1,up_sect_firste_sts_2,upgr_o_2_physical,st_upgr_o_physical,2
svoboda_light_outfit,1,3,2,up_sect_firstf_sts_2,upgr_o_2_physical,st_upgr_o_physical,2
svoboda_light_outfit,2,1,1,up_sect_secona_sts_2,upgr_o_1_magical,st_upgr_o_magical,1
svoboda_light_outfit,2,2,1,up_sect_seconc_sts_2,upgr_o_2_magical,st_upgr_o_magical,2
svoboda_light_outfit,2,2,2,up_sect_second_sts_2,upgr_o_2_magical,st_upgr_o_magical,2
svoboda_light_outfit,2,3,1,up_sect_secone_sts_2,upgr_o_2_magical,st_upgr_o_magical,2
svoboda_light_outfit,2,3,2,up_sect_seconf_sts_2,upgr_o_2_magical,st_upgr_o_magical,2
svoboda_light_outfit,3,1,1,up_sect_thirda_sts_2,upgr_o_1_physical,st_upgr_o_physical,1
svoboda_light_outfit,3,2,1,up_sect_thirdc_sts_2,upgr_o_2_utility,st_upgr_o_utility,2
svoboda_light_outfit,3,2,2,up_sect_thirdd_sts_2,upgr_o_2_physical,st_upgr_o_physical,2
svoboda_light_outfit,3,3,1,up_sect_thirde_sts_2,upgr_o_2_utility,st_upgr_o_utility,2
svoboda_light_proto_exo_outfit,1,1,1,up_sect_firsta_sts_1,upgr_o_2_physical,st_upgr_o_physical,2
svoboda_light_proto_exo_outfit,1,2,1,up_sect_firstc_sts_1,upgr_o_2_physical,st_upgr_o_physical,2
svoboda_light_proto_exo_outfit,1,3,1,up_sect_firste_sts_1,upgr_o_3_physical,st_upgr_o_physical,3
svoboda_light_proto_exo_outfit,1,3,2,up_sect_firstf_sts_1,upgr_o_3_physical,st_upgr_o_physical,3
svoboda_light_proto_exo_outfit,2,1,1,up_sect_secona_sts_1,upgr_o_2_physical,st_upgr_o_physical,2
svoboda_light_proto_exo_outfit,2,2,1,up_sect_seconc_sts_1,upgr_o_2_magical,st_upgr_o_magical,2
svoboda_light_proto_exo_outfit,2,2,2,up_sect_second_sts_1,upgr_o_2_magical,st_upgr_o_magical,2
svoboda_light_proto_exo_outfit,2,3,1,up_sect_secone_sts_1,upgr_o_3_magical,st_upgr_o_magical,3
svoboda_light_proto_exo_outfit,2,3,2,up_sect_seconf_sts_1,upgr_o_3_magical,st_upgr_o_magical,3
svoboda_light_proto_exo_outfit,3,1,1,up_sect_thirda_sts_1,upgr_o_2_magical,st_upgr_o_magical,2
svoboda_light_proto_exo_outfit,3,2,1,up_sect_thirdc_sts_1,upgr_o_2_utility,st_upgr_o_utility,2
svoboda_light_proto_exo_outfit,3,2,2,up_sect_thirdd_sts_1,upgr_o_2_utility,st_upgr_o_utility,2
svoboda_light_proto_exo_outfit,3,3,1,up_sect_thirde_sts_1,upgr_o_3_utility,st_upgr_o_utility,3
svoboda_light_proto_exo_outfit,4,1,1,up_sect_fourta_sts_proto_1,upgr_o_2_utility,st_upgr_o_utility,2
svoboda_light_proto_exo_outfit,4,2,1,up_sect_fourtc_sts_proto_1,upgr_o_2_utility,st_upgr_o_utility,2
svoboda_novice_outfit,1,1,1,up_sect_firsta_novice_1,upgr_o_1_physical,st_upgr_o_physical,1
svoboda_novice_outfit,1,2,1,up_sect_firstc_novice_1,upgr_o_1_physical,st_upgr_o_physical,1
svoboda_novice_outfit,1,3,1,up_sect_firste_novice_1,upgr_o_1_physical,st_upgr_o_physical,1
svoboda_novice_outfit,2,1,1,up_sect_secona_novice_1,upgr_o_1_magical,st_upgr_o_magical,1
svoboda_novice_outfit,2,2,1,up_sect_seconc_novice_1,upgr_o_1_magical,st_upgr_o_magical,1
svoboda_novice_outfit,2,2,2,up_sect_second_novice_1,upgr_o_1_magical,st_upgr_o_magical,1
svoboda_novice_outfit,3,1,1,up_sect_thirda_novice_1,upgr_o_1_utility,st_upgr_o_utility,1
svoboda_scientific_outfit,1,1,1,up_sect_firsta_seva_2,upgr_o_1_physical,st_upgr_o_physical,1
svoboda_scientific_outfit,1,2,1,up_sect_firstc_seva_2,upgr_o_2_physical,st_upgr_o_physical,2
svoboda_scientific_outfit,1,2,2,up_sect_firstd_seva_2,upgr_o_2_physical,st_upgr_o_physical,2
svoboda_scientific_outfit,1,3,1,up_sect_firste_seva_2,upgr_o_2_physical,st_upgr_o_physical,2
svoboda_scientific_outfit,1,3,2,up_sect_firstf_seva_2,upgr_o_2_physical,st_upgr_o_physical,2
svoboda_scientific_outfit,2,1,1,up_sect_secona_seva_2,upgr_o_1_magical,st_upgr_o_magical,1
svoboda_scientific_outfit,2,2,1,up_sect_seconc_seva_2,upgr_o_2_magical,st_upgr_o_magical,2
svoboda_scientific_outfit,2,2,2,up_sect_second_seva_2,upgr_o_2_magical,st_upgr_o_magical,2
svoboda_scientific_outfit,2,3,1,up_sect_secone_seva_2,upgr_o_2_magical,st_upgr_o_magical,2
svoboda_scientific_outfit,2,3,2,up_sect_seconf_seva_2,upgr_o_2_magical,st_upgr_o_magical,2
svoboda_scientific_outfit,3,1,1,up_sect_thirda_seva_2,upgr_o_1_utility,st_upgr_o_utility,1
svoboda_scientific_outfit,3,2,1,up_sect_thirdc_seva_2,upgr_o_2_magical,st_upgr_o_magical,2
svoboda_scientific_outfit,3,2,2,up_sect_thirdd_seva_2,upgr_o_2_utility,st_upgr_o_utility,2
svoboda_scientific_outfit,3,3,1,up_sect_thirde_seva_2,upgr_o_2_utility,st_upgr_o_utility,2
svoboda_scientific_outfit,4,1,1,up_sect_fourta_seva_2,upgr_o_1_magical,st_upgr_o_magical,1
svoboda_scientific_outfit,4,2,1,up_sect_fourtc_seva_2,upgr_o_2_magical,st_upgr_o_magical,2
svoboda_scientific_outfit,4,3,1,up_sect_fourte_seva_2,upgr_o_2_utility,st_upgr_o_utility,2
travel_outfit,1,1,1,up_sect_firsta_novice_1,upgr_o_1_physical,st_upgr_o_physical,1
travel_outfit,1,2,1,up_sect_firstc_novice_1,upgr_o_1_physical,st_upgr_o_physical,1
travel_outfit,1,3,1,up_sect_firste_novice_1,upgr_o_1_physical,st_upgr_o_physical,1
travel_outfit,2,1,1,up_sect_secona_novice_1,upgr_o_1_magical,st_upgr_o_magical,1
travel_outfit,2,2,1,up_sect_seconc_novice_1,upgr_o_1_magical,st_upgr_o_magical,1
travel_outfit,2,2,2,up_sect_second_novice_1,upgr_o_1_magical,st_upgr_o_magical,1
travel_outfit,3,1,1,up_sect_thirda_novice_1,upgr_o_1_utility,st_upgr_o_utility,1
trenchcoat_brown_outfit,1,1,1,up_sect_firsta_ps5_1,upgr_o_1_physical,st_upgr_o_physical,1
trenchcoat_brown_outfit,1,2,1,up_sect_firstc_ps5_1,upgr_o_2_physical,st_upgr_o_physical,2
trenchcoat_brown_outfit,1,3,1,up_sect_firste_ps5_1,upgr_o_2_physical,st_upgr_o_physical,2
trenchcoat_brown_outfit,1,3,2,up_sect_firstf_ps5_1,upgr_o_2_physical,st_upgr_o_physical,2
trenchcoat_brown_outfit,2,1,1,up_sect_secona_ps5_1,upgr_o_1_physical,st_upgr_o_physical,1
trenchcoat_brown_outfit,2,2,1,up_sect_seconc_ps5_1,upgr_o_2_physical,st_upgr_o_physical,2
trenchcoat_brown_outfit,2,2,2,up_sect_second_ps5_1,upgr_o_2_utility,st_upgr_o_utility,2
trenchcoat_brown_outfit,2,3,1,up_sect_secone_ps5_1,upgr_o_2_physical,st_upgr_o_physical,2
trenchcoat_brown_outfit,3,1,1,up_sect_thirda_ps5_1,upgr_o_1_utility,st_upgr_o_utility,1
trenchcoat_brown_outfit,3,2,1,up_sect_thirdc_ps5_1,upgr_o_2_utility,st_upgr_o_utility,2
trenchcoat_brown_outfit,3,3,1,up_sect_thirde_ps5_1,upgr_o_2_utility,st_upgr_o_utility,2
trenchcoat_dolg_brown_outfit,1,1,1,up_sect_firsta_ps5_1,upgr_o_1_physical,st_upgr_o_physical,1
trenchcoat_dolg_brown_outfit,1,2,1,up_sect_firstc_ps5_1,upgr_o_2_physical,st_upgr_o_physical,2
trenchcoat_dolg_brown_outfit,1,3,1,up_sect_firste_ps5_1,upgr_o_2_physical,st_upgr_o_physical,2
trenchcoat_dolg_brown_outfit,1,3,2,up_sect_firstf_ps5_1,upgr_o_2_physical,st_upgr_o_physical,2
trenchcoat_dolg_brown_outfit,2,1,1,up_sect_secona_ps5_1,upgr_o_1_physical,st_upgr_o_physical,1
trenchcoat_dolg_brown_outfit,2,2,1,up_sect_seconc_ps5_1,upgr_o_2_physical,st_upgr_o_physical,2
trenchcoat_dolg_brown_outfit,2,2,2,up_sect_second_ps5_1,upgr_o_2_utility,st_upgr_o_utility,2
trenchcoat_dolg_brown_outfit,2,3,1,up_sect_secone_ps5_1,upgr_o_2_physical,st_upgr_o_physical,2
trenchcoat_dolg_brown_outfit,3,1,1,up_sect_thirda_ps5_1,upgr_o_1_utility,st_upgr_o_utility,1
trenchcoat_dolg_brown_outfit,3,2,1,up_sect_thirdc_ps5_1,upgr_o_2_utility,st_upgr_o_utility,2
trenchcoat_dolg_brown_outfit,3,3,1,up_sect_thirde_ps5_1,upgr_o_2_utility,st_upgr_o_utility,2
trenchcoat_freedom_brown_outfit,1,1,1,up_sect_firsta_sts_1,upgr_o_1_physical,st_upgr_o_physical,1
trenchcoat_freedom_brown_outfit,1,2,1,up_sect_firstc_sts_1,upgr_o_1_physical,st_upgr_o_physical,1
trenchcoat_freedom_brown_outfit,1,3,1,up_sect_firste_sts_1,upgr_o_1_physical,st_upgr_o_physical,1
trenchcoat_freedom_brown_outfit,1,3,2,up_sect_firstf_sts_1,upgr_o_1_physical,st_upgr_o_physical,1
trenchcoat_freedom_brown_outfit,2,1,1,up_sect_secona_sts_1,upgr_o_1_physical,st_upgr_o_physical,1
trenchcoat_freedom_brown_outfit,2,2,1,up_sect_seconc_sts_1,upgr_o_1_magical,st_upgr_o_magical,1
trenchcoat_freedom_brown_outfit,2,2,2,up_sect_second_sts_1,upgr_o_1_magical,st_upgr_o_magical,1
trenchcoat_freedom_brown_outfit,2,3,1,up_sect_secone_sts_1,upgr_o_1_magical,st_upgr_o_magical,1
trenchcoat_freedom_brown_outfit,2,3,2,up_sect_seconf_sts_1,upgr_o_1_magical,st_upgr_o_magical,1
trenchcoat_freedom_brown_outfit,3,1,1,up_sect_thirda_sts_1,upgr_o_1_magical,st_upgr_o_magical,1
trenchcoat_freedom_brown_outfit,3,2,1,up_sect_thirdc_sts_1,upgr_o_1_utility,st_upgr_o_utility,1
trenchcoat_freedom_brown_outfit,3,2,2,up_sect_thirdd_sts_1,upgr_o_1_utility,st_upgr_o_utility,1
trenchcoat_freedom_brown_outfit,3,3,1,up_sect_thirde_sts_1,upgr_o_1_utility,st_upgr_o_utility,1
trenchcoat_green_outfit,1,1,1,up_sect_firsta_ps5_1,upgr_o_1_physical,st_upgr_o_physical,1
trenchcoat_green_outfit,1,2,1,up_sect_firstc_ps5_1,upgr_o_1_physical,st_upgr_o_physical,1
trenchcoat_green_outfit,1,3,1,up_sect_firste_ps5_1,upgr_o_1_physical,st_upgr_o_physical,1
trenchcoat_green_outfit,1,3,2,up_sect_firstf_ps5_1,upgr_o_1_physical,st_upgr_o_physical,1
trenchcoat_green_outfit,2,1,1,up_sect_secona_ps5_1,upgr_o_1_physical,st_upgr_o_physical,1
trenchcoat_green_outfit,2,2,1,up_sect_seconc_ps5_1,upgr_o_1_physical,st_upgr_o_physical,1
trenchcoat_green_outfit,2,2,2,up_sect_second_ps5_1,upgr_o_1_utility,st_upgr_o_utility,1
trenchcoat_green_outfit,2,3,1,up_sect_secone_ps5_1,upgr_o_1_physical,st_upgr_o_physical,1
trenchcoat_green_outfit,3,1,1,up_sect_thirda_ps5_1,upgr_o_1_utility,st_upgr_o_utility,1
trenchcoat_green_outfit,3,2,1,up_sect_thirdc_ps5_1,upgr_o_1_utility,st_upgr_o_utility,1
trenchcoat_green_outfit,3,3,1,up_sect_thirde_ps5_1,upgr_o_1_utility,st_upgr_o_utility,1
trenchcoat_outfit,1,1,1,up_sect_firsta_novice_1,upgr_o_1_physical,st_upgr_o_physical,1
trenchcoat_outfit,1,2,1,up_sect_firstc_novice_1,upgr_o_1_physical,st_upgr_o_physical,1
trenchcoat_outfit,1,3,1,up_sect_firste_novice_1,upgr_o_1_physical,st_upgr_o_physical,1
trenchcoat_outfit,2,1,1,up_sect_secona_novice_1,upgr_o_1_magical,st_upgr_o_magical,1
trenchcoat_outfit,2,2,1,up_sect_seconc_novice_1,upgr_o_1_magical,st_upgr_o_magical,1
trenchcoat_outfit,2,2,2,up_sect_second_novice_1,upgr_o_1_magical,st_upgr_o_magical,1
trenchcoat_outfit,3,1,1,up_sect_thirda_novice_1,upgr_o_1_utility,st_upgr_o_utility,1
wastelander_outfit,1,1,1,up_sect_firsta_sunrise_2,upgr_o_1_utility,st_upgr_o_utility,1
wastelander_outfit,1,2,1,up_sect_firstc_sunrise_2,upgr_o_2_physical,st_upgr_o_physical,2
wastelander_outfit,1,2,2,up_sect_firstd_sunrise_2,upgr_o_2_physical,st_upgr_o_physical,2
wastelander_outfit,1,3,1,up_sect_firste_sunrise_2,upgr_o_2_physical,st_upgr_o_physical,2
wastelander_outfit,2,1,1,up_sect_secona_sunrise_2,upgr_o_1_magical,st_upgr_o_magical,1
wastelander_outfit,2,2,1,up_sect_seconc_sunrise_2,upgr_o_2_magical,st_upgr_o_magical,2
wastelander_outfit,2,2,2,up_sect_second_sunrise_2,upgr_o_2_magical,st_upgr_o_magical,2
wastelander_outfit,2,3,1,up_sect_secone_sunrise_2,upgr_o_2_magical,st_upgr_o_magical,2
wastelander_outfit,2,3,2,up_sect_seconf_sunrise_2,upgr_o_2_magical,st_upgr_o_magical,2
wastelander_outfit,3,1,1,up_sect_thirda_sunrise_2,upgr_o_1_utility,st_upgr_o_utility,1
wastelander_outfit,3,2,1,up_sect_thirdc_sunrise_2,upgr_o_2_utility,st_upgr_o_utility,2
wastelander_outfit,3,2,2,up_sect_thirdd_sunrise_2,upgr_o_2_physical,st_upgr_o_physical,2
wastelander_outfit,3,3,1,up_sect_thirde_sunrise_2,upgr_o_2_utility,st_upgr_o_utility,2
wpn_9a91,1,1,1,up_sect_firsta_9a91,upgr_w_2_external,st_upgr_w_external,2
wpn_9a91,1,2,1,up_sect_firstc_9a91,upgr_w_3_internal,st_upgr_w_internal,3
wpn_9a91,1,2,2,up_sect_firstd_9a91,upgr_w_3_external,st_upgr_w_external,3
wpn_9a91,1,3,1,up_sect_firste_9a91,upgr_w_3_internal,st_upgr_w_internal,3
wpn_9a91,1,3,2,up_sect_firstf_9a91,upgr_w_3_external,st_upgr_w_external,3
wpn_9a91,2,1,1,up_sect_secona_9a91,upgr_w_2_internal,st_upgr_w_internal,2
wpn_9a91,2,2,1,up_sect_seconc_9a91,upgr_w_3_external,st_upgr_w_external,3
wpn_9a91,2,3,1,up_sect_secone_9a91,upgr_w_3_external,st_upgr_w_external,3
wpn_9a91,2,3,2,up_sect_seconf_9a91,upgr_w_3_internal,st_upgr_w_internal,3
wpn_9a91,3,1,1,up_sect_thirda_9a91,upgr_w_2_external,st_upgr_w_external,2
wpn_9a91,3,2,1,up_sect_thirdc_9a91,upgr_w_3_internal,st_upgr_w_internal,3
wpn_9a91,3,2,2,up_sect_thirdd_9a91,upgr_w_3_external,st_upgr_w_external,3
wpn_9a91,3,3,1,up_sect_thirde_9a91,upgr_w_3_internal,st_upgr_w_internal,3
wpn_9a91,3,3,2,up_sect_thirdf_9a91,upgr_w_3_internal,st_upgr_w_internal,3
wpn_9a91,4,1,1,up_sect_fourta_9a91,upgr_w_2_internal,st_upgr_w_internal,2
wpn_9a91,4,2,1,up_sect_fourtc_9a91,upgr_w_3_internal,st_upgr_w_internal,3
wpn_9a91,4,3,1,up_sect_fourte_9a91,upgr_w_3_external,st_upgr_w_external,3
wpn_9a91,4,3,2,up_sect_fourtf_9a91,upgr_w_3_internal,st_upgr_w_internal,3
wpn_9a91,5,1,1,up_sect_fiftha_9a91,upgr_w_2_internal,st_upgr_w_internal,2
wpn_abakan,1,1,1,up_sect_firsta_abakan,upgr_w_1_internal,st_upgr_w_internal,1
wpn_abakan,1,2,1,up_sect_firstc_abakan,upgr_w_2_internal,st_upgr_w_internal,2
wpn_abakan,1,3,1,up_sect_firste_abakan,upgr_w_3_internal,st_upgr_w_internal,3
wpn_abakan,1,3,2,up_sect_firstf_abakan,upgr_w_3_internal,st_upgr_w_internal,3
wpn_abakan,2,1,1,up_sect_secona_abakan,upgr_w_1_external,st_upgr_w_external,1
wpn_abakan,2,2,1,up_sect_seconc_abakan,upgr_w_2_external,st_upgr_w_external,2
wpn_abakan,2,2,2,up_sect_second_abakan,upgr_w_2_internal,st_upgr_w_internal,2
wpn_abakan,2,3,1,up_sect_secone_abakan,upgr_w_3_external,st_upgr_w_external,3
wpn_abakan,3,1,1,up_sect_thirda_abakan,upgr_w_1_internal,st_upgr_w_internal,1
wpn_abakan,3,2,1,up_sect_thirdc_abakan,upgr_w_2_external,st_upgr_w_external,2
wpn_abakan,3,2,2,up_sect_thirdd_abakan,upgr_w_2_internal,st_upgr_w_internal,2
wpn_abakan,3,3,1,up_sect_thirde_abakan,upgr_w_3_external,st_upgr_w_external,3
wpn_abakan,4,1,1,up_sect_fourta_abakan,upgr_w_1_external,st_upgr_w_external,1
wpn_abakan,4,2,1,up_sect_fourtc_abakan,upgr_w_2_external,st_upgr_w_external,2
wpn_abakan,4,3,1,up_sect_fourte_abakan,upgr_w_3_external,st_upgr_w_external,3
wpn_abakan,4,3,2,up_sect_fourtf_abakan,upgr_w_3_external,st_upgr_w_external,3
wpn_abakan,5,1,1,up_sect_fiftha_abakan,upgr_w_1_optical,st_upgr_w_optical,1
wpn_abakan_n,1,1,1,up_sect_firsta_abakan,upgr_w_1_internal,st_upgr_w_internal,1
wpn_abakan_n,1,2,1,up_sect_firstc_abakan,upgr_w_2_internal,st_upgr_w_internal,2
wpn_abakan_n,1,3,1,up_sect_firste_abakan,upgr_w_3_internal,st_upgr_w_internal,3
wpn_abakan_n,1,3,2,up_sect_firstf_abakan,upgr_w_3_internal,st_upgr_w_internal,3
wpn_abakan_n,2,1,1,up_sect_secona_abakan,upgr_w_1_external,st_upgr_w_external,1
wpn_abakan_n,2,2,1,up_sect_seconc_abakan,upgr_w_2_external,st_upgr_w_external,2
wpn_abakan_n,2,2,2,up_sect_second_abakan,upgr_w_2_internal,st_upgr_w_internal,2
wpn_abakan_n,2,3,1,up_sect_secone_abakan,upgr_w_3_external,st_upgr_w_external,3
wpn_abakan_n,3,1,1,up_sect_thirda_abakan,upgr_w_1_internal,st_upgr_w_internal,1
wpn_abakan_n,3,2,1,up_sect_thirdc_abakan,upgr_w_2_external,st_upgr_w_external,2
wpn_abakan_n,3,2,2,up_sect_thirdd_abakan,upgr_w_2_internal,st_upgr_w_internal,2
wpn_abakan_n,3,3,1,up_sect_thirde_abakan,upgr_w_3_external,st_upgr_w_external,3
wpn_abakan_n,4,1,1,up_sect_fourta_abakan,upgr_w_1_external,st_upgr_w_external,1
wpn_abakan_n,4,2,1,up_sect_fourtc_abakan,upgr_w_2_external,st_upgr_w_external,2
wpn_abakan_n,4,3,1,up_sect_fourte_abakan,upgr_w_3_external,st_upgr_w_external,3
wpn_abakan_n,4,3,2,up_sect_fourtf_abakan,upgr_w_3_external,st_upgr_w_external,3
wpn_abakan_n,5,1,1,up_sect_fiftha_abakan,upgr_w_1_optical,st_upgr_w_optical,1
wpn_ace21,1,1,1,up_sect_firsta_ace52,upgr_w_2_internal,st_upgr_w_internal,2
wpn_ace21,1,2,1,up_sect_firstc_ace52,upgr_w_3_internal,st_upgr_w_internal,3
wpn_ace21,1,2,2,up_sect_firstd_ace52,upgr_w_3_internal,st_upgr_w_internal,3
wpn_ace21,1,3,1,up_sect_firste_ace52,upgr_w_3_internal,st_upgr_w_internal,3
wpn_ace21,2,1,1,up_sect_secona_ace52,upgr_w_2_internal,st_upgr_w_internal,2
wpn_ace21,2,2,1,up_sect_seconc_ace52,upgr_w_3_internal,st_upgr_w_internal,3
wpn_ace21,2,2,2,up_sect_second_ace52,upgr_w_3_internal,st_upgr_w_internal,3
wpn_ace21,2,3,1,up_sect_secone_ace52,upgr_w_3_external,st_upgr_w_external,3
wpn_ace21,3,1,1,up_sect_firste_ace52,upgr_w_2_internal,st_upgr_w_internal,2
wpn_ace52,1,1,1,up_sect_firsta_ace52,upgr_w_2_internal,st_upgr_w_internal,2
wpn_ace52,1,2,1,up_sect_firstc_ace52,upgr_w_3_internal,st_upgr_w_internal,3
wpn_ace52,1,2,2,up_sect_firstd_ace52,upgr_w_3_internal,st_upgr_w_internal,3
wpn_ace52,1,3,1,up_sect_firste_ace52,upgr_w_3_internal,st_upgr_w_internal,3
wpn_ace52,2,1,1,up_sect_secona_ace52,upgr_w_2_internal,st_upgr_w_internal,2
wpn_ace52,2,2,1,up_sect_seconc_ace52,upgr_w_3_internal,st_upgr_w_internal,3
wpn_ace52,2,2,2,up_sect_second_ace52,upgr_w_3_internal,st_upgr_w_internal,3
wpn_ace52,2,3,1,up_sect_secone_ace52,upgr_w_3_external,st_upgr_w_external,3
wpn_ace52,3,1,1,up_sect_firste_ace52,upgr_w_2_internal,st_upgr_w_internal,2
wpn_adar2_15,1,1,1,up_sect_firsta_g36,upgr_w_1_internal,st_upgr_w_internal,1
wpn_adar2_15,1,2,1,up_sect_firstc_g36,upgr_w_2_external,st_upgr_w_external,2
wpn_adar2_15,1,3,1,up_sect_firste_g36,upgr_w_2_external,st_upgr_w_external,2
wpn_adar2_15,1,3,2,up_sect_firstf_g36,upgr_w_2_external,st_upgr_w_external,2
wpn_adar2_15,2,1,1,up_sect_secona_g36,upgr_w_1_internal,st_upgr_w_internal,1
wpn_adar2_15,2,2,1,up_sect_seconc_g36,upgr_w_2_external,st_upgr_w_external,2
wpn_adar2_15,2,2,2,up_sect_second_g36,upgr_w_2_internal,st_upgr_w_internal,2
wpn_adar2_15,2,3,1,up_sect_secone_g36,upgr_w_2_external,st_upgr_w_external,2
wpn_adar2_15,3,1,1,up_sect_thirda_g36,upgr_w_1_external,st_upgr_w_external,1
wpn_adar2_15,3,2,1,up_sect_thirdc_g36,upgr_w_2_internal,st_upgr_w_internal,2
wpn_adar2_15,3,3,1,up_sect_thirde_g36,upgr_w_2_external,st_upgr_w_external,2
wpn_adar2_15,3,3,2,up_sect_thirdf_g36,upgr_w_2_external,st_upgr_w_external,2
wpn_adar2_15,4,1,1,up_sect_fourta_g36,upgr_w_1_internal,st_upgr_w_internal,1
wpn_adar2_15,4,2,1,up_sect_fourtc_g36,upgr_w_2_external,st_upgr_w_external,2
wpn_adar2_15,4,3,1,up_sect_fourte_g36,upgr_w_2_internal,st_upgr_w_internal,2
wpn_adar2_15,4,3,2,up_sect_fourtf_g36,upgr_w_2_external,st_upgr_w_external,2
wpn_aek,1,1,1,up_sect_firsta_aek971,upgr_w_1_internal,st_upgr_w_internal,1
wpn_aek,1,2,1,up_sect_firstc_aek971,upgr_w_2_external,st_upgr_w_external,2
wpn_aek,1,3,1,up_sect_firste_aek971,upgr_w_3_external,st_upgr_w_external,3
wpn_aek,1,3,2,up_sect_firstf_aek971,upgr_w_3_internal,st_upgr_w_internal,3
wpn_aek,2,1,1,up_sect_secona_aek971,upgr_w_1_external,st_upgr_w_external,1
wpn_aek,2,2,1,up_sect_seconc_aek971,upgr_w_2_external,st_upgr_w_external,2
wpn_aek,2,2,2,up_sect_second_aek971,upgr_w_2_internal,st_upgr_w_internal,2
wpn_aek,2,3,1,up_sect_secone_aek971,upgr_w_3_external,st_upgr_w_external,3
wpn_aek,3,1,1,up_sect_thirda_aek971,upgr_w_1_internal,st_upgr_w_internal,1
wpn_aek,3,2,1,up_sect_thirdc_aek971,upgr_w_2_external,st_upgr_w_external,2
wpn_aek,3,2,2,up_sect_thirdd_aek971,upgr_w_2_internal,st_upgr_w_internal,2
wpn_aek,3,3,1,up_sect_thirde_aek971,upgr_w_3_external,st_upgr_w_external,3
wpn_aek,4,1,1,up_sect_fourta_aek971,upgr_w_1_external,st_upgr_w_external,1
wpn_aek,4,2,1,up_sect_fourtc_aek971,upgr_w_2_external,st_upgr_w_external,2
wpn_aek,4,3,1,up_sect_fourte_aek971,upgr_w_3_external,st_upgr_w_external,3
wpn_aek,4,3,2,up_sect_fourtf_aek971,upgr_w_3_external,st_upgr_w_external,3
wpn_aek,5,1,1,up_sect_fiftha_aek971,upgr_w_1_external,st_upgr_w_external,1
wpn_ak,1,1,1,up_sect_firsta_akm,upgr_w_1_internal,st_upgr_w_internal,1
wpn_ak,1,2,1,up_sect_firstc_ak74,upgr_w_2_internal,st_upgr_w_internal,2
wpn_ak,2,1,1,up_sect_secona_akm,upgr_w_1_external,st_upgr_w_external,1
wpn_ak,2,2,1,up_sect_seconc_ak74,upgr_w_2_external,st_upgr_w_external,2
wpn_ak,2,2,2,up_sect_second_ak74,upgr_w_2_internal,st_upgr_w_internal,2
wpn_ak,3,1,1,up_sect_thirda_ak74,upgr_w_1_internal,st_upgr_w_internal,1
wpn_ak,3,2,1,up_sect_thirdc_ak74,upgr_w_2_external,st_upgr_w_external,2
wpn_ak,3,2,2,up_sect_thirdd_akm,upgr_w_2_internal,st_upgr_w_internal,2
wpn_ak,4,1,1,up_sect_fourta_ak74,upgr_w_1_external,st_upgr_w_external,1
wpn_ak,4,2,1,up_sect_fourtc_ak74,upgr_w_2_external,st_upgr_w_external,2
wpn_ak,5,1,1,up_sect_fiftha_ak,upgr_w_1_optical,st_upgr_w_optical,1
wpn_ak101,1,1,1,up_sect_firsta_ak74m,upgr_w_1_internal,st_upgr_w_internal,1
wpn_ak101,1,2,1,up_sect_firstc_ak74m,upgr_w_2_internal,st_upgr_w_internal,2
wpn_ak101,1,3,1,up_sect_firste_ak74m,upgr_w_3_external,st_upgr_w_external,3
wpn_ak101,1,3,2,up_sect_firstf_ak74m,upgr_w_3_internal,st_upgr_w_internal,3
wpn_ak101,2,1,1,up_sect_secona_ak74m,upgr_w_1_external,st_upgr_w_external,1
wpn_ak101,2,2,1,up_sect_seconc_ak74m,upgr_w_2_external,st_upgr_w_external,2
wpn_ak101,2,2,2,up_sect_second_ak74m,upgr_w_2_internal,st_upgr_w_internal,2
wpn_ak101,2,3,1,up_sect_secone_ak74m,upgr_w_3_external,st_upgr_w_external,3
wpn_ak101,3,1,1,up_sect_thirda_ak74m,upgr_w_1_internal,st_upgr_w_internal,1
wpn_ak101,3,2,1,up_sect_thirdc_ak74m,upgr_w_2_internal,st_upgr_w_internal,2
wpn_ak101,3,2,2,up_sect_thirdd_ak74m,upgr_w_2_internal,st_upgr_w_internal,2
wpn_ak101,3,3,1,up_sect_thirde_ak74m,upgr_w_3_internal,st_upgr_w_internal,3
wpn_ak101,4,1,1,up_sect_fourta_ak74m,upgr_w_1_external,st_upgr_w_external,1
wpn_ak101,4,2,1,up_sect_fourtc_ak74m,upgr_w_2_external,st_upgr_w_external,2
wpn_ak101,4,3,1,up_sect_fourte_ak74m,upgr_w_3_external,st_upgr_w_external,3
wpn_ak101,5,1,1,up_sect_fiftha_ak74m,upgr_w_1_optical,st_upgr_w_optical,1
wpn_ak101,5,2,1,up_sect_fifthc_ak101,upgr_w_2_internal,st_upgr_w_internal,2
wpn_ak101_camo,1,1,1,up_sect_firsta_ak74m,upgr_w_1_internal,st_upgr_w_internal,1
wpn_ak101_camo,1,2,1,up_sect_firstc_ak74m,upgr_w_2_internal,st_upgr_w_internal,2
wpn_ak101_camo,1,3,1,up_sect_firste_ak74m,upgr_w_3_external,st_upgr_w_external,3
wpn_ak101_camo,1,3,2,up_sect_firstf_ak74m,upgr_w_3_internal,st_upgr_w_internal,3
wpn_ak101_camo,2,1,1,up_sect_secona_ak74m,upgr_w_1_external,st_upgr_w_external,1
wpn_ak101_camo,2,2,1,up_sect_seconc_ak74m,upgr_w_2_external,st_upgr_w_external,2
wpn_ak101_camo,2,2,2,up_sect_second_ak74m,upgr_w_2_internal,st_upgr_w_internal,2
wpn_ak101_camo,2,3,1,up_sect_secone_ak74m,upgr_w_3_external,st_upgr_w_external,3
wpn_ak101_camo,3,1,1,up_sect_thirda_ak74m,upgr_w_1_internal,st_upgr_w_internal,1
wpn_ak101_camo,3,2,1,up_sect_thirdc_ak74m,upgr_w_2_internal,st_upgr_w_internal,2
wpn_ak101_camo,3,2,2,up_sect_thirdd_ak74m,upgr_w_2_internal,st_upgr_w_internal,2
wpn_ak101_camo,3,3,1,up_sect_thirde_ak74m,upgr_w_3_internal,st_upgr_w_internal,3
wpn_ak101_camo,4,1,1,up_sect_fourta_ak74m,upgr_w_1_external,st_upgr_w_external,1
wpn_ak101_camo,4,2,1,up_sect_fourtc_ak74m,upgr_w_2_external,st_upgr_w_external,2
wpn_ak101_camo,4,3,1,up_sect_fourte_ak74m,upgr_w_3_external,st_upgr_w_external,3
wpn_ak101_camo,5,1,1,up_sect_fiftha_ak74m,upgr_w_1_optical,st_upgr_w_optical,1
wpn_ak101_camo,5,2,1,up_sect_fifthc_ak101,upgr_w_2_internal,st_upgr_w_internal,2
wpn_ak102,1,1,1,up_sect_firsta_ak74m,upgr_w_1_internal,st_upgr_w_internal,1
wpn_ak102,1,2,1,up_sect_firstc_ak74m,upgr_w_2_internal,st_upgr_w_internal,2
wpn_ak102,1,3,1,up_sect_firste_ak74m,upgr_w_3_external,st_upgr_w_external,3
wpn_ak102,1,3,2,up_sect_firstf_ak74m,upgr_w_3_internal,st_upgr_w_internal,3
wpn_ak102,2,1,1,up_sect_secona_ak74m,upgr_w_1_external,st_upgr_w_external,1
wpn_ak102,2,2,1,up_sect_seconc_ak74m,upgr_w_2_external,st_upgr_w_external,2
wpn_ak102,2,2,2,up_sect_second_ak74m,upgr_w_2_internal,st_upgr_w_internal,2
wpn_ak102,2,3,1,up_sect_secone_ak74m,upgr_w_3_external,st_upgr_w_external,3
wpn_ak102,3,1,1,up_sect_thirda_ak74m,upgr_w_1_internal,st_upgr_w_internal,1
wpn_ak102,3,2,1,up_sect_thirdc_ak74m,upgr_w_2_internal,st_upgr_w_internal,2
wpn_ak102,3,2,2,up_sect_thirdd_ak74m,upgr_w_2_internal,st_upgr_w_internal,2
wpn_ak102,3,3,1,up_sect_thirde_ak74m,upgr_w_3_internal,st_upgr_w_internal,3
wpn_ak102,4,1,1,up_sect_fourta_ak74m,upgr_w_1_external,st_upgr_w_external,1
wpn_ak102,4,2,1,up_sect_fourtc_ak74m,upgr_w_2_external,st_upgr_w_external,2
wpn_ak102,4,3,1,up_sect_fourte_ak74m,upgr_w_3_external,st_upgr_w_external,3
wpn_ak102,5,1,1,up_sect_fiftha_ak74m,upgr_w_1_optical,st_upgr_w_optical,1
wpn_ak102,5,2,1,up_sect_fifthc_ak101,upgr_w_2_internal,st_upgr_w_internal,2
wpn_ak103,1,1,1,up_sect_firsta_ak103,upgr_w_2_internal,st_upgr_w_internal,2
wpn_ak103,1,2,1,up_sect_firstc_ak74,upgr_w_3_internal,st_upgr_w_internal,3
wpn_ak103,1,3,1,up_sect_firste_ak74,upgr_w_3_external,st_upgr_w_external,3
wpn_ak103,1,3,2,up_sect_firstf_ak103,upgr_w_3_internal,st_upgr_w_internal,3
wpn_ak103,2,1,1,up_sect_secona_ak103,upgr_w_2_external,st_upgr_w_external,2
wpn_ak103,2,2,1,up_sect_seconc_ak74,upgr_w_3_external,st_upgr_w_external,3
wpn_ak103,2,2,2,up_sect_second_ak74,upgr_w_3_internal,st_upgr_w_internal,3
wpn_ak103,2,3,1,up_sect_secone_ak74,upgr_w_3_external,st_upgr_w_external,3
wpn_ak103,3,1,1,up_sect_thirda_ak74,upgr_w_2_internal,st_upgr_w_internal,2
wpn_ak103,3,2,1,up_sect_thirdc_ak74,upgr_w_3_external,st_upgr_w_external,3
wpn_ak103,3,2,2,up_sect_thirdd_ak103,upgr_w_3_internal,st_upgr_w_internal,3
wpn_ak103,3,3,1,up_sect_thirde_ak74,upgr_w_3_internal,st_upgr_w_internal,3
wpn_ak103,4,1,1,up_sect_fourta_ak74,upgr_w_2_external,st_upgr_w_external,2
wpn_ak103,4,2,1,up_sect_fourtc_ak74,upgr_w_3_external,st_upgr_w_external,3
wpn_ak103,4,3,1,up_sect_fourte_ak103,upgr_w_3_internal,st_upgr_w_internal,3
wpn_ak103,5,1,1,up_sect_fiftha_ak103,upgr_w_2_optical,st_upgr_w_optical,2
wpn_ak103,5,2,1,up_sect_firsta_abakan,upgr_w_3_internal,st_upgr_w_internal,3
wpn_ak103_camo,1,1,1,up_sect_firsta_ak103,upgr_w_2_internal,st_upgr_w_internal,2
wpn_ak103_camo,1,2,1,up_sect_firstc_ak74,upgr_w_3_internal,st_upgr_w_internal,3
wpn_ak103_camo,1,3,1,up_sect_firste_ak74,upgr_w_3_external,st_upgr_w_external,3
wpn_ak103_camo,1,3,2,up_sect_firstf_ak103,upgr_w_3_internal,st_upgr_w_internal,3
wpn_ak103_camo,2,1,1,up_sect_secona_ak103,upgr_w_2_external,st_upgr_w_external,2
wpn_ak103_camo,2,2,1,up_sect_seconc_ak74,upgr_w_3_external,st_upgr_w_external,3
wpn_ak103_camo,2,2,2,up_sect_second_ak74,upgr_w_3_internal,st_upgr_w_internal,3
wpn_ak103_camo,2,3,1,up_sect_secone_ak74,upgr_w_3_external,st_upgr_w_external,3
wpn_ak103_camo,3,1,1,up_sect_thirda_ak74,upgr_w_2_internal,st_upgr_w_internal,2
wpn_ak103_camo,3,2,1,up_sect_thirdc_ak74,upgr_w_3_external,st_upgr_w_external,3
wpn_ak103_camo,3,2,2,up_sect_thirdd_ak103,upgr_w_3_internal,st_upgr_w_internal,3
wpn_ak103_camo,3,3,1,up_sect_thirde_ak74,upgr_w_3_internal,st_upgr_w_internal,3
wpn_ak103_camo,4,1,1,up_sect_fourta_ak74,upgr_w_2_external,st_upgr_w_external,2
wpn_ak103_camo,4,2,1,up_sect_fourtc_ak74,upgr_w_3_external,st_upgr_w_external,3
wpn_ak103_camo,4,3,1,up_sect_fourte_ak103,upgr_w_3_internal,st_upgr_w_internal,3
wpn_ak103_camo,5,1,1,up_sect_fiftha_ak103,upgr_w_2_optical,st_upgr_w_optical,2
wpn_ak103_camo,5,2,1,up_sect_firsta_abakan,upgr_w_3_internal,st_upgr_w_internal,3
wpn_ak104,1,1,1,up_sect_firsta_ak104,upgr_w_2_internal,st_upgr_w_internal,2
wpn_ak104,1,2,1,up_sect_firstc_ak104,upgr_w_3_internal,st_upgr_w_internal,3
wpn_ak104,1,2,2,up_sect_firstd_ak104,upgr_w_3_internal,st_upgr_w_internal,3
wpn_ak104,1,3,1,up_sect_firste_ak104,upgr_w_3_internal,st_upgr_w_internal,3
wpn_ak104,2,1,1,up_sect_secona_ak104,upgr_w_2_internal,st_upgr_w_internal,2
wpn_ak104,2,2,1,up_sect_seconc_ak104,upgr_w_3_internal,st_upgr_w_internal,3
wpn_ak104,2,3,1,up_sect_secone_ak104,upgr_w_3_internal,st_upgr_w_internal,3
wpn_ak104,2,3,2,up_sect_seconf_ak104,upgr_w_3_external,st_upgr_w_external,3
wpn_ak104,3,1,1,up_sect_thirda_ak104,upgr_w_2_internal,st_upgr_w_internal,2
wpn_ak104,3,2,1,up_sect_thirdc_ak104,upgr_w_3_internal,st_upgr_w_internal,3
wpn_ak104,3,2,2,up_sect_thirdd_ak104,upgr_w_3_external,st_upgr_w_external,3
wpn_ak104,3,3,1,up_sect_thirde_ak104,upgr_w_3_external,st_upgr_w_external,3
wpn_ak104,4,1,1,up_sect_fourta_ak104,upgr_w_2_internal,st_upgr_w_internal,2
wpn_ak104,4,2,1,up_sect_fourtc_ak104,upgr_w_3_internal,st_upgr_w_internal,3
wpn_ak104,4,3,1,up_sect_fourte_ak104,upgr_w_3_internal,st_upgr_w_internal,3
wpn_ak104,5,1,1,up_sect_fiftha_ak104,upgr_w_2_internal,st_upgr_w_internal,2
wpn_ak104_alfa,1,1,1,up_sect_firsta_ak104,upgr_w_2_internal,st_upgr_w_internal,2
wpn_ak104_alfa,1,2,1,up_sect_firstc_ak104,upgr_w_3_internal,st_upgr_w_internal,3
wpn_ak104_alfa,1,2,2,up_sect_firstd_ak104,upgr_w_3_internal,st_upgr_w_internal,3
wpn_ak104_alfa,1,3,1,up_sect_firste_ak104,upgr_w_3_internal,st_upgr_w_internal,3
wpn_ak104_alfa,2,1,1,up_sect_secona_ak104,upgr_w_2_internal,st_upgr_w_internal,2
wpn_ak104_alfa,2,2,1,up_sect_seconc_ak104,upgr_w_3_internal,st_upgr_w_internal,3
wpn_ak104_alfa,2,3,1,up_sect_secone_ak104,upgr_w_3_internal,st_upgr_w_internal,3
wpn_ak104_alfa,2,3,2,up_sect_seconf_ak104,upgr_w_3_external,st_upgr_w_external,3
wpn_ak104_alfa,3,1,1,up_sect_thirda_ak104,upgr_w_2_internal,st_upgr_w_internal,2
wpn_ak104_alfa,3,2,1,up_sect_thirdc_ak104,upgr_w_3_internal,st_upgr_w_internal,3
wpn_ak104_alfa,3,2,2,up_sect_thirdd_ak104,upgr_w_3_external,st_upgr_w_external,3
wpn_ak104_alfa,3,3,1,up_sect_thirde_ak104,upgr_w_3_external,st_upgr_w_external,3
wpn_ak104_alfa,4,1,1,up_sect_fourta_ak104,upgr_w_2_internal,st_upgr_w_internal,2
wpn_ak104_alfa,4,2,1,up_sect_fourtc_ak104,upgr_w_3_internal,st_upgr_w_internal,3
wpn_ak104_alfa,4,3,1,up_sect_fourte_ak104,upgr_w_3_internal,st_upgr_w_internal,3
wpn_ak104_alfa,5,1,1,up_sect_fiftha_ak104,upgr_w_2_internal,st_upgr_w_internal,2
wpn_ak105,1,1,1,up_sect_firsta_ak74u,upgr_w_1_internal,st_upgr_w_internal,1
wpn_ak105,1,2,1,up_sect_firstc_ak74u,upgr_w_2_internal,st_upgr_w_internal,2
wpn_ak105,1,2,2,up_sect_firstd_ak105,upgr_w_2_internal,st_upgr_w_internal,2
wpn_ak105,1,3,1,up_sect_firste_ak105,upgr_w_3_internal,st_upgr_w_internal,3
wpn_ak105,2,1,1,up_sect_secona_ak74u,upgr_w_1_internal,st_upgr_w_internal,1
wpn_ak105,2,2,1,up_sect_seconc_ak74u,upgr_w_2_internal,st_upgr_w_internal,2
wpn_ak105,2,3,1,up_sect_secone_ak105,upgr_w_3_internal,st_upgr_w_internal,3
wpn_ak105,2,3,2,up_sect_seconf_ak74u,upgr_w_3_external,st_upgr_w_external,3
wpn_ak105,3,1,1,up_sect_thirda_ak105,upgr_w_1_internal,st_upgr_w_internal,1
wpn_ak105,3,2,1,up_sect_thirdc_ak74u,upgr_w_2_internal,st_upgr_w_internal,2
wpn_ak105,3,2,2,up_sect_thirdd_ak74u,upgr_w_2_internal,st_upgr_w_internal,2
wpn_ak105,3,3,1,up_sect_thirde_ak74u,upgr_w_3_external,st_upgr_w_external,3
wpn_ak105,4,1,1,up_sect_fourta_ak105,upgr_w_1_internal,st_upgr_w_internal,1
wpn_ak105,4,2,1,up_sect_fourtc_ak74u,upgr_w_2_internal,st_upgr_w_internal,2
wpn_ak105,4,3,1,up_sect_fourte_ak74u,upgr_w_3_internal,st_upgr_w_internal,3
wpn_ak105,5,1,1,up_sect_fiftha_ak74u,upgr_w_1_internal,st_upgr_w_internal,1
wpn_ak105_shakal,1,1,1,up_sect_firsta_ak74u,upgr_w_1_internal,st_upgr_w_internal,1
wpn_ak105_shakal,1,2,1,up_sect_firstc_ak74u,upgr_w_2_internal,st_upgr_w_internal,2
wpn_ak105_shakal,1,2,2,up_sect_firstd_ak74u,upgr_w_2_internal,st_upgr_w_internal,2
wpn_ak105_shakal,1,3,1,up_sect_firste_ak74u,upgr_w_3_internal,st_upgr_w_internal,3
wpn_ak105_shakal,2,1,1,up_sect_secona_ak74u,upgr_w_1_internal,st_upgr_w_internal,1
wpn_ak105_shakal,2,2,1,up_sect_seconc_ak74u,upgr_w_2_internal,st_upgr_w_internal,2
wpn_ak105_shakal,2,3,1,up_sect_secone_ak74u,upgr_w_3_internal,st_upgr_w_internal,3
wpn_ak105_shakal,2,3,2,up_sect_seconf_ak74u,upgr_w_3_external,st_upgr_w_external,3
wpn_ak105_shakal,3,1,1,up_sect_thirda_ak74u,upgr_w_1_internal,st_upgr_w_internal,1
wpn_ak105_shakal,3,2,1,up_sect_thirdc_ak74u,upgr_w_2_internal,st_upgr_w_internal,2
wpn_ak105_shakal,3,2,2,up_sect_thirdd_ak74u,upgr_w_2_internal,st_upgr_w_internal,2
wpn_ak105_shakal,3,3,1,up_sect_thirde_ak74u,upgr_w_3_external,st_upgr_w_external,3
wpn_ak105_shakal,4,1,1,up_sect_fourta_ak74u,upgr_w_1_internal,st_upgr_w_internal,1
wpn_ak105_shakal,4,2,1,up_sect_fourtc_ak74u,upgr_w_2_internal,st_upgr_w_internal,2
wpn_ak105_shakal,4,3,1,up_sect_fourte_ak74u,upgr_w_3_internal,st_upgr_w_internal,3
wpn_ak105_shakal,5,1,1,up_sect_fiftha_ak74u,upgr_w_1_internal,st_upgr_w_internal,1
wpn_ak105_sp,1,1,1,up_sect_firsta_ak74u,upgr_w_1_internal,st_upgr_w_internal,1
wpn_ak105_sp,1,2,1,up_sect_firstc_ak74u,upgr_w_2_internal,st_upgr_w_internal,2
wpn_ak105_sp,1,2,2,up_sect_firstd_ak105,upgr_w_2_internal,st_upgr_w_internal,2
wpn_ak105_sp,1,3,1,up_sect_firste_ak105,upgr_w_3_internal,st_upgr_w_internal,3
wpn_ak105_sp,2,1,1,up_sect_secona_ak74u,upgr_w_1_internal,st_upgr_w_internal,1
wpn_ak105_sp,2,2,1,up_sect_seconc_ak74u,upgr_w_2_internal,st_upgr_w_internal,2
wpn_ak105_sp,2,3,1,up_sect_secone_ak105,upgr_w_3_internal,st_upgr_w_internal,3
wpn_ak105_sp,2,3,2,up_sect_seconf_ak74u,upgr_w_3_external,st_upgr_w_external,3
wpn_ak105_sp,3,1,1,up_sect_thirda_ak105,upgr_w_1_internal,st_upgr_w_internal,1
wpn_ak105_sp,3,2,1,up_sect_thirdc_ak74u,upgr_w_2_internal,st_upgr_w_internal,2
wpn_ak105_sp,3,2,2,up_sect_thirdd_ak74u,upgr_w_2_internal,st_upgr_w_internal,2
wpn_ak105_sp,3,3,1,up_sect_thirde_ak74u,upgr_w_3_external,st_upgr_w_external,3
wpn_ak105_sp,4,1,1,up_sect_fourta_ak105,upgr_w_1_internal,st_upgr_w_internal,1
wpn_ak105_sp,4,2,1,up_sect_fourtc_ak74u,upgr_w_2_internal,st_upgr_w_internal,2
wpn_ak105_sp,4,3,1,up_sect_fourte_ak74u,upgr_w_3_internal,st_upgr_w_internal,3
wpn_ak105_sp,5,1,1,up_sect_fiftha_ak74u,upgr_w_1_internal,st_upgr_w_internal,1
wpn_ak105_swamp,1,1,1,up_sect_firsta_g36,upgr_w_1_internal,st_upgr_w_internal,1
wpn_ak105_swamp,1,2,1,up_sect_firstc_g36,upgr_w_2_external,st_upgr_w_external,2
wpn_ak105_swamp,1,3,1,up_sect_firste_g36,upgr_w_3_external,st_upgr_w_external,3
wpn_ak105_swamp,1,3,2,up_sect_firstf_g36,upgr_w_3_external,st_upgr_w_external,3
wpn_ak105_swamp,2,1,1,up_sect_secona_g36,upgr_w_1_internal,st_upgr_w_internal,1
wpn_ak105_swamp,2,2,1,up_sect_seconc_g36,upgr_w_2_external,st_upgr_w_external,2
wpn_ak105_swamp,2,2,2,up_sect_second_g36,upgr_w_2_internal,st_upgr_w_internal,2
wpn_ak105_swamp,2,3,1,up_sect_secone_g36,upgr_w_3_external,st_upgr_w_external,3
wpn_ak105_swamp,3,1,1,up_sect_thirda_g36,upgr_w_1_external,st_upgr_w_external,1
wpn_ak105_swamp,3,2,1,up_sect_thirdc_g36,upgr_w_2_internal,st_upgr_w_internal,2
wpn_ak105_swamp,3,3,1,up_sect_thirde_g36,upgr_w_3_external,st_upgr_w_external,3
wpn_ak105_swamp,3,3,2,up_sect_thirdf_g36,upgr_w_3_external,st_upgr_w_external,3
wpn_ak105_swamp,4,1,1,up_sect_fourta_g36,upgr_w_1_internal,st_upgr_w_internal,1
wpn_ak105_swamp,4,2,1,up_sect_fourtc_g36,upgr_w_2_external,st_upgr_w_external,2
wpn_ak105_swamp,4,3,1,up_sect_fourte_g36,upgr_w_3_internal,st_upgr_w_internal,3
wpn_ak105_swamp,4,3,2,up_sect_fourtf_g36,upgr_w_3_external,st_upgr_w_external,3
wpn_ak105_swamp_echo1,1,1,1,up_sect_firsta_g36,upgr_w_1_internal,st_upgr_w_internal,1
wpn_ak105_swamp_echo1,1,2,1,up_sect_firstc_g36,upgr_w_2_external,st_upgr_w_external,2
wpn_ak105_swamp_echo1,1,3,1,up_sect_firste_g36,upgr_w_3_external,st_upgr_w_external,3
wpn_ak105_swamp_echo1,1,3,2,up_sect_firstf_g36,upgr_w_3_external,st_upgr_w_external,3
wpn_ak105_swamp_echo1,2,1,1,up_sect_secona_g36,upgr_w_1_internal,st_upgr_w_internal,1
wpn_ak105_swamp_echo1,2,2,1,up_sect_seconc_g36,upgr_w_2_external,st_upgr_w_external,2
wpn_ak105_swamp_echo1,2,2,2,up_sect_second_g36,upgr_w_2_internal,st_upgr_w_internal,2
wpn_ak105_swamp_echo1,2,3,1,up_sect_secone_g36,upgr_w_3_external,st_upgr_w_external,3
wpn_ak105_swamp_echo1,3,1,1,up_sect_thirda_g36,upgr_w_1_external,st_upgr_w_external,1
wpn_ak105_swamp_echo1,3,2,1,up_sect_thirdc_g36,upgr_w_2_internal,st_upgr_w_internal,2
wpn_ak105_swamp_echo1,3,3,1,up_sect_thirde_g36,upgr_w_3_external,st_upgr_w_external,3
wpn_ak105_swamp_echo1,3,3,2,up_sect_thirdf_g36,upgr_w_3_external,st_upgr_w_external,3
wpn_ak105_swamp_echo1,4,1,1,up_sect_fourta_g36,upgr_w_1_internal,st_upgr_w_internal,1
wpn_ak105_swamp_echo1,4,2,1,up_sect_fourtc_g36,upgr_w_2_external,st_upgr_w_external,2
wpn_ak105_swamp_echo1,4,3,1,up_sect_fourte_g36,upgr_w_3_internal,st_upgr_w_internal,3
wpn_ak105_swamp_echo1,4,3,2,up_sect_fourtf_g36,upgr_w_3_external,st_upgr_w_external,3
wpn_ak12,1,1,1,up_sect_firsta_ak74,upgr_w_1_internal,st_upgr_w_internal,1
wpn_ak12,1,2,1,up_sect_firstc_ak74,upgr_w_2_internal,st_upgr_w_internal,2
wpn_ak12,1,3,1,up_sect_firste_ak74,upgr_w_3_external,st_upgr_w_external,3
wpn_ak12,1,3,2,up_sect_firstf_ak74,upgr_w_3_internal,st_upgr_w_internal,3
wpn_ak12,2,1,1,up_sect_secona_ak74,upgr_w_1_external,st_upgr_w_external,1
wpn_ak12,2,2,1,up_sect_seconc_ak74,upgr_w_2_external,st_upgr_w_external,2
wpn_ak12,2,2,2,up_sect_second_ak74,upgr_w_2_internal,st_upgr_w_internal,2
wpn_ak12,2,3,1,up_sect_secone_ak74,upgr_w_3_external,st_upgr_w_external,3
wpn_ak12,3,1,1,up_sect_thirda_ak74,upgr_w_1_internal,st_upgr_w_internal,1
wpn_ak12,3,2,1,up_sect_thirdc_ak74,upgr_w_2_external,st_upgr_w_external,2
wpn_ak12,3,2,2,up_sect_thirdd_ak74,upgr_w_2_internal,st_upgr_w_internal,2
wpn_ak12,3,3,1,up_sect_thirde_ak74,upgr_w_3_internal,st_upgr_w_internal,3
wpn_ak12,4,1,1,up_sect_fourta_ak74,upgr_w_1_external,st_upgr_w_external,1
wpn_ak12,4,2,1,up_sect_fourtc_ak74,upgr_w_2_external,st_upgr_w_external,2
wpn_ak12,4,3,1,up_sect_fourte_ak74,upgr_w_3_external,st_upgr_w_external,3
wpn_ak12,5,1,1,up_sect_fiftha_ak12,upgr_w_1_internal,st_upgr_w_internal,1
wpn_ak12,5,2,1,up_sect_fifthc_ak74,upgr_w_2_internal,st_upgr_w_internal,2
wpn_ak12_custom,1,1,1,up_sect_firsta_ak74,upgr_w_1_internal,st_upgr_w_internal,1
wpn_ak12_custom,1,2,1,up_sect_firstc_ak74,upgr_w_2_internal,st_upgr_w_internal,2
wpn_ak12_custom,1,3,1,up_sect_firste_ak74,upgr_w_3_external,st_upgr_w_external,3
wpn_ak12_custom,1,3,2,up_sect_firstf_ak74,upgr_w_3_internal,st_upgr_w_internal,3
wpn_ak12_custom,2,1,1,up_sect_secona_ak74,upgr_w_1_external,st_upgr_w_external,1
wpn_ak12_custom,2,2,1,up_sect_seconc_ak74,upgr_w_2_external,st_upgr_w_external,2
wpn_ak12_custom,2,2,2,up_sect_second_ak74,upgr_w_2_internal,st_upgr_w_internal,2
wpn_ak12_custom,2,3,1,up_sect_secone_ak74,upgr_w_3_external,st_upgr_w_external,3
wpn_ak12_custom,3,1,1,up_sect_thirda_ak74,upgr_w_1_internal,st_upgr_w_internal,1
wpn_ak12_custom,3,2,1,up_sect_thirdc_ak74,upgr_w_2_external,st_upgr_w_external,2
wpn_ak12_custom,3,2,2,up_sect_thirdd_ak74,upgr_w_2_internal,st_upgr_w_internal,2
wpn_ak12_custom,3,3,1,up_sect_thirde_ak74,upgr_w_3_internal,st_upgr_w_internal,3
wpn_ak12_custom,4,1,1,up_sect_fourta_ak74,upgr_w_1_external,st_upgr_w_external,1
wpn_ak12_custom,4,2,1,up_sect_fourtc_ak74,upgr_w_2_external,st_upgr_w_external,2
wpn_ak12_custom,4,3,1,up_sect_fourte_ak74,upgr_w_3_external,st_upgr_w_external,3
wpn_ak12_custom,5,1,1,up_sect_fiftha_ak12,upgr_w_1_internal,st_upgr_w_internal,1
wpn_ak12_custom,5,2,1,up_sect_fifthc_ak74,upgr_w_2_internal,st_upgr_w_internal,2
wpn_ak12_custom_mono_kit,1,1,1,up_sect_firsta_ak74,upgr_w_1_internal,st_upgr_w_internal,1
wpn_ak12_custom_mono_kit,1,2,1,up_sect_firstc_ak74,upgr_w_2_internal,st_upgr_w_internal,2
wpn_ak12_custom_mono_kit,1,3,1,up_sect_firste_ak74,upgr_w_3_external,st_upgr_w_external,3
wpn_ak12_custom_mono_kit,1,3,2,up_sect_firstf_ak74,upgr_w_3_internal,st_upgr_w_internal,3
wpn_ak12_custom_mono_kit,2,1,1,up_sect_secona_ak74,upgr_w_1_external,st_upgr_w_external,1
wpn_ak12_custom_mono_kit,2,2,1,up_sect_seconc_ak74,upgr_w_2_external,st_upgr_w_external,2
wpn_ak12_custom_mono_kit,2,2,2,up_sect_second_ak74,upgr_w_2_internal,st_upgr_w_internal,2
wpn_ak12_custom_mono_kit,2,3,1,up_sect_secone_ak74,upgr_w_3_external,st_upgr_w_external,3
wpn_ak12_custom_mono_kit,3,1,1,up_sect_thirda_ak74,upgr_w_1_internal,st_upgr_w_internal,1
wpn_ak12_custom_mono_kit,3,2,1,up_sect_thirdc_ak74,upgr_w_2_external,st_upgr_w_external,2
wpn_ak12_custom_mono_kit,3,2,2,up_sect_thirdd_ak74,upgr_w_2_internal,st_upgr_w_internal,2
wpn_ak12_custom_mono_kit,3,3,1,up_sect_thirde_ak74,upgr_w_3_internal,st_upgr_w_internal,3
wpn_ak12_custom_mono_kit,4,1,1,up_sect_fourta_ak74,upgr_w_1_external,st_upgr_w_external,1
wpn_ak12_custom_mono_kit,4,2,1,up_sect_fourtc_ak74,upgr_w_2_external,st_upgr_w_external,2
wpn_ak12_custom_mono_kit,4,3,1,up_sect_fourte_ak74,upgr_w_3_external,st_upgr_w_external,3
wpn_ak12_custom_mono_kit,5,1,1,up_sect_fiftha_ak12,upgr_w_1_internal,st_upgr_w_internal,1
wpn_ak12_custom_mono_kit,5,2,1,up_sect_fifthc_ak74,upgr_w_2_internal,st_upgr_w_internal,2
wpn_ak12_m1,1,1,1,up_sect_firsta_ak74,upgr_w_1_internal,st_upgr_w_internal,1
wpn_ak12_m1,1,2,1,up_sect_firstc_ak74,upgr_w_2_internal,st_upgr_w_internal,2
wpn_ak12_m1,1,3,1,up_sect_firste_ak74,upgr_w_3_external,st_upgr_w_external,3
wpn_ak12_m1,1,3,2,up_sect_firstf_ak74,upgr_w_3_internal,st_upgr_w_internal,3
wpn_ak12_m1,2,1,1,up_sect_secona_ak74,upgr_w_1_external,st_upgr_w_external,1
wpn_ak12_m1,2,2,1,up_sect_seconc_ak74,upgr_w_2_external,st_upgr_w_external,2
wpn_ak12_m1,2,2,2,up_sect_second_ak74,upgr_w_2_internal,st_upgr_w_internal,2
wpn_ak12_m1,2,3,1,up_sect_secone_ak74,upgr_w_3_external,st_upgr_w_external,3
wpn_ak12_m1,3,1,1,up_sect_thirda_ak74,upgr_w_1_internal,st_upgr_w_internal,1
wpn_ak12_m1,3,2,1,up_sect_thirdc_ak74,upgr_w_2_external,st_upgr_w_external,2
wpn_ak12_m1,3,2,2,up_sect_thirdd_ak74,upgr_w_2_internal,st_upgr_w_internal,2
wpn_ak12_m1,3,3,1,up_sect_thirde_ak74,upgr_w_3_internal,st_upgr_w_internal,3
wpn_ak12_m1,4,1,1,up_sect_fourta_ak74,upgr_w_1_external,st_upgr_w_external,1
wpn_ak12_m1,4,2,1,up_sect_fourtc_ak74,upgr_w_2_external,st_upgr_w_external,2
wpn_ak12_m1,4,3,1,up_sect_fourte_ak74,upgr_w_3_external,st_upgr_w_external,3
wpn_ak12_m1,5,1,1,up_sect_fiftha_ak12,upgr_w_1_internal,st_upgr_w_internal,1
wpn_ak12_m1,5,2,1,up_sect_fifthc_ak74,upgr_w_2_internal,st_upgr_w_internal,2
wpn_ak5c_bas,1,1,1,up_sect_firsta_g36,upgr_w_1_internal,st_upgr_w_internal,1
wpn_ak5c_bas,1,2,1,up_sect_firstc_g36,upgr_w_2_external,st_upgr_w_external,2
wpn_ak5c_bas,1,3,1,up_sect_firste_g36,upgr_w_3_external,st_upgr_w_external,3
wpn_ak5c_bas,1,3,2,up_sect_firstf_g36,upgr_w_3_external,st_upgr_w_external,3
wpn_ak5c_bas,2,1,1,up_sect_secona_g36,upgr_w_1_internal,st_upgr_w_internal,1
wpn_ak5c_bas,2,2,1,up_sect_seconc_g36,upgr_w_2_external,st_upgr_w_external,2
wpn_ak5c_bas,2,2,2,up_sect_second_g36,upgr_w_2_internal,st_upgr_w_internal,2
wpn_ak5c_bas,2,3,1,up_sect_secone_g36,upgr_w_3_external,st_upgr_w_external,3
wpn_ak5c_bas,3,1,1,up_sect_thirda_g36,upgr_w_1_external,st_upgr_w_external,1
wpn_ak5c_bas,3,2,1,up_sect_thirdc_g36,upgr_w_2_internal,st_upgr_w_internal,2
wpn_ak5c_bas,3,3,1,up_sect_thirde_g36,upgr_w_3_external,st_upgr_w_external,3
wpn_ak5c_bas,3,3,2,up_sect_thirdf_g36,upgr_w_3_external,st_upgr_w_external,3
wpn_ak5c_bas,4,1,1,up_sect_fourta_g36,upgr_w_1_internal,st_upgr_w_internal,1
wpn_ak5c_bas,4,2,1,up_sect_fourtc_g36,upgr_w_2_external,st_upgr_w_external,2
wpn_ak5c_bas,4,3,1,up_sect_fourte_g36,upgr_w_3_internal,st_upgr_w_internal,3
wpn_ak5c_bas,4,3,2,up_sect_fourtf_g36,upgr_w_3_external,st_upgr_w_external,3
wpn_ak5c_bas_5c_tik,1,1,1,up_sect_firsta_g36,upgr_w_1_internal,st_upgr_w_internal,1
wpn_ak5c_bas_5c_tik,1,2,1,up_sect_firstc_g36,upgr_w_2_external,st_upgr_w_external,2
wpn_ak5c_bas_5c_tik,1,3,1,up_sect_firste_g36,upgr_w_3_external,st_upgr_w_external,3
wpn_ak5c_bas_5c_tik,1,3,2,up_sect_firstf_g36,upgr_w_3_external,st_upgr_w_external,3
wpn_ak5c_bas_5c_tik,2,1,1,up_sect_secona_g36,upgr_w_1_internal,st_upgr_w_internal,1
wpn_ak5c_bas_5c_tik,2,2,1,up_sect_seconc_g36,upgr_w_2_external,st_upgr_w_external,2
wpn_ak5c_bas_5c_tik,2,2,2,up_sect_second_g36,upgr_w_2_internal,st_upgr_w_internal,2
wpn_ak5c_bas_5c_tik,2,3,1,up_sect_secone_g36,upgr_w_3_external,st_upgr_w_external,3
wpn_ak5c_bas_5c_tik,3,1,1,up_sect_thirda_g36,upgr_w_1_external,st_upgr_w_external,1
wpn_ak5c_bas_5c_tik,3,2,1,up_sect_thirdc_g36,upgr_w_2_internal,st_upgr_w_internal,2
wpn_ak5c_bas_5c_tik,3,3,1,up_sect_thirde_g36,upgr_w_3_external,st_upgr_w_external,3
wpn_ak5c_bas_5c_tik,3,3,2,up_sect_thirdf_g36,upgr_w_3_external,st_upgr_w_external,3
wpn_ak5c_bas_5c_tik,4,1,1,up_sect_fourta_g36,upgr_w_1_internal,st_upgr_w_internal,1
wpn_ak5c_bas_5c_tik,4,2,1,up_sect_fourtc_g36,upgr_w_2_external,st_upgr_w_external,2
wpn_ak5c_bas_5c_tik,4,3,1,up_sect_fourte_g36,upgr_w_3_internal,st_upgr_w_internal,3
wpn_ak5c_bas_5c_tik,4,3,2,up_sect_fourtf_g36,upgr_w_3_external,st_upgr_w_external,3
wpn_ak5c_isg,1,1,1,up_sect_firsta_g36,upgr_w_1_internal,st_upgr_w_internal,1
wpn_ak5c_isg,1,2,1,up_sect_firstc_g36,upgr_w_2_external,st_upgr_w_external,2
wpn_ak5c_isg,1,3,1,up_sect_firste_g36,upgr_w_3_external,st_upgr_w_external,3
wpn_ak5c_isg,1,3,2,up_sect_firstf_g36,upgr_w_3_external,st_upgr_w_external,3
wpn_ak5c_isg,2,1,1,up_sect_secona_g36,upgr_w_1_internal,st_upgr_w_internal,1
wpn_ak5c_isg,2,2,1,up_sect_seconc_g36,upgr_w_2_external,st_upgr_w_external,2
wpn_ak5c_isg,2,2,2,up_sect_second_g36,upgr_w_2_internal,st_upgr_w_internal,2
wpn_ak5c_isg,2,3,1,up_sect_secone_g36,upgr_w_3_external,st_upgr_w_external,3
wpn_ak5c_isg,3,1,1,up_sect_thirda_g36,upgr_w_1_external,st_upgr_w_external,1
wpn_ak5c_isg,3,2,1,up_sect_thirdc_g36,upgr_w_2_internal,st_upgr_w_internal,2
wpn_ak5c_isg,3,3,1,up_sect_thirde_g36,upgr_w_3_external,st_upgr_w_external,3
wpn_ak5c_isg,3,3,2,up_sect_thirdf_g36,upgr_w_3_external,st_upgr_w_external,3
wpn_ak5c_isg,4,1,1,up_sect_fourta_g36,upgr_w_1_internal,st_upgr_w_internal,1
wpn_ak5c_isg,4,2,1,up_sect_fourtc_g36,upgr_w_2_external,st_upgr_w_external,2
wpn_ak5c_isg,4,3,1,up_sect_fourte_g36,upgr_w_3_internal,st_upgr_w_internal,3
wpn_ak5c_isg,4,3,2,up_sect_fourtf_g36,upgr_w_3_external,st_upgr_w_external,3
wpn_ak74,1,1,1,up_sect_firsta_ak74,upgr_w_1_internal,st_upgr_w_internal,1
wpn_ak74,1,2,1,up_sect_firstc_ak74,upgr_w_2_internal,st_upgr_w_internal,2
wpn_ak74,1,3,1,up_sect_firste_ak74,upgr_w_3_external,st_upgr_w_external,3
wpn_ak74,1,3,2,up_sect_firstf_ak74,upgr_w_3_internal,st_upgr_w_internal,3
wpn_ak74,2,1,1,up_sect_secona_ak74,upgr_w_1_external,st_upgr_w_external,1
wpn_ak74,2,2,1,up_sect_seconc_ak74,upgr_w_2_external,st_upgr_w_external,2
wpn_ak74,2,2,2,up_sect_second_ak74,upgr_w_2_internal,st_upgr_w_internal,2
wpn_ak74,2,3,1,up_sect_secone_ak74,upgr_w_3_external,st_upgr_w_external,3
wpn_ak74,3,1,1,up_sect_thirda_ak74,upgr_w_1_internal,st_upgr_w_internal,1
wpn_ak74,3,2,1,up_sect_thirdc_ak74,upgr_w_2_external,st_upgr_w_external,2
wpn_ak74,3,2,2,up_sect_thirdd_ak74,upgr_w_2_internal,st_upgr_w_internal,2
wpn_ak74,3,3,1,up_sect_thirde_ak74,upgr_w_3_internal,st_upgr_w_internal,3
wpn_ak74,4,1,1,up_sect_fourta_ak74,upgr_w_1_external,st_upgr_w_external,1
wpn_ak74,4,2,1,up_sect_fourtc_ak74,upgr_w_2_external,st_upgr_w_external,2
wpn_ak74,4,3,1,up_sect_fourte_ak74,upgr_w_3_external,st_upgr_w_external,3
wpn_ak74,5,1,1,up_sect_fiftha_ak74,upgr_w_1_optical,st_upgr_w_optical,1
wpn_ak74,5,2,1,up_sect_fifthc_ak74,upgr_w_2_internal,st_upgr_w_internal,2
wpn_ak74_isg,1,1,1,up_sect_firsta_ak74,upgr_w_2_internal,st_upgr_w_internal,2
wpn_ak74_isg,1,2,1,up_sect_firstc_ak74,upgr_w_3_internal,st_upgr_w_internal,3
wpn_ak74_isg,1,3,1,up_sect_firste_ak74,upgr_w_3_external,st_upgr_w_external,3
wpn_ak74_isg,1,3,2,up_sect_firstf_ak74,upgr_w_3_internal,st_upgr_w_internal,3
wpn_ak74_isg,2,1,1,up_sect_secona_ak74,upgr_w_2_external,st_upgr_w_external,2
wpn_ak74_isg,2,2,1,up_sect_seconc_ak74,upgr_w_3_external,st_upgr_w_external,3
wpn_ak74_isg,2,2,2,up_sect_second_ak74,upgr_w_3_internal,st_upgr_w_internal,3
wpn_ak74_isg,2,3,1,up_sect_secone_ak74,upgr_w_3_external,st_upgr_w_external,3
wpn_ak74_isg,3,1,1,up_sect_thirda_ak74,upgr_w_2_internal,st_upgr_w_internal,2
wpn_ak74_isg,3,2,1,up_sect_thirdc_ak74,upgr_w_3_external,st_upgr_w_external,3
wpn_ak74_isg,3,2,2,up_sect_thirdd_ak74,upgr_w_3_internal,st_upgr_w_internal,3
wpn_ak74_isg,3,3,1,up_sect_thirde_ak74,upgr_w_3_internal,st_upgr_w_internal,3
wpn_ak74_isg,4,1,1,up_sect_fourta_ak74,upgr_w_2_external,st_upgr_w_external,2
wpn_ak74_isg,4,2,1,up_sect_fourtc_ak74,upgr_w_3_external,st_upgr_w_external,3
wpn_ak74_isg,4,3,1,up_sect_fourte_ak74,upgr_w_3_external,st_upgr_w_external,3
wpn_ak74_isg,5,1,1,up_sect_fiftha_ak12,upgr_w_2_internal,st_upgr_w_internal,2
wpn_ak74_isg,5,2,1,up_sect_fifthc_ak74,upgr_w_3_internal,st_upgr_w_internal,3
wpn_ak74_n,1,1,1,up_sect_firsta_ak74,upgr_w_1_internal,st_upgr_w_internal,1
wpn_ak74_n,1,2,1,up_sect_firstc_ak74,upgr_w_2_internal,st_upgr_w_internal,2
wpn_ak74_n,1,3,1,up_sect_firste_ak74,upgr_w_3_external,st_upgr_w_external,3
wpn_ak74_n,1,3,2,up_sect_firstf_ak74,upgr_w_3_internal,st_upgr_w_internal,3
wpn_ak74_n,2,1,1,up_sect_secona_ak74,upgr_w_1_external,st_upgr_w_external,1
wpn_ak74_n,2,2,1,up_sect_seconc_ak74,upgr_w_2_external,st_upgr_w_external,2
wpn_ak74_n,2,2,2,up_sect_second_ak74,upgr_w_2_internal,st_upgr_w_internal,2
wpn_ak74_n,2,3,1,up_sect_secone_ak74,upgr_w_3_external,st_upgr_w_external,3
wpn_ak74_n,3,1,1,up_sect_thirda_ak74,upgr_w_1_internal,st_upgr_w_internal,1
wpn_ak74_n,3,2,1,up_sect_thirdc_ak74,upgr_w_2_external,st_upgr_w_external,2
wpn_ak74_n,3,2,2,up_sect_thirdd_ak74,upgr_w_2_internal,st_upgr_w_internal,2
wpn_ak74_n,3,3,1,up_sect_thirde_ak74,upgr_w_3_internal,st_upgr_w_internal,3
wpn_ak74_n,4,1,1,up_sect_fourta_ak74,upgr_w_1_external,st_upgr_w_external,1
wpn_ak74_n,4,2,1,up_sect_fourtc_ak74,upgr_w_2_external,st_upgr_w_external,2
wpn_ak74_n,4,3,1,up_sect_fourte_ak74,upgr_w_3_external,st_upgr_w_external,3
wpn_ak74_n,5,1,1,up_sect_fiftha_ak74,upgr_w_1_optical,st_upgr_w_optical,1
wpn_ak74_n,5,2,1,up_sect_fifthc_ak74,upgr_w_2_internal,st_upgr_w_internal,2
wpn_ak74_pmc,1,1,1,up_sect_firsta_ak74,upgr_w_1_internal,st_upgr_w_internal,1
wpn_ak74_pmc,1,2,1,up_sect_firstc_ak74,upgr_w_2_internal,st_upgr_w_internal,2
wpn_ak74_pmc,1,3,1,up_sect_firste_ak74,upgr_w_3_external,st_upgr_w_external,3
wpn_ak74_pmc,1,3,2,up_sect_firstf_ak74,upgr_w_3_internal,st_upgr_w_internal,3
wpn_ak74_pmc,2,1,1,up_sect_secona_ak74,upgr_w_1_external,st_upgr_w_external,1
wpn_ak74_pmc,2,2,1,up_sect_seconc_ak74,upgr_w_2_external,st_upgr_w_external,2
wpn_ak74_pmc,2,2,2,up_sect_second_ak74,upgr_w_2_internal,st_upgr_w_internal,2
wpn_ak74_pmc,2,3,1,up_sect_secone_ak74,upgr_w_3_external,st_upgr_w_external,3
wpn_ak74_pmc,3,1,1,up_sect_thirda_ak74,upgr_w_1_internal,st_upgr_w_internal,1
wpn_ak74_pmc,3,2,1,up_sect_thirdc_ak74,upgr_w_2_external,st_upgr_w_external,2
wpn_ak74_pmc,3,2,2,up_sect_thirdd_ak74,upgr_w_2_internal,st_upgr_w_internal,2
wpn_ak74_pmc,3,3,1,up_sect_thirde_ak74,upgr_w_3_internal,st_upgr_w_internal,3
wpn_ak74_pmc,4,1,1,up_sect_fourta_ak74,upgr_w_1_external,st_upgr_w_external,1
wpn_ak74_pmc,4,2,1,up_sect_fourtc_ak74,upgr_w_2_external,st_upgr_w_external,2
wpn_ak74_pmc,4,3,1,up_sect_fourte_ak74,upgr_w_3_external,st_upgr_w_external,3
wpn_ak74_pmc,5,1,1,up_sect_fiftha_ak12,upgr_w_1_internal,st_upgr_w_internal,1
wpn_ak74_pmc,5,2,1,up_sect_fifthc_ak74,upgr_w_2_internal,st_upgr_w_internal,2
wpn_ak74m,1,1,1,up_sect_firsta_ak74m,upgr_w_1_internal,st_upgr_w_internal,1
wpn_ak74m,1,2,1,up_sect_firstc_ak74m,upgr_w_2_internal,st_upgr_w_internal,2
wpn_ak74m,1,3,1,up_sect_firste_ak74m,upgr_w_3_external,st_upgr_w_external,3
wpn_ak74m,1,3,2,up_sect_firstf_ak74m,upgr_w_3_internal,st_upgr_w_internal,3
wpn_ak74m,2,1,1,up_sect_secona_ak74m,upgr_w_1_external,st_upgr_w_external,1
wpn_ak74m,2,2,1,up_sect_seconc_ak74m,upgr_w_2_external,st_upgr_w_external,2
wpn_ak74m,2,2,2,up_sect_second_ak74m,upgr_w_2_internal,st_upgr_w_internal,2
wpn_ak74m,2,3,1,up_sect_secone_ak74m,upgr_w_3_external,st_upgr_w_external,3
wpn_ak74m,3,1,1,up_sect_thirda_ak74m,upgr_w_1_internal,st_upgr_w_internal,1
wpn_ak74m,3,2,1,up_sect_thirdc_ak74m,upgr_w_2_internal,st_upgr_w_internal,2
wpn_ak74m,3,2,2,up_sect_thirdd_ak74m,upgr_w_2_internal,st_upgr_w_internal,2
wpn_ak74m,3,3,1,up_sect_thirde_ak74m,upgr_w_3_internal,st_upgr_w_internal,3
wpn_ak74m,4,1,1,up_sect_fourta_ak74m,upgr_w_1_external,st_upgr_w_external,1
wpn_ak74m,4,2,1,up_sect_fourtc_ak74m,upgr_w_2_external,st_upgr_w_external,2
wpn_ak74m,4,3,1,up_sect_fourte_ak74m,upgr_w_3_external,st_upgr_w_external,3
wpn_ak74m,5,1,1,up_sect_fiftha_ak74m,upgr_w_1_optical,st_upgr_w_optical,1
wpn_ak74m,5,2,1,up_sect_fifthc_ak74m,upgr_w_2_internal,st_upgr_w_internal,2
wpn_ak74m_beard,1,1,1,up_sect_firsta_ak74u,upgr_w_1_internal,st_upgr_w_internal,1
wpn_ak74m_beard,1,2,1,up_sect_firstc_ak74u,upgr_w_2_internal,st_upgr_w_internal,2
wpn_ak74m_beard,1,2,2,up_sect_firstd_ak74u,upgr_w_2_internal,st_upgr_w_internal,2
wpn_ak74m_beard,1,3,1,up_sect_firste_ak74u,upgr_w_3_internal,st_upgr_w_internal,3
wpn_ak74m_beard,2,1,1,up_sect_secona_ak74u,upgr_w_1_internal,st_upgr_w_internal,1
wpn_ak74m_beard,2,2,1,up_sect_seconc_ak74u,upgr_w_2_internal,st_upgr_w_internal,2
wpn_ak74m_beard,2,3,1,up_sect_secone_ak74u,upgr_w_3_internal,st_upgr_w_internal,3
wpn_ak74m_beard,2,3,2,up_sect_seconf_ak74u,upgr_w_3_external,st_upgr_w_external,3
wpn_ak74m_beard,3,1,1,up_sect_thirda_ak74u,upgr_w_1_internal,st_upgr_w_internal,1
wpn_ak74m_beard,3,2,1,up_sect_thirdc_ak74u,upgr_w_2_internal,st_upgr_w_internal,2
wpn_ak74m_beard,3,2,2,up_sect_thirdd_ak74u,upgr_w_2_internal,st_upgr_w_internal,2
wpn_ak74m_beard,3,3,1,up_sect_thirde_ak74u,upgr_w_3_external,st_upgr_w_external,3
wpn_ak74m_beard,4,1,1,up_sect_fourta_ak74u,upgr_w_1_internal,st_upgr_w_internal,1
wpn_ak74m_beard,4,2,1,up_sect_fourtc_ak74u,upgr_w_2_internal,st_upgr_w_internal,2
wpn_ak74m_beard,4,3,1,up_sect_fourte_ak74u,upgr_w_3_internal,st_upgr_w_internal,3
wpn_ak74m_beard,5,1,1,up_sect_fiftha_ak74,upgr_w_1_optical,st_upgr_w_optical,1
wpn_ak74m_beard,5,2,1,up_sect_fifthc_ak74,upgr_w_2_internal,st_upgr_w_internal,2
wpn_ak74m_camo,1,1,1,up_sect_firsta_ak74m,upgr_w_1_internal,st_upgr_w_internal,1
wpn_ak74m_camo,1,2,1,up_sect_firstc_ak74m,upgr_w_2_internal,st_upgr_w_internal,2
wpn_ak74m_camo,1,3,1,up_sect_firste_ak74m,upgr_w_3_external,st_upgr_w_external,3
wpn_ak74m_camo,1,3,2,up_sect_firstf_ak74m,upgr_w_3_internal,st_upgr_w_internal,3
wpn_ak74m_camo,2,1,1,up_sect_secona_ak74m,upgr_w_1_external,st_upgr_w_external,1
wpn_ak74m_camo,2,2,1,up_sect_seconc_ak74m,upgr_w_2_external,st_upgr_w_external,2
wpn_ak74m_camo,2,2,2,up_sect_second_ak74m,upgr_w_2_internal,st_upgr_w_internal,2
wpn_ak74m_camo,2,3,1,up_sect_secone_ak74m,upgr_w_3_external,st_upgr_w_external,3
wpn_ak74m_camo,3,1,1,up_sect_thirda_ak74m,upgr_w_1_internal,st_upgr_w_internal,1
wpn_ak74m_camo,3,2,1,up_sect_thirdc_ak74m,upgr_w_2_internal,st_upgr_w_internal,2
wpn_ak74m_camo,3,2,2,up_sect_thirdd_ak74m,upgr_w_2_internal,st_upgr_w_internal,2
wpn_ak74m_camo,3,3,1,up_sect_thirde_ak74m,upgr_w_3_internal,st_upgr_w_internal,3
wpn_ak74m_camo,4,1,1,up_sect_fourta_ak74m,upgr_w_1_external,st_upgr_w_external,1
wpn_ak74m_camo,4,2,1,up_sect_fourtc_ak74m,upgr_w_2_external,st_upgr_w_external,2
wpn_ak74m_camo,4,3,1,up_sect_fourte_ak74m,upgr_w_3_external,st_upgr_w_external,3
wpn_ak74m_camo,5,1,1,up_sect_fiftha_ak74m,upgr_w_1_optical,st_upgr_w_optical,1
wpn_ak74m_camo,5,2,1,up_sect_fifthc_ak74m,upgr_w_2_internal,st_upgr_w_internal,2
wpn_ak74m_n,1,1,1,up_sect_firsta_ak74m,upgr_w_1_internal,st_upgr_w_internal,1
wpn_ak74m_n,1,2,1,up_sect_firstc_ak74m,upgr_w_2_internal,st_upgr_w_internal,2
wpn_ak74m_n,1,3,1,up_sect_firste_ak74m,upgr_w_3_external,st_upgr_w_external,3
wpn_ak74m_n,1,3,2,up_sect_firstf_ak74m,upgr_w_3_internal,st_upgr_w_internal,3
wpn_ak74m_n,2,1,1,up_sect_secona_ak74m,upgr_w_1_external,st_upgr_w_external,1
wpn_ak74m_n,2,2,1,up_sect_seconc_ak74m,upgr_w_2_external,st_upgr_w_external,2
wpn_ak74m_n,2,2,2,up_sect_second_ak74m,upgr_w_2_internal,st_upgr_w_internal,2
wpn_ak74m_n,2,3,1,up_sect_secone_ak74m,upgr_w_3_external,st_upgr_w_external,3
wpn_ak74m_n,3,1,1,up_sect_thirda_ak74m,upgr_w_1_internal,st_upgr_w_internal,1
wpn_ak74m_n,3,2,1,up_sect_thirdc_ak74m,upgr_w_2_internal,st_upgr_w_internal,2
wpn_ak74m_n,3,2,2,up_sect_thirdd_ak74m,upgr_w_2_internal,st_upgr_w_internal,2
wpn_ak74m_n,3,3,1,up_sect_thirde_ak74m,upgr_w_3_internal,st_upgr_w_internal,3
wpn_ak74m_n,4,1,1,up_sect_fourta_ak74m,upgr_w_1_external,st_upgr_w_external,1
wpn_ak74m_n,4,2,1,up_sect_fourtc_ak74m,upgr_w_2_external,st_upgr_w_external,2
wpn_ak74m_n,4,3,1,up_sect_fourte_ak74m,upgr_w_3_external,st_upgr_w_external,3
wpn_ak74m_n,5,1,1,up_sect_fiftha_ak74m,upgr_w_1_optical,st_upgr_w_optical,1
wpn_ak74m_n,5,2,1,up_sect_fifthc_ak74m,upgr_w_2_internal,st_upgr_w_internal,2
wpn_ak74u,1,1,1,up_sect_firsta_ak74u,upgr_w_1_internal,st_upgr_w_internal,1
wpn_ak74u,1,2,1,up_sect_firstc_ak74u,upgr_w_2_internal,st_upgr_w_internal,2
wpn_ak74u,1,2,2,up_sect_firstd_ak74u,upgr_w_2_internal,st_upgr_w_internal,2
wpn_ak74u,1,3,1,up_sect_firste_ak74u,upgr_w_3_internal,st_upgr_w_internal,3
wpn_ak74u,2,1,1,up_sect_secona_ak74u,upgr_w_1_internal,st_upgr_w_internal,1
wpn_ak74u,2,2,1,up_sect_seconc_ak74u,upgr_w_2_internal,st_upgr_w_internal,2
wpn_ak74u,2,3,1,up_sect_secone_ak74u,upgr_w_3_internal,st_upgr_w_internal,3
wpn_ak74u,2,3,2,up_sect_seconf_ak74u,upgr_w_3_external,st_upgr_w_external,3
wpn_ak74u,3,1,1,up_sect_thirda_ak74u,upgr_w_1_internal,st_upgr_w_internal,1
wpn_ak74u,3,2,1,up_sect_thirdc_ak74u,upgr_w_2_internal,st_upgr_w_internal,2
wpn_ak74u,3,2,2,up_sect_thirdd_ak74u,upgr_w_2_internal,st_upgr_w_internal,2
wpn_ak74u,3,3,1,up_sect_thirde_ak74u,upgr_w_3_external,st_upgr_w_external,3
wpn_ak74u,4,1,1,up_sect_fourta_ak74u,upgr_w_1_internal,st_upgr_w_internal,1
wpn_ak74u,4,2,1,up_sect_fourtc_ak74u,upgr_w_2_internal,st_upgr_w_internal,2
wpn_ak74u,4,3,1,up_sect_fourte_ak74u,upgr_w_3_internal,st_upgr_w_internal,3
wpn_ak74u,5,1,1,up_sect_fiftha_ak74u,upgr_w_1_internal,st_upgr_w_internal,1
wpn_ak74u_isg,1,1,1,up_sect_firsta_ak74u,upgr_w_2_internal,st_upgr_w_internal,2
wpn_ak74u_isg,1,2,1,up_sect_firstc_ak74u,upgr_w_3_internal,st_upgr_w_internal,3
wpn_ak74u_isg,1,2,2,up_sect_firstd_ak74u,upgr_w_3_internal,st_upgr_w_internal,3
wpn_ak74u_isg,1,3,1,up_sect_firste_ak74u,upgr_w_3_internal,st_upgr_w_internal,3
wpn_ak74u_isg,2,1,1,up_sect_secona_ak74u,upgr_w_2_internal,st_upgr_w_internal,2
wpn_ak74u_isg,2,2,1,up_sect_seconc_ak74u,upgr_w_3_internal,st_upgr_w_internal,3
wpn_ak74u_isg,2,3,1,up_sect_secone_ak74u,upgr_w_3_internal,st_upgr_w_internal,3
wpn_ak74u_isg,2,3,2,up_sect_seconf_ak74u,upgr_w_3_external,st_upgr_w_external,3
wpn_ak74u_isg,3,1,1,up_sect_thirda_ak74u,upgr_w_2_internal,st_upgr_w_internal,2
wpn_ak74u_isg,3,2,1,up_sect_thirdc_ak74u,upgr_w_3_internal,st_upgr_w_internal,3
wpn_ak74u_isg,3,2,2,up_sect_thirdd_ak74u,upgr_w_3_internal,st_upgr_w_internal,3
wpn_ak74u_isg,3,3,1,up_sect_thirde_ak74u,upgr_w_3_external,st_upgr_w_external,3
wpn_ak74u_isg,4,1,1,up_sect_fourta_ak74u,upgr_w_2_internal,st_upgr_w_internal,2
wpn_ak74u_isg,4,2,1,up_sect_fourtc_ak74u,upgr_w_3_internal,st_upgr_w_internal,3
wpn_ak74u_isg,4,3,1,up_sect_fourte_ak74u,upgr_w_3_internal,st_upgr_w_internal,3
wpn_ak74u_isg,5,1,1,up_sect_fiftha_ak74u,upgr_w_2_internal,st_upgr_w_internal,2
wpn_ak74u_m1_isg,1,1,1,up_sect_firsta_ak74u,upgr_w_2_internal,st_upgr_w_internal,2
wpn_ak74u_m1_isg,1,2,1,up_sect_firstc_ak74u,upgr_w_3_internal,st_upgr_w_internal,3
wpn_ak74u_m1_isg,1,2,2,up_sect_firstd_ak74u,upgr_w_3_internal,st_upgr_w_internal,3
wpn_ak74u_m1_isg,1,3,1,up_sect_firste_ak74u,upgr_w_3_internal,st_upgr_w_internal,3
wpn_ak74u_m1_isg,2,1,1,up_sect_secona_ak74u,upgr_w_2_internal,st_upgr_w_internal,2
wpn_ak74u_m1_isg,2,2,1,up_sect_seconc_ak74u,upgr_w_3_internal,st_upgr_w_internal,3
wpn_ak74u_m1_isg,2,3,1,up_sect_secone_ak74u,upgr_w_3_internal,st_upgr_w_internal,3
wpn_ak74u_m1_isg,2,3,2,up_sect_seconf_ak74u,upgr_w_3_external,st_upgr_w_external,3
wpn_ak74u_m1_isg,3,1,1,up_sect_thirda_ak74u,upgr_w_2_internal,st_upgr_w_internal,2
wpn_ak74u_m1_isg,3,2,1,up_sect_thirdc_ak74u,upgr_w_3_internal,st_upgr_w_internal,3
wpn_ak74u_m1_isg,3,2,2,up_sect_thirdd_ak74u,upgr_w_3_internal,st_upgr_w_internal,3
wpn_ak74u_m1_isg,3,3,1,up_sect_thirde_ak74u,upgr_w_3_external,st_upgr_w_external,3
wpn_ak74u_m1_isg,4,1,1,up_sect_fourta_ak74u,upgr_w_2_internal,st_upgr_w_internal,2
wpn_ak74u_m1_isg,4,2,1,up_sect_fourtc_ak74u,upgr_w_3_internal,st_upgr_w_internal,3
wpn_ak74u_m1_isg,4,3,1,up_sect_fourte_ak74u,upgr_w_3_internal,st_upgr_w_internal,3
wpn_ak74u_m1_isg,5,1,1,up_sect_fiftha_ak74u,upgr_w_2_internal,st_upgr_w_internal,2
wpn_ak74u_n1,1,1,1,up_sect_firsta_ak74u,upgr_w_1_internal,st_upgr_w_internal,1
wpn_ak74u_n1,1,2,1,up_sect_firstc_ak74u,upgr_w_2_internal,st_upgr_w_internal,2
wpn_ak74u_n1,1,2,2,up_sect_firstd_ak74u,upgr_w_2_internal,st_upgr_w_internal,2
wpn_ak74u_n1,1,3,1,up_sect_firste_ak74u,upgr_w_3_internal,st_upgr_w_internal,3
wpn_ak74u_n1,2,1,1,up_sect_secona_ak74u,upgr_w_1_internal,st_upgr_w_internal,1
wpn_ak74u_n1,2,2,1,up_sect_seconc_ak74u,upgr_w_2_internal,st_upgr_w_internal,2
wpn_ak74u_n1,2,3,1,up_sect_secone_ak74u,upgr_w_3_internal,st_upgr_w_internal,3
wpn_ak74u_n1,2,3,2,up_sect_seconf_ak74u,upgr_w_3_external,st_upgr_w_external,3
wpn_ak74u_n1,3,1,1,up_sect_thirda_ak74u,upgr_w_1_internal,st_upgr_w_internal,1
wpn_ak74u_n1,3,2,1,up_sect_thirdc_ak74u,upgr_w_2_internal,st_upgr_w_internal,2
wpn_ak74u_n1,3,2,2,up_sect_thirdd_ak74u,upgr_w_2_internal,st_upgr_w_internal,2
wpn_ak74u_n1,3,3,1,up_sect_thirde_ak74u,upgr_w_3_external,st_upgr_w_external,3
wpn_ak74u_n1,4,1,1,up_sect_fourta_ak74u,upgr_w_1_internal,st_upgr_w_internal,1
wpn_ak74u_n1,4,2,1,up_sect_fourtc_ak74u,upgr_w_2_internal,st_upgr_w_internal,2
wpn_ak74u_n1,4,3,1,up_sect_fourte_ak74u,upgr_w_3_internal,st_upgr_w_internal,3
wpn_ak74u_n1,5,1,1,up_sect_fiftha_ak74u,upgr_w_1_internal,st_upgr_w_internal,1
wpn_ak74u_tac,1,1,1,up_sect_firsta_ak74,upgr_w_1_internal,st_upgr_w_internal,1
wpn_ak74u_tac,1,2,1,up_sect_firstc_ak74,upgr_w_2_internal,st_upgr_w_internal,2
wpn_ak74u_tac,1,3,1,up_sect_firste_ak74,upgr_w_3_external,st_upgr_w_external,3
wpn_ak74u_tac,1,3,2,up_sect_firstf_ak74,upgr_w_3_internal,st_upgr_w_internal,3
wpn_ak74u_tac,2,1,1,up_sect_secona_ak74,upgr_w_1_external,st_upgr_w_external,1
wpn_ak74u_tac,2,2,1,up_sect_seconc_ak74,upgr_w_2_external,st_upgr_w_external,2
wpn_ak74u_tac,2,2,2,up_sect_second_ak74,upgr_w_2_internal,st_upgr_w_internal,2
wpn_ak74u_tac,2,3,1,up_sect_secone_ak74,upgr_w_3_external,st_upgr_w_external,3
wpn_ak74u_tac,3,1,1,up_sect_thirda_ak74,upgr_w_1_internal,st_upgr_w_internal,1
wpn_ak74u_tac,3,2,1,up_sect_thirdc_ak74,upgr_w_2_external,st_upgr_w_external,2
wpn_ak74u_tac,3,2,2,up_sect_thirdd_ak74,upgr_w_2_internal,st_upgr_w_internal,2
wpn_ak74u_tac,3,3,1,up_sect_thirde_ak74,upgr_w_3_internal,st_upgr_w_internal,3
wpn_ak74u_tac,4,1,1,up_sect_fourta_ak74,upgr_w_1_external,st_upgr_w_external,1
wpn_ak74u_tac,4,2,1,up_sect_fourtc_ak74,upgr_w_2_external,st_upgr_w_external,2
wpn_ak74u_tac,4,3,1,up_sect_fourte_ak74,upgr_w_3_external,st_upgr_w_external,3
wpn_ak74u_tac,5,1,1,up_sect_fiftha_ak12,upgr_w_1_internal,st_upgr_w_internal,1
wpn_ak74u_tac,5,2,1,up_sect_fifthc_ak74,upgr_w_2_internal,st_upgr_w_internal,2
wpn_akm,1,1,1,up_sect_firsta_akm,upgr_w_1_internal,st_upgr_w_internal,1
wpn_akm,1,2,1,up_sect_firstc_ak74,upgr_w_2_internal,st_upgr_w_internal,2
wpn_akm,1,3,1,up_sect_firste_ak74,upgr_w_3_external,st_upgr_w_external,3
wpn_akm,1,3,2,up_sect_firstf_akm,upgr_w_3_internal,st_upgr_w_internal,3
wpn_akm,2,1,1,up_sect_secona_akm,upgr_w_1_external,st_upgr_w_external,1
wpn_akm,2,2,1,up_sect_seconc_ak74,upgr_w_2_external,st_upgr_w_external,2
wpn_akm,2,2,2,up_sect_second_ak74,upgr_w_2_internal,st_upgr_w_internal,2
wpn_akm,2,3,1,up_sect_secone_ak74,upgr_w_3_external,st_upgr_w_external,3
wpn_akm,3,1,1,up_sect_thirda_ak74,upgr_w_1_internal,st_upgr_w_internal,1
wpn_akm,3,2,1,up_sect_thirdc_ak74,upgr_w_2_external,st_upgr_w_external,2
wpn_akm,3,2,2,up_sect_thirdd_akm,upgr_w_2_internal,st_upgr_w_internal,2
wpn_akm,3,3,1,up_sect_thirde_ak74,upgr_w_3_internal,st_upgr_w_internal,3
wpn_akm,4,1,1,up_sect_fourta_ak74,upgr_w_1_external,st_upgr_w_external,1
wpn_akm,4,2,1,up_sect_fourtc_ak74,upgr_w_2_external,st_upgr_w_external,2
wpn_akm,4,3,1,up_sect_fourte_ak74,upgr_w_3_external,st_upgr_w_external,3
wpn_akm,5,1,1,up_sect_fiftha_akm,upgr_w_1_optical,st_upgr_w_optical,1
wpn_akm,5,2,1,up_sect_fifthc_akm,upgr_w_2_internal,st_upgr_w_internal,2
wpn_akm_alfa,1,1,1,up_sect_firsta_ak74,upgr_w_2_internal,st_upgr_w_internal,2
wpn_akm_alfa,1,2,1,up_sect_firstc_ak74,upgr_w_3_internal,st_upgr_w_internal,3
wpn_akm_alfa,1,3,1,up_sect_firste_ak74,upgr_w_3_external,st_upgr_w_external,3
wpn_akm_alfa,1,3,2,up_sect_firstf_ak74,upgr_w_3_internal,st_upgr_w_internal,3
wpn_akm_alfa,2,1,1,up_sect_secona_ak74,upgr_w_2_external,st_upgr_w_external,2
wpn_akm_alfa,2,2,1,up_sect_seconc_ak74,upgr_w_3_external,st_upgr_w_external,3
wpn_akm_alfa,2,2,2,up_sect_second_ak74,upgr_w_3_internal,st_upgr_w_internal,3
wpn_akm_alfa,2,3,1,up_sect_secone_ak74,upgr_w_3_external,st_upgr_w_external,3
wpn_akm_alfa,3,1,1,up_sect_thirda_ak74,upgr_w_2_internal,st_upgr_w_internal,2
wpn_akm_alfa,3,2,1,up_sect_thirdc_ak74,upgr_w_3_external,st_upgr_w_external,3
wpn_akm_alfa,3,2,2,up_sect_thirdd_ak74,upgr_w_3_internal,st_upgr_w_internal,3
wpn_akm_alfa,3,3,1,up_sect_thirde_ak74,upgr_w_3_internal,st_upgr_w_internal,3
wpn_akm_alfa,4,1,1,up_sect_fourta_ak74,upgr_w_2_external,st_upgr_w_external,2
wpn_akm_alfa,4,2,1,up_sect_fourtc_ak74,upgr_w_3_external,st_upgr_w_external,3
wpn_akm_alfa,4,3,1,up_sect_fourte_ak74,upgr_w_3_external,st_upgr_w_external,3
wpn_akm_alfa,5,1,1,up_sect_fiftha_ak12,upgr_w_2_internal,st_upgr_w_internal,2
wpn_akm_alfa,5,2,1,up_sect_fifthc_ak74,upgr_w_3_internal,st_upgr_w_internal,3
wpn_akm_bas,1,1,1,up_sect_firsta_akm,upgr_w_1_internal,st_upgr_w_internal,1
wpn_akm_bas,1,2,1,up_sect_firstc_ak74,upgr_w_2_internal,st_upgr_w_internal,2
wpn_akm_bas,1,3,1,up_sect_firste_ak74,upgr_w_3_external,st_upgr_w_external,3
wpn_akm_bas,1,3,2,up_sect_firstf_akm,upgr_w_3_internal,st_upgr_w_internal,3
wpn_akm_bas,2,1,1,up_sect_secona_akm,upgr_w_1_external,st_upgr_w_external,1
wpn_akm_bas,2,2,1,up_sect_seconc_ak74,upgr_w_2_external,st_upgr_w_external,2
wpn_akm_bas,2,2,2,up_sect_second_ak74,upgr_w_2_internal,st_upgr_w_internal,2
wpn_akm_bas,2,3,1,up_sect_secone_ak74,upgr_w_3_external,st_upgr_w_external,3
wpn_akm_bas,3,1,1,up_sect_thirda_ak74,upgr_w_1_internal,st_upgr_w_internal,1
wpn_akm_bas,3,2,1,up_sect_thirdc_ak74,upgr_w_2_external,st_upgr_w_external,2
wpn_akm_bas,3,2,2,up_sect_thirdd_akm,upgr_w_2_internal,st_upgr_w_internal,2
wpn_akm_bas,3,3,1,up_sect_thirde_ak74,upgr_w_3_internal,st_upgr_w_internal,3
wpn_akm_bas,4,1,1,up_sect_fourta_ak74,upgr_w_1_external,st_upgr_w_external,1
wpn_akm_bas,4,2,1,up_sect_fourtc_ak74,upgr_w_2_external,st_upgr_w_external,2
wpn_akm_bas,4,3,1,up_sect_fourte_ak74,upgr_w_3_external,st_upgr_w_external,3
wpn_akm_bas,5,1,1,up_sect_fiftha_akm,upgr_w_1_optical,st_upgr_w_optical,1
wpn_akm_bas,5,2,1,up_sect_fifthc_akm,upgr_w_2_internal,st_upgr_w_internal,2
wpn_akm_isg,1,1,1,up_sect_firsta_ak104,upgr_w_2_internal,st_upgr_w_internal,2
wpn_akm_isg,1,2,1,up_sect_firstc_ak104,upgr_w_3_internal,st_upgr_w_internal,3
wpn_akm_isg,1,2,2,up_sect_firstd_ak104,upgr_w_3_internal,st_upgr_w_internal,3
wpn_akm_isg,1,3,1,up_sect_firste_ak104,upgr_w_3_internal,st_upgr_w_internal,3
wpn_akm_isg,2,1,1,up_sect_secona_ak104,upgr_w_2_internal,st_upgr_w_internal,2
wpn_akm_isg,2,2,1,up_sect_seconc_ak104,upgr_w_3_internal,st_upgr_w_internal,3
wpn_akm_isg,2,3,1,up_sect_secone_ak104,upgr_w_3_internal,st_upgr_w_internal,3
wpn_akm_isg,2,3,2,up_sect_seconf_ak104,upgr_w_3_external,st_upgr_w_external,3
wpn_akm_isg,3,1,1,up_sect_thirda_ak104,upgr_w_2_internal,st_upgr_w_internal,2
wpn_akm_isg,3,2,1,up_sect_thirdc_ak104,upgr_w_3_internal,st_upgr_w_internal,3
wpn_akm_isg,3,2,2,up_sect_thirdd_ak104,upgr_w_3_external,st_upgr_w_external,3
wpn_akm_isg,3,3,1,up_sect_thirde_ak104,upgr_w_3_external,st_upgr_w_external,3
wpn_akm_isg,4,1,1,up_sect_fourta_ak104,upgr_w_2_internal,st_upgr_w_internal,2
wpn_akm_isg,4,2,1,up_sect_fourtc_ak104,upgr_w_3_internal,st_upgr_w_internal,3
wpn_akm_isg,4,3,1,up_sect_fourte_ak104,upgr_w_3_internal,st_upgr_w_internal,3
wpn_akm_isg,5,1,1,up_sect_fiftha_ak104,upgr_w_2_internal,st_upgr_w_internal,2
wpn_akms,1,1,1,up_sect_firsta_akm,upgr_w_1_internal,st_upgr_w_internal,1
wpn_akms,1,2,1,up_sect_firstc_ak74,upgr_w_2_internal,st_upgr_w_internal,2
wpn_akms,1,3,1,up_sect_firste_ak74,upgr_w_3_external,st_upgr_w_external,3
wpn_akms,1,3,2,up_sect_firstf_akm,upgr_w_3_internal,st_upgr_w_internal,3
wpn_akms,2,1,1,up_sect_secona_akm,upgr_w_1_external,st_upgr_w_external,1
wpn_akms,2,2,1,up_sect_seconc_ak74,upgr_w_2_external,st_upgr_w_external,2
wpn_akms,2,2,2,up_sect_second_ak74,upgr_w_2_internal,st_upgr_w_internal,2
wpn_akms,2,3,1,up_sect_secone_ak74,upgr_w_3_external,st_upgr_w_external,3
wpn_akms,3,1,1,up_sect_thirda_ak74,upgr_w_1_internal,st_upgr_w_internal,1
wpn_akms,3,2,1,up_sect_thirdc_ak74,upgr_w_2_external,st_upgr_w_external,2
wpn_akms,3,2,2,up_sect_thirdd_akm,upgr_w_2_internal,st_upgr_w_internal,2
wpn_akms,3,3,1,up_sect_thirde_ak74,upgr_w_3_internal,st_upgr_w_internal,3
wpn_akms,4,1,1,up_sect_fourta_ak74,upgr_w_1_external,st_upgr_w_external,1
wpn_akms,4,2,1,up_sect_fourtc_ak74,upgr_w_2_external,st_upgr_w_external,2
wpn_akms,4,3,1,up_sect_fourte_ak74,upgr_w_3_external,st_upgr_w_external,3
wpn_akms,5,1,1,up_sect_fiftha_akm,upgr_w_1_optical,st_upgr_w_optical,1
wpn_akms,5,2,1,up_sect_fifthc_akm,upgr_w_2_internal,st_upgr_w_internal,2
wpn_akms_alt,1,1,1,up_sect_firsta_akm,upgr_w_1_internal,st_upgr_w_internal,1
wpn_akms_alt,1,2,1,up_sect_firstc_ak74,upgr_w_2_internal,st_upgr_w_internal,2
wpn_akms_alt,1,3,1,up_sect_firste_ak74,upgr_w_3_external,st_upgr_w_external,3
wpn_akms_alt,1,3,2,up_sect_firstf_akm,upgr_w_3_internal,st_upgr_w_internal,3
wpn_akms_alt,2,1,1,up_sect_secona_akm,upgr_w_1_external,st_upgr_w_external,1
wpn_akms_alt,2,2,1,up_sect_seconc_ak74,upgr_w_2_external,st_upgr_w_external,2
wpn_akms_alt,2,2,2,up_sect_second_ak74,upgr_w_2_internal,st_upgr_w_internal,2
wpn_akms_alt,2,3,1,up_sect_secone_ak74,upgr_w_3_external,st_upgr_w_external,3
wpn_akms_alt,3,1,1,up_sect_thirda_ak74,upgr_w_1_internal,st_upgr_w_internal,1
wpn_akms_alt,3,2,1,up_sect_thirdc_ak74,upgr_w_2_external,st_upgr_w_external,2
wpn_akms_alt,3,2,2,up_sect_thirdd_akm,upgr_w_2_internal,st_upgr_w_internal,2
wpn_akms_alt,3,3,1,up_sect_thirde_ak74,upgr_w_3_internal,st_upgr_w_internal,3
wpn_akms_alt,4,1,1,up_sect_fourta_ak74,upgr_w_1_external,st_upgr_w_external,1
wpn_akms_alt,4,2,1,up_sect_fourtc_ak74,upgr_w_2_external,st_upgr_w_external,2
wpn_akms_alt,4,3,1,up_sect_fourte_ak74,upgr_w_3_external,st_upgr_w_external,3
wpn_akms_alt,5,1,1,up_sect_fiftha_akm,upgr_w_1_optical,st_upgr_w_optical,1
wpn_akms_alt,5,2,1,up_sect_fifthc_akm,upgr_w_2_internal,st_upgr_w_internal,2
wpn_akms_bas,1,1,1,up_sect_firsta_akm,upgr_w_2_internal,st_upgr_w_internal,2
wpn_akms_bas,1,2,1,up_sect_firstc_ak74,upgr_w_3_internal,st_upgr_w_internal,3
wpn_akms_bas,1,3,1,up_sect_firste_ak74,upgr_w_3_external,st_upgr_w_external,3
wpn_akms_bas,1,3,2,up_sect_firstf_akm,upgr_w_3_internal,st_upgr_w_internal,3
wpn_akms_bas,2,1,1,up_sect_secona_akm,upgr_w_2_external,st_upgr_w_external,2
wpn_akms_bas,2,2,1,up_sect_seconc_ak74,upgr_w_3_external,st_upgr_w_external,3
wpn_akms_bas,2,2,2,up_sect_second_ak74,upgr_w_3_internal,st_upgr_w_internal,3
wpn_akms_bas,2,3,1,up_sect_secone_ak74,upgr_w_3_external,st_upgr_w_external,3
wpn_akms_bas,3,1,1,up_sect_thirda_ak74,upgr_w_2_internal,st_upgr_w_internal,2
wpn_akms_bas,3,2,1,up_sect_thirdc_ak74,upgr_w_3_external,st_upgr_w_external,3
wpn_akms_bas,3,2,2,up_sect_thirdd_akm,upgr_w_3_internal,st_upgr_w_internal,3
wpn_akms_bas,3,3,1,up_sect_thirde_ak74,upgr_w_3_internal,st_upgr_w_internal,3
wpn_akms_bas,4,1,1,up_sect_fourta_ak74,upgr_w_2_external,st_upgr_w_external,2
wpn_akms_bas,4,2,1,up_sect_fourtc_ak74,upgr_w_3_external,st_upgr_w_external,3
wpn_akms_bas,4,3,1,up_sect_fourte_ak74,upgr_w_3_external,st_upgr_w_external,3
wpn_akms_bas,5,1,1,up_sect_fiftha_akm,upgr_w_2_optical,st_upgr_w_optical,2
wpn_akms_bas,5,2,1,up_sect_fifthc_akm,upgr_w_3_internal,st_upgr_w_internal,3
wpn_aks,1,1,1,up_sect_firsta_akm,upgr_w_1_internal,st_upgr_w_internal,1
wpn_aks,1,2,1,up_sect_firstc_ak74,upgr_w_2_internal,st_upgr_w_internal,2
wpn_aks,2,1,1,up_sect_secona_akm,upgr_w_1_external,st_upgr_w_external,1
wpn_aks,2,2,1,up_sect_seconc_ak74,upgr_w_2_external,st_upgr_w_external,2
wpn_aks,2,2,2,up_sect_second_ak74,upgr_w_2_internal,st_upgr_w_internal,2
wpn_aks,3,1,1,up_sect_thirda_ak74,upgr_w_1_internal,st_upgr_w_internal,1
wpn_aks,3,2,1,up_sect_thirdc_ak74,upgr_w_2_external,st_upgr_w_external,2
wpn_aks,3,2,2,up_sect_thirdd_akm,upgr_w_2_internal,st_upgr_w_internal,2
wpn_aks,4,1,1,up_sect_fourta_ak74,upgr_w_1_external,st_upgr_w_external,1
wpn_aks,4,2,1,up_sect_fourtc_ak74,upgr_w_2_external,st_upgr_w_external,2
wpn_aks,5,1,1,up_sect_fiftha_ak,upgr_w_1_optical,st_upgr_w_optical,1
wpn_aks74_new,1,1,1,up_sect_firsta_ak74,upgr_w_1_internal,st_upgr_w_internal,1
wpn_aks74_new,1,2,1,up_sect_firstc_ak74,upgr_w_2_internal,st_upgr_w_internal,2
wpn_aks74_new,1,3,1,up_sect_firste_ak74,upgr_w_3_external,st_upgr_w_external,3
wpn_aks74_new,1,3,2,up_sect_firstf_ak74,upgr_w_3_internal,st_upgr_w_internal,3
wpn_aks74_new,2,1,1,up_sect_secona_ak74,upgr_w_1_external,st_upgr_w_external,1
wpn_aks74_new,2,2,1,up_sect_seconc_ak74,upgr_w_2_external,st_upgr_w_external,2
wpn_aks74_new,2,2,2,up_sect_second_ak74,upgr_w_2_internal,st_upgr_w_internal,2
wpn_aks74_new,2,3,1,up_sect_secone_ak74,upgr_w_3_external,st_upgr_w_external,3
wpn_aks74_new,3,1,1,up_sect_thirda_ak74,upgr_w_1_internal,st_upgr_w_internal,1
wpn_aks74_new,3,2,1,up_sect_thirdc_ak74,upgr_w_2_external,st_upgr_w_external,2
wpn_aks74_new,3,2,2,up_sect_thirdd_ak74,upgr_w_2_internal,st_upgr_w_internal,2
wpn_aks74_new,3,3,1,up_sect_thirde_ak74,upgr_w_3_internal,st_upgr_w_internal,3
wpn_aks74_new,4,1,1,up_sect_fourta_ak74,upgr_w_1_external,st_upgr_w_external,1
wpn_aks74_new,4,2,1,up_sect_fourtc_ak74,upgr_w_2_external,st_upgr_w_external,2
wpn_aks74_new,4,3,1,up_sect_fourte_ak74,upgr_w_3_external,st_upgr_w_external,3
wpn_aks74_new,5,1,1,up_sect_fiftha_ak74,upgr_w_1_optical,st_upgr_w_optical,1
wpn_aks74_new,5,2,1,up_sect_fifthc_ak74,upgr_w_2_internal,st_upgr_w_internal,2
wpn_am17,1,1,1,up_sect_firsta_ak74,upgr_w_1_internal,st_upgr_w_internal,1
wpn_am17,1,2,1,up_sect_firstc_ak74,upgr_w_2_internal,st_upgr_w_internal,2
wpn_am17,1,3,1,up_sect_firste_ak74,upgr_w_3_external,st_upgr_w_external,3
wpn_am17,1,3,2,up_sect_firstf_ak74,upgr_w_3_internal,st_upgr_w_internal,3
wpn_am17,2,1,1,up_sect_secona_ak74,upgr_w_1_external,st_upgr_w_external,1
wpn_am17,2,2,1,up_sect_seconc_ak74,upgr_w_2_external,st_upgr_w_external,2
wpn_am17,2,2,2,up_sect_second_ak74,upgr_w_2_internal,st_upgr_w_internal,2
wpn_am17,2,3,1,up_sect_secone_ak74,upgr_w_3_external,st_upgr_w_external,3
wpn_am17,3,1,1,up_sect_thirda_ak74,upgr_w_1_internal,st_upgr_w_internal,1
wpn_am17,3,2,1,up_sect_thirdc_ak74,upgr_w_2_external,st_upgr_w_external,2
wpn_am17,3,2,2,up_sect_thirdd_ak74,upgr_w_2_internal,st_upgr_w_internal,2
wpn_am17,3,3,1,up_sect_thirde_ak74,upgr_w_3_internal,st_upgr_w_internal,3
wpn_am17,4,1,1,up_sect_fourta_ak74,upgr_w_1_external,st_upgr_w_external,1
wpn_am17,4,2,1,up_sect_fourtc_ak74,upgr_w_2_external,st_upgr_w_external,2
wpn_am17,4,3,1,up_sect_fourte_ak74,upgr_w_3_external,st_upgr_w_external,3
wpn_am17,5,1,1,up_sect_fiftha_ak12,upgr_w_1_internal,st_upgr_w_internal,1
wpn_am17,5,2,1,up_sect_fifthc_ak74,upgr_w_2_internal,st_upgr_w_internal,2
wpn_amb17,1,1,1,up_sect_firsta_vintorez,upgr_w_2_internal,st_upgr_w_internal,2
wpn_amb17,1,2,1,up_sect_firstc_vintorez,upgr_w_3_internal,st_upgr_w_internal,3
wpn_amb17,1,2,2,up_sect_firstd_vintorez,upgr_w_3_external,st_upgr_w_external,3
wpn_amb17,1,3,1,up_sect_firste_vintorez,upgr_w_3_external,st_upgr_w_external,3
wpn_amb17,1,3,2,up_sect_firstf_vintorez,upgr_w_3_external,st_upgr_w_external,3
wpn_amb17,2,1,1,up_sect_secona_vintorez,upgr_w_2_external,st_upgr_w_external,2
wpn_amb17,2,2,1,up_sect_seconc_vintorez,upgr_w_3_internal,st_upgr_w_internal,3
wpn_amb17,2,2,2,up_sect_second_vintorez,upgr_w_3_external,st_upgr_w_external,3
wpn_amb17,2,3,1,up_sect_secone_vintorez,upgr_w_3_external,st_upgr_w_external,3
wpn_amb17,3,1,1,up_sect_thirda_vintorez,upgr_w_2_internal,st_upgr_w_internal,2
wpn_amb17,3,2,1,up_sect_thirdc_vintorez,upgr_w_3_external,st_upgr_w_external,3
wpn_amb17,3,3,1,up_sect_thirde_vintorez,upgr_w_3_external,st_upgr_w_external,3
wpn_amb17,3,3,2,up_sect_thirdf_vintorez,upgr_w_3_internal,st_upgr_w_internal,3
wpn_amb17,4,1,1,up_sect_fourta_vintorez,upgr_w_2_internal,st_upgr_w_internal,2
wpn_amb17,4,2,1,up_sect_fourtc_vintorez,upgr_w_3_external,st_upgr_w_external,3
wpn_amb17,4,3,1,up_sect_fourte_vintorez,upgr_w_3_internal,st_upgr_w_internal,3
wpn_amb17,4,3,2,up_sect_fourtf_vintorez,upgr_w_3_internal,st_upgr_w_internal,3
wpn_aps,1,1,1,up_sect_firsta_pm,upgr_w_1_internal,st_upgr_w_internal,1
wpn_aps,1,2,1,up_sect_firstc_pm,upgr_w_1_external,st_upgr_w_external,1
wpn_aps,1,2,2,up_sect_firstd_pm,upgr_w_1_internal,st_upgr_w_internal,1
wpn_aps,1,3,1,up_sect_firsta_pm,upgr_w_2_internal,st_upgr_w_internal,2
wpn_aps,2,1,1,up_sect_secona_pm,upgr_w_1_external,st_upgr_w_external,1
wpn_aps,2,2,1,up_sect_seconc_aps,upgr_w_1_external,st_upgr_w_external,1
wpn_aps,3,1,1,up_sect_thirda_pm,upgr_w_1_external,st_upgr_w_external,1
wpn_aps,3,2,1,up_sect_thirdc_pm,upgr_w_1_external,st_upgr_w_external,1
wpn_aps,3,2,2,up_sect_thirdd_pm,upgr_w_1_internal,st_upgr_w_internal,1
wpn_aps,4,1,1,up_sect_fourta_pm,upgr_w_1_external,st_upgr_w_external,1
wpn_aps,4,2,1,up_sect_fourtc_pm,upgr_w_1_external,st_upgr_w_external,1
wpn_aps,5,1,1,up_sect_fiftha_aps,upgr_w_1_optical,st_upgr_w_optical,1
wpn_aps,5,2,1,up_sect_fifthc_pm,upgr_w_1_internal,st_upgr_w_internal,1
wpn_aps_bas,1,1,1,up_sect_firsta_pm,upgr_w_1_internal,st_upgr_w_internal,1
wpn_aps_bas,1,2,1,up_sect_firstc_pm,upgr_w_1_external,st_upgr_w_external,1
wpn_aps_bas,1,2,2,up_sect_firstd_pm,upgr_w_1_internal,st_upgr_w_internal,1
wpn_aps_bas,1,3,1,up_sect_firsta_pm,upgr_w_2_internal,st_upgr_w_internal,2
wpn_aps_bas,2,1,1,up_sect_secona_pm,upgr_w_1_external,st_upgr_w_external,1
wpn_aps_bas,2,2,1,up_sect_seconc_aps,upgr_w_1_external,st_upgr_w_external,1
wpn_aps_bas,3,1,1,up_sect_thirda_pm,upgr_w_1_external,st_upgr_w_external,1
wpn_aps_bas,3,2,1,up_sect_thirdc_pm,upgr_w_1_external,st_upgr_w_external,1
wpn_aps_bas,3,2,2,up_sect_thirdd_pm,upgr_w_1_internal,st_upgr_w_internal,1
wpn_aps_bas,4,1,1,up_sect_fourta_pm,upgr_w_1_external,st_upgr_w_external,1
wpn_aps_bas,4,2,1,up_sect_fourtc_pm,upgr_w_1_external,st_upgr_w_external,1
wpn_aps_bas_apsabigo,1,1,1,up_sect_firsta_pm,upgr_w_1_internal,st_upgr_w_internal,1
wpn_aps_bas_apsabigo,1,2,1,up_sect_firstc_pm,upgr_w_1_external,st_upgr_w_external,1
wpn_aps_bas_apsabigo,1,2,2,up_sect_firstd_pm,upgr_w_1_internal,st_upgr_w_internal,1
wpn_aps_bas_apsabigo,1,3,1,up_sect_firsta_pm,upgr_w_2_internal,st_upgr_w_internal,2
wpn_aps_bas_apsabigo,2,1,1,up_sect_secona_pm,upgr_w_1_external,st_upgr_w_external,1
wpn_aps_bas_apsabigo,2,2,1,up_sect_seconc_aps,upgr_w_1_external,st_upgr_w_external,1
wpn_aps_bas_apsabigo,3,1,1,up_sect_thirda_pm,upgr_w_1_external,st_upgr_w_external,1
wpn_aps_bas_apsabigo,3,2,1,up_sect_thirdc_pm,upgr_w_1_external,st_upgr_w_external,1
wpn_aps_bas_apsabigo,3,2,2,up_sect_thirdd_pm,upgr_w_1_internal,st_upgr_w_internal,1
wpn_aps_bas_apsabigo,4,1,1,up_sect_fourta_pm,upgr_w_1_external,st_upgr_w_external,1
wpn_aps_bas_apsabigo,4,2,1,up_sect_fourtc_pm,upgr_w_1_external,st_upgr_w_external,1
wpn_ar15_freedom,1,1,1,up_sect_firsta_g36,upgr_w_2_internal,st_upgr_w_internal,2
wpn_ar15_freedom,1,2,1,up_sect_firstc_g36,upgr_w_3_external,st_upgr_w_external,3
wpn_ar15_freedom,1,3,1,up_sect_firste_g36,upgr_w_3_external,st_upgr_w_external,3
wpn_ar15_freedom,1,3,2,up_sect_firstf_g36,upgr_w_3_external,st_upgr_w_external,3
wpn_ar15_freedom,2,1,1,up_sect_secona_g36,upgr_w_2_internal,st_upgr_w_internal,2
wpn_ar15_freedom,2,2,1,up_sect_seconc_g36,upgr_w_3_external,st_upgr_w_external,3
wpn_ar15_freedom,2,2,2,up_sect_second_g36,upgr_w_3_internal,st_upgr_w_internal,3
wpn_ar15_freedom,2,3,1,up_sect_secone_g36,upgr_w_3_external,st_upgr_w_external,3
wpn_ar15_freedom,3,1,1,up_sect_thirda_g36,upgr_w_2_external,st_upgr_w_external,2
wpn_ar15_freedom,3,2,1,up_sect_thirdc_g36,upgr_w_3_internal,st_upgr_w_internal,3
wpn_ar15_freedom,3,3,1,up_sect_thirde_g36,upgr_w_3_external,st_upgr_w_external,3
wpn_ar15_freedom,3,3,2,up_sect_thirdf_g36,upgr_w_3_external,st_upgr_w_external,3
wpn_ar15_freedom,4,1,1,up_sect_fourta_g36,upgr_w_2_internal,st_upgr_w_internal,2
wpn_ar15_freedom,4,2,1,up_sect_fourtc_g36,upgr_w_3_external,st_upgr_w_external,3
wpn_ar15_freedom,4,3,1,up_sect_fourte_g36,upgr_w_3_internal,st_upgr_w_internal,3
wpn_ar15_freedom,4,3,2,up_sect_fourtf_g36,upgr_w_3_external,st_upgr_w_external,3
wpn_ash12,1,1,1,up_sect_firsta_groza,upgr_w_2_internal,st_upgr_w_internal,2
wpn_ash12,1,2,1,up_sect_firstc_groza,upgr_w_3_internal,st_upgr_w_internal,3
wpn_ash12,1,2,2,up_sect_firstd_groza,upgr_w_3_internal,st_upgr_w_internal,3
wpn_ash12,1,3,1,up_sect_firste_groza,upgr_w_3_internal,st_upgr_w_internal,3
wpn_ash12,1,3,2,up_sect_firstf_groza,upgr_w_3_external,st_upgr_w_external,3
wpn_ash12,2,1,1,up_sect_secona_groza,upgr_w_2_internal,st_upgr_w_internal,2
wpn_ash12,2,2,1,up_sect_seconc_groza,upgr_w_3_external,st_upgr_w_external,3
wpn_ash12,2,3,1,up_sect_secone_groza,upgr_w_3_internal,st_upgr_w_internal,3
wpn_ash12,2,3,2,up_sect_seconf_groza,upgr_w_3_external,st_upgr_w_external,3
wpn_ash12,3,1,1,up_sect_thirda_groza,upgr_w_2_internal,st_upgr_w_internal,2
wpn_ash12,3,2,1,up_sect_thirdc_groza,upgr_w_3_external,st_upgr_w_external,3
wpn_ash12,3,2,2,up_sect_thirdd_groza,upgr_w_3_internal,st_upgr_w_internal,3
wpn_ash12,3,3,1,up_sect_thirde_groza,upgr_w_3_internal,st_upgr_w_internal,3
wpn_ash12,3,3,2,up_sect_thirdf_groza,upgr_w_3_external,st_upgr_w_external,3
wpn_ash12,4,1,1,up_sect_fourta_groza,upgr_w_2_internal,st_upgr_w_internal,2
wpn_ash12,4,2,1,up_sect_fourtc_groza,upgr_w_3_external,st_upgr_w_external,3
wpn_ash12,4,3,1,up_sect_fourte_groza,upgr_w_3_internal,st_upgr_w_internal,3
wpn_ash12,4,3,2,up_sect_fourtf_groza,upgr_w_3_external,st_upgr_w_external,3
wpn_ash12_sup,1,1,1,up_sect_firsta_groza,upgr_w_2_internal,st_upgr_w_internal,2
wpn_ash12_sup,1,2,1,up_sect_firstc_groza,upgr_w_3_internal,st_upgr_w_internal,3
wpn_ash12_sup,1,2,2,up_sect_firstd_groza,upgr_w_3_internal,st_upgr_w_internal,3
wpn_ash12_sup,1,3,1,up_sect_firste_groza,upgr_w_3_internal,st_upgr_w_internal,3
wpn_ash12_sup,1,3,2,up_sect_firstf_groza,upgr_w_3_external,st_upgr_w_external,3
wpn_ash12_sup,2,1,1,up_sect_secona_groza,upgr_w_2_internal,st_upgr_w_internal,2
wpn_ash12_sup,2,2,1,up_sect_seconc_groza,upgr_w_3_external,st_upgr_w_external,3
wpn_ash12_sup,2,3,1,up_sect_secone_groza,upgr_w_3_internal,st_upgr_w_internal,3
wpn_ash12_sup,2,3,2,up_sect_seconf_groza,upgr_w_3_external,st_upgr_w_external,3
wpn_ash12_sup,3,1,1,up_sect_thirda_groza,upgr_w_2_internal,st_upgr_w_internal,2
wpn_ash12_sup,3,2,1,up_sect_thirdc_groza,upgr_w_3_external,st_upgr_w_external,3
wpn_ash12_sup,3,2,2,up_sect_thirdd_groza,upgr_w_3_internal,st_upgr_w_internal,3
wpn_ash12_sup,3,3,1,up_sect_thirde_groza,upgr_w_3_internal,st_upgr_w_internal,3
wpn_ash12_sup,3,3,2,up_sect_thirdf_groza,upgr_w_3_external,st_upgr_w_external,3
wpn_ash12_sup,4,1,1,up_sect_fourta_groza,upgr_w_2_internal,st_upgr_w_internal,2
wpn_ash12_sup,4,2,1,up_sect_fourtc_groza,upgr_w_3_external,st_upgr_w_external,3
wpn_ash12_sup,4,3,1,up_sect_fourte_groza,upgr_w_3_internal,st_upgr_w_internal,3
wpn_ash12_sup,4,3,2,up_sect_fourtf_groza,upgr_w_3_external,st_upgr_w_external,3
wpn_aug,1,1,1,up_sect_firsta_aug,upgr_w_1_internal,st_upgr_w_internal,1
wpn_aug,1,2,1,up_sect_firstc_aug,upgr_w_2_external,st_upgr_w_external,2
wpn_aug,1,3,1,up_sect_firste_aug,upgr_w_3_internal,st_upgr_w_internal,3
wpn_aug,1,3,2,up_sect_firstf_aug,upgr_w_3_internal,st_upgr_w_internal,3
wpn_aug,2,1,1,up_sect_secona_aug,upgr_w_1_external,st_upgr_w_external,1
wpn_aug,2,2,1,up_sect_seconc_aug,upgr_w_2_external,st_upgr_w_external,2
wpn_aug,2,2,2,up_sect_second_aug,upgr_w_2_internal,st_upgr_w_internal,2
wpn_aug,2,3,1,up_sect_secone_aug,upgr_w_3_internal,st_upgr_w_internal,3
wpn_aug,3,1,1,up_sect_thirda_aug,upgr_w_1_internal,st_upgr_w_internal,1
wpn_aug,3,2,1,up_sect_thirdc_aug,upgr_w_2_internal,st_upgr_w_internal,2
wpn_aug,3,3,1,up_sect_thirde_aug,upgr_w_3_external,st_upgr_w_external,3
wpn_aug,3,3,2,up_sect_thirdf_aug,upgr_w_3_external,st_upgr_w_external,3
wpn_aug,4,1,1,up_sect_fourta_aug,upgr_w_1_external,st_upgr_w_external,1
wpn_aug,4,2,1,up_sect_fourtc_aug,upgr_w_2_internal,st_upgr_w_internal,2
wpn_aug,4,3,1,up_sect_fourte_aug,upgr_w_3_external,st_upgr_w_external,3
wpn_aug,5,1,1,up_sect_fiftha_aug,upgr_w_1_internal,st_upgr_w_internal,1
wpn_aug,5,2,1,up_sect_fifthc_aug,upgr_w_2_external,st_upgr_w_external,2
wpn_aug_a1_bas,1,1,1,up_sect_firsta_sig550,upgr_w_1_internal,st_upgr_w_internal,1
wpn_aug_a1_bas,1,2,1,up_sect_firstc_sig550,upgr_w_2_internal,st_upgr_w_internal,2
wpn_aug_a1_bas,1,2,2,up_sect_firstd_sig550,upgr_w_2_internal,st_upgr_w_internal,2
wpn_aug_a1_bas,1,3,1,up_sect_firste_sig550,upgr_w_3_internal,st_upgr_w_internal,3
wpn_aug_a1_bas,2,1,1,up_sect_secona_sig550,upgr_w_1_internal,st_upgr_w_internal,1
wpn_aug_a1_bas,2,2,1,up_sect_seconc_sig550,upgr_w_2_external,st_upgr_w_external,2
wpn_aug_a1_bas,2,3,1,up_sect_secone_sig550,upgr_w_3_internal,st_upgr_w_internal,3
wpn_aug_a1_bas,2,3,2,up_sect_seconf_sig550,upgr_w_3_external,st_upgr_w_external,3
wpn_aug_a1_bas,3,1,1,up_sect_thirda_sig550,upgr_w_1_internal,st_upgr_w_internal,1
wpn_aug_a1_bas,3,2,1,up_sect_thirdc_sig550,upgr_w_2_internal,st_upgr_w_internal,2
wpn_aug_a1_bas,3,2,2,up_sect_thirdd_sig550,upgr_w_2_external,st_upgr_w_external,2
wpn_aug_a1_bas,3,3,1,up_sect_thirde_sig550,upgr_w_3_internal,st_upgr_w_internal,3
wpn_aug_a1_bas,4,1,1,up_sect_fourta_sig550,upgr_w_1_external,st_upgr_w_external,1
wpn_aug_a1_bas,4,2,1,up_sect_fourtc_sig550,upgr_w_2_external,st_upgr_w_external,2
wpn_aug_a1_bas,4,3,1,up_sect_fourte_sig550,upgr_w_3_external,st_upgr_w_external,3
wpn_aug_a1_bas,4,3,2,up_sect_fourtf_sig550,upgr_w_3_external,st_upgr_w_external,3
wpn_aug_a1_bas,5,1,1,up_sect_fiftha_sig550,upgr_w_1_external,st_upgr_w_external,1
wpn_aug_a1_custom_bas,1,1,1,up_sect_firsta_sig550,upgr_w_1_internal,st_upgr_w_internal,1
wpn_aug_a1_custom_bas,1,2,1,up_sect_firstc_sig550,upgr_w_2_internal,st_upgr_w_internal,2
wpn_aug_a1_custom_bas,1,2,2,up_sect_firstd_sig550,upgr_w_2_internal,st_upgr_w_internal,2
wpn_aug_a1_custom_bas,1,3,1,up_sect_firste_sig550,upgr_w_3_internal,st_upgr_w_internal,3
wpn_aug_a1_custom_bas,2,1,1,up_sect_secona_sig550,upgr_w_1_internal,st_upgr_w_internal,1
wpn_aug_a1_custom_bas,2,2,1,up_sect_seconc_sig550,upgr_w_2_external,st_upgr_w_external,2
wpn_aug_a1_custom_bas,2,3,1,up_sect_secone_sig550,upgr_w_3_internal,st_upgr_w_internal,3
wpn_aug_a1_custom_bas,2,3,2,up_sect_seconf_sig550,upgr_w_3_external,st_upgr_w_external,3
wpn_aug_a1_custom_bas,3,1,1,up_sect_thirda_sig550,upgr_w_1_internal,st_upgr_w_internal,1
wpn_aug_a1_custom_bas,3,2,1,up_sect_thirdc_sig550,upgr_w_2_internal,st_upgr_w_internal,2
wpn_aug_a1_custom_bas,3,2,2,up_sect_thirdd_sig550,upgr_w_2_external,st_upgr_w_external,2
wpn_aug_a1_custom_bas,3,3,1,up_sect_thirde_sig550,upgr_w_3_internal,st_upgr_w_internal,3
wpn_aug_a1_custom_bas,4,1,1,up_sect_fourta_sig550,upgr_w_1_external,st_upgr_w_external,1
wpn_aug_a1_custom_bas,4,2,1,up_sect_fourtc_sig550,upgr_w_2_external,st_upgr_w_external,2
wpn_aug_a1_custom_bas,4,3,1,up_sect_fourte_sig550,upgr_w_3_external,st_upgr_w_external,3
wpn_aug_a1_custom_bas,4,3,2,up_sect_fourtf_sig550,upgr_w_3_external,st_upgr_w_external,3
wpn_aug_a1_custom_bas,5,1,1,up_sect_fiftha_sig550,upgr_w_1_external,st_upgr_w_external,1
wpn_aug_a3,1,1,1,up_sect_firsta_sig550,upgr_w_1_internal,st_upgr_w_internal,1
wpn_aug_a3,1,2,1,up_sect_firstc_sig550,upgr_w_2_internal,st_upgr_w_internal,2
wpn_aug_a3,1,2,2,up_sect_firstd_sig550,upgr_w_2_internal,st_upgr_w_internal,2
wpn_aug_a3,1,3,1,up_sect_firste_sig550,upgr_w_3_internal,st_upgr_w_internal,3
wpn_aug_a3,2,1,1,up_sect_secona_sig550,upgr_w_1_internal,st_upgr_w_internal,1
wpn_aug_a3,2,2,1,up_sect_seconc_sig550,upgr_w_2_external,st_upgr_w_external,2
wpn_aug_a3,2,3,1,up_sect_secone_sig550,upgr_w_3_internal,st_upgr_w_internal,3
wpn_aug_a3,2,3,2,up_sect_seconf_sig550,upgr_w_3_external,st_upgr_w_external,3
wpn_aug_a3,3,1,1,up_sect_thirda_sig550,upgr_w_1_internal,st_upgr_w_internal,1
wpn_aug_a3,3,2,1,up_sect_thirdc_sig550,upgr_w_2_internal,st_upgr_w_internal,2
wpn_aug_a3,3,2,2,up_sect_thirdd_sig550,upgr_w_2_external,st_upgr_w_external,2
wpn_aug_a3,3,3,1,up_sect_thirde_sig550,upgr_w_3_internal,st_upgr_w_internal,3
wpn_aug_a3,4,1,1,up_sect_fourta_sig550,upgr_w_1_external,st_upgr_w_external,1
wpn_aug_a3,4,2,1,up_sect_fourtc_sig550,upgr_w_2_external,st_upgr_w_external,2
wpn_aug_a3,4,3,1,up_sect_fourte_sig550,upgr_w_3_external,st_upgr_w_external,3
wpn_aug_a3,4,3,2,up_sect_fourtf_sig550,upgr_w_3_external,st_upgr_w_external,3
wpn_aug_a3,5,1,1,up_sect_fiftha_sig550,upgr_w_1_external,st_upgr_w_external,1
wpn_aug_a3_bas,1,1,1,up_sect_firsta_sig550,upgr_w_1_internal,st_upgr_w_internal,1
wpn_aug_a3_bas,1,2,1,up_sect_firstc_sig550,upgr_w_2_internal,st_upgr_w_internal,2
wpn_aug_a3_bas,1,2,2,up_sect_firstd_sig550,upgr_w_2_internal,st_upgr_w_internal,2
wpn_aug_a3_bas,1,3,1,up_sect_firste_sig550,upgr_w_3_internal,st_upgr_w_internal,3
wpn_aug_a3_bas,2,1,1,up_sect_secona_sig550,upgr_w_1_internal,st_upgr_w_internal,1
wpn_aug_a3_bas,2,2,1,up_sect_seconc_sig550,upgr_w_2_external,st_upgr_w_external,2
wpn_aug_a3_bas,2,3,1,up_sect_secone_sig550,upgr_w_3_internal,st_upgr_w_internal,3
wpn_aug_a3_bas,2,3,2,up_sect_seconf_sig550,upgr_w_3_external,st_upgr_w_external,3
wpn_aug_a3_bas,3,1,1,up_sect_thirda_sig550,upgr_w_1_internal,st_upgr_w_internal,1
wpn_aug_a3_bas,3,2,1,up_sect_thirdc_sig550,upgr_w_2_internal,st_upgr_w_internal,2
wpn_aug_a3_bas,3,2,2,up_sect_thirdd_sig550,upgr_w_2_external,st_upgr_w_external,2
wpn_aug_a3_bas,3,3,1,up_sect_thirde_sig550,upgr_w_3_internal,st_upgr_w_internal,3
wpn_aug_a3_bas,4,1,1,up_sect_fourta_sig550,upgr_w_1_external,st_upgr_w_external,1
wpn_aug_a3_bas,4,2,1,up_sect_fourtc_sig550,upgr_w_2_external,st_upgr_w_external,2
wpn_aug_a3_bas,4,3,1,up_sect_fourte_sig550,upgr_w_3_external,st_upgr_w_external,3
wpn_aug_a3_bas,4,3,2,up_sect_fourtf_sig550,upgr_w_3_external,st_upgr_w_external,3
wpn_aug_a3_bas,5,1,1,up_sect_fiftha_sig550,upgr_w_1_external,st_upgr_w_external,1
wpn_aug_a3_custom_bas,1,1,1,up_sect_firsta_sig550,upgr_w_1_internal,st_upgr_w_internal,1
wpn_aug_a3_custom_bas,1,2,1,up_sect_firstc_sig550,upgr_w_2_internal,st_upgr_w_internal,2
wpn_aug_a3_custom_bas,1,2,2,up_sect_firstd_sig550,upgr_w_2_internal,st_upgr_w_internal,2
wpn_aug_a3_custom_bas,1,3,1,up_sect_firste_sig550,upgr_w_3_internal,st_upgr_w_internal,3
wpn_aug_a3_custom_bas,2,1,1,up_sect_secona_sig550,upgr_w_1_internal,st_upgr_w_internal,1
wpn_aug_a3_custom_bas,2,2,1,up_sect_seconc_sig550,upgr_w_2_external,st_upgr_w_external,2
wpn_aug_a3_custom_bas,2,3,1,up_sect_secone_sig550,upgr_w_3_internal,st_upgr_w_internal,3
wpn_aug_a3_custom_bas,2,3,2,up_sect_seconf_sig550,upgr_w_3_external,st_upgr_w_external,3
wpn_aug_a3_custom_bas,3,1,1,up_sect_thirda_sig550,upgr_w_1_internal,st_upgr_w_internal,1
wpn_aug_a3_custom_bas,3,2,1,up_sect_thirdc_sig550,upgr_w_2_internal,st_upgr_w_internal,2
wpn_aug_a3_custom_bas,3,2,2,up_sect_thirdd_sig550,upgr_w_2_external,st_upgr_w_external,2
wpn_aug_a3_custom_bas,3,3,1,up_sect_thirde_sig550,upgr_w_3_internal,st_upgr_w_internal,3
wpn_aug_a3_custom_bas,4,1,1,up_sect_fourta_sig550,upgr_w_1_external,st_upgr_w_external,1
wpn_aug_a3_custom_bas,4,2,1,up_sect_fourtc_sig550,upgr_w_2_external,st_upgr_w_external,2
wpn_aug_a3_custom_bas,4,3,1,up_sect_fourte_sig550,upgr_w_3_external,st_upgr_w_external,3
wpn_aug_a3_custom_bas,4,3,2,up_sect_fourtf_sig550,upgr_w_3_external,st_upgr_w_external,3
wpn_aug_a3_custom_bas,5,1,1,up_sect_fiftha_sig550,upgr_w_1_external,st_upgr_w_external,1
wpn_aug_freedom,1,1,1,up_sect_firsta_aug,upgr_w_1_internal,st_upgr_w_internal,1
wpn_aug_freedom,1,2,1,up_sect_firstc_aug,upgr_w_1_external,st_upgr_w_external,1
wpn_aug_freedom,1,3,1,up_sect_firste_aug,upgr_w_2_internal,st_upgr_w_internal,2
wpn_aug_freedom,1,3,2,up_sect_firstf_aug,upgr_w_2_internal,st_upgr_w_internal,2
wpn_aug_freedom,2,1,1,up_sect_secona_aug,upgr_w_1_external,st_upgr_w_external,1
wpn_aug_freedom,2,2,1,up_sect_seconc_aug,upgr_w_1_external,st_upgr_w_external,1
wpn_aug_freedom,2,2,2,up_sect_second_aug,upgr_w_1_internal,st_upgr_w_internal,1
wpn_aug_freedom,2,3,1,up_sect_secone_aug,upgr_w_2_internal,st_upgr_w_internal,2
wpn_aug_freedom,3,1,1,up_sect_thirda_aug,upgr_w_1_internal,st_upgr_w_internal,1
wpn_aug_freedom,3,2,1,up_sect_thirdc_aug,upgr_w_1_internal,st_upgr_w_internal,1
wpn_aug_freedom,3,3,1,up_sect_thirde_aug,upgr_w_2_external,st_upgr_w_external,2
wpn_aug_freedom,3,3,2,up_sect_thirdf_aug,upgr_w_2_external,st_upgr_w_external,2
wpn_aug_freedom,4,1,1,up_sect_fourta_aug,upgr_w_1_external,st_upgr_w_external,1
wpn_aug_freedom,4,2,1,up_sect_fourtc_aug,upgr_w_1_internal,st_upgr_w_internal,1
wpn_aug_freedom,4,3,1,up_sect_fourte_aug,upgr_w_2_external,st_upgr_w_external,2
wpn_aug_freedom,5,1,1,up_sect_fiftha_aug,upgr_w_1_internal,st_upgr_w_internal,1
wpn_aug_freedom,5,2,1,up_sect_fifthc_aug,upgr_w_1_external,st_upgr_w_external,1
wpn_aug_merc,1,1,1,up_sect_firsta_aug,upgr_w_1_internal,st_upgr_w_internal,1
wpn_aug_merc,1,2,1,up_sect_firstc_aug,upgr_w_2_external,st_upgr_w_external,2
wpn_aug_merc,1,3,1,up_sect_firste_aug,upgr_w_3_internal,st_upgr_w_internal,3
wpn_aug_merc,1,3,2,up_sect_firstf_aug,upgr_w_3_internal,st_upgr_w_internal,3
wpn_aug_merc,2,1,1,up_sect_secona_aug,upgr_w_1_external,st_upgr_w_external,1
wpn_aug_merc,2,2,1,up_sect_seconc_aug,upgr_w_2_external,st_upgr_w_external,2
wpn_aug_merc,2,2,2,up_sect_second_aug,upgr_w_2_internal,st_upgr_w_internal,2
wpn_aug_merc,2,3,1,up_sect_secone_aug,upgr_w_3_internal,st_upgr_w_internal,3
wpn_aug_merc,3,1,1,up_sect_thirda_aug,upgr_w_1_internal,st_upgr_w_internal,1
wpn_aug_merc,3,2,1,up_sect_thirdc_aug,upgr_w_2_internal,st_upgr_w_internal,2
wpn_aug_merc,3,3,1,up_sect_thirde_aug,upgr_w_3_external,st_upgr_w_external,3
wpn_aug_merc,3,3,2,up_sect_thirdf_aug,upgr_w_3_external,st_upgr_w_external,3
wpn_aug_merc,4,1,1,up_sect_fourta_aug,upgr_w_1_external,st_upgr_w_external,1
wpn_aug_merc,4,2,1,up_sect_fourtc_aug,upgr_w_2_internal,st_upgr_w_internal,2
wpn_aug_merc,4,3,1,up_sect_fourte_aug,upgr_w_3_external,st_upgr_w_external,3
wpn_aug_merc,5,1,1,up_sect_fiftha_aug,upgr_w_1_internal,st_upgr_w_internal,1
wpn_aug_merc,5,2,1,up_sect_fifthc_aug,upgr_w_2_external,st_upgr_w_external,2
wpn_aug_modern,1,1,1,up_sect_firsta_aug,upgr_w_1_internal,st_upgr_w_internal,1
wpn_aug_modern,1,2,1,up_sect_firstc_aug,upgr_w_2_external,st_upgr_w_external,2
wpn_aug_modern,1,3,1,up_sect_firste_aug,upgr_w_3_internal,st_upgr_w_internal,3
wpn_aug_modern,1,3,2,up_sect_firstf_aug,upgr_w_3_internal,st_upgr_w_internal,3
wpn_aug_modern,2,1,1,up_sect_secona_aug,upgr_w_1_external,st_upgr_w_external,1
wpn_aug_modern,2,2,1,up_sect_seconc_aug,upgr_w_2_external,st_upgr_w_external,2
wpn_aug_modern,2,2,2,up_sect_second_aug,upgr_w_2_internal,st_upgr_w_internal,2
wpn_aug_modern,2,3,1,up_sect_secone_aug,upgr_w_3_internal,st_upgr_w_internal,3
wpn_aug_modern,3,1,1,up_sect_thirda_aug,upgr_w_1_internal,st_upgr_w_internal,1
wpn_aug_modern,3,2,1,up_sect_thirdc_aug,upgr_w_2_internal,st_upgr_w_internal,2
wpn_aug_modern,3,3,1,up_sect_thirde_aug,upgr_w_3_external,st_upgr_w_external,3
wpn_aug_modern,3,3,2,up_sect_thirdf_aug,upgr_w_3_external,st_upgr_w_external,3
wpn_aug_modern,4,1,1,up_sect_fourta_aug,upgr_w_1_external,st_upgr_w_external,1
wpn_aug_modern,4,2,1,up_sect_fourtc_aug,upgr_w_2_internal,st_upgr_w_internal,2
wpn_aug_modern,4,3,1,up_sect_fourte_aug,upgr_w_3_external,st_upgr_w_external,3
wpn_aug_modern,5,1,1,up_sect_fiftha_aug,upgr_w_1_internal,st_upgr_w_internal,1
wpn_aug_modern,5,2,1,up_sect_fifthc_aug,upgr_w_2_external,st_upgr_w_external,2
wpn_benelli_m1014,1,1,1,up_sect_firsta_spas12,upgr_w_1_internal,st_upgr_w_internal,1
wpn_benelli_m1014,1,2,1,up_sect_firstc_spas12,upgr_w_2_external,st_upgr_w_external,2
wpn_benelli_m1014,1,2,2,up_sect_firstd_spas12,upgr_w_2_internal,st_upgr_w_internal,2
wpn_benelli_m1014,1,3,1,up_sect_firste_spas12,upgr_w_3_external,st_upgr_w_external,3
wpn_benelli_m1014,1,3,2,up_sect_firste_spas12,upgr_w_3_internal,st_upgr_w_internal,3
wpn_benelli_m1014,2,1,1,up_sect_secona_spas12,upgr_w_1_external,st_upgr_w_external,1
wpn_benelli_m1014,2,2,1,up_sect_seconc_spas12,upgr_w_2_external,st_upgr_w_external,2
wpn_benelli_m1014,2,2,2,up_sect_second_spas12,upgr_w_2_internal,st_upgr_w_internal,2
wpn_benelli_m1014,3,1,1,up_sect_thirda_spas12,upgr_w_1_internal,st_upgr_w_internal,1
wpn_benelli_m1014,3,2,1,up_sect_thirdc_spas12,upgr_w_2_external,st_upgr_w_external,2
wpn_benelli_m1014,3,2,2,up_sect_thirdd_spas12,upgr_w_2_internal,st_upgr_w_internal,2
wpn_benelli_m1014,3,3,1,up_sect_thirde_spas12,upgr_w_3_internal,st_upgr_w_internal,3
wpn_benelli_m1014,3,3,2,up_sect_thirdf_spas12,upgr_w_3_internal,st_upgr_w_internal,3
wpn_benelli_m1014,4,1,1,up_sect_fourta_spas12,upgr_w_1_internal,st_upgr_w_internal,1
wpn_beretta,1,1,1,up_sect_firsta_beretta,upgr_w_1_internal,st_upgr_w_internal,1
wpn_beretta,1,2,1,up_sect_firstc_beretta,upgr_w_1_internal,st_upgr_w_internal,1
wpn_beretta,1,2,2,up_sect_firstd_beretta,upgr_w_1_internal,st_upgr_w_internal,1
wpn_beretta,1,3,1,up_sect_firste_beretta,upgr_w_2_internal,st_upgr_w_internal,2
wpn_beretta,2,1,1,up_sect_secona_beretta,upgr_w_1_internal,st_upgr_w_internal,1
wpn_beretta,2,2,1,up_sect_seconc_beretta,upgr_w_1_external,st_upgr_w_external,1
wpn_beretta,2,2,2,up_sect_second_beretta,upgr_w_1_internal,st_upgr_w_internal,1
wpn_beretta,2,3,1,up_sect_secone_beretta,upgr_w_2_internal,st_upgr_w_internal,2
wpn_beretta,3,1,1,up_sect_thirda_beretta,upgr_w_1_internal,st_upgr_w_internal,1
wpn_beretta,3,2,1,up_sect_thirdc_beretta,upgr_w_1_external,st_upgr_w_external,1
wpn_beretta,3,2,2,up_sect_thirdd_beretta,upgr_w_1_internal,st_upgr_w_internal,1
wpn_beretta,4,1,1,up_sect_fourta_beretta,upgr_w_1_external,st_upgr_w_external,1
wpn_beretta,4,2,1,up_sect_fourtc_beretta,upgr_w_1_internal,st_upgr_w_internal,1
wpn_beretta,5,1,1,up_sect_fiftha_beretta,upgr_w_1_optical,st_upgr_w_optical,1
wpn_beretta,5,2,1,up_sect_fifthc_beretta,upgr_w_1_internal,st_upgr_w_internal,1
wpn_beretta_camo,1,1,1,up_sect_firsta_beretta,upgr_w_1_internal,st_upgr_w_internal,1
wpn_beretta_camo,1,2,1,up_sect_firstc_beretta,upgr_w_1_internal,st_upgr_w_internal,1
wpn_beretta_camo,1,2,2,up_sect_firstd_beretta,upgr_w_1_internal,st_upgr_w_internal,1
wpn_beretta_camo,1,3,1,up_sect_firste_beretta,upgr_w_2_internal,st_upgr_w_internal,2
wpn_beretta_camo,2,1,1,up_sect_secona_beretta,upgr_w_1_internal,st_upgr_w_internal,1
wpn_beretta_camo,2,2,1,up_sect_seconc_beretta,upgr_w_1_external,st_upgr_w_external,1
wpn_beretta_camo,2,2,2,up_sect_second_beretta,upgr_w_1_internal,st_upgr_w_internal,1
wpn_beretta_camo,2,3,1,up_sect_secone_beretta,upgr_w_2_internal,st_upgr_w_internal,2
wpn_beretta_camo,3,1,1,up_sect_thirda_beretta,upgr_w_1_internal,st_upgr_w_internal,1
wpn_beretta_camo,3,2,1,up_sect_thirdc_beretta,upgr_w_1_external,st_upgr_w_external,1
wpn_beretta_camo,3,2,2,up_sect_thirdd_beretta,upgr_w_1_internal,st_upgr_w_internal,1
wpn_beretta_camo,4,1,1,up_sect_fourta_beretta,upgr_w_1_external,st_upgr_w_external,1
wpn_beretta_camo,4,2,1,up_sect_fourtc_beretta,upgr_w_1_internal,st_upgr_w_internal,1
wpn_beretta_camo,5,1,1,up_sect_fiftha_beretta,upgr_w_1_optical,st_upgr_w_optical,1
wpn_beretta_camo,5,2,1,up_sect_fifthc_beretta,upgr_w_1_internal,st_upgr_w_internal,1
wpn_beretta_m9_upgr_kit,1,1,1,up_sect_firsta_beretta,upgr_w_1_internal,st_upgr_w_internal,1
wpn_beretta_m9_upgr_kit,1,2,1,up_sect_firstc_beretta,upgr_w_1_internal,st_upgr_w_internal,1
wpn_beretta_m9_upgr_kit,1,2,2,up_sect_firstd_beretta,upgr_w_1_internal,st_upgr_w_internal,1
wpn_beretta_m9_upgr_kit,1,3,1,up_sect_firste_beretta,upgr_w_2_internal,st_upgr_w_internal,2
wpn_beretta_m9_upgr_kit,2,1,1,up_sect_secona_beretta,upgr_w_1_internal,st_upgr_w_internal,1
wpn_beretta_m9_upgr_kit,2,2,1,up_sect_seconc_beretta,upgr_w_1_external,st_upgr_w_external,1
wpn_beretta_m9_upgr_kit,2,2,2,up_sect_second_beretta,upgr_w_1_internal,st_upgr_w_internal,1
wpn_beretta_m9_upgr_kit,2,3,1,up_sect_secone_beretta,upgr_w_2_internal,st_upgr_w_internal,2
wpn_beretta_m9_upgr_kit,3,1,1,up_sect_thirda_beretta,upgr_w_1_internal,st_upgr_w_internal,1
wpn_beretta_m9_upgr_kit,3,2,1,up_sect_thirdc_beretta,upgr_w_1_external,st_upgr_w_external,1
wpn_beretta_m9_upgr_kit,3,2,2,up_sect_thirdd_beretta,upgr_w_1_internal,st_upgr_w_internal,1
wpn_beretta_m9_upgr_kit,4,1,1,up_sect_fourta_beretta,upgr_w_1_external,st_upgr_w_external,1
wpn_beretta_m9_upgr_kit,4,2,1,up_sect_fourtc_beretta,upgr_w_1_internal,st_upgr_w_internal,1
wpn_beretta_m9_upgr_kit,5,1,1,up_sect_fiftha_beretta,upgr_w_1_optical,st_upgr_w_optical,1
wpn_beretta_m9_upgr_kit,5,2,1,up_sect_fifthc_beretta,upgr_w_1_internal,st_upgr_w_internal,1
wpn_binoc,1,1,1,up_sect_firsta_binoc,upgr_w_1_optical,st_upgr_w_optical,1
wpn_binoc,1,2,1,up_sect_firstc_binoc,upgr_w_2_optical,st_upgr_w_optical,2
wpn_binoc,1,3,1,up_sect_firste_binoc,upgr_w_2_optical,st_upgr_w_optical,2
wpn_binoc,2,1,1,up_sect_secona_binoc,upgr_w_1_optical,st_upgr_w_optical,1
wpn_binoc,2,2,1,up_sect_seconc_binoc,upgr_w_2_optical,st_upgr_w_optical,2
wpn_binoc,2,3,1,up_sect_secone_binoc,upgr_w_2_optical,st_upgr_w_optical,2
wpn_binoc,3,1,1,up_sect_thirda_binoc,upgr_w_1_external,st_upgr_w_external,1
wpn_binoc,4,1,1,up_sect_fourta_binoc,upgr_w_1_optical,st_upgr_w_optical,1
wpn_binoc_inv,1,1,1,up_sect_firsta_binoc,upgr_w_1_optical,st_upgr_w_optical,1
wpn_binoc_inv,1,2,1,up_sect_firstc_binoc,upgr_w_2_optical,st_upgr_w_optical,2
wpn_binoc_inv,1,3,1,up_sect_firste_binoc,upgr_w_2_optical,st_upgr_w_optical,2
wpn_binoc_inv,2,1,1,up_sect_secona_binoc,upgr_w_1_optical,st_upgr_w_optical,1
wpn_binoc_inv,2,2,1,up_sect_seconc_binoc,upgr_w_2_optical,st_upgr_w_optical,2
wpn_binoc_inv,2,3,1,up_sect_secone_binoc,upgr_w_2_optical,st_upgr_w_optical,2
wpn_binoc_inv,3,1,1,up_sect_thirda_binoc,upgr_w_1_external,st_upgr_w_external,1
wpn_binoc_inv,4,1,1,up_sect_fourta_binoc,upgr_w_1_optical,st_upgr_w_optical,1
wpn_bizon,1,1,1,up_sect_firsta_bizon,upgr_w_1_external,st_upgr_w_external,1
wpn_bizon,1,2,1,up_sect_firstc_bizon,upgr_w_1_external,st_upgr_w_external,1
wpn_bizon,1,2,2,up_sect_firstd_bizon,upgr_w_1_internal,st_upgr_w_internal,1
wpn_bizon,1,3,1,up_sect_firste_bizon,upgr_w_2_external,st_upgr_w_external,2
wpn_bizon,2,1,1,up_sect_secona_bizon,upgr_w_1_internal,st_upgr_w_internal,1
wpn_bizon,2,2,1,up_sect_seconc_bizon,upgr_w_1_internal,st_upgr_w_internal,1
wpn_bizon,2,3,1,up_sect_secone_bizon,upgr_w_2_internal,st_upgr_w_internal,2
wpn_bizon,2,3,2,up_sect_seconf_bizon,upgr_w_2_internal,st_upgr_w_internal,2
wpn_bizon,3,1,1,up_sect_thirda_bizon,upgr_w_1_external,st_upgr_w_external,1
wpn_bizon,3,2,1,up_sect_thirdc_bizon,upgr_w_1_internal,st_upgr_w_internal,1
wpn_bizon,3,2,2,up_sect_thirdd_bizon,upgr_w_1_external,st_upgr_w_external,1
wpn_bizon,3,3,1,up_sect_thirde_bizon,upgr_w_2_external,st_upgr_w_external,2
wpn_bizon,4,1,1,up_sect_fourta_bizon,upgr_w_1_internal,st_upgr_w_internal,1
wpn_bizon,4,2,1,up_sect_fourtc_bizon,upgr_w_1_internal,st_upgr_w_internal,1
wpn_bizon,4,3,1,up_sect_fourte_bizon,upgr_w_2_internal,st_upgr_w_internal,2
wpn_bizon,4,3,2,up_sect_fourtf_bizon,upgr_w_2_external,st_upgr_w_external,2
wpn_bizon,5,1,1,up_sect_fiftha_bizon,upgr_w_1_internal,st_upgr_w_internal,1
wpn_bizon,5,2,1,up_sect_fifthc_bizon,upgr_w_1_optical,st_upgr_w_optical,1
wpn_bm16,1,1,1,up_sect_firsta_bm16,upgr_w_1_internal,st_upgr_w_internal,1
wpn_bm16,1,2,1,up_sect_firstc_bm16,upgr_w_2_external,st_upgr_w_external,2
wpn_bm16,2,1,1,up_sect_secona_bm16,upgr_w_1_external,st_upgr_w_external,1
wpn_bm16,2,2,1,up_sect_seconc_bm16,upgr_w_2_external,st_upgr_w_external,2
wpn_bm16,2,2,2,up_sect_second_bm16,upgr_w_2_internal,st_upgr_w_internal,2
wpn_bm16,3,1,1,up_sect_thirda_bm16,upgr_w_1_internal,st_upgr_w_internal,1
wpn_bm16,3,2,1,up_sect_thirdc_bm16,upgr_w_2_internal,st_upgr_w_internal,2
wpn_bm16_alt,1,1,1,up_sect_firsta_bm16,upgr_w_1_internal,st_upgr_w_internal,1
wpn_bm16_alt,1,2,1,up_sect_firstc_bm16,upgr_w_2_external,st_upgr_w_external,2
wpn_bm16_alt,2,1,1,up_sect_secona_bm16,upgr_w_1_external,st_upgr_w_external,1
wpn_bm16_alt,2,2,1,up_sect_seconc_bm16,upgr_w_2_external,st_upgr_w_external,2
wpn_bm16_alt,2,2,2,up_sect_second_bm16,upgr_w_2_internal,st_upgr_w_internal,2
wpn_bm16_alt,3,1,1,up_sect_thirda_bm16,upgr_w_1_internal,st_upgr_w_internal,1
wpn_bm16_alt,3,2,1,up_sect_thirdc_bm16,upgr_w_2_internal,st_upgr_w_internal,2
wpn_bm16_full,1,1,1,up_sect_firsta_toz34,upgr_w_1_internal,st_upgr_w_internal,1
wpn_bm16_full,1,2,1,up_sect_firstc_toz34,upgr_w_2_external,st_upgr_w_external,2
wpn_bm16_full,2,1,1,up_sect_secona_toz34,upgr_w_1_external,st_upgr_w_external,1
wpn_bm16_full,2,2,1,up_sect_seconc_toz34,upgr_w_2_external,st_upgr_w_external,2
wpn_bm16_full,2,2,2,up_sect_second_toz34,upgr_w_2_internal,st_upgr_w_internal,2
wpn_bm16_full,3,1,1,up_sect_thirda_toz34,upgr_w_1_internal,st_upgr_w_internal,1
wpn_bm16_full,3,2,1,up_sect_thirdc_toz34,upgr_w_2_internal,st_upgr_w_internal,2
wpn_bm16_full_alt,1,1,1,up_sect_firsta_toz34,upgr_w_1_internal,st_upgr_w_internal,1
wpn_bm16_full_alt,1,2,1,up_sect_firstc_toz34,upgr_w_2_external,st_upgr_w_external,2
wpn_bm16_full_alt,2,1,1,up_sect_secona_toz34,upgr_w_1_external,st_upgr_w_external,1
wpn_bm16_full_alt,2,2,1,up_sect_seconc_toz34,upgr_w_2_external,st_upgr_w_external,2
wpn_bm16_full_alt,2,2,2,up_sect_second_toz34,upgr_w_2_internal,st_upgr_w_internal,2
wpn_bm16_full_alt,3,1,1,up_sect_thirda_toz34,upgr_w_1_internal,st_upgr_w_internal,1
wpn_bm16_full_alt,3,2,1,up_sect_thirdc_toz34,upgr_w_2_internal,st_upgr_w_internal,2
wpn_bm16_full_alt_23,1,1,1,up_sect_firsta_toz34,upgr_w_1_internal,st_upgr_w_internal,1
wpn_bm16_full_alt_23,1,2,1,up_sect_firstc_toz34,upgr_w_2_external,st_upgr_w_external,2
wpn_bm16_full_alt_23,2,1,1,up_sect_secona_toz34,upgr_w_1_external,st_upgr_w_external,1
wpn_bm16_full_alt_23,2,2,1,up_sect_seconc_toz34,upgr_w_2_external,st_upgr_w_external,2
wpn_bm16_full_alt_23,2,2,2,up_sect_second_toz34,upgr_w_2_internal,st_upgr_w_internal,2
wpn_bm16_full_alt_23,3,1,1,up_sect_thirda_toz34,upgr_w_1_internal,st_upgr_w_internal,1
wpn_bm16_full_alt_23,3,2,1,up_sect_thirdc_toz34,upgr_w_2_internal,st_upgr_w_internal,2
wpn_brn180,1,1,1,up_sect_firsta_g36,upgr_w_2_internal,st_upgr_w_internal,2
wpn_brn180,1,2,1,up_sect_firstc_g36,upgr_w_3_external,st_upgr_w_external,3
wpn_brn180,1,3,1,up_sect_firste_g36,upgr_w_3_external,st_upgr_w_external,3
wpn_brn180,1,3,2,up_sect_firstf_g36,upgr_w_3_external,st_upgr_w_external,3
wpn_brn180,2,1,1,up_sect_secona_g36,upgr_w_2_internal,st_upgr_w_internal,2
wpn_brn180,2,2,1,up_sect_seconc_g36,upgr_w_3_external,st_upgr_w_external,3
wpn_brn180,2,2,2,up_sect_second_g36,upgr_w_3_internal,st_upgr_w_internal,3
wpn_brn180,2,3,1,up_sect_secone_g36,upgr_w_3_external,st_upgr_w_external,3
wpn_brn180,3,1,1,up_sect_thirda_g36,upgr_w_2_external,st_upgr_w_external,2
wpn_brn180,3,2,1,up_sect_thirdc_g36,upgr_w_3_internal,st_upgr_w_internal,3
wpn_brn180,3,3,1,up_sect_thirde_g36,upgr_w_3_external,st_upgr_w_external,3
wpn_brn180,3,3,2,up_sect_thirdf_g36,upgr_w_3_external,st_upgr_w_external,3
wpn_brn180,4,1,1,up_sect_fourta_g36,upgr_w_2_internal,st_upgr_w_internal,2
wpn_brn180,4,2,1,up_sect_fourtc_g36,upgr_w_3_external,st_upgr_w_external,3
wpn_brn180,4,3,1,up_sect_fourte_g36,upgr_w_3_internal,st_upgr_w_internal,3
wpn_brn180,4,3,2,up_sect_fourtf_g36,upgr_w_3_external,st_upgr_w_external,3
wpn_colt1911,1,1,1,up_sect_firsta_fn57,upgr_w_1_external,st_upgr_w_external,1
wpn_colt1911,1,2,1,up_sect_firstc_fn57,upgr_w_1_internal,st_upgr_w_internal,1
wpn_colt1911,1,2,2,up_sect_firstd_fn57,upgr_w_1_external,st_upgr_w_external,1
wpn_colt1911,1,3,1,up_sect_firste_fn57,upgr_w_2_internal,st_upgr_w_internal,2
wpn_colt1911,2,1,1,up_sect_secona_fn57,upgr_w_1_external,st_upgr_w_external,1
wpn_colt1911,2,2,1,up_sect_seconc_fn57,upgr_w_1_internal,st_upgr_w_internal,1
wpn_colt1911,2,3,1,up_sect_secone_fn57,upgr_w_2_internal,st_upgr_w_internal,2
wpn_colt1911,2,3,2,up_sect_seconf_fn57,upgr_w_2_external,st_upgr_w_external,2
wpn_colt1911,3,1,1,up_sect_thirda_fn57,upgr_w_1_internal,st_upgr_w_internal,1
wpn_colt1911,3,2,1,up_sect_thirdc_fn57,upgr_w_1_external,st_upgr_w_external,1
wpn_colt1911,3,2,2,up_sect_thirdd_fn57,upgr_w_1_internal,st_upgr_w_internal,1
wpn_colt1911,4,1,1,up_sect_fourta_fn57,upgr_w_1_external,st_upgr_w_external,1
wpn_colt1911,4,2,1,up_sect_fourtc_fn57,upgr_w_1_internal,st_upgr_w_internal,1
wpn_colt1911,5,1,1,up_sect_fiftha_fn57,upgr_w_1_internal,st_upgr_w_internal,1
wpn_colt1911_anarchy,1,1,1,up_sect_firsta_colt1911,upgr_w_1_internal,st_upgr_w_internal,1
wpn_colt1911_anarchy,1,2,1,up_sect_firstc_colt1911,upgr_w_1_external,st_upgr_w_external,1
wpn_colt1911_anarchy,1,2,2,up_sect_firstd_colt1911,upgr_w_1_internal,st_upgr_w_internal,1
wpn_colt1911_anarchy,1,3,1,up_sect_firste_colt1911,upgr_w_2_external,st_upgr_w_external,2
wpn_colt1911_anarchy,2,1,1,up_sect_secona_colt1911,upgr_w_1_internal,st_upgr_w_internal,1
wpn_colt1911_anarchy,2,2,1,up_sect_seconc_colt1911,upgr_w_1_internal,st_upgr_w_internal,1
wpn_colt1911_anarchy,2,2,2,up_sect_second_colt1911,upgr_w_1_internal,st_upgr_w_internal,1
wpn_colt1911_anarchy,2,3,1,up_sect_secone_colt1911,upgr_w_2_internal,st_upgr_w_internal,2
wpn_colt1911_anarchy,3,1,1,up_sect_thirda_colt1911,upgr_w_1_external,st_upgr_w_external,1
wpn_colt1911_anarchy,3,2,1,up_sect_thirdc_colt1911,upgr_w_1_external,st_upgr_w_external,1
wpn_colt1911_anarchy,3,2,2,up_sect_thirdd_colt1911,upgr_w_1_internal,st_upgr_w_internal,1
wpn_colt1911_anarchy,4,1,1,up_sect_fourta_colt1911,upgr_w_1_external,st_upgr_w_external,1
wpn_colt1911_anarchy,4,2,1,up_sect_fourtc_colt1911,upgr_w_1_internal,st_upgr_w_internal,1
wpn_colt1911_camo,1,1,1,up_sect_firsta_colt1911,upgr_w_1_internal,st_upgr_w_internal,1
wpn_colt1911_camo,1,2,1,up_sect_firstc_colt1911,upgr_w_1_external,st_upgr_w_external,1
wpn_colt1911_camo,1,2,2,up_sect_firstd_colt1911,upgr_w_1_internal,st_upgr_w_internal,1
wpn_colt1911_camo,1,3,1,up_sect_firste_colt1911,upgr_w_2_external,st_upgr_w_external,2
wpn_colt1911_camo,2,1,1,up_sect_secona_colt1911,upgr_w_1_internal,st_upgr_w_internal,1
wpn_colt1911_camo,2,2,1,up_sect_seconc_colt1911,upgr_w_1_internal,st_upgr_w_internal,1
wpn_colt1911_camo,2,2,2,up_sect_second_colt1911,upgr_w_1_internal,st_upgr_w_internal,1
wpn_colt1911_camo,2,3,1,up_sect_secone_colt1911,upgr_w_2_internal,st_upgr_w_internal,2
wpn_colt1911_camo,3,1,1,up_sect_thirda_colt1911,upgr_w_1_external,st_upgr_w_external,1
wpn_colt1911_camo,3,2,1,up_sect_thirdc_colt1911,upgr_w_1_external,st_upgr_w_external,1
wpn_colt1911_camo,3,2,2,up_sect_thirdd_colt1911,upgr_w_1_internal,st_upgr_w_internal,1
wpn_colt1911_camo,4,1,1,up_sect_fourta_colt1911,upgr_w_1_external,st_upgr_w_external,1
wpn_colt1911_camo,4,2,1,up_sect_fourtc_colt1911,upgr_w_1_internal,st_upgr_w_internal,1
wpn_colt1911_custom,1,1,1,up_sect_firsta_colt1911,upgr_w_1_internal,st_upgr_w_internal,1
wpn_colt1911_custom,1,2,1,up_sect_firstc_colt1911,upgr_w_1_external,st_upgr_w_external,1
wpn_colt1911_custom,1,2,2,up_sect_firstd_colt1911,upgr_w_1_internal,st_upgr_w_internal,1
wpn_colt1911_custom,1,3,1,up_sect_firste_colt1911,upgr_w_2_external,st_upgr_w_external,2
wpn_colt1911_custom,2,1,1,up_sect_secona_colt1911,upgr_w_1_internal,st_upgr_w_internal,1
wpn_colt1911_custom,2,2,1,up_sect_seconc_colt1911,upgr_w_1_internal,st_upgr_w_internal,1
wpn_colt1911_custom,2,2,2,up_sect_second_colt1911,upgr_w_1_internal,st_upgr_w_internal,1
wpn_colt1911_custom,2,3,1,up_sect_secone_colt1911,upgr_w_2_internal,st_upgr_w_internal,2
wpn_colt1911_custom,3,1,1,up_sect_thirda_colt1911,upgr_w_1_external,st_upgr_w_external,1
wpn_colt1911_custom,3,2,1,up_sect_thirdc_colt1911,upgr_w_1_external,st_upgr_w_external,1
wpn_colt1911_custom,3,2,2,up_sect_thirdd_colt1911,upgr_w_1_internal,st_upgr_w_internal,1
wpn_colt1911_custom,4,1,1,up_sect_fourta_colt1911,upgr_w_1_external,st_upgr_w_external,1
wpn_colt1911_custom,4,2,1,up_sect_fourtc_colt1911,upgr_w_1_internal,st_upgr_w_internal,1
wpn_colt1911_duty,1,1,1,up_sect_firsta_fn57,upgr_w_1_external,st_upgr_w_external,1
wpn_colt1911_duty,1,2,1,up_sect_firstc_fn57,upgr_w_1_internal,st_upgr_w_internal,1
wpn_colt1911_duty,1,2,2,up_sect_firstd_fn57,upgr_w_1_external,st_upgr_w_external,1
wpn_colt1911_duty,1,3,1,up_sect_firste_fn57,upgr_w_2_internal,st_upgr_w_internal,2
wpn_colt1911_duty,2,1,1,up_sect_secona_fn57,upgr_w_1_external,st_upgr_w_external,1
wpn_colt1911_duty,2,2,1,up_sect_seconc_fn57,upgr_w_1_internal,st_upgr_w_internal,1
wpn_colt1911_duty,2,3,1,up_sect_secone_fn57,upgr_w_2_internal,st_upgr_w_internal,2
wpn_colt1911_duty,2,3,2,up_sect_seconf_fn57,upgr_w_2_external,st_upgr_w_external,2
wpn_colt1911_duty,3,1,1,up_sect_thirda_fn57,upgr_w_1_internal,st_upgr_w_internal,1
wpn_colt1911_duty,3,2,1,up_sect_thirdc_fn57,upgr_w_1_external,st_upgr_w_external,1
wpn_colt1911_duty,3,2,2,up_sect_thirdd_fn57,upgr_w_1_internal,st_upgr_w_internal,1
wpn_colt1911_duty,4,1,1,up_sect_fourta_fn57,upgr_w_1_external,st_upgr_w_external,1
wpn_colt1911_duty,4,2,1,up_sect_fourtc_fn57,upgr_w_1_internal,st_upgr_w_internal,1
wpn_colt1911_duty,5,1,1,up_sect_fiftha_fn57,upgr_w_1_internal,st_upgr_w_internal,1
wpn_colt1911_n,1,1,1,up_sect_firsta_fn57,upgr_w_1_external,st_upgr_w_external,1
wpn_colt1911_n,1,2,1,up_sect_firstc_fn57,upgr_w_1_internal,st_upgr_w_internal,1
wpn_colt1911_n,1,2,2,up_sect_firstd_fn57,upgr_w_1_external,st_upgr_w_external,1
wpn_colt1911_n,1,3,1,up_sect_firste_fn57,upgr_w_2_internal,st_upgr_w_internal,2
wpn_colt1911_n,2,1,1,up_sect_secona_fn57,upgr_w_1_external,st_upgr_w_external,1
wpn_colt1911_n,2,2,1,up_sect_seconc_fn57,upgr_w_1_internal,st_upgr_w_internal,1
wpn_colt1911_n,2,3,1,up_sect_secone_fn57,upgr_w_2_internal,st_upgr_w_internal,2
wpn_colt1911_n,2,3,2,up_sect_seconf_fn57,upgr_w_2_external,st_upgr_w_external,2
wpn_colt1911_n,3,1,1,up_sect_thirda_fn57,upgr_w_1_internal,st_upgr_w_internal,1
wpn_colt1911_n,3,2,1,up_sect_thirdc_fn57,upgr_w_1_external,st_upgr_w_external,1
wpn_colt1911_n,3,2,2,up_sect_thirdd_fn57,upgr_w_1_internal,st_upgr_w_internal,1
wpn_colt1911_n,4,1,1,up_sect_fourta_fn57,upgr_w_1_external,st_upgr_w_external,1
wpn_colt1911_n,4,2,1,up_sect_fourtc_fn57,upgr_w_1_internal,st_upgr_w_internal,1
wpn_colt1911_n,5,1,1,up_sect_fiftha_fn57,upgr_w_1_internal,st_upgr_w_internal,1
wpn_cz52,1,1,1,up_sect_firsta_tt33,upgr_w_1_internal,st_upgr_w_internal,1
wpn_cz52,1,2,1,up_sect_firstc_tt33,upgr_w_1_external,st_upgr_w_external,1
wpn_cz52,1,2,2,up_sect_firstd_tt33,upgr_w_1_internal,st_upgr_w_internal,1
wpn_cz52,1,3,1,up_sect_firste_tt33,upgr_w_2_internal,st_upgr_w_internal,2
wpn_cz52,2,1,1,up_sect_secona_tt33,upgr_w_1_external,st_upgr_w_external,1
wpn_cz52,2,2,1,up_sect_seconc_tt33,upgr_w_1_internal,st_upgr_w_internal,1
wpn_cz52,3,1,1,up_sect_thirda_tt33,upgr_w_1_external,st_upgr_w_external,1
wpn_cz52,3,2,1,up_sect_thirdc_tt33,upgr_w_1_external,st_upgr_w_external,1
wpn_cz52,3,2,2,up_sect_thirdd_tt33,upgr_w_1_internal,st_upgr_w_internal,1
wpn_cz52,4,1,1,up_sect_fourta_tt33,upgr_w_1_external,st_upgr_w_external,1
wpn_cz52,4,2,1,up_sect_fourtc_tt33,upgr_w_1_external,st_upgr_w_external,1
wpn_cz52,5,1,1,up_sect_fiftha_tt33,upgr_w_1_internal,st_upgr_w_internal,1
wpn_cz52,5,2,1,up_sect_fifthc_tt33,upgr_w_1_internal,st_upgr_w_internal,1
wpn_cz75,1,1,1,up_sect_firsta_cz75,upgr_w_1_internal,st_upgr_w_internal,1
wpn_cz75,1,2,1,up_sect_firstc_cz75,upgr_w_1_internal,st_upgr_w_internal,1
wpn_cz75,1,2,2,up_sect_firstd_cz75,upgr_w_1_internal,st_upgr_w_internal,1
wpn_cz75,1,3,1,up_sect_firste_cz75,upgr_w_2_internal,st_upgr_w_internal,2
wpn_cz75,2,1,1,up_sect_secona_cz75,upgr_w_1_internal,st_upgr_w_internal,1
wpn_cz75,2,2,1,up_sect_seconc_cz75,upgr_w_1_external,st_upgr_w_external,1
wpn_cz75,2,2,2,up_sect_second_cz75,upgr_w_1_internal,st_upgr_w_internal,1
wpn_cz75,2,3,1,up_sect_secone_cz75,upgr_w_2_internal,st_upgr_w_internal,2
wpn_cz75,3,1,1,up_sect_thirda_cz75,upgr_w_1_internal,st_upgr_w_internal,1
wpn_cz75,3,2,1,up_sect_thirdc_cz75,upgr_w_1_external,st_upgr_w_external,1
wpn_cz75,3,2,2,up_sect_thirdd_cz75,upgr_w_1_internal,st_upgr_w_internal,1
wpn_cz75,4,1,1,up_sect_fourta_cz75,upgr_w_1_external,st_upgr_w_external,1
wpn_cz75,4,2,1,up_sect_fourtc_cz75,upgr_w_1_internal,st_upgr_w_internal,1
wpn_cz75,5,1,1,up_sect_fiftha_cz75,upgr_w_1_internal,st_upgr_w_internal,1
wpn_cz75,5,2,1,up_sect_fifthc_cz75,upgr_w_1_internal,st_upgr_w_internal,1
wpn_cz75_auto,1,1,1,up_sect_firsta_cz75,upgr_w_1_internal,st_upgr_w_internal,1
wpn_cz75_auto,1,2,1,up_sect_firstc_cz75,upgr_w_1_internal,st_upgr_w_internal,1
wpn_cz75_auto,1,2,2,up_sect_firstd_cz75,upgr_w_1_internal,st_upgr_w_internal,1
wpn_cz75_auto,1,3,1,up_sect_firste_cz75_auto,upgr_w_2_internal,st_upgr_w_internal,2
wpn_cz75_auto,2,1,1,up_sect_secona_cz75,upgr_w_1_internal,st_upgr_w_internal,1
wpn_cz75_auto,2,2,1,up_sect_seconc_cz75,upgr_w_1_external,st_upgr_w_external,1
wpn_cz75_auto,2,2,2,up_sect_second_cz75,upgr_w_1_internal,st_upgr_w_internal,1
wpn_cz75_auto,2,3,1,up_sect_secone_cz75,upgr_w_2_internal,st_upgr_w_internal,2
wpn_cz75_auto,3,1,1,up_sect_thirda_cz75,upgr_w_1_internal,st_upgr_w_internal,1
wpn_cz75_auto,3,2,1,up_sect_thirdc_cz75,upgr_w_1_external,st_upgr_w_external,1
wpn_cz75_auto,3,2,2,up_sect_thirdd_cz75,upgr_w_1_internal,st_upgr_w_internal,1
wpn_cz75_auto,4,1,1,up_sect_fourta_cz75,upgr_w_1_external,st_upgr_w_external,1
wpn_cz75_auto,4,2,1,up_sect_fourtc_cz75,upgr_w_1_internal,st_upgr_w_internal,1
wpn_cz75_auto,5,1,1,up_sect_fiftha_cz75,upgr_w_1_internal,st_upgr_w_internal,1
wpn_cz75_auto,5,2,1,up_sect_fifthc_cz75,upgr_w_1_internal,st_upgr_w_internal,1
wpn_desert_eagle,1,1,1,up_sect_firsta_desert_eagle,upgr_w_1_internal,st_upgr_w_internal,1
wpn_desert_eagle,1,2,1,up_sect_firstc_desert_eagle,upgr_w_1_internal,st_upgr_w_internal,1
wpn_desert_eagle,1,3,1,up_sect_firste_desert_eagle,upgr_w_2_external,st_upgr_w_external,2
wpn_desert_eagle,1,3,2,up_sect_firstf_desert_eagle,upgr_w_2_internal,st_upgr_w_internal,2
wpn_desert_eagle,2,1,1,up_sect_secona_desert_eagle,upgr_w_1_external,st_upgr_w_external,1
wpn_desert_eagle,2,2,1,up_sect_seconc_desert_eagle,upgr_w_1_internal,st_upgr_w_internal,1
wpn_desert_eagle,2,3,1,up_sect_secone_desert_eagle,upgr_w_2_internal,st_upgr_w_internal,2
wpn_desert_eagle,2,3,2,up_sect_seconf_desert_eagle,upgr_w_2_external,st_upgr_w_external,2
wpn_desert_eagle,3,1,1,up_sect_thirda_desert_eagle,upgr_w_1_external,st_upgr_w_external,1
wpn_desert_eagle,3,2,1,up_sect_thirdc_desert_eagle,upgr_w_1_external,st_upgr_w_external,1
wpn_desert_eagle,3,2,2,up_sect_thirdd_desert_eagle,upgr_w_1_internal,st_upgr_w_internal,1
wpn_desert_eagle,3,3,1,up_sect_thirde_desert_eagle,upgr_w_2_internal,st_upgr_w_internal,2
wpn_desert_eagle,4,1,1,up_sect_fourta_desert_eagle,upgr_w_1_external,st_upgr_w_external,1
wpn_desert_eagle,4,2,1,up_sect_fourtc_desert_eagle,upgr_w_1_internal,st_upgr_w_internal,1
wpn_desert_eagle,5,1,1,up_sect_fiftha_desert_eagle,upgr_w_1_external,st_upgr_w_external,1
wpn_desert_eagle_nimble,1,1,1,up_sect_firsta_desert_eagle,upgr_w_1_internal,st_upgr_w_internal,1
wpn_desert_eagle_nimble,1,2,1,up_sect_firstc_desert_eagle,upgr_w_1_internal,st_upgr_w_internal,1
wpn_desert_eagle_nimble,1,3,1,up_sect_firste_desert_eagle,upgr_w_2_external,st_upgr_w_external,2
wpn_desert_eagle_nimble,1,3,2,up_sect_firstf_desert_eagle,upgr_w_2_internal,st_upgr_w_internal,2
wpn_desert_eagle_nimble,2,1,1,up_sect_secona_desert_eagle,upgr_w_1_external,st_upgr_w_external,1
wpn_desert_eagle_nimble,2,2,1,up_sect_seconc_desert_eagle,upgr_w_1_internal,st_upgr_w_internal,1
wpn_desert_eagle_nimble,2,3,1,up_sect_secone_desert_eagle,upgr_w_2_internal,st_upgr_w_internal,2
wpn_desert_eagle_nimble,2,3,2,up_sect_seconf_desert_eagle_nimble,upgr_w_2_internal,st_upgr_w_internal,2
wpn_desert_eagle_nimble,3,1,1,up_sect_thirda_desert_eagle,upgr_w_1_external,st_upgr_w_external,1
wpn_desert_eagle_nimble,3,2,1,up_sect_thirdc_desert_eagle,upgr_w_1_external,st_upgr_w_external,1
wpn_desert_eagle_nimble,3,2,2,up_sect_thirdd_desert_eagle,upgr_w_1_internal,st_upgr_w_internal,1
wpn_desert_eagle_nimble,3,3,1,up_sect_thirde_desert_eagle,upgr_w_2_internal,st_upgr_w_internal,2
wpn_desert_eagle_nimble,4,1,1,up_sect_fourta_desert_eagle,upgr_w_1_external,st_upgr_w_external,1
wpn_desert_eagle_nimble,4,2,1,up_sect_fourtc_desert_eagle,upgr_w_1_internal,st_upgr_w_internal,1
wpn_desert_eagle_nimble,5,1,1,up_sect_fiftha_desert_eagle_nimble,upgr_w_1_internal,st_upgr_w_internal,1
wpn_dtmdr,1,1,1,up_sect_firsta_scar,upgr_w_1_internal,st_upgr_w_internal,1
wpn_dtmdr,1,2,1,up_sect_firstc_scar,upgr_w_2_external,st_upgr_w_external,2
wpn_dtmdr,1,2,2,up_sect_firstd_scar,upgr_w_2_external,st_upgr_w_external,2
wpn_dtmdr,1,3,1,up_sect_firste_scar,upgr_w_3_external,st_upgr_w_external,3
wpn_dtmdr,2,1,1,up_sect_secona_scar,upgr_w_1_internal,st_upgr_w_internal,1
wpn_dtmdr,2,2,1,up_sect_seconc_scar,upgr_w_2_internal,st_upgr_w_internal,2
wpn_dtmdr,2,3,1,up_sect_secone_scar,upgr_w_3_external,st_upgr_w_external,3
wpn_dtmdr,2,3,2,up_sect_seconf_scar,upgr_w_3_external,st_upgr_w_external,3
wpn_dtmdr,3,1,1,up_sect_thirda_scar,upgr_w_1_internal,st_upgr_w_internal,1
wpn_dtmdr,3,2,1,up_sect_thirdc_scar,upgr_w_2_internal,st_upgr_w_internal,2
wpn_dtmdr,3,2,2,up_sect_thirdd_scar,upgr_w_2_external,st_upgr_w_external,2
wpn_dtmdr,3,3,1,up_sect_thirde_scar,upgr_w_3_internal,st_upgr_w_internal,3
wpn_dtmdr,4,1,1,up_sect_fourta_scar,upgr_w_1_external,st_upgr_w_external,1
wpn_dtmdr,4,2,1,up_sect_fourtc_scar,upgr_w_2_external,st_upgr_w_external,2
wpn_dtmdr,4,3,1,up_sect_fourte_scar,upgr_w_3_external,st_upgr_w_external,3
wpn_dtmdr,4,3,2,up_sect_fourtf_scar,upgr_w_3_external,st_upgr_w_external,3
wpn_dtmdr,5,1,1,up_sect_fiftha_scar,upgr_w_1_internal,st_upgr_w_internal,1
wpn_dtmdr_black,1,1,1,up_sect_firsta_scar,upgr_w_2_internal,st_upgr_w_internal,2
wpn_dtmdr_black,1,2,1,up_sect_firstc_scar,upgr_w_3_external,st_upgr_w_external,3
wpn_dtmdr_black,1,2,2,up_sect_firstd_scar,upgr_w_3_external,st_upgr_w_external,3
wpn_dtmdr_black,1,3,1,up_sect_firste_scar,upgr_w_3_external,st_upgr_w_external,3
wpn_dtmdr_black,2,1,1,up_sect_secona_scar,upgr_w_2_internal,st_upgr_w_internal,2
wpn_dtmdr_black,2,2,1,up_sect_seconc_scar,upgr_w_3_internal,st_upgr_w_internal,3
wpn_dtmdr_black,2,3,1,up_sect_secone_scar,upgr_w_3_external,st_upgr_w_external,3
wpn_dtmdr_black,2,3,2,up_sect_seconf_scar,upgr_w_3_external,st_upgr_w_external,3
wpn_dtmdr_black,3,1,1,up_sect_thirda_scar,upgr_w_2_internal,st_upgr_w_internal,2
wpn_dtmdr_black,3,2,1,up_sect_thirdc_scar,upgr_w_3_internal,st_upgr_w_internal,3
wpn_dtmdr_black,3,2,2,up_sect_thirdd_scar,upgr_w_3_external,st_upgr_w_external,3
wpn_dtmdr_black,3,3,1,up_sect_thirde_scar,upgr_w_3_internal,st_upgr_w_internal,3
wpn_dtmdr_black,4,1,1,up_sect_fourta_scar,upgr_w_2_external,st_upgr_w_external,2
wpn_dtmdr_black,4,2,1,up_sect_fourtc_scar,upgr_w_3_external,st_upgr_w_external,3
wpn_dtmdr_black,4,3,1,up_sect_fourte_scar,upgr_w_3_external,st_upgr_w_external,3
wpn_dtmdr_black,4,3,2,up_sect_fourtf_scar,upgr_w_3_external,st_upgr_w_external,3
wpn_dtmdr_black,5,1,1,up_sect_fiftha_scar,upgr_w_2_internal,st_upgr_w_internal,2
wpn_dtmdr_black_sup,1,1,1,up_sect_firsta_scar,upgr_w_2_internal,st_upgr_w_internal,2
wpn_dtmdr_black_sup,1,2,1,up_sect_firstc_scar,upgr_w_3_external,st_upgr_w_external,3
wpn_dtmdr_black_sup,1,2,2,up_sect_firstd_scar,upgr_w_3_external,st_upgr_w_external,3
wpn_dtmdr_black_sup,1,3,1,up_sect_firste_scar,upgr_w_3_external,st_upgr_w_external,3
wpn_dtmdr_black_sup,2,1,1,up_sect_secona_scar,upgr_w_2_internal,st_upgr_w_internal,2
wpn_dtmdr_black_sup,2,2,1,up_sect_seconc_scar,upgr_w_3_internal,st_upgr_w_internal,3
wpn_dtmdr_black_sup,2,3,1,up_sect_secone_scar,upgr_w_3_external,st_upgr_w_external,3
wpn_dtmdr_black_sup,2,3,2,up_sect_seconf_scar,upgr_w_3_external,st_upgr_w_external,3
wpn_dtmdr_black_sup,3,1,1,up_sect_thirda_scar,upgr_w_2_internal,st_upgr_w_internal,2
wpn_dtmdr_black_sup,3,2,1,up_sect_thirdc_scar,upgr_w_3_internal,st_upgr_w_internal,3
wpn_dtmdr_black_sup,3,2,2,up_sect_thirdd_scar,upgr_w_3_external,st_upgr_w_external,3
wpn_dtmdr_black_sup,3,3,1,up_sect_thirde_scar,upgr_w_3_internal,st_upgr_w_internal,3
wpn_dtmdr_black_sup,4,1,1,up_sect_fourta_scar,upgr_w_2_external,st_upgr_w_external,2
wpn_dtmdr_black_sup,4,2,1,up_sect_fourtc_scar,upgr_w_3_external,st_upgr_w_external,3
wpn_dtmdr_black_sup,4,3,1,up_sect_fourte_scar,upgr_w_3_external,st_upgr_w_external,3
wpn_dtmdr_black_sup,4,3,2,up_sect_fourtf_scar,upgr_w_3_external,st_upgr_w_external,3
wpn_dtmdr_black_sup,5,1,1,up_sect_fiftha_scar,upgr_w_2_internal,st_upgr_w_internal,2
wpn_dtmdr_sup,1,1,1,up_sect_firsta_scar,upgr_w_1_internal,st_upgr_w_internal,1
wpn_dtmdr_sup,1,2,1,up_sect_firstc_scar,upgr_w_2_external,st_upgr_w_external,2
wpn_dtmdr_sup,1,2,2,up_sect_firstd_scar,upgr_w_2_external,st_upgr_w_external,2
wpn_dtmdr_sup,1,3,1,up_sect_firste_scar,upgr_w_3_external,st_upgr_w_external,3
wpn_dtmdr_sup,2,1,1,up_sect_secona_scar,upgr_w_1_internal,st_upgr_w_internal,1
wpn_dtmdr_sup,2,2,1,up_sect_seconc_scar,upgr_w_2_internal,st_upgr_w_internal,2
wpn_dtmdr_sup,2,3,1,up_sect_secone_scar,upgr_w_3_external,st_upgr_w_external,3
wpn_dtmdr_sup,2,3,2,up_sect_seconf_scar,upgr_w_3_external,st_upgr_w_external,3
wpn_dtmdr_sup,3,1,1,up_sect_thirda_scar,upgr_w_1_internal,st_upgr_w_internal,1
wpn_dtmdr_sup,3,2,1,up_sect_thirdc_scar,upgr_w_2_internal,st_upgr_w_internal,2
wpn_dtmdr_sup,3,2,2,up_sect_thirdd_scar,upgr_w_2_external,st_upgr_w_external,2
wpn_dtmdr_sup,3,3,1,up_sect_thirde_scar,upgr_w_3_internal,st_upgr_w_internal,3
wpn_dtmdr_sup,4,1,1,up_sect_fourta_scar,upgr_w_1_external,st_upgr_w_external,1
wpn_dtmdr_sup,4,2,1,up_sect_fourtc_scar,upgr_w_2_external,st_upgr_w_external,2
wpn_dtmdr_sup,4,3,1,up_sect_fourte_scar,upgr_w_3_external,st_upgr_w_external,3
wpn_dtmdr_sup,4,3,2,up_sect_fourtf_scar,upgr_w_3_external,st_upgr_w_external,3
wpn_dtmdr_sup,5,1,1,up_sect_fiftha_scar,upgr_w_1_internal,st_upgr_w_internal,1
wpn_dvl10,1,1,1,up_sect_firsta_sv98,upgr_w_2_external,st_upgr_w_external,2
wpn_dvl10,1,2,1,up_sect_firstc_sv98,upgr_w_3_external,st_upgr_w_external,3
wpn_dvl10,1,2,2,up_sect_firstd_sv98,upgr_w_3_external,st_upgr_w_external,3
wpn_dvl10,1,3,1,up_sect_firste_sv98,upgr_w_3_external,st_upgr_w_external,3
wpn_dvl10,1,3,2,up_sect_firstf_sv98,upgr_w_3_internal,st_upgr_w_internal,3
wpn_dvl10,2,1,1,up_sect_secona_sv98,upgr_w_2_internal,st_upgr_w_internal,2
wpn_dvl10,2,2,1,up_sect_seconc_sv98,upgr_w_3_internal,st_upgr_w_internal,3
wpn_dvl10,2,2,2,up_sect_second_sv98,upgr_w_3_external,st_upgr_w_external,3
wpn_dvl10,3,1,1,up_sect_thirda_sv98,upgr_w_2_internal,st_upgr_w_internal,2
wpn_dvl10,3,2,1,up_sect_thirdc_sv98,upgr_w_3_external,st_upgr_w_external,3
wpn_dvl10,3,3,1,up_sect_thirde_sv98,upgr_w_3_internal,st_upgr_w_internal,3
wpn_dvl10_m1,1,1,1,up_sect_firsta_sv98,upgr_w_2_external,st_upgr_w_external,2
wpn_dvl10_m1,1,2,1,up_sect_firstc_sv98,upgr_w_3_external,st_upgr_w_external,3
wpn_dvl10_m1,1,2,2,up_sect_firstd_sv98,upgr_w_3_external,st_upgr_w_external,3
wpn_dvl10_m1,1,3,1,up_sect_firste_sv98,upgr_w_3_external,st_upgr_w_external,3
wpn_dvl10_m1,1,3,2,up_sect_firstf_sv98,upgr_w_3_internal,st_upgr_w_internal,3
wpn_dvl10_m1,2,1,1,up_sect_secona_sv98,upgr_w_2_internal,st_upgr_w_internal,2
wpn_dvl10_m1,2,2,1,up_sect_seconc_sv98,upgr_w_3_internal,st_upgr_w_internal,3
wpn_dvl10_m1,2,2,2,up_sect_second_sv98,upgr_w_3_external,st_upgr_w_external,3
wpn_dvl10_m1,3,1,1,up_sect_thirda_sv98,upgr_w_2_internal,st_upgr_w_internal,2
wpn_dvl10_m1,3,2,1,up_sect_thirdc_sv98,upgr_w_3_external,st_upgr_w_external,3
wpn_dvl10_m1,3,3,1,up_sect_thirde_sv98,upgr_w_3_internal,st_upgr_w_internal,3
wpn_dynamo_hand,1,1,1,up_sect_firsta_dynamo_hand,upgr_w_1_external,st_upgr_w_external,1
wpn_dynamo_hand,1,2,1,up_sect_firstc_dynamo_hand,upgr_w_2_internal,st_upgr_w_internal,2
wpn_dynamo_hand,1,3,1,up_sect_firste_dynamo_hand,upgr_w_3_external,st_upgr_w_external,3
wpn_eft_mts_255,1,1,1,up_sect_firsta_wincheaster1300,upgr_w_1_internal,st_upgr_w_internal,1
wpn_eft_mts_255,1,2,1,up_sect_firstc_wincheaster1300,upgr_w_2_external,st_upgr_w_external,2
wpn_eft_mts_255,1,2,2,up_sect_firstd_wincheaster1300,upgr_w_2_internal,st_upgr_w_internal,2
wpn_eft_mts_255,1,3,1,up_sect_firste_wincheaster1300,upgr_w_2_external,st_upgr_w_external,2
wpn_eft_mts_255,1,3,2,up_sect_firstf_wincheaster1300,upgr_w_2_external,st_upgr_w_external,2
wpn_eft_mts_255,2,1,1,up_sect_secona_wincheaster1300,upgr_w_1_external,st_upgr_w_external,1
wpn_eft_mts_255,2,2,1,up_sect_seconc_wincheaster1300,upgr_w_2_external,st_upgr_w_external,2
wpn_eft_mts_255,2,2,2,up_sect_second_wincheaster1300,upgr_w_2_internal,st_upgr_w_internal,2
wpn_eft_mts_255,3,1,1,up_sect_thirda_wincheaster1300,upgr_w_1_internal,st_upgr_w_internal,1
wpn_eft_mts_255,3,2,1,up_sect_thirdc_wincheaster1300,upgr_w_2_external,st_upgr_w_external,2
wpn_eft_mts_255,3,3,1,up_sect_thirde_wincheaster1300,upgr_w_2_internal,st_upgr_w_internal,2
wpn_eft_mts_255,3,3,2,up_sect_thirdf_wincheaster1300,upgr_w_2_internal,st_upgr_w_internal,2
wpn_eft_rsh12,1,1,1,up_sect_firsta_mp412,upgr_w_2_external,st_upgr_w_external,2
wpn_eft_rsh12,1,2,1,up_sect_firstc_mp412,upgr_w_3_internal,st_upgr_w_internal,3
wpn_eft_rsh12,1,2,2,up_sect_firstd_mp412,upgr_w_3_internal,st_upgr_w_internal,3
wpn_eft_rsh12,1,3,1,up_sect_firste_mp412,upgr_w_3_external,st_upgr_w_external,3
wpn_eft_rsh12,1,3,2,up_sect_firstf_mp412,upgr_w_3_external,st_upgr_w_external,3
wpn_eft_rsh12,2,1,1,up_sect_secona_mp412,upgr_w_2_internal,st_upgr_w_internal,2
wpn_fal,1,1,1,up_sect_firsta_sig550,upgr_w_2_internal,st_upgr_w_internal,2
wpn_fal,1,2,1,up_sect_firstc_sig550,upgr_w_3_internal,st_upgr_w_internal,3
wpn_fal,1,2,2,up_sect_firstd_sig550,upgr_w_3_internal,st_upgr_w_internal,3
wpn_fal,1,3,1,up_sect_firste_sig550,upgr_w_3_internal,st_upgr_w_internal,3
wpn_fal,2,1,1,up_sect_secona_sig550,upgr_w_2_internal,st_upgr_w_internal,2
wpn_fal,2,2,1,up_sect_seconc_sig550,upgr_w_3_external,st_upgr_w_external,3
wpn_fal,2,3,1,up_sect_secone_sig550,upgr_w_3_internal,st_upgr_w_internal,3
wpn_fal,2,3,2,up_sect_seconf_sig550,upgr_w_3_external,st_upgr_w_external,3
wpn_fal,3,1,1,up_sect_thirda_sig550,upgr_w_2_internal,st_upgr_w_internal,2
wpn_fal,3,2,1,up_sect_thirdc_sig550,upgr_w_3_internal,st_upgr_w_internal,3
wpn_fal,3,2,2,up_sect_thirdd_sig550,upgr_w_3_external,st_upgr_w_external,3
wpn_fal,3,3,1,up_sect_thirde_sig550,upgr_w_3_internal,st_upgr_w_internal,3
wpn_fal,4,1,1,up_sect_fourta_sig550,upgr_w_2_external,st_upgr_w_external,2
wpn_fal,4,2,1,up_sect_fourtc_sig550,upgr_w_3_external,st_upgr_w_external,3
wpn_fal,4,3,1,up_sect_fourte_sig550,upgr_w_3_external,st_upgr_w_external,3
wpn_fal,4,3,2,up_sect_fourtf_sig550,upgr_w_3_external,st_upgr_w_external,3
wpn_fal,5,1,1,up_sect_fiftha_sig550,upgr_w_2_external,st_upgr_w_external,2
wpn_fal_aus,1,1,1,up_sect_firsta_sig550,upgr_w_2_internal,st_upgr_w_internal,2
wpn_fal_aus,1,2,1,up_sect_firstc_sig550,upgr_w_3_internal,st_upgr_w_internal,3
wpn_fal_aus,1,2,2,up_sect_firstd_sig550,upgr_w_3_internal,st_upgr_w_internal,3
wpn_fal_aus,1,3,1,up_sect_firste_sig550,upgr_w_3_internal,st_upgr_w_internal,3
wpn_fal_aus,2,1,1,up_sect_secona_sig550,upgr_w_2_internal,st_upgr_w_internal,2
wpn_fal_aus,2,2,1,up_sect_seconc_sig550,upgr_w_3_external,st_upgr_w_external,3
wpn_fal_aus,2,3,1,up_sect_secone_sig550,upgr_w_3_internal,st_upgr_w_internal,3
wpn_fal_aus,2,3,2,up_sect_seconf_sig550,upgr_w_3_external,st_upgr_w_external,3
wpn_fal_aus,3,1,1,up_sect_thirda_sig550,upgr_w_2_internal,st_upgr_w_internal,2
wpn_fal_aus,3,2,1,up_sect_thirdc_sig550,upgr_w_3_internal,st_upgr_w_internal,3
wpn_fal_aus,3,2,2,up_sect_thirdd_sig550,upgr_w_3_external,st_upgr_w_external,3
wpn_fal_aus,3,3,1,up_sect_thirde_sig550,upgr_w_3_internal,st_upgr_w_internal,3
wpn_fal_aus,4,1,1,up_sect_fourta_sig550,upgr_w_2_external,st_upgr_w_external,2
wpn_fal_aus,4,2,1,up_sect_fourtc_sig550,upgr_w_3_external,st_upgr_w_external,3
wpn_fal_aus,4,3,1,up_sect_fourte_sig550,upgr_w_3_external,st_upgr_w_external,3
wpn_fal_aus,4,3,2,up_sect_fourtf_sig550,upgr_w_3_external,st_upgr_w_external,3
wpn_fal_aus,5,1,1,up_sect_fiftha_sig550,upgr_w_2_external,st_upgr_w_external,2
wpn_fal_sa58_osw,1,1,1,up_sect_firsta_sig550,upgr_w_2_internal,st_upgr_w_internal,2
wpn_fal_sa58_osw,1,2,1,up_sect_firstc_sig550,upgr_w_3_internal,st_upgr_w_internal,3
wpn_fal_sa58_osw,1,2,2,up_sect_firstd_sig550,upgr_w_3_internal,st_upgr_w_internal,3
wpn_fal_sa58_osw,1,3,1,up_sect_firste_sig550,upgr_w_3_internal,st_upgr_w_internal,3
wpn_fal_sa58_osw,2,1,1,up_sect_secona_sig550,upgr_w_2_internal,st_upgr_w_internal,2
wpn_fal_sa58_osw,2,2,1,up_sect_seconc_sig550,upgr_w_3_external,st_upgr_w_external,3
wpn_fal_sa58_osw,2,3,1,up_sect_secone_sig550,upgr_w_3_internal,st_upgr_w_internal,3
wpn_fal_sa58_osw,2,3,2,up_sect_seconf_sig550,upgr_w_3_external,st_upgr_w_external,3
wpn_fal_sa58_osw,3,1,1,up_sect_thirda_sig550,upgr_w_2_internal,st_upgr_w_internal,2
wpn_fal_sa58_osw,3,2,1,up_sect_thirdc_sig550,upgr_w_3_internal,st_upgr_w_internal,3
wpn_fal_sa58_osw,3,2,2,up_sect_thirdd_sig550,upgr_w_3_external,st_upgr_w_external,3
wpn_fal_sa58_osw,3,3,1,up_sect_thirde_sig550,upgr_w_3_internal,st_upgr_w_internal,3
wpn_fal_sa58_osw,4,1,1,up_sect_fourta_sig550,upgr_w_2_external,st_upgr_w_external,2
wpn_fal_sa58_osw,4,2,1,up_sect_fourtc_sig550,upgr_w_3_external,st_upgr_w_external,3
wpn_fal_sa58_osw,4,3,1,up_sect_fourte_sig550,upgr_w_3_external,st_upgr_w_external,3
wpn_fal_sa58_osw,4,3,2,up_sect_fourtf_sig550,upgr_w_3_external,st_upgr_w_external,3
wpn_fal_sa58_osw,5,1,1,up_sect_fiftha_sig550,upgr_w_2_external,st_upgr_w_external,2
wpn_famas3,1,1,1,up_sect_firsta_g36,upgr_w_1_internal,st_upgr_w_internal,1
wpn_famas3,1,2,1,up_sect_firstc_g36,upgr_w_2_external,st_upgr_w_external,2
wpn_famas3,1,3,1,up_sect_firste_g36,upgr_w_3_external,st_upgr_w_external,3
wpn_famas3,1,3,2,up_sect_firstf_g36,upgr_w_3_external,st_upgr_w_external,3
wpn_famas3,2,1,1,up_sect_secona_g36,upgr_w_1_internal,st_upgr_w_internal,1
wpn_famas3,2,2,1,up_sect_seconc_g36,upgr_w_2_external,st_upgr_w_external,2
wpn_famas3,2,2,2,up_sect_second_g36,upgr_w_2_internal,st_upgr_w_internal,2
wpn_famas3,2,3,1,up_sect_secone_g36,upgr_w_3_external,st_upgr_w_external,3
wpn_famas3,3,1,1,up_sect_thirda_g36,upgr_w_1_external,st_upgr_w_external,1
wpn_famas3,3,2,1,up_sect_thirdc_g36,upgr_w_2_internal,st_upgr_w_internal,2
wpn_famas3,3,3,1,up_sect_thirde_g36,upgr_w_3_external,st_upgr_w_external,3
wpn_famas3,3,3,2,up_sect_thirdf_g36,upgr_w_3_external,st_upgr_w_external,3
wpn_famas3,4,1,1,up_sect_fourta_g36,upgr_w_1_internal,st_upgr_w_internal,1
wpn_famas3,4,2,1,up_sect_fourtc_g36,upgr_w_2_external,st_upgr_w_external,2
wpn_famas3,4,3,1,up_sect_fourte_g36,upgr_w_3_internal,st_upgr_w_internal,3
wpn_famas3,4,3,2,up_sect_fourtf_g36,upgr_w_3_external,st_upgr_w_external,3
wpn_fn2000,1,1,1,up_sect_firsta_fn2000,upgr_w_2_internal,st_upgr_w_internal,2
wpn_fn2000,1,2,1,up_sect_firstc_fn2000,upgr_w_3_internal,st_upgr_w_internal,3
wpn_fn2000,1,2,2,up_sect_firstd_fn2000,upgr_w_3_external,st_upgr_w_external,3
wpn_fn2000,1,3,1,up_sect_firste_fn2000,upgr_w_3_external,st_upgr_w_external,3
wpn_fn2000,1,3,2,up_sect_firstf_fn2000,upgr_w_3_external,st_upgr_w_external,3
wpn_fn2000,2,1,1,up_sect_secona_fn2000,upgr_w_2_external,st_upgr_w_external,2
wpn_fn2000,2,2,1,up_sect_seconc_fn2000,upgr_w_3_external,st_upgr_w_external,3
wpn_fn2000,2,2,2,up_sect_second_fn2000,upgr_w_3_internal,st_upgr_w_internal,3
wpn_fn2000,2,3,1,up_sect_secone_fn2000,upgr_w_3_external,st_upgr_w_external,3
wpn_fn2000,2,3,2,up_sect_seconf_fn2000,upgr_w_3_internal,st_upgr_w_internal,3
wpn_fn2000,3,1,1,up_sect_thirda_fn2000,upgr_w_2_internal,st_upgr_w_internal,2
wpn_fn2000,3,2,1,up_sect_thirdc_fn2000,upgr_w_3_internal,st_upgr_w_internal,3
wpn_fn2000,3,2,2,up_sect_thirdd_fn2000,upgr_w_3_external,st_upgr_w_external,3
wpn_fn2000,3,3,1,up_sect_thirde_fn2000,upgr_w_3_internal,st_upgr_w_internal,3
wpn_fn2000,3,3,2,up_sect_thirdf_fn2000,upgr_w_3_external,st_upgr_w_external,3
wpn_fn2000,4,1,1,up_sect_fourta_fn2000,upgr_w_2_optical,st_upgr_w_optical,2
wpn_fn2000,4,2,1,up_sect_fourtc_fn2000,upgr_w_3_optical,st_upgr_w_optical,3
wpn_fn2000,4,3,1,up_sect_fourte_fn2000,upgr_w_3_optical,st_upgr_w_optical,3
wpn_fn2000,4,3,2,up_sect_fourtf_fn2000,upgr_w_3_optical,st_upgr_w_optical,3
wpn_fn2000_camo,1,1,1,up_sect_firsta_fn2000,upgr_w_2_internal,st_upgr_w_internal,2
wpn_fn2000_camo,1,2,1,up_sect_firstc_fn2000,upgr_w_3_internal,st_upgr_w_internal,3
wpn_fn2000_camo,1,2,2,up_sect_firstd_fn2000,upgr_w_3_external,st_upgr_w_external,3
wpn_fn2000_camo,1,3,1,up_sect_firste_fn2000,upgr_w_3_external,st_upgr_w_external,3
wpn_fn2000_camo,1,3,2,up_sect_firstf_fn2000,upgr_w_3_external,st_upgr_w_external,3
wpn_fn2000_camo,2,1,1,up_sect_secona_fn2000,upgr_w_2_external,st_upgr_w_external,2
wpn_fn2000_camo,2,2,1,up_sect_seconc_fn2000,upgr_w_3_external,st_upgr_w_external,3
wpn_fn2000_camo,2,2,2,up_sect_second_fn2000,upgr_w_3_internal,st_upgr_w_internal,3
wpn_fn2000_camo,2,3,1,up_sect_secone_fn2000,upgr_w_3_external,st_upgr_w_external,3
wpn_fn2000_camo,2,3,2,up_sect_seconf_fn2000,upgr_w_3_internal,st_upgr_w_internal,3
wpn_fn2000_camo,3,1,1,up_sect_thirda_fn2000,upgr_w_2_internal,st_upgr_w_internal,2
wpn_fn2000_camo,3,2,1,up_sect_thirdc_fn2000,upgr_w_3_internal,st_upgr_w_internal,3
wpn_fn2000_camo,3,2,2,up_sect_thirdd_fn2000,upgr_w_3_external,st_upgr_w_external,3
wpn_fn2000_camo,3,3,1,up_sect_thirde_fn2000,upgr_w_3_internal,st_upgr_w_internal,3
wpn_fn2000_camo,3,3,2,up_sect_thirdf_fn2000,upgr_w_3_external,st_upgr_w_external,3
wpn_fn2000_camo,4,1,1,up_sect_fourta_fn2000,upgr_w_2_optical,st_upgr_w_optical,2
wpn_fn2000_camo,4,2,1,up_sect_fourtc_fn2000,upgr_w_3_optical,st_upgr_w_optical,3
wpn_fn2000_camo,4,3,1,up_sect_fourte_fn2000,upgr_w_3_optical,st_upgr_w_optical,3
wpn_fn2000_camo,4,3,2,up_sect_fourtf_fn2000,upgr_w_3_optical,st_upgr_w_optical,3
wpn_fn2000_custom,1,1,1,up_sect_firsta_fn2000,upgr_w_2_internal,st_upgr_w_internal,2
wpn_fn2000_custom,1,2,1,up_sect_firstc_fn2000,upgr_w_3_internal,st_upgr_w_internal,3
wpn_fn2000_custom,1,2,2,up_sect_firstd_fn2000,upgr_w_3_external,st_upgr_w_external,3
wpn_fn2000_custom,1,3,1,up_sect_firste_fn2000,upgr_w_3_external,st_upgr_w_external,3
wpn_fn2000_custom,1,3,2,up_sect_firstf_fn2000,upgr_w_3_external,st_upgr_w_external,3
wpn_fn2000_custom,2,1,1,up_sect_secona_fn2000,upgr_w_2_external,st_upgr_w_external,2
wpn_fn2000_custom,2,2,1,up_sect_seconc_fn2000,upgr_w_3_external,st_upgr_w_external,3
wpn_fn2000_custom,2,2,2,up_sect_second_fn2000,upgr_w_3_internal,st_upgr_w_internal,3
wpn_fn2000_custom,2,3,1,up_sect_secone_fn2000,upgr_w_3_external,st_upgr_w_external,3
wpn_fn2000_custom,2,3,2,up_sect_seconf_fn2000,upgr_w_3_internal,st_upgr_w_internal,3
wpn_fn2000_custom,3,1,1,up_sect_thirda_fn2000,upgr_w_2_internal,st_upgr_w_internal,2
wpn_fn2000_custom,3,2,1,up_sect_thirdc_fn2000,upgr_w_3_internal,st_upgr_w_internal,3
wpn_fn2000_custom,3,2,2,up_sect_thirdd_fn2000,upgr_w_3_external,st_upgr_w_external,3
wpn_fn2000_custom,3,3,1,up_sect_thirde_fn2000,upgr_w_3_internal,st_upgr_w_internal,3
wpn_fn2000_custom,3,3,2,up_sect_thirdf_fn2000,upgr_w_3_external,st_upgr_w_external,3
wpn_fn2000_custom,4,1,1,up_sect_fourta_fn2000,upgr_w_2_optical,st_upgr_w_optical,2
wpn_fn2000_custom,4,2,1,up_sect_fourtc_fn2000,upgr_w_3_optical,st_upgr_w_optical,3
wpn_fn2000_custom,4,3,1,up_sect_fourte_fn2000,upgr_w_3_optical,st_upgr_w_optical,3
wpn_fn2000_custom,4,3,2,up_sect_fourtf_fn2000,upgr_w_3_optical,st_upgr_w_optical,3
wpn_fn2000_nimble,1,1,1,up_sect_firsta_fn2000_nimble,upgr_w_2_internal,st_upgr_w_internal,2
wpn_fn2000_nimble,1,2,1,up_sect_firstc_fn2000_nimble,upgr_w_3_internal,st_upgr_w_internal,3
wpn_fn2000_nimble,1,2,2,up_sect_firstd_fn2000_nimble,upgr_w_3_external,st_upgr_w_external,3
wpn_fn2000_nimble,1,3,1,up_sect_firste_fn2000_nimble,upgr_w_3_external,st_upgr_w_external,3
wpn_fn2000_nimble,1,3,2,up_sect_firstf_fn2000_nimble,upgr_w_3_external,st_upgr_w_external,3
wpn_fn2000_nimble,2,1,1,up_sect_secona_fn2000_nimble,upgr_w_2_external,st_upgr_w_external,2
wpn_fn2000_nimble,2,2,1,up_sect_seconc_fn2000_nimble,upgr_w_3_external,st_upgr_w_external,3
wpn_fn2000_nimble,2,2,2,up_sect_second_fn2000_nimble,upgr_w_3_internal,st_upgr_w_internal,3
wpn_fn2000_nimble,2,3,1,up_sect_secone_fn2000_nimble,upgr_w_3_external,st_upgr_w_external,3
wpn_fn2000_nimble,2,3,2,up_sect_seconf_fn2000_nimble,upgr_w_3_internal,st_upgr_w_internal,3
wpn_fn2000_nimble,3,1,1,up_sect_thirda_fn2000_nimble,upgr_w_2_internal,st_upgr_w_internal,2
wpn_fn2000_nimble,3,2,1,up_sect_thirdc_fn2000_nimble,upgr_w_3_internal,st_upgr_w_internal,3
wpn_fn2000_nimble,3,2,2,up_sect_thirdd_fn2000_nimble,upgr_w_3_external,st_upgr_w_external,3
wpn_fn2000_nimble,3,3,1,up_sect_thirde_fn2000_nimble,upgr_w_3_internal,st_upgr_w_internal,3
wpn_fn2000_nimble,3,3,2,up_sect_thirdf_fn2000_nimble,upgr_w_3_external,st_upgr_w_external,3
wpn_fn2000_nimble,4,1,1,up_sect_fourta_fn2000_nimble,upgr_w_2_internal,st_upgr_w_internal,2
wpn_fn2000_nimble,4,2,1,up_sect_fourtc_fn2000_nimble,upgr_w_3_internal,st_upgr_w_internal,3
wpn_fn2000_nimble,4,3,1,up_sect_fourte_fn2000_nimble,upgr_w_3_external,st_upgr_w_external,3
wpn_fn2000_nimble,4,3,2,up_sect_fourtf_fn2000_nimble,upgr_w_3_external,st_upgr_w_external,3
wpn_fn57,1,1,1,up_sect_firsta_fn57,upgr_w_1_external,st_upgr_w_external,1
wpn_fn57,1,2,1,up_sect_firstc_fn57,upgr_w_1_internal,st_upgr_w_internal,1
wpn_fn57,1,2,2,up_sect_firstd_fn57,upgr_w_1_external,st_upgr_w_external,1
wpn_fn57,1,3,1,up_sect_firste_fn57,upgr_w_2_internal,st_upgr_w_internal,2
wpn_fn57,2,1,1,up_sect_secona_fn57,upgr_w_1_external,st_upgr_w_external,1
wpn_fn57,2,2,1,up_sect_seconc_fn57,upgr_w_1_internal,st_upgr_w_internal,1
wpn_fn57,2,3,1,up_sect_secone_fn57,upgr_w_2_internal,st_upgr_w_internal,2
wpn_fn57,2,3,2,up_sect_seconf_fn57,upgr_w_2_external,st_upgr_w_external,2
wpn_fn57,3,1,1,up_sect_thirda_fn57,upgr_w_1_internal,st_upgr_w_internal,1
wpn_fn57,3,2,1,up_sect_thirdc_fn57,upgr_w_1_external,st_upgr_w_external,1
wpn_fn57,3,2,2,up_sect_thirdd_fn57,upgr_w_1_internal,st_upgr_w_internal,1
wpn_fn57,4,1,1,up_sect_fourta_fn57,upgr_w_1_external,st_upgr_w_external,1
wpn_fn57,4,2,1,up_sect_fourtc_fn57,upgr_w_1_internal,st_upgr_w_internal,1
wpn_fn57,5,1,1,up_sect_fiftha_fn57,upgr_w_1_internal,st_upgr_w_internal,1
wpn_fnc,1,1,1,up_sect_firsta_sig550,upgr_w_1_internal,st_upgr_w_internal,1
wpn_fnc,1,2,1,up_sect_firstc_sig550,upgr_w_2_internal,st_upgr_w_internal,2
wpn_fnc,1,2,2,up_sect_firstd_sig550,upgr_w_2_internal,st_upgr_w_internal,2
wpn_fnc,1,3,1,up_sect_firste_sig550,upgr_w_3_internal,st_upgr_w_internal,3
wpn_fnc,2,1,1,up_sect_secona_sig550,upgr_w_1_internal,st_upgr_w_internal,1
wpn_fnc,2,2,1,up_sect_seconc_sig550,upgr_w_2_external,st_upgr_w_external,2
wpn_fnc,2,3,1,up_sect_secone_sig550,upgr_w_3_internal,st_upgr_w_internal,3
wpn_fnc,2,3,2,up_sect_seconf_sig550,upgr_w_3_external,st_upgr_w_external,3
wpn_fnc,3,1,1,up_sect_thirda_sig550,upgr_w_1_internal,st_upgr_w_internal,1
wpn_fnc,3,2,1,up_sect_thirdc_sig550,upgr_w_2_internal,st_upgr_w_internal,2
wpn_fnc,3,2,2,up_sect_thirdd_sig550,upgr_w_2_external,st_upgr_w_external,2
wpn_fnc,3,3,1,up_sect_thirde_sig550,upgr_w_3_internal,st_upgr_w_internal,3
wpn_fnc,4,1,1,up_sect_fourta_sig550,upgr_w_1_external,st_upgr_w_external,1
wpn_fnc,4,2,1,up_sect_fourtc_sig550,upgr_w_2_external,st_upgr_w_external,2
wpn_fnc,4,3,1,up_sect_fourte_sig550,upgr_w_3_external,st_upgr_w_external,3
wpn_fnc,4,3,2,up_sect_fourtf_sig550,upgr_w_3_external,st_upgr_w_external,3
wpn_fnc,5,1,1,up_sect_fiftha_sig550,upgr_w_1_external,st_upgr_w_external,1
wpn_fnp45,1,1,1,up_sect_firsta_fnp45,upgr_w_1_internal,st_upgr_w_internal,1
wpn_fnp45,1,2,1,up_sect_firstc_fnp45,upgr_w_1_internal,st_upgr_w_internal,1
wpn_fnp45,1,2,2,up_sect_firstd_fnp45,upgr_w_1_external,st_upgr_w_external,1
wpn_fnp45,1,3,1,up_sect_firste_fnp45,upgr_w_2_internal,st_upgr_w_internal,2
wpn_fnp45,2,1,1,up_sect_secona_fnp45,upgr_w_1_external,st_upgr_w_external,1
wpn_fnp45,2,2,1,up_sect_seconc_fnp45,upgr_w_1_internal,st_upgr_w_internal,1
wpn_fnp45,2,2,2,up_sect_second_fnp45,upgr_w_1_internal,st_upgr_w_internal,1
wpn_fnp45,2,3,1,up_sect_secone_fnp45,upgr_w_2_internal,st_upgr_w_internal,2
wpn_fnp45,3,1,1,up_sect_thirda_fnp45,upgr_w_1_internal,st_upgr_w_internal,1
wpn_fnp45,3,2,1,up_sect_thirdc_fnp45,upgr_w_1_external,st_upgr_w_external,1
wpn_fnp45,3,2,2,up_sect_thirdd_fnp45,upgr_w_1_internal,st_upgr_w_internal,1
wpn_fnp45,3,3,1,up_sect_thirde_fnp45,upgr_w_2_external,st_upgr_w_external,2
wpn_fnp45,4,1,1,up_sect_fourta_fnp45,upgr_w_1_external,st_upgr_w_external,1
wpn_fnp45,4,2,1,up_sect_fourtc_fnp45,upgr_w_1_internal,st_upgr_w_internal,1
wpn_fnp45,4,3,1,up_sect_fourte_fnp45,upgr_w_2_external,st_upgr_w_external,2
wpn_fnp45,5,1,1,up_sect_fiftha_fnp45,upgr_w_1_external,st_upgr_w_external,1
wpn_fnx45,1,1,1,up_sect_firsta_fnx45,upgr_w_1_internal,st_upgr_w_internal,1
wpn_fnx45,1,2,1,up_sect_firstc_fnx45,upgr_w_1_internal,st_upgr_w_internal,1
wpn_fnx45,1,2,2,up_sect_firstd_fnx45,upgr_w_1_external,st_upgr_w_external,1
wpn_fnx45,1,3,1,up_sect_firste_fnx45,upgr_w_2_internal,st_upgr_w_internal,2
wpn_fnx45,2,1,1,up_sect_secona_fnx45,upgr_w_1_external,st_upgr_w_external,1
wpn_fnx45,2,2,1,up_sect_seconc_fnx45,upgr_w_1_internal,st_upgr_w_internal,1
wpn_fnx45,2,2,2,up_sect_second_fnx45,upgr_w_1_internal,st_upgr_w_internal,1
wpn_fnx45,2,3,1,up_sect_secone_fnx45,upgr_w_2_internal,st_upgr_w_internal,2
wpn_fnx45,3,1,1,up_sect_thirda_fnx45,upgr_w_1_internal,st_upgr_w_internal,1
wpn_fnx45,3,2,1,up_sect_thirdc_fnx45,upgr_w_1_external,st_upgr_w_external,1
wpn_fnx45,3,2,2,up_sect_thirdd_fnx45,upgr_w_1_internal,st_upgr_w_internal,1
wpn_fnx45,3,3,1,up_sect_thirde_fnx45,upgr_w_2_external,st_upgr_w_external,2
wpn_fnx45,4,1,1,up_sect_fourta_fnx45,upgr_w_1_external,st_upgr_w_external,1
wpn_fnx45,4,2,1,up_sect_fourtc_fnx45,upgr_w_1_internal,st_upgr_w_internal,1
wpn_fnx45,4,3,1,up_sect_fourte_fnx45,upgr_w_2_external,st_upgr_w_external,2
wpn_fnx45,5,1,1,up_sect_fiftha_fnx45,upgr_w_1_external,st_upgr_w_external,1
wpn_fnx45_custom,1,1,1,up_sect_firsta_fnx45,upgr_w_1_internal,st_upgr_w_internal,1
wpn_fnx45_custom,1,2,1,up_sect_firstc_fnx45,upgr_w_1_internal,st_upgr_w_internal,1
wpn_fnx45_custom,1,2,2,up_sect_firstd_fnx45,upgr_w_1_external,st_upgr_w_external,1
wpn_fnx45_custom,1,3,1,up_sect_firste_fnx45,upgr_w_2_internal,st_upgr_w_internal,2
wpn_fnx45_custom,2,1,1,up_sect_secona_fnx45,upgr_w_1_external,st_upgr_w_external,1
wpn_fnx45_custom,2,2,1,up_sect_seconc_fnx45,upgr_w_1_internal,st_upgr_w_internal,1
wpn_fnx45_custom,2,2,2,up_sect_second_fnx45,upgr_w_1_internal,st_upgr_w_internal,1
wpn_fnx45_custom,2,3,1,up_sect_secone_fnx45,upgr_w_2_internal,st_upgr_w_internal,2
wpn_fnx45_custom,3,1,1,up_sect_thirda_fnx45,upgr_w_1_internal,st_upgr_w_internal,1
wpn_fnx45_custom,3,2,1,up_sect_thirdc_fnx45,upgr_w_1_external,st_upgr_w_external,1
wpn_fnx45_custom,3,2,2,up_sect_thirdd_fnx45,upgr_w_1_internal,st_upgr_w_internal,1
wpn_fnx45_custom,3,3,1,up_sect_thirde_fnx45,upgr_w_2_external,st_upgr_w_external,2
wpn_fnx45_custom,4,1,1,up_sect_fourta_fnx45,upgr_w_1_external,st_upgr_w_external,1
wpn_fnx45_custom,4,2,1,up_sect_fourtc_fnx45,upgr_w_1_internal,st_upgr_w_internal,1
wpn_fnx45_custom,4,3,1,up_sect_fourte_fnx45,upgr_w_2_external,st_upgr_w_external,2
wpn_fnx45_custom,5,1,1,up_sect_fiftha_fnx45,upgr_w_1_external,st_upgr_w_external,1
wpn_fort,1,1,1,up_sect_firsta_fort,upgr_w_1_internal,st_upgr_w_internal,1
wpn_fort,1,2,1,up_sect_firstc_fort,upgr_w_1_external,st_upgr_w_external,1
wpn_fort,1,2,2,up_sect_firstd_fort,upgr_w_1_internal,st_upgr_w_internal,1
wpn_fort,1,3,1,up_sect_firste_fort,upgr_w_2_external,st_upgr_w_external,2
wpn_fort,2,1,1,up_sect_secona_fort,upgr_w_1_external,st_upgr_w_external,1
wpn_fort,2,2,1,up_sect_seconc_fort,upgr_w_1_internal,st_upgr_w_internal,1
wpn_fort,2,2,2,up_sect_second_fort,upgr_w_1_internal,st_upgr_w_internal,1
wpn_fort,3,1,1,up_sect_thirda_fort,upgr_w_1_external,st_upgr_w_external,1
wpn_fort,3,2,1,up_sect_thirdc_fort,upgr_w_1_external,st_upgr_w_external,1
wpn_fort,3,2,2,up_sect_thirdd_fort,upgr_w_1_internal,st_upgr_w_internal,1
wpn_fort,4,1,1,up_sect_fourta_fort,upgr_w_1_external,st_upgr_w_external,1
wpn_fort,4,2,1,up_sect_fourtc_fort,upgr_w_1_external,st_upgr_w_external,1
wpn_fort,5,1,1,up_sect_fiftha_fort,upgr_w_1_internal,st_upgr_w_internal,1
wpn_fort,5,2,1,up_sect_fifthc_fort,upgr_w_1_internal,st_upgr_w_internal,1
wpn_fort17,1,1,1,up_sect_firsta_fort,upgr_w_1_internal,st_upgr_w_internal,1
wpn_fort17,1,2,1,up_sect_firstc_fort,upgr_w_1_external,st_upgr_w_external,1
wpn_fort17,1,2,2,up_sect_firstd_fort,upgr_w_1_internal,st_upgr_w_internal,1
wpn_fort17,1,3,1,up_sect_firste_fort,upgr_w_2_external,st_upgr_w_external,2
wpn_fort17,2,1,1,up_sect_secona_fort,upgr_w_1_external,st_upgr_w_external,1
wpn_fort17,2,2,1,up_sect_seconc_fort,upgr_w_1_internal,st_upgr_w_internal,1
wpn_fort17,2,2,2,up_sect_second_fort,upgr_w_1_internal,st_upgr_w_internal,1
wpn_fort17,3,1,1,up_sect_thirda_fort,upgr_w_1_external,st_upgr_w_external,1
wpn_fort17,3,2,1,up_sect_thirdc_fort,upgr_w_1_external,st_upgr_w_external,1
wpn_fort17,3,2,2,up_sect_thirdd_fort,upgr_w_1_internal,st_upgr_w_internal,1
wpn_fort17,4,1,1,up_sect_fourta_fort,upgr_w_1_external,st_upgr_w_external,1
wpn_fort17,4,2,1,up_sect_fourtc_fort,upgr_w_1_external,st_upgr_w_external,1
wpn_fort17,5,1,1,up_sect_fiftha_fort,upgr_w_1_internal,st_upgr_w_internal,1
wpn_fort17,5,2,1,up_sect_fifthc_fort,upgr_w_1_internal,st_upgr_w_internal,1
wpn_fort500,1,1,1,up_sect_firsta_wincheaster1300,upgr_w_1_internal,st_upgr_w_internal,1
wpn_fort500,1,2,1,up_sect_firstc_wincheaster1300,upgr_w_2_external,st_upgr_w_external,2
wpn_fort500,1,2,2,up_sect_firstd_wincheaster1300,upgr_w_2_internal,st_upgr_w_internal,2
wpn_fort500,1,3,1,up_sect_firste_wincheaster1300,upgr_w_2_external,st_upgr_w_external,2
wpn_fort500,1,3,2,up_sect_firstf_wincheaster1300,upgr_w_2_external,st_upgr_w_external,2
wpn_fort500,2,1,1,up_sect_secona_wincheaster1300,upgr_w_1_external,st_upgr_w_external,1
wpn_fort500,2,2,1,up_sect_seconc_wincheaster1300,upgr_w_2_external,st_upgr_w_external,2
wpn_fort500,2,2,2,up_sect_second_wincheaster1300,upgr_w_2_internal,st_upgr_w_internal,2
wpn_fort500,3,1,1,up_sect_thirda_wincheaster1300,upgr_w_1_internal,st_upgr_w_internal,1
wpn_fort500,3,2,1,up_sect_thirdc_wincheaster1300,upgr_w_2_external,st_upgr_w_external,2
wpn_fort500,3,3,1,up_sect_thirde_wincheaster1300,upgr_w_2_internal,st_upgr_w_internal,2
wpn_fort500,3,3,2,up_sect_thirdf_wincheaster1300,upgr_w_2_internal,st_upgr_w_internal,2
wpn_fort_snag,1,1,1,up_sect_firsta_fort,upgr_w_1_internal,st_upgr_w_internal,1
wpn_fort_snag,1,2,1,up_sect_firstc_fort,upgr_w_1_external,st_upgr_w_external,1
wpn_fort_snag,1,2,2,up_sect_firstd_fort,upgr_w_1_internal,st_upgr_w_internal,1
wpn_fort_snag,1,3,1,up_sect_firste_fort,upgr_w_2_external,st_upgr_w_external,2
wpn_fort_snag,2,1,1,up_sect_secona_fort,upgr_w_1_external,st_upgr_w_external,1
wpn_fort_snag,2,2,1,up_sect_seconc_fort,upgr_w_1_internal,st_upgr_w_internal,1
wpn_fort_snag,2,2,2,up_sect_second_fort,upgr_w_1_internal,st_upgr_w_internal,1
wpn_fort_snag,3,1,1,up_sect_thirda_fort,upgr_w_1_external,st_upgr_w_external,1
wpn_fort_snag,3,2,1,up_sect_thirdc_fort,upgr_w_1_external,st_upgr_w_external,1
wpn_fort_snag,3,2,2,up_sect_thirdd_fort,upgr_w_1_internal,st_upgr_w_internal,1
wpn_fort_snag,4,1,1,up_sect_fourta_fort,upgr_w_1_external,st_upgr_w_external,1
wpn_fort_snag,4,2,1,up_sect_fourtc_fort,upgr_w_1_external,st_upgr_w_external,1
wpn_fort_snag,5,1,1,up_sect_fiftha_fort,upgr_w_1_internal,st_upgr_w_internal,1
wpn_fort_snag,5,2,1,up_sect_fifthc_fort,upgr_w_1_internal,st_upgr_w_internal,1
wpn_g3,1,1,1,up_sect_firsta_g3,upgr_w_2_internal,st_upgr_w_internal,2
wpn_g3,1,2,1,up_sect_firstc_g3,upgr_w_3_internal,st_upgr_w_internal,3
wpn_g3,1,2,2,up_sect_firstd_g3,upgr_w_3_external,st_upgr_w_external,3
wpn_g3,1,3,1,up_sect_firste_g3,upgr_w_3_external,st_upgr_w_external,3
wpn_g3,1,3,2,up_sect_firstf_g3,upgr_w_3_external,st_upgr_w_external,3
wpn_g3,2,1,1,up_sect_secona_g3,upgr_w_2_external,st_upgr_w_external,2
wpn_g3,2,2,1,up_sect_seconc_g3,upgr_w_3_external,st_upgr_w_external,3
wpn_g3,2,2,2,up_sect_second_g3,upgr_w_3_internal,st_upgr_w_internal,3
wpn_g3,2,3,1,up_sect_secone_g3,upgr_w_3_external,st_upgr_w_external,3
wpn_g3,2,3,2,up_sect_seconf_g3,upgr_w_3_internal,st_upgr_w_internal,3
wpn_g3,3,1,1,up_sect_thirda_g3,upgr_w_2_internal,st_upgr_w_internal,2
wpn_g3,3,2,1,up_sect_thirdc_g3,upgr_w_3_internal,st_upgr_w_internal,3
wpn_g3,3,2,2,up_sect_thirdd_g3,upgr_w_3_external,st_upgr_w_external,3
wpn_g3,3,3,1,up_sect_thirde_g3,upgr_w_3_internal,st_upgr_w_internal,3
wpn_g3,3,3,2,up_sect_thirdf_g3,upgr_w_3_internal,st_upgr_w_internal,3
wpn_g3,4,1,1,up_sect_fourta_g3,upgr_w_2_internal,st_upgr_w_internal,2
wpn_g3,4,2,1,up_sect_fourtc_g3,upgr_w_3_internal,st_upgr_w_internal,3
wpn_g3,4,3,1,up_sect_fourte_g3,upgr_w_3_external,st_upgr_w_external,3
wpn_g3,4,3,2,up_sect_fourtf_g3,upgr_w_3_external,st_upgr_w_external,3
wpn_g36,1,1,1,up_sect_firsta_sig550,upgr_w_1_internal,st_upgr_w_internal,1
wpn_g36,1,2,1,up_sect_firstc_sig550,upgr_w_2_internal,st_upgr_w_internal,2
wpn_g36,1,2,2,up_sect_firstd_sig550,upgr_w_2_internal,st_upgr_w_internal,2
wpn_g36,1,3,1,up_sect_firste_sig550,upgr_w_3_internal,st_upgr_w_internal,3
wpn_g36,2,1,1,up_sect_secona_sig550,upgr_w_1_internal,st_upgr_w_internal,1
wpn_g36,2,2,1,up_sect_seconc_sig550,upgr_w_2_external,st_upgr_w_external,2
wpn_g36,2,3,1,up_sect_secone_sig550,upgr_w_3_internal,st_upgr_w_internal,3
wpn_g36,2,3,2,up_sect_seconf_sig550,upgr_w_3_external,st_upgr_w_external,3
wpn_g36,3,1,1,up_sect_thirda_sig550,upgr_w_1_internal,st_upgr_w_internal,1
wpn_g36,3,2,1,up_sect_thirdc_sig550,upgr_w_2_internal,st_upgr_w_internal,2
wpn_g36,3,2,2,up_sect_thirdd_sig550,upgr_w_2_external,st_upgr_w_external,2
wpn_g36,3,3,1,up_sect_thirde_sig550,upgr_w_3_internal,st_upgr_w_internal,3
wpn_g36,4,1,1,up_sect_fourta_sig550,upgr_w_1_external,st_upgr_w_external,1
wpn_g36,4,2,1,up_sect_fourtc_sig550,upgr_w_2_external,st_upgr_w_external,2
wpn_g36,4,3,1,up_sect_fourte_sig550,upgr_w_3_external,st_upgr_w_external,3
wpn_g36,4,3,2,up_sect_fourtf_sig550,upgr_w_3_external,st_upgr_w_external,3
wpn_g36,5,1,1,up_sect_fiftha_sig550,upgr_w_1_external,st_upgr_w_external,1
wpn_g36_camo,1,1,1,up_sect_firsta_sig550,upgr_w_1_internal,st_upgr_w_internal,1
wpn_g36_camo,1,2,1,up_sect_firstc_sig550,upgr_w_2_internal,st_upgr_w_internal,2
wpn_g36_camo,1,2,2,up_sect_firstd_sig550,upgr_w_2_internal,st_upgr_w_internal,2
wpn_g36_camo,1,3,1,up_sect_firste_sig550,upgr_w_3_internal,st_upgr_w_internal,3
wpn_g36_camo,2,1,1,up_sect_secona_sig550,upgr_w_1_internal,st_upgr_w_internal,1
wpn_g36_camo,2,2,1,up_sect_seconc_sig550,upgr_w_2_external,st_upgr_w_external,2
wpn_g36_camo,2,3,1,up_sect_secone_sig550,upgr_w_3_internal,st_upgr_w_internal,3
wpn_g36_camo,2,3,2,up_sect_seconf_sig550,upgr_w_3_external,st_upgr_w_external,3
wpn_g36_camo,3,1,1,up_sect_thirda_sig550,upgr_w_1_internal,st_upgr_w_internal,1
wpn_g36_camo,3,2,1,up_sect_thirdc_sig550,upgr_w_2_internal,st_upgr_w_internal,2
wpn_g36_camo,3,2,2,up_sect_thirdd_sig550,upgr_w_2_external,st_upgr_w_external,2
wpn_g36_camo,3,3,1,up_sect_thirde_sig550,upgr_w_3_internal,st_upgr_w_internal,3
wpn_g36_camo,4,1,1,up_sect_fourta_sig550,upgr_w_1_external,st_upgr_w_external,1
wpn_g36_camo,4,2,1,up_sect_fourtc_sig550,upgr_w_2_external,st_upgr_w_external,2
wpn_g36_camo,4,3,1,up_sect_fourte_sig550,upgr_w_3_external,st_upgr_w_external,3
wpn_g36_camo,4,3,2,up_sect_fourtf_sig550,upgr_w_3_external,st_upgr_w_external,3
wpn_g36_camo,5,1,1,up_sect_fiftha_sig550,upgr_w_1_external,st_upgr_w_external,1
wpn_g36k_rwap,1,1,1,up_sect_firsta_sig550,upgr_w_1_internal,st_upgr_w_internal,1
wpn_g36k_rwap,1,2,1,up_sect_firstc_sig550,upgr_w_2_internal,st_upgr_w_internal,2
wpn_g36k_rwap,1,2,2,up_sect_firstd_sig550,upgr_w_2_internal,st_upgr_w_internal,2
wpn_g36k_rwap,1,3,1,up_sect_firste_sig550,upgr_w_3_internal,st_upgr_w_internal,3
wpn_g36k_rwap,2,1,1,up_sect_secona_sig550,upgr_w_1_internal,st_upgr_w_internal,1
wpn_g36k_rwap,2,2,1,up_sect_seconc_sig550,upgr_w_2_external,st_upgr_w_external,2
wpn_g36k_rwap,2,3,1,up_sect_secone_sig550,upgr_w_3_internal,st_upgr_w_internal,3
wpn_g36k_rwap,2,3,2,up_sect_seconf_sig550,upgr_w_3_external,st_upgr_w_external,3
wpn_g36k_rwap,3,1,1,up_sect_thirda_sig550,upgr_w_1_internal,st_upgr_w_internal,1
wpn_g36k_rwap,3,2,1,up_sect_thirdc_sig550,upgr_w_2_internal,st_upgr_w_internal,2
wpn_g36k_rwap,3,2,2,up_sect_thirdd_sig550,upgr_w_2_external,st_upgr_w_external,2
wpn_g36k_rwap,3,3,1,up_sect_thirde_sig550,upgr_w_3_internal,st_upgr_w_internal,3
wpn_g36k_rwap,4,1,1,up_sect_fourta_sig550,upgr_w_1_external,st_upgr_w_external,1
wpn_g36k_rwap,4,2,1,up_sect_fourtc_sig550,upgr_w_2_external,st_upgr_w_external,2
wpn_g36k_rwap,4,3,1,up_sect_fourte_sig550,upgr_w_3_external,st_upgr_w_external,3
wpn_g36k_rwap,4,3,2,up_sect_fourtf_sig550,upgr_w_3_external,st_upgr_w_external,3
wpn_g36k_rwap,5,1,1,up_sect_fiftha_sig550,upgr_w_1_external,st_upgr_w_external,1
wpn_g36ka4_rwap,1,1,1,up_sect_firsta_sig550,upgr_w_1_internal,st_upgr_w_internal,1
wpn_g36ka4_rwap,1,2,1,up_sect_firstc_sig550,upgr_w_2_internal,st_upgr_w_internal,2
wpn_g36ka4_rwap,1,2,2,up_sect_firstd_sig550,upgr_w_2_internal,st_upgr_w_internal,2
wpn_g36ka4_rwap,1,3,1,up_sect_firste_sig550,upgr_w_3_internal,st_upgr_w_internal,3
wpn_g36ka4_rwap,2,1,1,up_sect_secona_sig550,upgr_w_1_internal,st_upgr_w_internal,1
wpn_g36ka4_rwap,2,2,1,up_sect_seconc_sig550,upgr_w_2_external,st_upgr_w_external,2
wpn_g36ka4_rwap,2,3,1,up_sect_secone_sig550,upgr_w_3_internal,st_upgr_w_internal,3
wpn_g36ka4_rwap,2,3,2,up_sect_seconf_sig550,upgr_w_3_external,st_upgr_w_external,3
wpn_g36ka4_rwap,3,1,1,up_sect_thirda_sig550,upgr_w_1_internal,st_upgr_w_internal,1
wpn_g36ka4_rwap,3,2,1,up_sect_thirdc_sig550,upgr_w_2_internal,st_upgr_w_internal,2
wpn_g36ka4_rwap,3,2,2,up_sect_thirdd_sig550,upgr_w_2_external,st_upgr_w_external,2
wpn_g36ka4_rwap,3,3,1,up_sect_thirde_sig550,upgr_w_3_internal,st_upgr_w_internal,3
wpn_g36ka4_rwap,4,1,1,up_sect_fourta_sig550,upgr_w_1_external,st_upgr_w_external,1
wpn_g36ka4_rwap,4,2,1,up_sect_fourtc_sig550,upgr_w_2_external,st_upgr_w_external,2
wpn_g36ka4_rwap,4,3,1,up_sect_fourte_sig550,upgr_w_3_external,st_upgr_w_external,3
wpn_g36ka4_rwap,4,3,2,up_sect_fourtf_sig550,upgr_w_3_external,st_upgr_w_external,3
wpn_g36ka4_rwap,5,1,1,up_sect_fiftha_sig550,upgr_w_1_external,st_upgr_w_external,1
wpn_g36nimble_rwap,1,1,1,up_sect_firsta_sig550,upgr_w_1_internal,st_upgr_w_internal,1
wpn_g36nimble_rwap,1,2,1,up_sect_firstc_sig550,upgr_w_2_internal,st_upgr_w_internal,2
wpn_g36nimble_rwap,1,2,2,up_sect_firstd_sig550,upgr_w_2_internal,st_upgr_w_internal,2
wpn_g36nimble_rwap,1,3,1,up_sect_firste_sig550,upgr_w_3_internal,st_upgr_w_internal,3
wpn_g36nimble_rwap,2,1,1,up_sect_secona_sig550,upgr_w_1_internal,st_upgr_w_internal,1
wpn_g36nimble_rwap,2,2,1,up_sect_seconc_sig550,upgr_w_2_external,st_upgr_w_external,2
wpn_g36nimble_rwap,2,3,1,up_sect_secone_sig550,upgr_w_3_internal,st_upgr_w_internal,3
wpn_g36nimble_rwap,2,3,2,up_sect_seconf_sig550,upgr_w_3_external,st_upgr_w_external,3
wpn_g36nimble_rwap,3,1,1,up_sect_thirda_sig550,upgr_w_1_internal,st_upgr_w_internal,1
wpn_g36nimble_rwap,3,2,1,up_sect_thirdc_sig550,upgr_w_2_internal,st_upgr_w_internal,2
wpn_g36nimble_rwap,3,2,2,up_sect_thirdd_sig550,upgr_w_2_external,st_upgr_w_external,2
wpn_g36nimble_rwap,3,3,1,up_sect_thirde_sig550,upgr_w_3_internal,st_upgr_w_internal,3
wpn_g36nimble_rwap,4,1,1,up_sect_fourta_sig550,upgr_w_1_external,st_upgr_w_external,1
wpn_g36nimble_rwap,4,2,1,up_sect_fourtc_sig550,upgr_w_2_external,st_upgr_w_external,2
wpn_g36nimble_rwap,4,3,1,up_sect_fourte_sig550,upgr_w_3_external,st_upgr_w_external,3
wpn_g36nimble_rwap,4,3,2,up_sect_fourtf_sig550,upgr_w_3_external,st_upgr_w_external,3
wpn_g36nimble_rwap,5,1,1,up_sect_fiftha_sig550,upgr_w_1_external,st_upgr_w_external,1
wpn_g36v_rwap,1,1,1,up_sect_firsta_sig550,upgr_w_1_internal,st_upgr_w_internal,1
wpn_g36v_rwap,1,2,1,up_sect_firstc_sig550,upgr_w_2_internal,st_upgr_w_internal,2
wpn_g36v_rwap,1,2,2,up_sect_firstd_sig550,upgr_w_2_internal,st_upgr_w_internal,2
wpn_g36v_rwap,1,3,1,up_sect_firste_sig550,upgr_w_3_internal,st_upgr_w_internal,3
wpn_g36v_rwap,2,1,1,up_sect_secona_sig550,upgr_w_1_internal,st_upgr_w_internal,1
wpn_g36v_rwap,2,2,1,up_sect_seconc_sig550,upgr_w_2_external,st_upgr_w_external,2
wpn_g36v_rwap,2,3,1,up_sect_secone_sig550,upgr_w_3_internal,st_upgr_w_internal,3
wpn_g36v_rwap,2,3,2,up_sect_seconf_sig550,upgr_w_3_external,st_upgr_w_external,3
wpn_g36v_rwap,3,1,1,up_sect_thirda_sig550,upgr_w_1_internal,st_upgr_w_internal,1
wpn_g36v_rwap,3,2,1,up_sect_thirdc_sig550,upgr_w_2_internal,st_upgr_w_internal,2
wpn_g36v_rwap,3,2,2,up_sect_thirdd_sig550,upgr_w_2_external,st_upgr_w_external,2
wpn_g36v_rwap,3,3,1,up_sect_thirde_sig550,upgr_w_3_internal,st_upgr_w_internal,3
wpn_g36v_rwap,4,1,1,up_sect_fourta_sig550,upgr_w_1_external,st_upgr_w_external,1
wpn_g36v_rwap,4,2,1,up_sect_fourtc_sig550,upgr_w_2_external,st_upgr_w_external,2
wpn_g36v_rwap,4,3,1,up_sect_fourte_sig550,upgr_w_3_external,st_upgr_w_external,3
wpn_g36v_rwap,4,3,2,up_sect_fourtf_sig550,upgr_w_3_external,st_upgr_w_external,3
wpn_g36v_rwap,5,1,1,up_sect_fiftha_sig550,upgr_w_1_external,st_upgr_w_external,1
wpn_g36v_rwap_cut_kit,1,1,1,up_sect_firsta_sig550,upgr_w_1_internal,st_upgr_w_internal,1
wpn_g36v_rwap_cut_kit,1,2,1,up_sect_firstc_sig550,upgr_w_2_internal,st_upgr_w_internal,2
wpn_g36v_rwap_cut_kit,1,2,2,up_sect_firstd_sig550,upgr_w_2_internal,st_upgr_w_internal,2
wpn_g36v_rwap_cut_kit,1,3,1,up_sect_firste_sig550,upgr_w_3_internal,st_upgr_w_internal,3
wpn_g36v_rwap_cut_kit,2,1,1,up_sect_secona_sig550,upgr_w_1_internal,st_upgr_w_internal,1
wpn_g36v_rwap_cut_kit,2,2,1,up_sect_seconc_sig550,upgr_w_2_external,st_upgr_w_external,2
wpn_g36v_rwap_cut_kit,2,3,1,up_sect_secone_sig550,upgr_w_3_internal,st_upgr_w_internal,3
wpn_g36v_rwap_cut_kit,2,3,2,up_sect_seconf_sig550,upgr_w_3_external,st_upgr_w_external,3
wpn_g36v_rwap_cut_kit,3,1,1,up_sect_thirda_sig550,upgr_w_1_internal,st_upgr_w_internal,1
wpn_g36v_rwap_cut_kit,3,2,1,up_sect_thirdc_sig550,upgr_w_2_internal,st_upgr_w_internal,2
wpn_g36v_rwap_cut_kit,3,2,2,up_sect_thirdd_sig550,upgr_w_2_external,st_upgr_w_external,2
wpn_g36v_rwap_cut_kit,3,3,1,up_sect_thirde_sig550,upgr_w_3_internal,st_upgr_w_internal,3
wpn_g36v_rwap_cut_kit,4,1,1,up_sect_fourta_sig550,upgr_w_1_external,st_upgr_w_external,1
wpn_g36v_rwap_cut_kit,4,2,1,up_sect_fourtc_sig550,upgr_w_2_external,st_upgr_w_external,2
wpn_g36v_rwap_cut_kit,4,3,1,up_sect_fourte_sig550,upgr_w_3_external,st_upgr_w_external,3
wpn_g36v_rwap_cut_kit,4,3,2,up_sect_fourtf_sig550,upgr_w_3_external,st_upgr_w_external,3
wpn_g36v_rwap_cut_kit,5,1,1,up_sect_fiftha_sig550,upgr_w_1_external,st_upgr_w_external,1
wpn_g3sg1,1,1,1,up_sect_firsta_g3sg1,upgr_w_2_internal,st_upgr_w_internal,2
wpn_g3sg1,1,2,1,up_sect_firstc_g3sg1,upgr_w_3_internal,st_upgr_w_internal,3
wpn_g3sg1,1,2,2,up_sect_firstd_g3sg1,upgr_w_3_external,st_upgr_w_external,3
wpn_g3sg1,1,3,1,up_sect_firste_g3sg1,upgr_w_3_external,st_upgr_w_external,3
wpn_g3sg1,1,3,2,up_sect_firstf_g3sg1,upgr_w_3_external,st_upgr_w_external,3
wpn_g3sg1,2,1,1,up_sect_secona_g3sg1,upgr_w_2_external,st_upgr_w_external,2
wpn_g3sg1,2,2,1,up_sect_seconc_g3sg1,upgr_w_3_external,st_upgr_w_external,3
wpn_g3sg1,2,2,2,up_sect_second_g3sg1,upgr_w_3_internal,st_upgr_w_internal,3
wpn_g3sg1,2,3,1,up_sect_secone_g3sg1,upgr_w_3_external,st_upgr_w_external,3
wpn_g3sg1,2,3,2,up_sect_seconf_g3sg1,upgr_w_3_internal,st_upgr_w_internal,3
wpn_g3sg1,3,1,1,up_sect_thirda_g3sg1,upgr_w_2_internal,st_upgr_w_internal,2
wpn_g3sg1,3,2,1,up_sect_thirdc_g3sg1,upgr_w_3_internal,st_upgr_w_internal,3
wpn_g3sg1,3,2,2,up_sect_thirdd_g3sg1,upgr_w_3_external,st_upgr_w_external,3
wpn_g3sg1,3,3,1,up_sect_thirde_g3sg1,upgr_w_3_external,st_upgr_w_external,3
wpn_g3sg1,3,3,2,up_sect_thirdf_g3sg1,upgr_w_3_external,st_upgr_w_external,3
wpn_g3sg1,4,1,1,up_sect_fourta_g3sg1,upgr_w_2_optical,st_upgr_w_optical,2
wpn_g3sg1,4,2,1,up_sect_fourtc_g3sg1,upgr_w_3_optical,st_upgr_w_optical,3
wpn_g3sg1,4,3,1,up_sect_fourte_g3sg1,upgr_w_3_optical,st_upgr_w_optical,3
wpn_g3sg1,4,3,2,up_sect_fourtf_g3sg1,upgr_w_3_optical,st_upgr_w_optical,3
wpn_g43,1,1,1,up_sect_firsta_g43,upgr_w_1_internal,st_upgr_w_internal,1
wpn_g43,1,2,1,up_sect_firstc_g43,upgr_w_2_external,st_upgr_w_external,2
wpn_g43,1,2,2,up_sect_firstd_g43,upgr_w_2_internal,st_upgr_w_internal,2
wpn_g43,2,1,1,up_sect_secona_g43,upgr_w_1_external,st_upgr_w_external,1
wpn_g43,3,1,1,up_sect_thirda_g43,upgr_w_1_internal,st_upgr_w_internal,1
wpn_g43,3,2,1,up_sect_thirdc_g43,upgr_w_2_internal,st_upgr_w_internal,2
wpn_gauss,1,1,1,up_sect_firsta_svd,upgr_w_2_external,st_upgr_w_external,2
wpn_gauss,1,2,1,up_sect_firstc_svd,upgr_w_3_external,st_upgr_w_external,3
wpn_gauss,1,2,2,up_sect_firstd_svd,upgr_w_3_external,st_upgr_w_external,3
wpn_gauss,1,3,1,up_sect_firste_svd,upgr_w_3_external,st_upgr_w_external,3
wpn_gauss,1,3,2,up_sect_firstf_svd,upgr_w_3_internal,st_upgr_w_internal,3
wpn_gauss,2,1,1,up_sect_secona_svd,upgr_w_2_internal,st_upgr_w_internal,2
wpn_gauss,2,2,1,up_sect_seconc_svd,upgr_w_3_internal,st_upgr_w_internal,3
wpn_gauss,2,2,2,up_sect_second_svd,upgr_w_3_external,st_upgr_w_external,3
wpn_gauss,3,1,1,up_sect_thirda_svd,upgr_w_2_internal,st_upgr_w_internal,2
wpn_gauss,3,2,1,up_sect_thirdc_svd,upgr_w_3_external,st_upgr_w_external,3
wpn_gauss,3,3,1,up_sect_thirde_svd,upgr_w_3_internal,st_upgr_w_internal,3
wpn_gauss_quest,1,1,1,up_sect_firsta_svd,upgr_w_2_external,st_upgr_w_external,2
wpn_gauss_quest,1,2,1,up_sect_firstc_svd,upgr_w_3_external,st_upgr_w_external,3
wpn_gauss_quest,1,2,2,up_sect_firstd_svd,upgr_w_3_external,st_upgr_w_external,3
wpn_gauss_quest,1,3,1,up_sect_firste_svd,upgr_w_3_external,st_upgr_w_external,3
wpn_gauss_quest,1,3,2,up_sect_firstf_svd,upgr_w_3_internal,st_upgr_w_internal,3
wpn_gauss_quest,2,1,1,up_sect_secona_svd,upgr_w_2_internal,st_upgr_w_internal,2
wpn_gauss_quest,2,2,1,up_sect_seconc_svd,upgr_w_3_internal,st_upgr_w_internal,3
wpn_gauss_quest,2,2,2,up_sect_second_svd,upgr_w_3_external,st_upgr_w_external,3
wpn_gauss_quest,3,1,1,up_sect_thirda_svd,upgr_w_2_internal,st_upgr_w_internal,2
wpn_gauss_quest,3,2,1,up_sect_thirdc_svd,upgr_w_3_external,st_upgr_w_external,3
wpn_gauss_quest,3,3,1,up_sect_thirde_svd,upgr_w_3_internal,st_upgr_w_internal,3
wpn_glock,1,1,1,up_sect_firsta_glock,upgr_w_1_internal,st_upgr_w_internal,1
wpn_glock,1,2,1,up_sect_firstc_glock,upgr_w_1_internal,st_upgr_w_internal,1
wpn_glock,1,2,2,up_sect_firstd_glock,upgr_w_1_internal,st_upgr_w_internal,1
wpn_glock,1,3,1,up_sect_firste_glock,upgr_w_2_internal,st_upgr_w_internal,2
wpn_glock,2,1,1,up_sect_secona_glock,upgr_w_1_internal,st_upgr_w_internal,1
wpn_glock,2,2,1,up_sect_seconc_glock,upgr_w_1_external,st_upgr_w_external,1
wpn_glock,2,2,2,up_sect_second_glock,upgr_w_1_internal,st_upgr_w_internal,1
wpn_glock,2,3,1,up_sect_secone_glock,upgr_w_2_internal,st_upgr_w_internal,2
wpn_glock,3,1,1,up_sect_thirda_glock,upgr_w_1_internal,st_upgr_w_internal,1
wpn_glock,3,2,1,up_sect_thirdc_glock,upgr_w_1_external,st_upgr_w_external,1
wpn_glock,3,2,2,up_sect_thirdd_glock,upgr_w_1_internal,st_upgr_w_internal,1
wpn_glock,4,1,1,up_sect_fourta_glock,upgr_w_1_external,st_upgr_w_external,1
wpn_glock,4,2,1,up_sect_fourtc_glock,upgr_w_1_internal,st_upgr_w_internal,1
wpn_glock,5,1,1,up_sect_fiftha_glock,upgr_w_1_optical,st_upgr_w_optical,1
wpn_glock,5,2,1,up_sect_fifthc_glock,upgr_w_1_internal,st_upgr_w_internal,1
wpn_glock17,1,1,1,up_sect_firsta_fn57,upgr_w_1_external,st_upgr_w_external,1
wpn_glock17,1,2,1,up_sect_firstc_fn57,upgr_w_1_internal,st_upgr_w_internal,1
wpn_glock17,1,2,2,up_sect_firstd_fn57,upgr_w_1_external,st_upgr_w_external,1
wpn_glock17,1,3,1,up_sect_firste_fn57,upgr_w_2_internal,st_upgr_w_internal,2
wpn_glock17,2,1,1,up_sect_secona_fn57,upgr_w_1_external,st_upgr_w_external,1
wpn_glock17,2,2,1,up_sect_seconc_fn57,upgr_w_1_internal,st_upgr_w_internal,1
wpn_glock17,2,3,1,up_sect_secone_fn57,upgr_w_2_internal,st_upgr_w_internal,2
wpn_glock17,2,3,2,up_sect_seconf_fn57,upgr_w_2_external,st_upgr_w_external,2
wpn_glock17,3,1,1,up_sect_thirda_fn57,upgr_w_1_internal,st_upgr_w_internal,1
wpn_glock17,3,2,1,up_sect_thirdc_fn57,upgr_w_1_external,st_upgr_w_external,1
wpn_glock17,3,2,2,up_sect_thirdd_fn57,upgr_w_1_internal,st_upgr_w_internal,1
wpn_glock17,4,1,1,up_sect_fourta_fn57,upgr_w_1_external,st_upgr_w_external,1
wpn_glock17,4,2,1,up_sect_fourtc_fn57,upgr_w_1_internal,st_upgr_w_internal,1
wpn_glock17,5,1,1,up_sect_fiftha_fn57,upgr_w_1_internal,st_upgr_w_internal,1
wpn_glock17_m1,1,1,1,up_sect_firsta_fn57,upgr_w_1_external,st_upgr_w_external,1
wpn_glock17_m1,1,2,1,up_sect_firstc_fn57,upgr_w_1_internal,st_upgr_w_internal,1
wpn_glock17_m1,1,2,2,up_sect_firstd_fn57,upgr_w_1_external,st_upgr_w_external,1
wpn_glock17_m1,1,3,1,up_sect_firste_fn57,upgr_w_2_internal,st_upgr_w_internal,2
wpn_glock17_m1,2,1,1,up_sect_secona_fn57,upgr_w_1_external,st_upgr_w_external,1
wpn_glock17_m1,2,2,1,up_sect_seconc_fn57,upgr_w_1_internal,st_upgr_w_internal,1
wpn_glock17_m1,2,3,1,up_sect_secone_fn57,upgr_w_2_internal,st_upgr_w_internal,2
wpn_glock17_m1,2,3,2,up_sect_seconf_fn57,upgr_w_2_external,st_upgr_w_external,2
wpn_glock17_m1,3,1,1,up_sect_thirda_fn57,upgr_w_1_internal,st_upgr_w_internal,1
wpn_glock17_m1,3,2,1,up_sect_thirdc_fn57,upgr_w_1_external,st_upgr_w_external,1
wpn_glock17_m1,3,2,2,up_sect_thirdd_fn57,upgr_w_1_internal,st_upgr_w_internal,1
wpn_glock17_m1,4,1,1,up_sect_fourta_fn57,upgr_w_1_external,st_upgr_w_external,1
wpn_glock17_m1,4,2,1,up_sect_fourtc_fn57,upgr_w_1_internal,st_upgr_w_internal,1
wpn_glock17_m1,5,1,1,up_sect_fiftha_fn57,upgr_w_1_internal,st_upgr_w_internal,1
wpn_glock_custom,1,1,1,up_sect_firsta_glock,upgr_w_1_internal,st_upgr_w_internal,1
wpn_glock_custom,1,2,1,up_sect_firstc_glock,upgr_w_1_internal,st_upgr_w_internal,1
wpn_glock_custom,1,2,2,up_sect_firstd_glock,upgr_w_1_internal,st_upgr_w_internal,1
wpn_glock_custom,1,3,1,up_sect_firste_glock,upgr_w_2_internal,st_upgr_w_internal,2
wpn_glock_custom,2,1,1,up_sect_secona_glock,upgr_w_1_internal,st_upgr_w_internal,1
wpn_glock_custom,2,2,1,up_sect_seconc_glock,upgr_w_1_external,st_upgr_w_external,1
wpn_glock_custom,2,2,2,up_sect_second_glock,upgr_w_1_internal,st_upgr_w_internal,1
wpn_glock_custom,2,3,1,up_sect_secone_glock,upgr_w_2_internal,st_upgr_w_internal,2
wpn_glock_custom,3,1,1,up_sect_thirda_glock,upgr_w_1_internal,st_upgr_w_internal,1
wpn_glock_custom,3,2,1,up_sect_thirdc_glock,upgr_w_1_external,st_upgr_w_external,1
wpn_glock_custom,3,2,2,up_sect_thirdd_glock,upgr_w_1_internal,st_upgr_w_internal,1
wpn_glock_custom,4,1,1,up_sect_fourta_glock,upgr_w_1_external,st_upgr_w_external,1
wpn_glock_custom,4,2,1,up_sect_fourtc_glock,upgr_w_1_internal,st_upgr_w_internal,1
wpn_glock_custom,5,1,1,up_sect_fiftha_glock,upgr_w_1_optical,st_upgr_w_optical,1
wpn_glock_custom,5,2,1,up_sect_fifthc_glock,upgr_w_1_internal,st_upgr_w_internal,1
wpn_glock_modern,1,1,1,up_sect_firsta_glock,upgr_w_1_internal,st_upgr_w_internal,1
wpn_glock_modern,1,2,1,up_sect_firstc_glock,upgr_w_1_internal,st_upgr_w_internal,1
wpn_glock_modern,1,2,2,up_sect_firstd_glock,upgr_w_1_internal,st_upgr_w_internal,1
wpn_glock_modern,1,3,1,up_sect_firste_glock_auto,upgr_w_2_internal,st_upgr_w_internal,2
wpn_glock_modern,2,1,1,up_sect_secona_glock,upgr_w_1_internal,st_upgr_w_internal,1
wpn_glock_modern,2,2,1,up_sect_seconc_glock_auto,upgr_w_1_external,st_upgr_w_external,1
wpn_glock_modern,2,2,2,up_sect_second_glock,upgr_w_1_internal,st_upgr_w_internal,1
wpn_glock_modern,2,3,1,up_sect_secone_glock,upgr_w_2_internal,st_upgr_w_internal,2
wpn_glock_modern,3,1,1,up_sect_thirda_glock,upgr_w_1_internal,st_upgr_w_internal,1
wpn_glock_modern,3,2,1,up_sect_thirdc_glock,upgr_w_1_external,st_upgr_w_external,1
wpn_glock_modern,3,2,2,up_sect_thirdd_glock,upgr_w_1_internal,st_upgr_w_internal,1
wpn_glock_modern,4,1,1,up_sect_fourta_glock,upgr_w_1_external,st_upgr_w_external,1
wpn_glock_modern,4,2,1,up_sect_fourtc_glock,upgr_w_1_internal,st_upgr_w_internal,1
wpn_glock_modern,5,1,1,up_sect_fiftha_glock,upgr_w_1_optical,st_upgr_w_optical,1
wpn_glock_modern,5,2,1,up_sect_fifthc_glock_auto,upgr_w_1_external,st_upgr_w_external,1
wpn_grot,1,1,1,up_sect_firsta_g36,upgr_w_1_internal,st_upgr_w_internal,1
wpn_grot,1,2,1,up_sect_firstc_g36,upgr_w_2_external,st_upgr_w_external,2
wpn_grot,1,3,1,up_sect_firste_g36,upgr_w_3_external,st_upgr_w_external,3
wpn_grot,1,3,2,up_sect_firstf_g36,upgr_w_3_external,st_upgr_w_external,3
wpn_grot,2,1,1,up_sect_secona_g36,upgr_w_1_internal,st_upgr_w_internal,1
wpn_grot,2,2,1,up_sect_seconc_g36,upgr_w_2_external,st_upgr_w_external,2
wpn_grot,2,2,2,up_sect_second_g36,upgr_w_2_internal,st_upgr_w_internal,2
wpn_grot,2,3,1,up_sect_secone_g36,upgr_w_3_external,st_upgr_w_external,3
wpn_grot,3,1,1,up_sect_thirda_g36,upgr_w_1_external,st_upgr_w_external,1
wpn_grot,3,2,1,up_sect_thirdc_g36,upgr_w_2_internal,st_upgr_w_internal,2
wpn_grot,3,3,1,up_sect_thirde_g36,upgr_w_3_external,st_upgr_w_external,3
wpn_grot,3,3,2,up_sect_thirdf_g36,upgr_w_3_external,st_upgr_w_external,3
wpn_grot,4,1,1,up_sect_fourta_g36,upgr_w_1_internal,st_upgr_w_internal,1
wpn_grot,4,2,1,up_sect_fourtc_g36,upgr_w_2_external,st_upgr_w_external,2
wpn_grot,4,3,1,up_sect_fourte_g36,upgr_w_3_internal,st_upgr_w_internal,3
wpn_grot,4,3,2,up_sect_fourtf_g36,upgr_w_3_external,st_upgr_w_external,3
wpn_grot_short,1,1,1,up_sect_firsta_g36,upgr_w_1_internal,st_upgr_w_internal,1
wpn_grot_short,1,2,1,up_sect_firstc_g36,upgr_w_2_external,st_upgr_w_external,2
wpn_grot_short,1,3,1,up_sect_firste_g36,upgr_w_3_external,st_upgr_w_external,3
wpn_grot_short,1,3,2,up_sect_firstf_g36,upgr_w_3_external,st_upgr_w_external,3
wpn_grot_short,2,1,1,up_sect_secona_g36,upgr_w_1_internal,st_upgr_w_internal,1
wpn_grot_short,2,2,1,up_sect_seconc_g36,upgr_w_2_external,st_upgr_w_external,2
wpn_grot_short,2,2,2,up_sect_second_g36,upgr_w_2_internal,st_upgr_w_internal,2
wpn_grot_short,2,3,1,up_sect_secone_g36,upgr_w_3_external,st_upgr_w_external,3
wpn_grot_short,3,1,1,up_sect_thirda_g36,upgr_w_1_external,st_upgr_w_external,1
wpn_grot_short,3,2,1,up_sect_thirdc_g36,upgr_w_2_internal,st_upgr_w_internal,2
wpn_grot_short,3,3,1,up_sect_thirde_g36,upgr_w_3_external,st_upgr_w_external,3
wpn_grot_short,3,3,2,up_sect_thirdf_g36,upgr_w_3_external,st_upgr_w_external,3
wpn_grot_short,4,1,1,up_sect_fourta_g36,upgr_w_1_internal,st_upgr_w_internal,1
wpn_grot_short,4,2,1,up_sect_fourtc_g36,upgr_w_2_external,st_upgr_w_external,2
wpn_grot_short,4,3,1,up_sect_fourte_g36,upgr_w_3_internal,st_upgr_w_internal,3
wpn_grot_short,4,3,2,up_sect_fourtf_g36,upgr_w_3_external,st_upgr_w_external,3
wpn_grot_short_tan,1,1,1,up_sect_firsta_g36,upgr_w_1_internal,st_upgr_w_internal,1
wpn_grot_short_tan,1,2,1,up_sect_firstc_g36,upgr_w_2_external,st_upgr_w_external,2
wpn_grot_short_tan,1,3,1,up_sect_firste_g36,upgr_w_3_external,st_upgr_w_external,3
wpn_grot_short_tan,1,3,2,up_sect_firstf_g36,upgr_w_3_external,st_upgr_w_external,3
wpn_grot_short_tan,2,1,1,up_sect_secona_g36,upgr_w_1_internal,st_upgr_w_internal,1
wpn_grot_short_tan,2,2,1,up_sect_seconc_g36,upgr_w_2_external,st_upgr_w_external,2
wpn_grot_short_tan,2,2,2,up_sect_second_g36,upgr_w_2_internal,st_upgr_w_internal,2
wpn_grot_short_tan,2,3,1,up_sect_secone_g36,upgr_w_3_external,st_upgr_w_external,3
wpn_grot_short_tan,3,1,1,up_sect_thirda_g36,upgr_w_1_external,st_upgr_w_external,1
wpn_grot_short_tan,3,2,1,up_sect_thirdc_g36,upgr_w_2_internal,st_upgr_w_internal,2
wpn_grot_short_tan,3,3,1,up_sect_thirde_g36,upgr_w_3_external,st_upgr_w_external,3
wpn_grot_short_tan,3,3,2,up_sect_thirdf_g36,upgr_w_3_external,st_upgr_w_external,3
wpn_grot_short_tan,4,1,1,up_sect_fourta_g36,upgr_w_1_internal,st_upgr_w_internal,1
wpn_grot_short_tan,4,2,1,up_sect_fourtc_g36,upgr_w_2_external,st_upgr_w_external,2
wpn_grot_short_tan,4,3,1,up_sect_fourte_g36,upgr_w_3_internal,st_upgr_w_internal,3
wpn_grot_short_tan,4,3,2,up_sect_fourtf_g36,upgr_w_3_external,st_upgr_w_external,3
wpn_grot_tan,1,1,1,up_sect_firsta_g36,upgr_w_1_internal,st_upgr_w_internal,1
wpn_grot_tan,1,2,1,up_sect_firstc_g36,upgr_w_2_external,st_upgr_w_external,2
wpn_grot_tan,1,3,1,up_sect_firste_g36,upgr_w_3_external,st_upgr_w_external,3
wpn_grot_tan,1,3,2,up_sect_firstf_g36,upgr_w_3_external,st_upgr_w_external,3
wpn_grot_tan,2,1,1,up_sect_secona_g36,upgr_w_1_internal,st_upgr_w_internal,1
wpn_grot_tan,2,2,1,up_sect_seconc_g36,upgr_w_2_external,st_upgr_w_external,2
wpn_grot_tan,2,2,2,up_sect_second_g36,upgr_w_2_internal,st_upgr_w_internal,2
wpn_grot_tan,2,3,1,up_sect_secone_g36,upgr_w_3_external,st_upgr_w_external,3
wpn_grot_tan,3,1,1,up_sect_thirda_g36,upgr_w_1_external,st_upgr_w_external,1
wpn_grot_tan,3,2,1,up_sect_thirdc_g36,upgr_w_2_internal,st_upgr_w_internal,2
wpn_grot_tan,3,3,1,up_sect_thirde_g36,upgr_w_3_external,st_upgr_w_external,3
wpn_grot_tan,3,3,2,up_sect_thirdf_g36,upgr_w_3_external,st_upgr_w_external,3
wpn_grot_tan,4,1,1,up_sect_fourta_g36,upgr_w_1_internal,st_upgr_w_internal,1
wpn_grot_tan,4,2,1,up_sect_fourtc_g36,upgr_w_2_external,st_upgr_w_external,2
wpn_grot_tan,4,3,1,up_sect_fourte_g36,upgr_w_3_internal,st_upgr_w_internal,3
wpn_grot_tan,4,3,2,up_sect_fourtf_g36,upgr_w_3_external,st_upgr_w_external,3
wpn_groza,1,1,1,up_sect_firsta_groza,upgr_w_2_internal,st_upgr_w_internal,2
wpn_groza,1,2,1,up_sect_firstc_groza,upgr_w_3_internal,st_upgr_w_internal,3
wpn_groza,1,2,2,up_sect_firstd_groza,upgr_w_3_internal,st_upgr_w_internal,3
wpn_groza,1,3,1,up_sect_firste_groza,upgr_w_3_internal,st_upgr_w_internal,3
wpn_groza,1,3,2,up_sect_firstf_groza,upgr_w_3_external,st_upgr_w_external,3
wpn_groza,2,1,1,up_sect_secona_groza,upgr_w_2_internal,st_upgr_w_internal,2
wpn_groza,2,2,1,up_sect_seconc_groza,upgr_w_3_external,st_upgr_w_external,3
wpn_groza,2,3,1,up_sect_secone_groza,upgr_w_3_internal,st_upgr_w_internal,3
wpn_groza,2,3,2,up_sect_seconf_groza,upgr_w_3_external,st_upgr_w_external,3
wpn_groza,3,1,1,up_sect_thirda_groza,upgr_w_2_internal,st_upgr_w_internal,2
wpn_groza,3,2,1,up_sect_thirdc_groza,upgr_w_3_external,st_upgr_w_external,3
wpn_groza,3,2,2,up_sect_thirdd_groza,upgr_w_3_internal,st_upgr_w_internal,3
wpn_groza,3,3,1,up_sect_thirde_groza,upgr_w_3_internal,st_upgr_w_internal,3
wpn_groza,3,3,2,up_sect_thirdf_groza,upgr_w_3_external,st_upgr_w_external,3
wpn_groza,4,1,1,up_sect_fourta_groza,upgr_w_2_internal,st_upgr_w_internal,2
wpn_groza,4,2,1,up_sect_fourtc_groza,upgr_w_3_external,st_upgr_w_external,3
wpn_groza,4,3,1,up_sect_fourte_groza,upgr_w_3_internal,st_upgr_w_internal,3
wpn_groza,4,3,2,up_sect_fourtf_groza,upgr_w_3_external,st_upgr_w_external,3
wpn_groza,5,1,1,up_sect_fiftha_groza,upgr_w_2_internal,st_upgr_w_internal,2
wpn_groza_nimble,1,1,1,up_sect_firsta_groza,upgr_w_2_internal,st_upgr_w_internal,2
wpn_groza_nimble,1,2,1,up_sect_firstc_groza,upgr_w_3_internal,st_upgr_w_internal,3
wpn_groza_nimble,1,2,2,up_sect_firstd_groza,upgr_w_3_internal,st_upgr_w_internal,3
wpn_groza_nimble,1,3,1,up_sect_firste_groza,upgr_w_3_internal,st_upgr_w_internal,3
wpn_groza_nimble,1,3,2,up_sect_firstf_groza,upgr_w_3_external,st_upgr_w_external,3
wpn_groza_nimble,2,1,1,up_sect_secona_groza,upgr_w_2_internal,st_upgr_w_internal,2
wpn_groza_nimble,2,2,1,up_sect_seconc_groza,upgr_w_3_external,st_upgr_w_external,3
wpn_groza_nimble,2,3,1,up_sect_secone_groza,upgr_w_3_internal,st_upgr_w_internal,3
wpn_groza_nimble,2,3,2,up_sect_seconf_groza,upgr_w_3_external,st_upgr_w_external,3
wpn_groza_nimble,3,1,1,up_sect_thirda_groza,upgr_w_2_internal,st_upgr_w_internal,2
wpn_groza_nimble,3,2,1,up_sect_thirdc_groza,upgr_w_3_external,st_upgr_w_external,3
wpn_groza_nimble,3,2,2,up_sect_thirdd_groza,upgr_w_3_internal,st_upgr_w_internal,3
wpn_groza_nimble,3,3,1,up_sect_thirde_groza,upgr_w_3_internal,st_upgr_w_internal,3
wpn_groza_nimble,3,3,2,up_sect_thirdf_groza,upgr_w_3_external,st_upgr_w_external,3
wpn_groza_nimble,4,1,1,up_sect_fourta_groza,upgr_w_2_internal,st_upgr_w_internal,2
wpn_groza_nimble,4,2,1,up_sect_fourtc_groza,upgr_w_3_external,st_upgr_w_external,3
wpn_groza_nimble,4,3,1,up_sect_fourte_groza,upgr_w_3_internal,st_upgr_w_internal,3
wpn_groza_nimble,4,3,2,up_sect_fourtf_groza,upgr_w_3_external,st_upgr_w_external,3
wpn_groza_nimble,5,1,1,up_sect_fiftha_groza,upgr_w_2_internal,st_upgr_w_internal,2
wpn_gsh18,1,1,1,up_sect_firsta_fort,upgr_w_1_internal,st_upgr_w_internal,1
wpn_gsh18,1,2,1,up_sect_firstc_fort,upgr_w_1_external,st_upgr_w_external,1
wpn_gsh18,1,2,2,up_sect_firstd_fort,upgr_w_1_internal,st_upgr_w_internal,1
wpn_gsh18,1,3,1,up_sect_firste_fort,upgr_w_2_external,st_upgr_w_external,2
wpn_gsh18,2,1,1,up_sect_secona_fort,upgr_w_1_external,st_upgr_w_external,1
wpn_gsh18,2,2,1,up_sect_seconc_fort,upgr_w_1_internal,st_upgr_w_internal,1
wpn_gsh18,2,2,2,up_sect_second_fort,upgr_w_1_internal,st_upgr_w_internal,1
wpn_gsh18,3,1,1,up_sect_thirda_fort,upgr_w_1_external,st_upgr_w_external,1
wpn_gsh18,3,2,1,up_sect_thirdc_fort,upgr_w_1_external,st_upgr_w_external,1
wpn_gsh18,3,2,2,up_sect_thirdd_fort,upgr_w_1_internal,st_upgr_w_internal,1
wpn_gsh18,4,1,1,up_sect_fourta_fort,upgr_w_1_external,st_upgr_w_external,1
wpn_gsh18,4,2,1,up_sect_fourtc_fort,upgr_w_1_external,st_upgr_w_external,1
wpn_gsh18,5,1,1,up_sect_fiftha_fort,upgr_w_1_internal,st_upgr_w_internal,1
wpn_gsh18,5,2,1,up_sect_fifthc_fort,upgr_w_1_internal,st_upgr_w_internal,1
wpn_gsh18_custom,1,1,1,up_sect_firsta_fort,upgr_w_1_internal,st_upgr_w_internal,1
wpn_gsh18_custom,1,2,1,up_sect_firstc_fort,upgr_w_1_external,st_upgr_w_external,1
wpn_gsh18_custom,1,2,2,up_sect_firstd_fort,upgr_w_1_internal,st_upgr_w_internal,1
wpn_gsh18_custom,1,3,1,up_sect_firste_fort,upgr_w_2_external,st_upgr_w_external,2
wpn_gsh18_custom,2,1,1,up_sect_secona_fort,upgr_w_1_external,st_upgr_w_external,1
wpn_gsh18_custom,2,2,1,up_sect_seconc_fort,upgr_w_1_internal,st_upgr_w_internal,1
wpn_gsh18_custom,2,2,2,up_sect_second_fort,upgr_w_1_internal,st_upgr_w_internal,1
wpn_gsh18_custom,3,1,1,up_sect_thirda_fort,upgr_w_1_external,st_upgr_w_external,1
wpn_gsh18_custom,3,2,1,up_sect_thirdc_fort,upgr_w_1_external,st_upgr_w_external,1
wpn_gsh18_custom,3,2,2,up_sect_thirdd_fort,upgr_w_1_internal,st_upgr_w_internal,1
wpn_gsh18_custom,4,1,1,up_sect_fourta_fort,upgr_w_1_external,st_upgr_w_external,1
wpn_gsh18_custom,4,2,1,up_sect_fourtc_fort,upgr_w_1_external,st_upgr_w_external,1
wpn_gsh18_custom,5,1,1,up_sect_fiftha_fort,upgr_w_1_internal,st_upgr_w_internal,1
wpn_gsh18_custom,5,2,1,up_sect_fifthc_fort,upgr_w_1_internal,st_upgr_w_internal,1
wpn_hk21,1,1,1,up_sect_firsta_m249,upgr_w_2_internal,st_upgr_w_internal,2
wpn_hk21,1,2,1,up_sect_firstc_m249,upgr_w_3_external,st_upgr_w_external,3
wpn_hk21,1,3,1,up_sect_firste_m249,upgr_w_3_internal,st_upgr_w_internal,3
wpn_hk21,1,3,2,up_sect_firstf_m249,upgr_w_3_external,st_upgr_w_external,3
wpn_hk21,2,1,1,up_sect_secona_m249,upgr_w_2_external,st_upgr_w_external,2
wpn_hk21,2,2,1,up_sect_seconc_m249,upgr_w_3_external,st_upgr_w_external,3
wpn_hk21,2,2,2,up_sect_second_m249,upgr_w_3_internal,st_upgr_w_internal,3
wpn_hk21,2,3,1,up_sect_secone_m249,upgr_w_3_internal,st_upgr_w_internal,3
wpn_hk21,3,1,1,up_sect_thirda_m249,upgr_w_2_external,st_upgr_w_external,2
wpn_hk21,3,2,1,up_sect_thirdc_m249,upgr_w_3_internal,st_upgr_w_internal,3
wpn_hk21,3,3,1,up_sect_thirde_m249,upgr_w_3_external,st_upgr_w_external,3
wpn_hk21,3,3,2,up_sect_thirdf_m249,upgr_w_3_external,st_upgr_w_external,3
wpn_hk21,4,1,1,up_sect_fourta_m249,upgr_w_2_external,st_upgr_w_external,2
wpn_hk21,4,2,1,up_sect_fourtc_m249,upgr_w_3_internal,st_upgr_w_internal,3
wpn_hk21,4,3,1,up_sect_fourte_m249,upgr_w_3_external,st_upgr_w_external,3
wpn_hk21,5,1,1,up_sect_fiftha_m249,upgr_w_2_internal,st_upgr_w_internal,2
wpn_hk21,5,2,1,up_sect_fifthc_m249,upgr_w_3_external,st_upgr_w_external,3
wpn_hk416,1,1,1,up_sect_firsta_g36,upgr_w_1_internal,st_upgr_w_internal,1
wpn_hk416,1,2,1,up_sect_firstc_g36,upgr_w_2_external,st_upgr_w_external,2
wpn_hk416,1,3,1,up_sect_firste_g36,upgr_w_3_external,st_upgr_w_external,3
wpn_hk416,1,3,2,up_sect_firstf_g36,upgr_w_3_external,st_upgr_w_external,3
wpn_hk416,2,1,1,up_sect_secona_g36,upgr_w_1_internal,st_upgr_w_internal,1
wpn_hk416,2,2,1,up_sect_seconc_g36,upgr_w_2_external,st_upgr_w_external,2
wpn_hk416,2,2,2,up_sect_second_g36,upgr_w_2_internal,st_upgr_w_internal,2
wpn_hk416,2,3,1,up_sect_secone_g36,upgr_w_3_external,st_upgr_w_external,3
wpn_hk416,3,1,1,up_sect_thirda_g36,upgr_w_1_external,st_upgr_w_external,1
wpn_hk416,3,2,1,up_sect_thirdc_g36,upgr_w_2_internal,st_upgr_w_internal,2
wpn_hk416,3,3,1,up_sect_thirde_g36,upgr_w_3_external,st_upgr_w_external,3
wpn_hk416,3,3,2,up_sect_thirdf_g36,upgr_w_3_external,st_upgr_w_external,3
wpn_hk416,4,1,1,up_sect_fourta_g36,upgr_w_1_internal,st_upgr_w_internal,1
wpn_hk416,4,2,1,up_sect_fourtc_g36,upgr_w_2_external,st_upgr_w_external,2
wpn_hk416,4,3,1,up_sect_fourte_g36,upgr_w_3_internal,st_upgr_w_internal,3
wpn_hk416,4,3,2,up_sect_fourtf_g36,upgr_w_3_external,st_upgr_w_external,3
wpn_hk417,1,1,1,up_sect_firsta_sig550,upgr_w_1_internal,st_upgr_w_internal,1
wpn_hk417,1,2,1,up_sect_firstc_sig550,upgr_w_2_internal,st_upgr_w_internal,2
wpn_hk417,1,2,2,up_sect_firstd_sig550,upgr_w_2_internal,st_upgr_w_internal,2
wpn_hk417,1,3,1,up_sect_firste_sig550,upgr_w_3_internal,st_upgr_w_internal,3
wpn_hk417,2,1,1,up_sect_secona_sig550,upgr_w_1_internal,st_upgr_w_internal,1
wpn_hk417,2,2,1,up_sect_seconc_sig550,upgr_w_2_external,st_upgr_w_external,2
wpn_hk417,2,3,1,up_sect_secone_sig550,upgr_w_3_internal,st_upgr_w_internal,3
wpn_hk417,2,3,2,up_sect_seconf_sig550,upgr_w_3_external,st_upgr_w_external,3
wpn_hk417,3,1,1,up_sect_thirda_sig550,upgr_w_1_internal,st_upgr_w_internal,1
wpn_hk417,3,2,1,up_sect_thirdc_sig550,upgr_w_2_internal,st_upgr_w_internal,2
wpn_hk417,3,2,2,up_sect_thirdd_sig550,upgr_w_2_external,st_upgr_w_external,2
wpn_hk417,3,3,1,up_sect_thirde_sig550,upgr_w_3_internal,st_upgr_w_internal,3
wpn_hk417,4,1,1,up_sect_fourta_sig550,upgr_w_1_external,st_upgr_w_external,1
wpn_hk417,4,2,1,up_sect_fourtc_sig550,upgr_w_2_external,st_upgr_w_external,2
wpn_hk417,4,3,1,up_sect_fourte_sig550,upgr_w_3_external,st_upgr_w_external,3
wpn_hk417,4,3,2,up_sect_fourtf_sig550,upgr_w_3_external,st_upgr_w_external,3
wpn_hk417,5,1,1,up_sect_fiftha_sig550,upgr_w_1_external,st_upgr_w_external,1
wpn_howa20,1,1,1,up_sect_firsta_g36,upgr_w_2_internal,st_upgr_w_internal,2
wpn_howa20,1,2,1,up_sect_firstc_g36,upgr_w_3_external,st_upgr_w_external,3
wpn_howa20,1,3,1,up_sect_firste_g36,upgr_w_3_external,st_upgr_w_external,3
wpn_howa20,1,3,2,up_sect_firstf_g36,upgr_w_3_external,st_upgr_w_external,3
wpn_howa20,2,1,1,up_sect_secona_g36,upgr_w_2_internal,st_upgr_w_internal,2
wpn_howa20,2,2,1,up_sect_seconc_g36,upgr_w_3_external,st_upgr_w_external,3
wpn_howa20,2,2,2,up_sect_second_g36,upgr_w_3_internal,st_upgr_w_internal,3
wpn_howa20,2,3,1,up_sect_secone_g36,upgr_w_3_external,st_upgr_w_external,3
wpn_howa20,3,1,1,up_sect_thirda_g36,upgr_w_2_external,st_upgr_w_external,2
wpn_howa20,3,2,1,up_sect_thirdc_g36,upgr_w_3_internal,st_upgr_w_internal,3
wpn_howa20,3,3,1,up_sect_thirde_g36,upgr_w_3_external,st_upgr_w_external,3
wpn_howa20,3,3,2,up_sect_thirdf_g36,upgr_w_3_external,st_upgr_w_external,3
wpn_howa20,4,1,1,up_sect_fourta_g36,upgr_w_2_internal,st_upgr_w_internal,2
wpn_howa20,4,2,1,up_sect_fourtc_g36,upgr_w_3_external,st_upgr_w_external,3
wpn_howa20,4,3,1,up_sect_fourte_g36,upgr_w_3_internal,st_upgr_w_internal,3
wpn_howa20,4,3,2,up_sect_fourtf_g36,upgr_w_3_external,st_upgr_w_external,3
wpn_hpsa,1,1,1,up_sect_firsta_sig220,upgr_w_1_internal,st_upgr_w_internal,1
wpn_hpsa,1,2,1,up_sect_firstc_sig220,upgr_w_1_internal,st_upgr_w_internal,1
wpn_hpsa,1,2,2,up_sect_firstd_sig220,upgr_w_1_external,st_upgr_w_external,1
wpn_hpsa,1,3,1,up_sect_firste_sig220,upgr_w_2_internal,st_upgr_w_internal,2
wpn_hpsa,2,1,1,up_sect_secona_sig220,upgr_w_1_external,st_upgr_w_external,1
wpn_hpsa,2,2,1,up_sect_seconc_sig220,upgr_w_1_internal,st_upgr_w_internal,1
wpn_hpsa,2,3,1,up_sect_secone_sig220,upgr_w_2_internal,st_upgr_w_internal,2
wpn_hpsa,2,3,2,up_sect_seconf_sig220,upgr_w_2_external,st_upgr_w_external,2
wpn_hpsa,3,1,1,up_sect_thirda_sig220,upgr_w_1_external,st_upgr_w_external,1
wpn_hpsa,3,2,1,up_sect_thirdc_sig220,upgr_w_1_external,st_upgr_w_external,1
wpn_hpsa,3,2,2,up_sect_thirdd_sig220,upgr_w_1_internal,st_upgr_w_internal,1
wpn_hpsa,4,1,1,up_sect_fourta_sig220,upgr_w_1_external,st_upgr_w_external,1
wpn_hpsa,4,2,1,up_sect_fourtc_sig220,upgr_w_1_internal,st_upgr_w_internal,1
wpn_hpsa,4,3,1,up_sect_fourte_sig220,upgr_w_2_internal,st_upgr_w_internal,2
wpn_hpsa,5,1,1,up_sect_fiftha_sig220,upgr_w_1_internal,st_upgr_w_internal,1
wpn_hpsa_226sig_kit,1,1,1,up_sect_firsta_sig220,upgr_w_1_internal,st_upgr_w_internal,1
wpn_hpsa_226sig_kit,1,2,1,up_sect_firstc_sig220,upgr_w_1_internal,st_upgr_w_internal,1
wpn_hpsa_226sig_kit,1,2,2,up_sect_firstd_sig220,upgr_w_1_external,st_upgr_w_external,1
wpn_hpsa_226sig_kit,1,3,1,up_sect_firste_sig220,upgr_w_2_internal,st_upgr_w_internal,2
wpn_hpsa_226sig_kit,2,1,1,up_sect_secona_sig220,upgr_w_1_external,st_upgr_w_external,1
wpn_hpsa_226sig_kit,2,2,1,up_sect_seconc_sig220,upgr_w_1_internal,st_upgr_w_internal,1
wpn_hpsa_226sig_kit,2,3,1,up_sect_secone_sig220,upgr_w_2_internal,st_upgr_w_internal,2
wpn_hpsa_226sig_kit,2,3,2,up_sect_seconf_sig220,upgr_w_2_external,st_upgr_w_external,2
wpn_hpsa_226sig_kit,3,1,1,up_sect_thirda_sig220,upgr_w_1_external,st_upgr_w_external,1
wpn_hpsa_226sig_kit,3,2,1,up_sect_thirdc_sig220,upgr_w_1_external,st_upgr_w_external,1
wpn_hpsa_226sig_kit,3,2,2,up_sect_thirdd_sig220,upgr_w_1_internal,st_upgr_w_internal,1
wpn_hpsa_226sig_kit,4,1,1,up_sect_fourta_sig220,upgr_w_1_external,st_upgr_w_external,1
wpn_hpsa_226sig_kit,4,2,1,up_sect_fourtc_sig220,upgr_w_1_internal,st_upgr_w_internal,1
wpn_hpsa_226sig_kit,4,3,1,up_sect_fourte_sig220,upgr_w_2_internal,st_upgr_w_internal,2
wpn_hpsa_226sig_kit,5,1,1,up_sect_fiftha_sig220,upgr_w_1_internal,st_upgr_w_internal,1
wpn_ithacam37,1,1,1,up_sect_firsta_mossberg590,upgr_w_1_internal,st_upgr_w_internal,1
wpn_ithacam37,1,2,1,up_sect_firstc_mossberg590,upgr_w_2_external,st_upgr_w_external,2
wpn_ithacam37,1,2,2,up_sect_firstd_mossberg590,upgr_w_2_internal,st_upgr_w_internal,2
wpn_ithacam37,1,3,1,up_sect_firste_mossberg590,upgr_w_2_external,st_upgr_w_external,2
wpn_ithacam37,2,1,1,up_sect_secona_mossberg590,upgr_w_1_external,st_upgr_w_external,1
wpn_ithacam37,2,2,1,up_sect_seconc_mossberg590,upgr_w_2_external,st_upgr_w_external,2
wpn_ithacam37,2,2,2,up_sect_second_mossberg590,upgr_w_2_internal,st_upgr_w_internal,2
wpn_ithacam37,2,3,1,up_sect_secone_mossberg590,upgr_w_2_internal,st_upgr_w_internal,2
wpn_ithacam37,3,1,1,up_sect_thirda_mossberg590,upgr_w_1_internal,st_upgr_w_internal,1
wpn_ithacam37,3,2,1,up_sect_thirdc_mossberg590,upgr_w_2_external,st_upgr_w_external,2
wpn_ithacam37,3,2,2,up_sect_thirdd_mossberg590,upgr_w_2_internal,st_upgr_w_internal,2
wpn_ithacam37,3,3,1,up_sect_thirde_mossberg590,upgr_w_2_internal,st_upgr_w_internal,2
wpn_ithacam37,3,3,2,up_sect_thirdf_mossberg590,upgr_w_2_external,st_upgr_w_external,2
wpn_ithacam37,4,1,1,up_sect_fourta_mossberg590,upgr_w_1_external,st_upgr_w_external,1
wpn_ithacam37_mag,1,1,1,up_sect_firsta_mossberg590,upgr_w_1_internal,st_upgr_w_internal,1
wpn_ithacam37_mag,1,2,1,up_sect_firstc_mossberg590,upgr_w_2_external,st_upgr_w_external,2
wpn_ithacam37_mag,1,2,2,up_sect_firstd_mossberg590,upgr_w_2_internal,st_upgr_w_internal,2
wpn_ithacam37_mag,1,3,1,up_sect_firste_mossberg590,upgr_w_2_external,st_upgr_w_external,2
wpn_ithacam37_mag,2,1,1,up_sect_secona_mossberg590,upgr_w_1_external,st_upgr_w_external,1
wpn_ithacam37_mag,2,2,1,up_sect_seconc_mossberg590,upgr_w_2_external,st_upgr_w_external,2
wpn_ithacam37_mag,2,2,2,up_sect_second_mossberg590,upgr_w_2_internal,st_upgr_w_internal,2
wpn_ithacam37_mag,2,3,1,up_sect_secone_mossberg590,upgr_w_2_internal,st_upgr_w_internal,2
wpn_ithacam37_mag,3,1,1,up_sect_thirda_mossberg590,upgr_w_1_internal,st_upgr_w_internal,1
wpn_ithacam37_mag,3,2,1,up_sect_thirdc_mossberg590,upgr_w_2_external,st_upgr_w_external,2
wpn_ithacam37_mag,3,2,2,up_sect_thirdd_mossberg590,upgr_w_2_internal,st_upgr_w_internal,2
wpn_ithacam37_mag,3,3,1,up_sect_thirde_mossberg590,upgr_w_2_internal,st_upgr_w_internal,2
wpn_ithacam37_mag,3,3,2,up_sect_thirdf_mossberg590,upgr_w_2_external,st_upgr_w_external,2
wpn_ithacam37_mag,4,1,1,up_sect_fourta_mossberg590,upgr_w_1_external,st_upgr_w_external,1
wpn_ithacam37_sawnoff,1,1,1,up_sect_firsta_mossberg590,upgr_w_1_internal,st_upgr_w_internal,1
wpn_ithacam37_sawnoff,1,2,1,up_sect_firstc_mossberg590,upgr_w_2_external,st_upgr_w_external,2
wpn_ithacam37_sawnoff,1,2,2,up_sect_firstd_mossberg590,upgr_w_2_internal,st_upgr_w_internal,2
wpn_ithacam37_sawnoff,1,3,1,up_sect_firste_mossberg590,upgr_w_2_external,st_upgr_w_external,2
wpn_ithacam37_sawnoff,2,1,1,up_sect_secona_mossberg590,upgr_w_1_external,st_upgr_w_external,1
wpn_ithacam37_sawnoff,2,2,1,up_sect_seconc_mossberg590,upgr_w_2_external,st_upgr_w_external,2
wpn_ithacam37_sawnoff,2,2,2,up_sect_second_mossberg590,upgr_w_2_internal,st_upgr_w_internal,2
wpn_ithacam37_sawnoff,2,3,1,up_sect_secone_mossberg590,upgr_w_2_internal,st_upgr_w_internal,2
wpn_ithacam37_sawnoff,3,1,1,up_sect_thirda_mossberg590,upgr_w_1_internal,st_upgr_w_internal,1
wpn_ithacam37_sawnoff,3,2,1,up_sect_thirdc_mossberg590,upgr_w_2_external,st_upgr_w_external,2
wpn_ithacam37_sawnoff,3,2,2,up_sect_thirdd_mossberg590,upgr_w_2_internal,st_upgr_w_internal,2
wpn_ithacam37_sawnoff,3,3,1,up_sect_thirde_mossberg590,upgr_w_2_internal,st_upgr_w_internal,2
wpn_ithacam37_sawnoff,3,3,2,up_sect_thirdf_mossberg590,upgr_w_2_external,st_upgr_w_external,2
wpn_ithacam37_sawnoff,4,1,1,up_sect_fourta_mossberg590,upgr_w_1_external,st_upgr_w_external,1
wpn_ithacam37_stakeout,1,1,1,up_sect_firsta_mossberg590,upgr_w_1_internal,st_upgr_w_internal,1
wpn_ithacam37_stakeout,1,2,1,up_sect_firstc_mossberg590,upgr_w_2_external,st_upgr_w_external,2
wpn_ithacam37_stakeout,1,2,2,up_sect_firstd_mossberg590,upgr_w_2_internal,st_upgr_w_internal,2
wpn_ithacam37_stakeout,1,3,1,up_sect_firste_mossberg590,upgr_w_2_external,st_upgr_w_external,2
wpn_ithacam37_stakeout,2,1,1,up_sect_secona_mossberg590,upgr_w_1_external,st_upgr_w_external,1
wpn_ithacam37_stakeout,2,2,1,up_sect_seconc_mossberg590,upgr_w_2_external,st_upgr_w_external,2
wpn_ithacam37_stakeout,2,2,2,up_sect_second_mossberg590,upgr_w_2_internal,st_upgr_w_internal,2
wpn_ithacam37_stakeout,2,3,1,up_sect_secone_mossberg590,upgr_w_2_internal,st_upgr_w_internal,2
wpn_ithacam37_stakeout,3,1,1,up_sect_thirda_mossberg590,upgr_w_1_internal,st_upgr_w_internal,1
wpn_ithacam37_stakeout,3,2,1,up_sect_thirdc_mossberg590,upgr_w_2_external,st_upgr_w_external,2
wpn_ithacam37_stakeout,3,2,2,up_sect_thirdd_mossberg590,upgr_w_2_internal,st_upgr_w_internal,2
wpn_ithacam37_stakeout,3,3,1,up_sect_thirde_mossberg590,upgr_w_2_internal,st_upgr_w_internal,2
wpn_ithacam37_stakeout,3,3,2,up_sect_thirdf_mossberg590,upgr_w_2_external,st_upgr_w_external,2
wpn_ithacam37_stakeout,4,1,1,up_sect_fourta_mossberg590,upgr_w_1_external,st_upgr_w_external,1
wpn_ithacam37_stakeout_20x70,1,1,1,up_sect_firsta_mossberg590,upgr_w_1_internal,st_upgr_w_internal,1
wpn_ithacam37_stakeout_20x70,1,2,1,up_sect_firstc_mossberg590,upgr_w_2_external,st_upgr_w_external,2
wpn_ithacam37_stakeout_20x70,1,2,2,up_sect_firstd_mossberg590,upgr_w_2_internal,st_upgr_w_internal,2
wpn_ithacam37_stakeout_20x70,1,3,1,up_sect_firste_mossberg590,upgr_w_2_external,st_upgr_w_external,2
wpn_ithacam37_stakeout_20x70,2,1,1,up_sect_secona_mossberg590,upgr_w_1_external,st_upgr_w_external,1
wpn_ithacam37_stakeout_20x70,2,2,1,up_sect_seconc_mossberg590,upgr_w_2_external,st_upgr_w_external,2
wpn_ithacam37_stakeout_20x70,2,2,2,up_sect_second_mossberg590,upgr_w_2_internal,st_upgr_w_internal,2
wpn_ithacam37_stakeout_20x70,2,3,1,up_sect_secone_mossberg590,upgr_w_2_internal,st_upgr_w_internal,2
wpn_ithacam37_stakeout_20x70,3,1,1,up_sect_thirda_mossberg590,upgr_w_1_internal,st_upgr_w_internal,1
wpn_ithacam37_stakeout_20x70,3,2,1,up_sect_thirdc_mossberg590,upgr_w_2_external,st_upgr_w_external,2
wpn_ithacam37_stakeout_20x70,3,2,2,up_sect_thirdd_mossberg590,upgr_w_2_internal,st_upgr_w_internal,2
wpn_ithacam37_stakeout_20x70,3,3,1,up_sect_thirde_mossberg590,upgr_w_2_internal,st_upgr_w_internal,2
wpn_ithacam37_stakeout_20x70,3,3,2,up_sect_thirdf_mossberg590,upgr_w_2_external,st_upgr_w_external,2
wpn_ithacam37_stakeout_20x70,4,1,1,up_sect_fourta_mossberg590,upgr_w_1_external,st_upgr_w_external,1
wpn_ithacam37_trench,1,1,1,up_sect_firsta_mossberg590,upgr_w_1_internal,st_upgr_w_internal,1
wpn_ithacam37_trench,1,2,1,up_sect_firstc_mossberg590,upgr_w_2_external,st_upgr_w_external,2
wpn_ithacam37_trench,1,2,2,up_sect_firstd_mossberg590,upgr_w_2_internal,st_upgr_w_internal,2
wpn_ithacam37_trench,1,3,1,up_sect_firste_mossberg590,upgr_w_2_external,st_upgr_w_external,2
wpn_ithacam37_trench,2,1,1,up_sect_secona_mossberg590,upgr_w_1_external,st_upgr_w_external,1
wpn_ithacam37_trench,2,2,1,up_sect_seconc_mossberg590,upgr_w_2_external,st_upgr_w_external,2
wpn_ithacam37_trench,2,2,2,up_sect_second_mossberg590,upgr_w_2_internal,st_upgr_w_internal,2
wpn_ithacam37_trench,2,3,1,up_sect_secone_mossberg590,upgr_w_2_internal,st_upgr_w_internal,2
wpn_ithacam37_trench,3,1,1,up_sect_thirda_mossberg590,upgr_w_1_internal,st_upgr_w_internal,1
wpn_ithacam37_trench,3,2,1,up_sect_thirdc_mossberg590,upgr_w_2_external,st_upgr_w_external,2
wpn_ithacam37_trench,3,2,2,up_sect_thirdd_mossberg590,upgr_w_2_internal,st_upgr_w_internal,2
wpn_ithacam37_trench,3,3,1,up_sect_thirde_mossberg590,upgr_w_2_internal,st_upgr_w_internal,2
wpn_ithacam37_trench,3,3,2,up_sect_thirdf_mossberg590,upgr_w_2_external,st_upgr_w_external,2
wpn_ithacam37_trench,4,1,1,up_sect_fourta_mossberg590,upgr_w_1_external,st_upgr_w_external,1
wpn_k98,1,1,1,up_sect_firsta_k98,upgr_w_1_internal,st_upgr_w_internal,1
wpn_k98,1,2,1,up_sect_firstc_k98,upgr_w_2_external,st_upgr_w_external,2
wpn_k98,1,2,2,up_sect_firstd_k98,upgr_w_2_external,st_upgr_w_external,2
wpn_k98,2,1,1,up_sect_secona_k98,upgr_w_1_external,st_upgr_w_external,1
wpn_k98,2,2,1,up_sect_seconc_k98,upgr_w_2_external,st_upgr_w_external,2
wpn_k98,2,3,1,up_sect_secone_k98,upgr_w_2_internal,st_upgr_w_internal,2
wpn_k98,2,3,2,up_sect_seconf_k98,upgr_w_2_external,st_upgr_w_external,2
wpn_k98,3,1,1,up_sect_thirda_k98,upgr_w_1_optical,st_upgr_w_optical,1
wpn_k98,3,2,1,up_sect_thirdc_k98,upgr_w_2_internal,st_upgr_w_internal,2
wpn_k98,3,2,2,up_sect_thirdd_k98,upgr_w_2_internal,st_upgr_w_internal,2
wpn_k98_mauser_kit,1,1,1,up_sect_firsta_sv98,upgr_w_1_external,st_upgr_w_external,1
wpn_k98_mauser_kit,1,2,1,up_sect_firstc_sv98,upgr_w_2_external,st_upgr_w_external,2
wpn_k98_mauser_kit,1,2,2,up_sect_firstd_sv98,upgr_w_2_external,st_upgr_w_external,2
wpn_k98_mauser_kit,1,3,1,up_sect_firste_sv98,upgr_w_2_external,st_upgr_w_external,2
wpn_k98_mauser_kit,1,3,2,up_sect_firstf_sv98,upgr_w_2_internal,st_upgr_w_internal,2
wpn_k98_mauser_kit,2,1,1,up_sect_secona_sv98,upgr_w_1_internal,st_upgr_w_internal,1
wpn_k98_mauser_kit,2,2,1,up_sect_seconc_sv98,upgr_w_2_internal,st_upgr_w_internal,2
wpn_k98_mauser_kit,2,2,2,up_sect_second_sv98,upgr_w_2_external,st_upgr_w_external,2
wpn_k98_mauser_kit,3,1,1,up_sect_thirda_sv98,upgr_w_1_internal,st_upgr_w_internal,1
wpn_k98_mauser_kit,3,2,1,up_sect_thirdc_sv98,upgr_w_2_external,st_upgr_w_external,2
wpn_k98_mauser_kit,3,3,1,up_sect_thirde_sv98,upgr_w_2_internal,st_upgr_w_internal,2
wpn_k98_mod,1,1,1,up_sect_firsta_sv98,upgr_w_1_external,st_upgr_w_external,1
wpn_k98_mod,1,2,1,up_sect_firstc_sv98,upgr_w_2_external,st_upgr_w_external,2
wpn_k98_mod,1,2,2,up_sect_firstd_sv98,upgr_w_2_external,st_upgr_w_external,2
wpn_k98_mod,1,3,1,up_sect_firste_sv98,upgr_w_2_external,st_upgr_w_external,2
wpn_k98_mod,1,3,2,up_sect_firstf_sv98,upgr_w_2_internal,st_upgr_w_internal,2
wpn_k98_mod,2,1,1,up_sect_secona_sv98,upgr_w_1_internal,st_upgr_w_internal,1
wpn_k98_mod,2,2,1,up_sect_seconc_sv98,upgr_w_2_internal,st_upgr_w_internal,2
wpn_k98_mod,2,2,2,up_sect_second_sv98,upgr_w_2_external,st_upgr_w_external,2
wpn_k98_mod,3,1,1,up_sect_thirda_sv98,upgr_w_1_internal,st_upgr_w_internal,1
wpn_k98_mod,3,2,1,up_sect_thirdc_sv98,upgr_w_2_external,st_upgr_w_external,2
wpn_k98_mod,3,3,1,up_sect_thirde_sv98,upgr_w_2_internal,st_upgr_w_internal,2
wpn_k98_mod_silen98,1,1,1,up_sect_firsta_sv98,upgr_w_1_external,st_upgr_w_external,1
wpn_k98_mod_silen98,1,2,1,up_sect_firstc_sv98,upgr_w_2_external,st_upgr_w_external,2
wpn_k98_mod_silen98,1,2,2,up_sect_firstd_sv98,upgr_w_2_external,st_upgr_w_external,2
wpn_k98_mod_silen98,1,3,1,up_sect_firste_sv98,upgr_w_2_external,st_upgr_w_external,2
wpn_k98_mod_silen98,1,3,2,up_sect_firstf_sv98,upgr_w_2_internal,st_upgr_w_internal,2
wpn_k98_mod_silen98,2,1,1,up_sect_secona_sv98,upgr_w_1_internal,st_upgr_w_internal,1
wpn_k98_mod_silen98,2,2,1,up_sect_seconc_sv98,upgr_w_2_internal,st_upgr_w_internal,2
wpn_k98_mod_silen98,2,2,2,up_sect_second_sv98,upgr_w_2_external,st_upgr_w_external,2
wpn_k98_mod_silen98,3,1,1,up_sect_thirda_sv98,upgr_w_1_internal,st_upgr_w_internal,1
wpn_k98_mod_silen98,3,2,1,up_sect_thirdc_sv98,upgr_w_2_external,st_upgr_w_external,2
wpn_k98_mod_silen98,3,3,1,up_sect_thirde_sv98,upgr_w_2_internal,st_upgr_w_internal,2
wpn_kiparis,1,1,1,up_sect_firsta_kiparis,upgr_w_1_internal,st_upgr_w_internal,1
wpn_kiparis,1,2,1,up_sect_firstc_kiparis,upgr_w_1_internal,st_upgr_w_internal,1
wpn_kiparis,1,2,2,up_sect_firstd_kiparis,upgr_w_1_internal,st_upgr_w_internal,1
wpn_kiparis,1,3,1,up_sect_firste_kiparis,upgr_w_2_internal,st_upgr_w_internal,2
wpn_kiparis,2,1,1,up_sect_secona_kiparis,upgr_w_1_external,st_upgr_w_external,1
wpn_kiparis,2,2,1,up_sect_seconc_kiparis,upgr_w_1_external,st_upgr_w_external,1
wpn_kiparis,2,2,2,up_sect_second_kiparis,upgr_w_1_internal,st_upgr_w_internal,1
wpn_kiparis,2,3,1,up_sect_secone_kiparis,upgr_w_2_internal,st_upgr_w_internal,2
wpn_kiparis,3,1,1,up_sect_thirda_kiparis,upgr_w_1_internal,st_upgr_w_internal,1
wpn_kiparis,3,2,1,up_sect_thirdc_kiparis,upgr_w_1_external,st_upgr_w_external,1
wpn_kiparis,3,2,2,up_sect_thirdd_kiparis,upgr_w_1_internal,st_upgr_w_internal,1
wpn_kiparis,4,1,1,up_sect_fourta_kiparis,upgr_w_1_external,st_upgr_w_external,1
wpn_kiparis,4,2,1,up_sect_fourtc_kiparis,upgr_w_1_internal,st_upgr_w_internal,1
wpn_kiparis,5,1,1,up_sect_fiftha_kiparis,upgr_w_1_external,st_upgr_w_external,1
wpn_kiparis,5,2,1,up_sect_fourta_kiparis,upgr_w_1_external,st_upgr_w_external,1
wpn_kiparis_ots2_upgr_kit,1,1,1,up_sect_firsta_kiparis,upgr_w_1_internal,st_upgr_w_internal,1
wpn_kiparis_ots2_upgr_kit,1,2,1,up_sect_firstc_kiparis,upgr_w_1_internal,st_upgr_w_internal,1
wpn_kiparis_ots2_upgr_kit,1,2,2,up_sect_firstd_kiparis,upgr_w_1_internal,st_upgr_w_internal,1
wpn_kiparis_ots2_upgr_kit,1,3,1,up_sect_firste_kiparis,upgr_w_2_internal,st_upgr_w_internal,2
wpn_kiparis_ots2_upgr_kit,2,1,1,up_sect_secona_kiparis,upgr_w_1_external,st_upgr_w_external,1
wpn_kiparis_ots2_upgr_kit,2,2,1,up_sect_seconc_kiparis,upgr_w_1_external,st_upgr_w_external,1
wpn_kiparis_ots2_upgr_kit,2,2,2,up_sect_second_kiparis,upgr_w_1_internal,st_upgr_w_internal,1
wpn_kiparis_ots2_upgr_kit,2,3,1,up_sect_secone_kiparis,upgr_w_2_internal,st_upgr_w_internal,2
wpn_kiparis_ots2_upgr_kit,3,1,1,up_sect_thirda_kiparis,upgr_w_1_internal,st_upgr_w_internal,1
wpn_kiparis_ots2_upgr_kit,3,2,1,up_sect_thirdc_kiparis,upgr_w_1_external,st_upgr_w_external,1
wpn_kiparis_ots2_upgr_kit,3,2,2,up_sect_thirdd_kiparis,upgr_w_1_internal,st_upgr_w_internal,1
wpn_kiparis_ots2_upgr_kit,4,1,1,up_sect_fourta_kiparis,upgr_w_1_external,st_upgr_w_external,1
wpn_kiparis_ots2_upgr_kit,4,2,1,up_sect_fourtc_kiparis,upgr_w_1_internal,st_upgr_w_internal,1
wpn_kiparis_ots2_upgr_kit,5,1,1,up_sect_fiftha_kiparis,upgr_w_1_external,st_upgr_w_external,1
wpn_kiparis_ots2_upgr_kit,5,2,1,up_sect_fourta_kiparis,upgr_w_1_external,st_upgr_w_external,1
wpn_korth,1,1,1,up_sect_firsta_fn57,upgr_w_1_external,st_upgr_w_external,1
wpn_korth,1,2,1,up_sect_firstc_fn57,upgr_w_1_internal,st_upgr_w_internal,1
wpn_korth,1,2,2,up_sect_firstd_fn57,upgr_w_1_external,st_upgr_w_external,1
wpn_korth,1,3,1,up_sect_firste_fn57,upgr_w_2_internal,st_upgr_w_internal,2
wpn_korth,2,1,1,up_sect_secona_fn57,upgr_w_1_external,st_upgr_w_external,1
wpn_korth,2,2,1,up_sect_seconc_fn57,upgr_w_1_internal,st_upgr_w_internal,1
wpn_korth,2,3,1,up_sect_secone_fn57,upgr_w_2_internal,st_upgr_w_internal,2
wpn_korth,2,3,2,up_sect_seconf_fn57,upgr_w_2_external,st_upgr_w_external,2
wpn_korth,3,1,1,up_sect_thirda_fn57,upgr_w_1_internal,st_upgr_w_internal,1
wpn_korth,3,2,1,up_sect_thirdc_fn57,upgr_w_1_external,st_upgr_w_external,1
wpn_korth,3,2,2,up_sect_thirdd_fn57,upgr_w_1_internal,st_upgr_w_internal,1
wpn_korth,4,1,1,up_sect_fourta_fn57,upgr_w_1_external,st_upgr_w_external,1
wpn_korth,4,2,1,up_sect_fourtc_fn57,upgr_w_1_internal,st_upgr_w_internal,1
wpn_korth,5,1,1,up_sect_fiftha_fn57,upgr_w_1_internal,st_upgr_w_internal,1
wpn_korth_custom,1,1,1,up_sect_firsta_fn57,upgr_w_1_external,st_upgr_w_external,1
wpn_korth_custom,1,2,1,up_sect_firstc_fn57,upgr_w_1_internal,st_upgr_w_internal,1
wpn_korth_custom,1,2,2,up_sect_firstd_fn57,upgr_w_1_external,st_upgr_w_external,1
wpn_korth_custom,1,3,1,up_sect_firste_fn57,upgr_w_2_internal,st_upgr_w_internal,2
wpn_korth_custom,2,1,1,up_sect_secona_fn57,upgr_w_1_external,st_upgr_w_external,1
wpn_korth_custom,2,2,1,up_sect_seconc_fn57,upgr_w_1_internal,st_upgr_w_internal,1
wpn_korth_custom,2,3,1,up_sect_secone_fn57,upgr_w_2_internal,st_upgr_w_internal,2
wpn_korth_custom,2,3,2,up_sect_seconf_fn57,upgr_w_2_external,st_upgr_w_external,2
wpn_korth_custom,3,1,1,up_sect_thirda_fn57,upgr_w_1_internal,st_upgr_w_internal,1
wpn_korth_custom,3,2,1,up_sect_thirdc_fn57,upgr_w_1_external,st_upgr_w_external,1
wpn_korth_custom,3,2,2,up_sect_thirdd_fn57,upgr_w_1_internal,st_upgr_w_internal,1
wpn_korth_custom,4,1,1,up_sect_fourta_fn57,upgr_w_1_external,st_upgr_w_external,1
wpn_korth_custom,4,2,1,up_sect_fourtc_fn57,upgr_w_1_internal,st_upgr_w_internal,1
wpn_korth_custom,5,1,1,up_sect_fiftha_fn57,upgr_w_1_internal,st_upgr_w_internal,1
wpn_kriss_vector,1,1,1,up_sect_firsta_vector,upgr_w_2_internal,st_upgr_w_internal,2
wpn_kriss_vector,1,2,1,up_sect_firstc_vector,upgr_w_3_internal,st_upgr_w_internal,3
wpn_kriss_vector,1,2,2,up_sect_firstd_vector,upgr_w_3_internal,st_upgr_w_internal,3
wpn_kriss_vector,1,3,1,up_sect_firste_vector,upgr_w_3_internal,st_upgr_w_internal,3
wpn_kriss_vector,2,1,1,up_sect_secona_vector,upgr_w_2_external,st_upgr_w_external,2
wpn_kriss_vector,2,2,1,up_sect_seconc_vector,upgr_w_3_external,st_upgr_w_external,3
wpn_kriss_vector,2,2,2,up_sect_second_vector,upgr_w_3_internal,st_upgr_w_internal,3
wpn_kriss_vector,2,3,1,up_sect_secone_vector,upgr_w_3_internal,st_upgr_w_internal,3
wpn_kriss_vector,3,1,1,up_sect_thirda_vector,upgr_w_2_internal,st_upgr_w_internal,2
wpn_kriss_vector,3,2,1,up_sect_thirdc_vector,upgr_w_3_external,st_upgr_w_external,3
wpn_kriss_vector,3,2,2,up_sect_thirdd_vector,upgr_w_3_internal,st_upgr_w_internal,3
wpn_kriss_vector,4,1,1,up_sect_fourta_vector,upgr_w_2_external,st_upgr_w_external,2
wpn_kriss_vector,4,2,1,up_sect_fourtc_vector,upgr_w_3_internal,st_upgr_w_internal,3
wpn_kriss_vector,5,1,1,up_sect_fiftha_vector,upgr_w_2_external,st_upgr_w_external,2
wpn_kriss_vector,5,2,1,up_sect_fifthc_kiparis,upgr_w_3_internal,st_upgr_w_internal,3
wpn_ks23,1,1,1,up_sect_firsta_mp133,upgr_w_1_internal,st_upgr_w_internal,1
wpn_ks23,1,2,1,up_sect_firstc_mp133,upgr_w_2_external,st_upgr_w_external,2
wpn_ks23,1,2,2,up_sect_firstd_mp133,upgr_w_2_internal,st_upgr_w_internal,2
wpn_ks23,1,3,1,up_sect_firste_mp133,upgr_w_3_external,st_upgr_w_external,3
wpn_ks23,2,1,1,up_sect_secona_mp133,upgr_w_1_external,st_upgr_w_external,1
wpn_ks23,2,2,1,up_sect_seconc_mp133,upgr_w_2_external,st_upgr_w_external,2
wpn_ks23,2,2,2,up_sect_second_mp133,upgr_w_2_internal,st_upgr_w_internal,2
wpn_ks23,2,3,1,up_sect_secone_mp133,upgr_w_3_external,st_upgr_w_external,3
wpn_ks23,3,1,1,up_sect_thirda_mp133,upgr_w_1_internal,st_upgr_w_internal,1
wpn_ks23,3,2,1,up_sect_thirdc_mp133,upgr_w_2_external,st_upgr_w_external,2
wpn_ks23,3,2,2,up_sect_thirdd_mp133,upgr_w_2_internal,st_upgr_w_internal,2
wpn_ks23,3,3,1,up_sect_thirde_mp133,upgr_w_3_internal,st_upgr_w_internal,3
wpn_ks23,3,3,2,up_sect_thirdf_mp133,upgr_w_3_internal,st_upgr_w_internal,3
wpn_ks23,4,1,1,up_sect_fourta_mp133,upgr_w_1_external,st_upgr_w_external,1
wpn_ks23_23_up,1,1,1,up_sect_firsta_mp133,upgr_w_1_internal,st_upgr_w_internal,1
wpn_ks23_23_up,1,2,1,up_sect_firstc_mp133,upgr_w_2_external,st_upgr_w_external,2
wpn_ks23_23_up,1,2,2,up_sect_firstd_mp133,upgr_w_2_internal,st_upgr_w_internal,2
wpn_ks23_23_up,1,3,1,up_sect_firste_mp133,upgr_w_3_external,st_upgr_w_external,3
wpn_ks23_23_up,2,1,1,up_sect_secona_mp133,upgr_w_1_external,st_upgr_w_external,1
wpn_ks23_23_up,2,2,1,up_sect_seconc_mp133,upgr_w_2_external,st_upgr_w_external,2
wpn_ks23_23_up,2,2,2,up_sect_second_mp133,upgr_w_2_internal,st_upgr_w_internal,2
wpn_ks23_23_up,2,3,1,up_sect_secone_mp133,upgr_w_3_external,st_upgr_w_external,3
wpn_ks23_23_up,3,1,1,up_sect_thirda_mp133,upgr_w_1_internal,st_upgr_w_internal,1
wpn_ks23_23_up,3,2,1,up_sect_thirdc_mp133,upgr_w_2_external,st_upgr_w_external,2
wpn_ks23_23_up,3,2,2,up_sect_thirdd_mp133,upgr_w_2_internal,st_upgr_w_internal,2
wpn_ks23_23_up,3,3,1,up_sect_thirde_mp133,upgr_w_3_internal,st_upgr_w_internal,3
wpn_ks23_23_up,3,3,2,up_sect_thirdf_mp133,upgr_w_3_internal,st_upgr_w_internal,3
wpn_ks23_23_up,4,1,1,up_sect_fourta_mp133,upgr_w_1_external,st_upgr_w_external,1
wpn_ks23_ecolog,1,1,1,up_sect_firsta_mp133,upgr_w_1_internal,st_upgr_w_internal,1
wpn_ks23_ecolog,1,2,1,up_sect_firstc_mp133,upgr_w_2_external,st_upgr_w_external,2
wpn_ks23_ecolog,1,2,2,up_sect_firstd_mp133,upgr_w_2_internal,st_upgr_w_internal,2
wpn_ks23_ecolog,1,3,1,up_sect_firste_mp133,upgr_w_2_external,st_upgr_w_external,2
wpn_ks23_ecolog,2,1,1,up_sect_secona_mp133,upgr_w_1_external,st_upgr_w_external,1
wpn_ks23_ecolog,2,2,1,up_sect_seconc_mp133,upgr_w_2_external,st_upgr_w_external,2
wpn_ks23_ecolog,2,2,2,up_sect_second_mp133,upgr_w_2_internal,st_upgr_w_internal,2
wpn_ks23_ecolog,2,3,1,up_sect_secone_mp133,upgr_w_2_external,st_upgr_w_external,2
wpn_ks23_ecolog,3,1,1,up_sect_thirda_mp133,upgr_w_1_internal,st_upgr_w_internal,1
wpn_ks23_ecolog,3,2,1,up_sect_thirdc_mp133,upgr_w_2_external,st_upgr_w_external,2
wpn_ks23_ecolog,3,2,2,up_sect_thirdd_mp133,upgr_w_2_internal,st_upgr_w_internal,2
wpn_ks23_ecolog,3,3,1,up_sect_thirde_mp133,upgr_w_2_internal,st_upgr_w_internal,2
wpn_ks23_ecolog,3,3,2,up_sect_thirdf_mp133,upgr_w_2_internal,st_upgr_w_internal,2
wpn_ks23_ecolog,4,1,1,up_sect_fourta_mp133,upgr_w_1_external,st_upgr_w_external,1
wpn_ks23_kaban,1,1,1,up_sect_firsta_mp133,upgr_w_1_internal,st_upgr_w_internal,1
wpn_ks23_kaban,1,2,1,up_sect_firstc_mp133,upgr_w_2_external,st_upgr_w_external,2
wpn_ks23_kaban,1,2,2,up_sect_firstd_mp133,upgr_w_2_internal,st_upgr_w_internal,2
wpn_ks23_kaban,1,3,1,up_sect_firste_mp133,upgr_w_3_external,st_upgr_w_external,3
wpn_ks23_kaban,2,1,1,up_sect_secona_mp133,upgr_w_1_external,st_upgr_w_external,1
wpn_ks23_kaban,2,2,1,up_sect_seconc_mp133,upgr_w_2_external,st_upgr_w_external,2
wpn_ks23_kaban,2,2,2,up_sect_second_mp133,upgr_w_2_internal,st_upgr_w_internal,2
wpn_ks23_kaban,2,3,1,up_sect_secone_mp133,upgr_w_3_external,st_upgr_w_external,3
wpn_ks23_kaban,3,1,1,up_sect_thirda_mp133,upgr_w_1_internal,st_upgr_w_internal,1
wpn_ks23_kaban,3,2,1,up_sect_thirdc_mp133,upgr_w_2_external,st_upgr_w_external,2
wpn_ks23_kaban,3,2,2,up_sect_thirdd_mp133,upgr_w_2_internal,st_upgr_w_internal,2
wpn_ks23_kaban,3,3,1,up_sect_thirde_mp133,upgr_w_3_internal,st_upgr_w_internal,3
wpn_ks23_kaban,3,3,2,up_sect_thirdf_mp133,upgr_w_3_internal,st_upgr_w_internal,3
wpn_ks23_kaban,4,1,1,up_sect_fourta_mp133,upgr_w_1_external,st_upgr_w_external,1
wpn_ks23_kaban_kab_up,1,1,1,up_sect_firsta_mp133,upgr_w_1_internal,st_upgr_w_internal,1
wpn_ks23_kaban_kab_up,1,2,1,up_sect_firstc_mp133,upgr_w_2_external,st_upgr_w_external,2
wpn_ks23_kaban_kab_up,1,2,2,up_sect_firstd_mp133,upgr_w_2_internal,st_upgr_w_internal,2
wpn_ks23_kaban_kab_up,1,3,1,up_sect_firste_mp133,upgr_w_3_external,st_upgr_w_external,3
wpn_ks23_kaban_kab_up,2,1,1,up_sect_secona_mp133,upgr_w_1_external,st_upgr_w_external,1
wpn_ks23_kaban_kab_up,2,2,1,up_sect_seconc_mp133,upgr_w_2_external,st_upgr_w_external,2
wpn_ks23_kaban_kab_up,2,2,2,up_sect_second_mp133,upgr_w_2_internal,st_upgr_w_internal,2
wpn_ks23_kaban_kab_up,2,3,1,up_sect_secone_mp133,upgr_w_3_external,st_upgr_w_external,3
wpn_ks23_kaban_kab_up,3,1,1,up_sect_thirda_mp133,upgr_w_1_internal,st_upgr_w_internal,1
wpn_ks23_kaban_kab_up,3,2,1,up_sect_thirdc_mp133,upgr_w_2_external,st_upgr_w_external,2
wpn_ks23_kaban_kab_up,3,2,2,up_sect_thirdd_mp133,upgr_w_2_internal,st_upgr_w_internal,2
wpn_ks23_kaban_kab_up,3,3,1,up_sect_thirde_mp133,upgr_w_3_internal,st_upgr_w_internal,3
wpn_ks23_kaban_kab_up,3,3,2,up_sect_thirdf_mp133,upgr_w_3_internal,st_upgr_w_internal,3
wpn_ks23_kaban_kab_up,4,1,1,up_sect_fourta_mp133,upgr_w_1_external,st_upgr_w_external,1
wpn_ks23_vorkuta,1,1,1,up_sect_firsta_mp133,upgr_w_1_internal,st_upgr_w_internal,1
wpn_ks23_vorkuta,1,2,1,up_sect_firstc_mp133,upgr_w_2_external,st_upgr_w_external,2
wpn_ks23_vorkuta,1,2,2,up_sect_firstd_mp133,upgr_w_2_internal,st_upgr_w_internal,2
wpn_ks23_vorkuta,1,3,1,up_sect_firste_mp133,upgr_w_3_external,st_upgr_w_external,3
wpn_ks23_vorkuta,2,1,1,up_sect_secona_mp133,upgr_w_1_external,st_upgr_w_external,1
wpn_ks23_vorkuta,2,2,1,up_sect_seconc_mp133,upgr_w_2_external,st_upgr_w_external,2
wpn_ks23_vorkuta,2,2,2,up_sect_second_mp133,upgr_w_2_internal,st_upgr_w_internal,2
wpn_ks23_vorkuta,2,3,1,up_sect_secone_mp133,upgr_w_3_external,st_upgr_w_external,3
wpn_ks23_vorkuta,3,1,1,up_sect_thirda_mp133,upgr_w_1_internal,st_upgr_w_internal,1
wpn_ks23_vorkuta,3,2,1,up_sect_thirdc_mp133,upgr_w_2_external,st_upgr_w_external,2
wpn_ks23_vorkuta,3,2,2,up_sect_thirdd_mp133,upgr_w_2_internal,st_upgr_w_internal,2
wpn_ks23_vorkuta,3,3,1,up_sect_thirde_mp133,upgr_w_3_internal,st_upgr_w_internal,3
wpn_ks23_vorkuta,3,3,2,up_sect_thirdf_mp133,upgr_w_3_internal,st_upgr_w_internal,3
wpn_ks23_vorkuta,4,1,1,up_sect_fourta_mp133,upgr_w_1_external,st_upgr_w_external,1
wpn_ksg23,1,1,1,up_sect_firsta_mossberg590,upgr_w_2_internal,st_upgr_w_internal,2
wpn_ksg23,1,2,1,up_sect_firstc_mossberg590,upgr_w_3_external,st_upgr_w_external,3
wpn_ksg23,1,2,2,up_sect_firstd_mossberg590,upgr_w_3_internal,st_upgr_w_internal,3
wpn_ksg23,1,3,1,up_sect_firste_mossberg590,upgr_w_3_external,st_upgr_w_external,3
wpn_ksg23,2,1,1,up_sect_secona_mossberg590,upgr_w_2_external,st_upgr_w_external,2
wpn_ksg23,2,2,1,up_sect_seconc_mossberg590,upgr_w_3_external,st_upgr_w_external,3
wpn_ksg23,2,2,2,up_sect_second_mossberg590,upgr_w_3_internal,st_upgr_w_internal,3
wpn_ksg23,2,3,1,up_sect_secone_mossberg590,upgr_w_3_internal,st_upgr_w_internal,3
wpn_ksg23,3,1,1,up_sect_thirda_mossberg590,upgr_w_2_internal,st_upgr_w_internal,2
wpn_ksg23,3,2,1,up_sect_thirdc_mossberg590,upgr_w_3_external,st_upgr_w_external,3
wpn_ksg23,3,2,2,up_sect_thirdd_mossberg590,upgr_w_3_internal,st_upgr_w_internal,3
wpn_ksg23,3,3,1,up_sect_thirde_mossberg590,upgr_w_3_internal,st_upgr_w_internal,3
wpn_ksg23,3,3,2,up_sect_thirdf_mossberg590,upgr_w_3_external,st_upgr_w_external,3
wpn_ksg23,4,1,1,up_sect_fourta_mossberg590,upgr_w_2_external,st_upgr_w_external,2
wpn_l85,1,1,1,up_sect_firsta_g36,upgr_w_1_internal,st_upgr_w_internal,1
wpn_l85,1,2,1,up_sect_firstc_g36,upgr_w_2_external,st_upgr_w_external,2
wpn_l85,1,3,1,up_sect_firste_g36,upgr_w_3_external,st_upgr_w_external,3
wpn_l85,1,3,2,up_sect_firstf_g36,upgr_w_3_external,st_upgr_w_external,3
wpn_l85,2,1,1,up_sect_secona_g36,upgr_w_1_internal,st_upgr_w_internal,1
wpn_l85,2,2,1,up_sect_seconc_g36,upgr_w_2_external,st_upgr_w_external,2
wpn_l85,2,2,2,up_sect_second_g36,upgr_w_2_internal,st_upgr_w_internal,2
wpn_l85,2,3,1,up_sect_secone_g36,upgr_w_3_external,st_upgr_w_external,3
wpn_l85,3,1,1,up_sect_thirda_g36,upgr_w_1_external,st_upgr_w_external,1
wpn_l85,3,2,1,up_sect_thirdc_g36,upgr_w_2_internal,st_upgr_w_internal,2
wpn_l85,3,3,1,up_sect_thirde_g36,upgr_w_3_external,st_upgr_w_external,3
wpn_l85,3,3,2,up_sect_thirdf_g36,upgr_w_3_external,st_upgr_w_external,3
wpn_l85,4,1,1,up_sect_fourta_g36,upgr_w_1_internal,st_upgr_w_internal,1
wpn_l85,4,2,1,up_sect_fourtc_g36,upgr_w_2_external,st_upgr_w_external,2
wpn_l85,4,3,1,up_sect_fourte_g36,upgr_w_3_internal,st_upgr_w_internal,3
wpn_l85,4,3,2,up_sect_fourtf_g36,upgr_w_3_external,st_upgr_w_external,3
wpn_l85_m1,1,1,1,up_sect_firsta_g36,upgr_w_1_internal,st_upgr_w_internal,1
wpn_l85_m1,1,2,1,up_sect_firstc_g36,upgr_w_2_external,st_upgr_w_external,2
wpn_l85_m1,1,3,1,up_sect_firste_g36,upgr_w_3_external,st_upgr_w_external,3
wpn_l85_m1,1,3,2,up_sect_firstf_g36,upgr_w_3_external,st_upgr_w_external,3
wpn_l85_m1,2,1,1,up_sect_secona_g36,upgr_w_1_internal,st_upgr_w_internal,1
wpn_l85_m1,2,2,1,up_sect_seconc_g36,upgr_w_2_external,st_upgr_w_external,2
wpn_l85_m1,2,2,2,up_sect_second_g36,upgr_w_2_internal,st_upgr_w_internal,2
wpn_l85_m1,2,3,1,up_sect_secone_g36,upgr_w_3_external,st_upgr_w_external,3
wpn_l85_m1,3,1,1,up_sect_thirda_g36,upgr_w_1_external,st_upgr_w_external,1
wpn_l85_m1,3,2,1,up_sect_thirdc_g36,upgr_w_2_internal,st_upgr_w_internal,2
wpn_l85_m1,3,3,1,up_sect_thirde_g36,upgr_w_3_external,st_upgr_w_external,3
wpn_l85_m1,3,3,2,up_sect_thirdf_g36,upgr_w_3_external,st_upgr_w_external,3
wpn_l85_m1,4,1,1,up_sect_fourta_g36,upgr_w_1_internal,st_upgr_w_internal,1
wpn_l85_m1,4,2,1,up_sect_fourtc_g36,upgr_w_2_external,st_upgr_w_external,2
wpn_l85_m1,4,3,1,up_sect_fourte_g36,upgr_w_3_internal,st_upgr_w_internal,3
wpn_l85_m1,4,3,2,up_sect_fourtf_g36,upgr_w_3_external,st_upgr_w_external,3
wpn_l85_m2,1,1,1,up_sect_firsta_g36,upgr_w_1_internal,st_upgr_w_internal,1
wpn_l85_m2,1,2,1,up_sect_firstc_g36,upgr_w_2_external,st_upgr_w_external,2
wpn_l85_m2,1,3,1,up_sect_firste_g36,upgr_w_3_external,st_upgr_w_external,3
wpn_l85_m2,1,3,2,up_sect_firstf_g36,upgr_w_3_external,st_upgr_w_external,3
wpn_l85_m2,2,1,1,up_sect_secona_g36,upgr_w_1_internal,st_upgr_w_internal,1
wpn_l85_m2,2,2,1,up_sect_seconc_g36,upgr_w_2_external,st_upgr_w_external,2
wpn_l85_m2,2,2,2,up_sect_second_g36,upgr_w_2_internal,st_upgr_w_internal,2
wpn_l85_m2,2,3,1,up_sect_secone_g36,upgr_w_3_external,st_upgr_w_external,3
wpn_l85_m2,3,1,1,up_sect_thirda_g36,upgr_w_1_external,st_upgr_w_external,1
wpn_l85_m2,3,2,1,up_sect_thirdc_g36,upgr_w_2_internal,st_upgr_w_internal,2
wpn_l85_m2,3,3,1,up_sect_thirde_g36,upgr_w_3_external,st_upgr_w_external,3
wpn_l85_m2,3,3,2,up_sect_thirdf_g36,upgr_w_3_external,st_upgr_w_external,3
wpn_l85_m2,4,1,1,up_sect_fourta_g36,upgr_w_1_internal,st_upgr_w_internal,1
wpn_l85_m2,4,2,1,up_sect_fourtc_g36,upgr_w_2_external,st_upgr_w_external,2
wpn_l85_m2,4,3,1,up_sect_fourte_g36,upgr_w_3_internal,st_upgr_w_internal,3
wpn_l85_m2,4,3,2,up_sect_fourtf_g36,upgr_w_3_external,st_upgr_w_external,3
wpn_l85_m3,1,1,1,up_sect_firsta_g36,upgr_w_1_internal,st_upgr_w_internal,1
wpn_l85_m3,1,2,1,up_sect_firstc_g36,upgr_w_2_external,st_upgr_w_external,2
wpn_l85_m3,1,3,1,up_sect_firste_g36,upgr_w_3_external,st_upgr_w_external,3
wpn_l85_m3,1,3,2,up_sect_firstf_g36,upgr_w_3_external,st_upgr_w_external,3
wpn_l85_m3,2,1,1,up_sect_secona_g36,upgr_w_1_internal,st_upgr_w_internal,1
wpn_l85_m3,2,2,1,up_sect_seconc_g36,upgr_w_2_external,st_upgr_w_external,2
wpn_l85_m3,2,2,2,up_sect_second_g36,upgr_w_2_internal,st_upgr_w_internal,2
wpn_l85_m3,2,3,1,up_sect_secone_g36,upgr_w_3_external,st_upgr_w_external,3
wpn_l85_m3,3,1,1,up_sect_thirda_g36,upgr_w_1_external,st_upgr_w_external,1
wpn_l85_m3,3,2,1,up_sect_thirdc_g36,upgr_w_2_internal,st_upgr_w_internal,2
wpn_l85_m3,3,3,1,up_sect_thirde_g36,upgr_w_3_external,st_upgr_w_external,3
wpn_l85_m3,3,3,2,up_sect_thirdf_g36,upgr_w_3_external,st_upgr_w_external,3
wpn_l85_m3,4,1,1,up_sect_fourta_g36,upgr_w_1_internal,st_upgr_w_internal,1
wpn_l85_m3,4,2,1,up_sect_fourtc_g36,upgr_w_2_external,st_upgr_w_external,2
wpn_l85_m3,4,3,1,up_sect_fourte_g36,upgr_w_3_internal,st_upgr_w_internal,3
wpn_l85_m3,4,3,2,up_sect_fourtf_g36,upgr_w_3_external,st_upgr_w_external,3
wpn_l85_modern,1,1,1,up_sect_firsta_g36,upgr_w_1_internal,st_upgr_w_internal,1
wpn_l85_modern,1,2,1,up_sect_firstc_g36,upgr_w_2_external,st_upgr_w_external,2
wpn_l85_modern,1,3,1,up_sect_firste_g36,upgr_w_3_external,st_upgr_w_external,3
wpn_l85_modern,1,3,2,up_sect_firstf_g36,upgr_w_3_external,st_upgr_w_external,3
wpn_l85_modern,2,1,1,up_sect_secona_g36,upgr_w_1_internal,st_upgr_w_internal,1
wpn_l85_modern,2,2,1,up_sect_seconc_g36,upgr_w_2_external,st_upgr_w_external,2
wpn_l85_modern,2,2,2,up_sect_second_g36,upgr_w_2_internal,st_upgr_w_internal,2
wpn_l85_modern,2,3,1,up_sect_secone_g36,upgr_w_3_external,st_upgr_w_external,3
wpn_l85_modern,3,1,1,up_sect_thirda_g36,upgr_w_1_external,st_upgr_w_external,1
wpn_l85_modern,3,2,1,up_sect_thirdc_g36,upgr_w_2_internal,st_upgr_w_internal,2
wpn_l85_modern,3,3,1,up_sect_thirde_g36,upgr_w_3_external,st_upgr_w_external,3
wpn_l85_modern,3,3,2,up_sect_thirdf_g36,upgr_w_3_external,st_upgr_w_external,3
wpn_l85_modern,4,1,1,up_sect_fourta_g36,upgr_w_1_internal,st_upgr_w_internal,1
wpn_l85_modern,4,2,1,up_sect_fourtc_g36,upgr_w_2_external,st_upgr_w_external,2
wpn_l85_modern,4,3,1,up_sect_fourte_g36,upgr_w_3_internal,st_upgr_w_internal,3
wpn_l85_modern,4,3,2,up_sect_fourtf_g36,upgr_w_3_external,st_upgr_w_external,3
wpn_l96a1,1,1,1,up_sect_firsta_l96a1,upgr_w_1_external,st_upgr_w_external,1
wpn_l96a1,1,2,1,up_sect_firstc_l96a1,upgr_w_2_external,st_upgr_w_external,2
wpn_l96a1,1,2,2,up_sect_firstd_l96a1,upgr_w_2_external,st_upgr_w_external,2
wpn_l96a1,1,3,1,up_sect_firste_l96a1,upgr_w_3_external,st_upgr_w_external,3
wpn_l96a1,1,3,2,up_sect_firstf_l96a1,upgr_w_3_internal,st_upgr_w_internal,3
wpn_l96a1,2,1,1,up_sect_secona_l96a1,upgr_w_1_internal,st_upgr_w_internal,1
wpn_l96a1,2,2,1,up_sect_seconc_l96a1,upgr_w_2_internal,st_upgr_w_internal,2
wpn_l96a1,2,2,2,up_sect_second_l96a1,upgr_w_2_external,st_upgr_w_external,2
wpn_l96a1,3,1,1,up_sect_thirda_l96a1,upgr_w_1_internal,st_upgr_w_internal,1
wpn_l96a1,3,2,1,up_sect_thirdc_l96a1,upgr_w_2_external,st_upgr_w_external,2
wpn_l96a1,3,3,1,up_sect_thirde_l96a1,upgr_w_3_internal,st_upgr_w_internal,3
wpn_l96a1,4,1,1,up_sect_fourta_l96a1,upgr_w_1_optical,st_upgr_w_optical,1
wpn_l96a1,4,2,1,up_sect_fourtc_l96a1,upgr_w_2_optical,st_upgr_w_optical,2
wpn_l96a1,4,3,1,up_sect_fourte_l96a1,upgr_w_3_optical,st_upgr_w_optical,3
wpn_l96a1,4,3,2,up_sect_fourtf_l96a1,upgr_w_3_optical,st_upgr_w_optical,3
wpn_l96a1m,1,1,1,up_sect_firsta_l96a1,upgr_w_2_external,st_upgr_w_external,2
wpn_l96a1m,1,2,1,up_sect_firstc_l96a1,upgr_w_3_external,st_upgr_w_external,3
wpn_l96a1m,1,2,2,up_sect_firstd_l96a1,upgr_w_3_external,st_upgr_w_external,3
wpn_l96a1m,1,3,1,up_sect_firste_l96a1,upgr_w_3_external,st_upgr_w_external,3
wpn_l96a1m,1,3,2,up_sect_firstf_l96a1,upgr_w_3_internal,st_upgr_w_internal,3
wpn_l96a1m,2,1,1,up_sect_secona_l96a1,upgr_w_2_internal,st_upgr_w_internal,2
wpn_l96a1m,2,2,1,up_sect_seconc_l96a1,upgr_w_3_internal,st_upgr_w_internal,3
wpn_l96a1m,2,2,2,up_sect_second_l96a1,upgr_w_3_external,st_upgr_w_external,3
wpn_l96a1m,3,1,1,up_sect_thirda_l96a1,upgr_w_2_internal,st_upgr_w_internal,2
wpn_l96a1m,3,2,1,up_sect_thirdc_l96a1,upgr_w_3_external,st_upgr_w_external,3
wpn_l96a1m,3,3,1,up_sect_thirde_l96a1m,upgr_w_3_internal,st_upgr_w_internal,3
wpn_l96a1m,4,1,1,up_sect_fourta_l96a1,upgr_w_2_optical,st_upgr_w_optical,2
wpn_l96a1m,4,2,1,up_sect_fourtc_l96a1,upgr_w_3_optical,st_upgr_w_optical,3
wpn_l96a1m,4,3,1,up_sect_fourte_l96a1,upgr_w_3_optical,st_upgr_w_optical,3
wpn_l96a1m,4,3,2,up_sect_fourtf_l96a1,upgr_w_3_optical,st_upgr_w_optical,3
wpn_lr300,1,1,1,up_sect_firsta_g36,upgr_w_1_internal,st_upgr_w_internal,1
wpn_lr300,1,2,1,up_sect_firstc_g36,upgr_w_2_external,st_upgr_w_external,2
wpn_lr300,1,3,1,up_sect_firste_g36,upgr_w_3_external,st_upgr_w_external,3
wpn_lr300,1,3,2,up_sect_firstf_g36,upgr_w_3_external,st_upgr_w_external,3
wpn_lr300,2,1,1,up_sect_secona_g36,upgr_w_1_internal,st_upgr_w_internal,1
wpn_lr300,2,2,1,up_sect_seconc_g36,upgr_w_2_external,st_upgr_w_external,2
wpn_lr300,2,2,2,up_sect_second_g36,upgr_w_2_internal,st_upgr_w_internal,2
wpn_lr300,2,3,1,up_sect_secone_g36,upgr_w_3_external,st_upgr_w_external,3
wpn_lr300,3,1,1,up_sect_thirda_g36,upgr_w_1_external,st_upgr_w_external,1
wpn_lr300,3,2,1,up_sect_thirdc_g36,upgr_w_2_internal,st_upgr_w_internal,2
wpn_lr300,3,3,1,up_sect_thirde_g36,upgr_w_3_external,st_upgr_w_external,3
wpn_lr300,3,3,2,up_sect_thirdf_g36,upgr_w_3_external,st_upgr_w_external,3
wpn_lr300,4,1,1,up_sect_fourta_g36,upgr_w_1_internal,st_upgr_w_internal,1
wpn_lr300,4,2,1,up_sect_fourtc_g36,upgr_w_2_external,st_upgr_w_external,2
wpn_lr300,4,3,1,up_sect_fourte_g36,upgr_w_3_internal,st_upgr_w_internal,3
wpn_lr300,4,3,2,up_sect_fourtf_g36,upgr_w_3_external,st_upgr_w_external,3
wpn_lr300_camo,1,1,1,up_sect_firsta_g36,upgr_w_1_internal,st_upgr_w_internal,1
wpn_lr300_camo,1,2,1,up_sect_firstc_g36,upgr_w_2_external,st_upgr_w_external,2
wpn_lr300_camo,1,3,1,up_sect_firste_g36,upgr_w_3_external,st_upgr_w_external,3
wpn_lr300_camo,1,3,2,up_sect_firstf_g36,upgr_w_3_external,st_upgr_w_external,3
wpn_lr300_camo,2,1,1,up_sect_secona_g36,upgr_w_1_internal,st_upgr_w_internal,1
wpn_lr300_camo,2,2,1,up_sect_seconc_g36,upgr_w_2_external,st_upgr_w_external,2
wpn_lr300_camo,2,2,2,up_sect_second_g36,upgr_w_2_internal,st_upgr_w_internal,2
wpn_lr300_camo,2,3,1,up_sect_secone_g36,upgr_w_3_external,st_upgr_w_external,3
wpn_lr300_camo,3,1,1,up_sect_thirda_g36,upgr_w_1_external,st_upgr_w_external,1
wpn_lr300_camo,3,2,1,up_sect_thirdc_g36,upgr_w_2_internal,st_upgr_w_internal,2
wpn_lr300_camo,3,3,1,up_sect_thirde_g36,upgr_w_3_external,st_upgr_w_external,3
wpn_lr300_camo,3,3,2,up_sect_thirdf_g36,upgr_w_3_external,st_upgr_w_external,3
wpn_lr300_camo,4,1,1,up_sect_fourta_g36,upgr_w_1_internal,st_upgr_w_internal,1
wpn_lr300_camo,4,2,1,up_sect_fourtc_g36,upgr_w_2_external,st_upgr_w_external,2
wpn_lr300_camo,4,3,1,up_sect_fourte_g36,upgr_w_3_internal,st_upgr_w_internal,3
wpn_lr300_camo,4,3,2,up_sect_fourtf_g36,upgr_w_3_external,st_upgr_w_external,3
wpn_m16,1,1,1,up_sect_firsta_m4,upgr_w_1_internal,st_upgr_w_internal,1
wpn_m16,1,2,1,up_sect_firstc_m4,upgr_w_2_external,st_upgr_w_external,2
wpn_m16,1,2,2,up_sect_firstd_m4,upgr_w_2_internal,st_upgr_w_internal,2
wpn_m16,1,3,1,up_sect_firste_m4,upgr_w_3_internal,st_upgr_w_internal,3
wpn_m16,2,1,1,up_sect_secona_m4,upgr_w_1_internal,st_upgr_w_internal,1
wpn_m16,2,2,1,up_sect_seconc_m4,upgr_w_2_internal,st_upgr_w_internal,2
wpn_m16,2,3,1,up_sect_secone_m4,upgr_w_3_internal,st_upgr_w_internal,3
wpn_m16,2,3,2,up_sect_seconf_m4,upgr_w_3_external,st_upgr_w_external,3
wpn_m16,3,1,1,up_sect_thirda_m4,upgr_w_1_external,st_upgr_w_external,1
wpn_m16,3,2,1,up_sect_thirdc_m4,upgr_w_2_external,st_upgr_w_external,2
wpn_m16,3,2,2,up_sect_thirdd_m4,upgr_w_2_internal,st_upgr_w_internal,2
wpn_m16,3,3,1,up_sect_thirde_m4,upgr_w_3_internal,st_upgr_w_internal,3
wpn_m16,4,1,1,up_sect_fourta_m4,upgr_w_1_external,st_upgr_w_external,1
wpn_m16,4,2,1,up_sect_fourtc_m4,upgr_w_2_external,st_upgr_w_external,2
wpn_m16,4,3,1,up_sect_fourte_m4,upgr_w_3_external,st_upgr_w_external,3
wpn_m16,4,3,2,up_sect_fourtf_m4,upgr_w_3_external,st_upgr_w_external,3
wpn_m16,5,1,1,up_sect_fiftha_m4,upgr_w_1_internal,st_upgr_w_internal,1
wpn_m16a2,1,1,1,up_sect_firsta_m4,upgr_w_1_internal,st_upgr_w_internal,1
wpn_m16a2,1,2,1,up_sect_firstc_m4,upgr_w_2_external,st_upgr_w_external,2
wpn_m16a2,1,2,2,up_sect_firstd_m4,upgr_w_2_internal,st_upgr_w_internal,2
wpn_m16a2,1,3,1,up_sect_firste_m4,upgr_w_3_internal,st_upgr_w_internal,3
wpn_m16a2,2,1,1,up_sect_secona_m4,upgr_w_1_internal,st_upgr_w_internal,1
wpn_m16a2,2,2,1,up_sect_seconc_m4,upgr_w_2_internal,st_upgr_w_internal,2
wpn_m16a2,2,3,1,up_sect_secone_m4,upgr_w_3_internal,st_upgr_w_internal,3
wpn_m16a2,2,3,2,up_sect_seconf_m4,upgr_w_3_external,st_upgr_w_external,3
wpn_m16a2,3,1,1,up_sect_thirda_m4,upgr_w_1_external,st_upgr_w_external,1
wpn_m16a2,3,2,1,up_sect_thirdc_m4,upgr_w_2_external,st_upgr_w_external,2
wpn_m16a2,3,2,2,up_sect_thirdd_m4,upgr_w_2_internal,st_upgr_w_internal,2
wpn_m16a2,3,3,1,up_sect_thirde_m4,upgr_w_3_internal,st_upgr_w_internal,3
wpn_m16a2,4,1,1,up_sect_fourta_m4,upgr_w_1_external,st_upgr_w_external,1
wpn_m16a2,4,2,1,up_sect_fourtc_m4,upgr_w_2_external,st_upgr_w_external,2
wpn_m16a2,4,3,1,up_sect_fourte_m4,upgr_w_3_external,st_upgr_w_external,3
wpn_m16a2,4,3,2,up_sect_fourtf_m4,upgr_w_3_external,st_upgr_w_external,3
wpn_m16a2,5,1,1,up_sect_fiftha_m4,upgr_w_1_internal,st_upgr_w_internal,1
wpn_m24,1,1,1,up_sect_firsta_m24,upgr_w_2_external,st_upgr_w_external,2
wpn_m24,1,2,1,up_sect_firstc_m24,upgr_w_3_external,st_upgr_w_external,3
wpn_m24,1,2,2,up_sect_firstd_m24,upgr_w_3_external,st_upgr_w_external,3
wpn_m24,1,3,1,up_sect_firste_m24,upgr_w_3_external,st_upgr_w_external,3
wpn_m24,2,1,1,up_sect_secona_m24,upgr_w_2_internal,st_upgr_w_internal,2
wpn_m24,2,2,1,up_sect_seconc_m24,upgr_w_3_internal,st_upgr_w_internal,3
wpn_m24,2,2,2,up_sect_second_m24,upgr_w_3_external,st_upgr_w_external,3
wpn_m24,3,1,1,up_sect_thirda_m24,upgr_w_2_internal,st_upgr_w_internal,2
wpn_m24,3,2,1,up_sect_thirdc_m24,upgr_w_3_external,st_upgr_w_external,3
wpn_m24,3,3,1,up_sect_thirde_m24,upgr_w_3_internal,st_upgr_w_internal,3
wpn_m24,4,1,1,up_sect_fourta_m24,upgr_w_2_optical,st_upgr_w_optical,2
wpn_m24,4,2,1,up_sect_fourtc_m24,upgr_w_3_external,st_upgr_w_external,3
wpn_m24,4,3,1,up_sect_fourte_m24,upgr_w_3_optical,st_upgr_w_optical,3
wpn_m24,4,3,2,up_sect_fourtf_m24,upgr_w_3_optical,st_upgr_w_optical,3
wpn_m249,1,1,1,up_sect_firsta_m249,upgr_w_2_internal,st_upgr_w_internal,2
wpn_m249,1,2,1,up_sect_firstc_m249,upgr_w_3_external,st_upgr_w_external,3
wpn_m249,1,3,1,up_sect_firste_m249,upgr_w_3_internal,st_upgr_w_internal,3
wpn_m249,1,3,2,up_sect_firstf_m249,upgr_w_3_external,st_upgr_w_external,3
wpn_m249,2,1,1,up_sect_secona_m249,upgr_w_2_external,st_upgr_w_external,2
wpn_m249,2,2,1,up_sect_seconc_m249,upgr_w_3_external,st_upgr_w_external,3
wpn_m249,2,2,2,up_sect_second_m249,upgr_w_3_internal,st_upgr_w_internal,3
wpn_m249,2,3,1,up_sect_secone_m249,upgr_w_3_internal,st_upgr_w_internal,3
wpn_m249,3,1,1,up_sect_thirda_m249,upgr_w_2_external,st_upgr_w_external,2
wpn_m249,3,2,1,up_sect_thirdc_m249,upgr_w_3_internal,st_upgr_w_internal,3
wpn_m249,3,3,1,up_sect_thirde_m249,upgr_w_3_external,st_upgr_w_external,3
wpn_m249,3,3,2,up_sect_thirdf_m249,upgr_w_3_external,st_upgr_w_external,3
wpn_m249,4,1,1,up_sect_fourta_m249,upgr_w_2_external,st_upgr_w_external,2
wpn_m249,4,2,1,up_sect_fourtc_m249,upgr_w_3_internal,st_upgr_w_internal,3
wpn_m249,4,3,1,up_sect_fourte_m249,upgr_w_3_external,st_upgr_w_external,3
wpn_m249,5,1,1,up_sect_fiftha_m249,upgr_w_2_internal,st_upgr_w_internal,2
wpn_m249,5,2,1,up_sect_fifthc_m249,upgr_w_3_external,st_upgr_w_external,3
wpn_m4,1,1,1,up_sect_firsta_m4,upgr_w_1_internal,st_upgr_w_internal,1
wpn_m4,1,2,1,up_sect_firstc_m4,upgr_w_2_external,st_upgr_w_external,2
wpn_m4,1,2,2,up_sect_firstd_m4,upgr_w_2_internal,st_upgr_w_internal,2
wpn_m4,1,3,1,up_sect_firste_m4,upgr_w_3_internal,st_upgr_w_internal,3
wpn_m4,2,1,1,up_sect_secona_m4,upgr_w_1_internal,st_upgr_w_internal,1
wpn_m4,2,2,1,up_sect_seconc_m4,upgr_w_2_internal,st_upgr_w_internal,2
wpn_m4,2,3,1,up_sect_secone_m4,upgr_w_3_internal,st_upgr_w_internal,3
wpn_m4,2,3,2,up_sect_seconf_m4,upgr_w_3_external,st_upgr_w_external,3
wpn_m4,3,1,1,up_sect_thirda_m4,upgr_w_1_external,st_upgr_w_external,1
wpn_m4,3,2,1,up_sect_thirdc_m4,upgr_w_2_external,st_upgr_w_external,2
wpn_m4,3,2,2,up_sect_thirdd_m4,upgr_w_2_internal,st_upgr_w_internal,2
wpn_m4,3,3,1,up_sect_thirde_m4,upgr_w_3_internal,st_upgr_w_internal,3
wpn_m4,4,1,1,up_sect_fourta_m4,upgr_w_1_external,st_upgr_w_external,1
wpn_m4,4,2,1,up_sect_fourtc_m4,upgr_w_2_external,st_upgr_w_external,2
wpn_m4,4,3,1,up_sect_fourte_m4,upgr_w_3_external,st_upgr_w_external,3
wpn_m4,4,3,2,up_sect_fourtf_m4,upgr_w_3_external,st_upgr_w_external,3
wpn_m4,5,1,1,up_sect_fiftha_m4,upgr_w_1_internal,st_upgr_w_internal,1
wpn_m45a1,1,1,1,up_sect_firsta_fn57,upgr_w_1_external,st_upgr_w_external,1
wpn_m45a1,1,2,1,up_sect_firstc_fn57,upgr_w_1_internal,st_upgr_w_internal,1
wpn_m45a1,1,2,2,up_sect_firstd_fn57,upgr_w_1_external,st_upgr_w_external,1
wpn_m45a1,1,3,1,up_sect_firste_fn57,upgr_w_2_internal,st_upgr_w_internal,2
wpn_m45a1,2,1,1,up_sect_secona_fn57,upgr_w_1_external,st_upgr_w_external,1
wpn_m45a1,2,2,1,up_sect_seconc_fn57,upgr_w_1_internal,st_upgr_w_internal,1
wpn_m45a1,2,3,1,up_sect_secone_fn57,upgr_w_2_internal,st_upgr_w_internal,2
wpn_m45a1,2,3,2,up_sect_seconf_fn57,upgr_w_2_external,st_upgr_w_external,2
wpn_m45a1,3,1,1,up_sect_thirda_fn57,upgr_w_1_internal,st_upgr_w_internal,1
wpn_m45a1,3,2,1,up_sect_thirdc_fn57,upgr_w_1_external,st_upgr_w_external,1
wpn_m45a1,3,2,2,up_sect_thirdd_fn57,upgr_w_1_internal,st_upgr_w_internal,1
wpn_m45a1,4,1,1,up_sect_fourta_fn57,upgr_w_1_external,st_upgr_w_external,1
wpn_m45a1,4,2,1,up_sect_fourtc_fn57,upgr_w_1_internal,st_upgr_w_internal,1
wpn_m45a1,5,1,1,up_sect_fiftha_fn57,upgr_w_1_internal,st_upgr_w_internal,1
wpn_m4_butcher,1,1,1,up_sect_firsta_g36,upgr_w_1_internal,st_upgr_w_internal,1
wpn_m4_butcher,1,2,1,up_sect_firstc_g36,upgr_w_2_external,st_upgr_w_external,2
wpn_m4_butcher,1,3,1,up_sect_firste_g36,upgr_w_3_external,st_upgr_w_external,3
wpn_m4_butcher,1,3,2,up_sect_firstf_g36,upgr_w_3_external,st_upgr_w_external,3
wpn_m4_butcher,2,1,1,up_sect_secona_g36,upgr_w_1_internal,st_upgr_w_internal,1
wpn_m4_butcher,2,2,1,up_sect_seconc_g36,upgr_w_2_external,st_upgr_w_external,2
wpn_m4_butcher,2,2,2,up_sect_second_g36,upgr_w_2_internal,st_upgr_w_internal,2
wpn_m4_butcher,2,3,1,up_sect_secone_g36,upgr_w_3_external,st_upgr_w_external,3
wpn_m4_butcher,3,1,1,up_sect_thirda_g36,upgr_w_1_external,st_upgr_w_external,1
wpn_m4_butcher,3,2,1,up_sect_thirdc_g36,upgr_w_2_internal,st_upgr_w_internal,2
wpn_m4_butcher,3,3,1,up_sect_thirde_g36,upgr_w_3_external,st_upgr_w_external,3
wpn_m4_butcher,3,3,2,up_sect_thirdf_g36,upgr_w_3_external,st_upgr_w_external,3
wpn_m4_butcher,4,1,1,up_sect_fourta_g36,upgr_w_1_internal,st_upgr_w_internal,1
wpn_m4_butcher,4,2,1,up_sect_fourtc_g36,upgr_w_2_external,st_upgr_w_external,2
wpn_m4_butcher,4,3,1,up_sect_fourte_g36,upgr_w_3_internal,st_upgr_w_internal,3
wpn_m4_butcher,4,3,2,up_sect_fourtf_g36,upgr_w_3_external,st_upgr_w_external,3
wpn_m4_ru556,1,1,1,up_sect_firsta_g36,upgr_w_1_internal,st_upgr_w_internal,1
wpn_m4_ru556,1,2,1,up_sect_firstc_g36,upgr_w_2_external,st_upgr_w_external,2
wpn_m4_ru556,1,3,1,up_sect_firste_g36,upgr_w_3_external,st_upgr_w_external,3
wpn_m4_ru556,1,3,2,up_sect_firstf_g36,upgr_w_3_external,st_upgr_w_external,3
wpn_m4_ru556,2,1,1,up_sect_secona_g36,upgr_w_1_internal,st_upgr_w_internal,1
wpn_m4_ru556,2,2,1,up_sect_seconc_g36,upgr_w_2_external,st_upgr_w_external,2
wpn_m4_ru556,2,2,2,up_sect_second_g36,upgr_w_2_internal,st_upgr_w_internal,2
wpn_m4_ru556,2,3,1,up_sect_secone_g36,upgr_w_3_external,st_upgr_w_external,3
wpn_m4_ru556,3,1,1,up_sect_thirda_g36,upgr_w_1_external,st_upgr_w_external,1
wpn_m4_ru556,3,2,1,up_sect_thirdc_g36,upgr_w_2_internal,st_upgr_w_internal,2
wpn_m4_ru556,3,3,1,up_sect_thirde_g36,upgr_w_3_external,st_upgr_w_external,3
wpn_m4_ru556,3,3,2,up_sect_thirdf_g36,upgr_w_3_external,st_upgr_w_external,3
wpn_m4_ru556,4,1,1,up_sect_fourta_g36,upgr_w_1_internal,st_upgr_w_internal,1
wpn_m4_ru556,4,2,1,up_sect_fourtc_g36,upgr_w_2_external,st_upgr_w_external,2
wpn_m4_ru556,4,3,1,up_sect_fourte_g36,upgr_w_3_internal,st_upgr_w_internal,3
wpn_m4_ru556,4,3,2,up_sect_fourtf_g36,upgr_w_3_external,st_upgr_w_external,3
wpn_m4_tac,1,1,1,up_sect_firsta_g36,upgr_w_1_internal,st_upgr_w_internal,1
wpn_m4_tac,1,2,1,up_sect_firstc_g36,upgr_w_2_external,st_upgr_w_external,2
wpn_m4_tac,1,3,1,up_sect_firste_g36,upgr_w_3_external,st_upgr_w_external,3
wpn_m4_tac,1,3,2,up_sect_firstf_g36,upgr_w_3_external,st_upgr_w_external,3
wpn_m4_tac,2,1,1,up_sect_secona_g36,upgr_w_1_internal,st_upgr_w_internal,1
wpn_m4_tac,2,2,1,up_sect_seconc_g36,upgr_w_2_external,st_upgr_w_external,2
wpn_m4_tac,2,2,2,up_sect_second_g36,upgr_w_2_internal,st_upgr_w_internal,2
wpn_m4_tac,2,3,1,up_sect_secone_g36,upgr_w_3_external,st_upgr_w_external,3
wpn_m4_tac,3,1,1,up_sect_thirda_g36,upgr_w_1_external,st_upgr_w_external,1
wpn_m4_tac,3,2,1,up_sect_thirdc_g36,upgr_w_2_internal,st_upgr_w_internal,2
wpn_m4_tac,3,3,1,up_sect_thirde_g36,upgr_w_3_external,st_upgr_w_external,3
wpn_m4_tac,3,3,2,up_sect_thirdf_g36,upgr_w_3_external,st_upgr_w_external,3
wpn_m4_tac,4,1,1,up_sect_fourta_g36,upgr_w_1_internal,st_upgr_w_internal,1
wpn_m4_tac,4,2,1,up_sect_fourtc_g36,upgr_w_2_external,st_upgr_w_external,2
wpn_m4_tac,4,3,1,up_sect_fourte_g36,upgr_w_3_internal,st_upgr_w_internal,3
wpn_m4_tac,4,3,2,up_sect_fourtf_g36,upgr_w_3_external,st_upgr_w_external,3
wpn_m4a1_camo,1,1,1,up_sect_firsta_g36,upgr_w_1_internal,st_upgr_w_internal,1
wpn_m4a1_camo,1,2,1,up_sect_firstc_g36,upgr_w_2_external,st_upgr_w_external,2
wpn_m4a1_camo,1,3,1,up_sect_firste_g36,upgr_w_3_external,st_upgr_w_external,3
wpn_m4a1_camo,1,3,2,up_sect_firstf_g36,upgr_w_3_external,st_upgr_w_external,3
wpn_m4a1_camo,2,1,1,up_sect_secona_g36,upgr_w_1_internal,st_upgr_w_internal,1
wpn_m4a1_camo,2,2,1,up_sect_seconc_g36,upgr_w_2_external,st_upgr_w_external,2
wpn_m4a1_camo,2,2,2,up_sect_second_g36,upgr_w_2_internal,st_upgr_w_internal,2
wpn_m4a1_camo,2,3,1,up_sect_secone_g36,upgr_w_3_external,st_upgr_w_external,3
wpn_m4a1_camo,3,1,1,up_sect_thirda_g36,upgr_w_1_external,st_upgr_w_external,1
wpn_m4a1_camo,3,2,1,up_sect_thirdc_g36,upgr_w_2_internal,st_upgr_w_internal,2
wpn_m4a1_camo,3,3,1,up_sect_thirde_g36,upgr_w_3_external,st_upgr_w_external,3
wpn_m4a1_camo,3,3,2,up_sect_thirdf_g36,upgr_w_3_external,st_upgr_w_external,3
wpn_m4a1_camo,4,1,1,up_sect_fourta_g36,upgr_w_1_internal,st_upgr_w_internal,1
wpn_m4a1_camo,4,2,1,up_sect_fourtc_g36,upgr_w_2_external,st_upgr_w_external,2
wpn_m4a1_camo,4,3,1,up_sect_fourte_g36,upgr_w_3_internal,st_upgr_w_internal,3
wpn_m4a1_camo,4,3,2,up_sect_fourtf_g36,upgr_w_3_external,st_upgr_w_external,3
wpn_m4a1_siber,1,1,1,up_sect_firsta_g36,upgr_w_1_internal,st_upgr_w_internal,1
wpn_m4a1_siber,1,2,1,up_sect_firstc_g36,upgr_w_2_external,st_upgr_w_external,2
wpn_m4a1_siber,1,3,1,up_sect_firste_g36,upgr_w_3_external,st_upgr_w_external,3
wpn_m4a1_siber,1,3,2,up_sect_firstf_g36,upgr_w_3_external,st_upgr_w_external,3
wpn_m4a1_siber,2,1,1,up_sect_secona_g36,upgr_w_1_internal,st_upgr_w_internal,1
wpn_m4a1_siber,2,2,1,up_sect_seconc_g36,upgr_w_2_external,st_upgr_w_external,2
wpn_m4a1_siber,2,2,2,up_sect_second_g36,upgr_w_2_internal,st_upgr_w_internal,2
wpn_m4a1_siber,2,3,1,up_sect_secone_g36,upgr_w_3_external,st_upgr_w_external,3
wpn_m4a1_siber,3,1,1,up_sect_thirda_g36,upgr_w_1_external,st_upgr_w_external,1
wpn_m4a1_siber,3,2,1,up_sect_thirdc_g36,upgr_w_2_internal,st_upgr_w_internal,2
wpn_m4a1_siber,3,3,1,up_sect_thirde_g36,upgr_w_3_external,st_upgr_w_external,3
wpn_m4a1_siber,3,3,2,up_sect_thirdf_g36,upgr_w_3_external,st_upgr_w_external,3
wpn_m4a1_siber,4,1,1,up_sect_fourta_g36,upgr_w_1_internal,st_upgr_w_internal,1
wpn_m4a1_siber,4,2,1,up_sect_fourtc_g36,upgr_w_2_external,st_upgr_w_external,2
wpn_m4a1_siber,4,3,1,up_sect_fourte_g36,upgr_w_3_internal,st_upgr_w_internal,3
wpn_m4a1_siber,4,3,2,up_sect_fourtf_g36,upgr_w_3_external,st_upgr_w_external,3
wpn_m60,1,1,1,up_sect_firsta_pkm,upgr_w_2_internal,st_upgr_w_internal,2
wpn_m60,1,2,1,up_sect_firstc_pkm,upgr_w_3_internal,st_upgr_w_internal,3
wpn_m60,1,2,2,up_sect_firstd_pkm,upgr_w_3_external,st_upgr_w_external,3
wpn_m60,1,3,1,up_sect_firste_pkm,upgr_w_3_internal,st_upgr_w_internal,3
wpn_m60,2,1,1,up_sect_secona_pkm,upgr_w_2_internal,st_upgr_w_internal,2
wpn_m60,2,2,1,up_sect_seconc_pkm,upgr_w_3_internal,st_upgr_w_internal,3
wpn_m60,2,3,1,up_sect_secone_pkm,upgr_w_3_external,st_upgr_w_external,3
wpn_m60,2,3,2,up_sect_seconf_pkm,upgr_w_3_internal,st_upgr_w_internal,3
wpn_m60,3,1,1,up_sect_thirda_pkm,upgr_w_2_internal,st_upgr_w_internal,2
wpn_m60,3,2,1,up_sect_thirdc_pkm,upgr_w_3_internal,st_upgr_w_internal,3
wpn_m60,3,2,2,up_sect_thirdd_pkm,upgr_w_3_internal,st_upgr_w_internal,3
wpn_m60,3,3,1,up_sect_thirde_pkm,upgr_w_3_external,st_upgr_w_external,3
wpn_m60,4,1,1,up_sect_fourta_pkm,upgr_w_2_external,st_upgr_w_external,2
wpn_m60,4,2,1,up_sect_fourtc_pkm,upgr_w_3_external,st_upgr_w_external,3
wpn_m60,4,3,1,up_sect_fourte_pkm,upgr_w_3_internal,st_upgr_w_internal,3
wpn_m60,5,1,1,up_sect_fiftha_pkm,upgr_w_2_internal,st_upgr_w_internal,2
wpn_m82,1,1,1,up_sect_firsta_svd,upgr_w_2_external,st_upgr_w_external,2
wpn_m82,1,2,1,up_sect_firstc_svd,upgr_w_3_external,st_upgr_w_external,3
wpn_m82,1,2,2,up_sect_firstd_svd,upgr_w_3_external,st_upgr_w_external,3
wpn_m82,1,3,1,up_sect_firste_svd,upgr_w_3_external,st_upgr_w_external,3
wpn_m82,1,3,2,up_sect_firstf_svd,upgr_w_3_internal,st_upgr_w_internal,3
wpn_m82,2,1,1,up_sect_secona_svd,upgr_w_2_internal,st_upgr_w_internal,2
wpn_m82,2,2,1,up_sect_seconc_svd,upgr_w_3_internal,st_upgr_w_internal,3
wpn_m82,2,2,2,up_sect_second_svd,upgr_w_3_external,st_upgr_w_external,3
wpn_m82,3,1,1,up_sect_thirda_svd,upgr_w_2_internal,st_upgr_w_internal,2
wpn_m82,3,2,1,up_sect_thirdc_svd,upgr_w_3_external,st_upgr_w_external,3
wpn_m82,3,3,1,up_sect_thirde_svd,upgr_w_3_internal,st_upgr_w_internal,3
wpn_m82,4,1,1,up_sect_fourta_svd,upgr_w_2_optical,st_upgr_w_optical,2
wpn_m82,4,2,1,up_sect_fourtc_svd,upgr_w_3_external,st_upgr_w_external,3
wpn_m82,4,3,1,up_sect_fourte_svd,upgr_w_3_internal,st_upgr_w_internal,3
wpn_m82,4,3,2,up_sect_fourtf_svd,upgr_w_3_external,st_upgr_w_external,3
wpn_m98b,1,1,1,up_sect_firsta_m98b,upgr_w_2_external,st_upgr_w_external,2
wpn_m98b,1,2,1,up_sect_firstc_m98b,upgr_w_3_external,st_upgr_w_external,3
wpn_m98b,1,2,2,up_sect_firstd_m98b,upgr_w_3_external,st_upgr_w_external,3
wpn_m98b,1,3,1,up_sect_firste_m98b,upgr_w_3_external,st_upgr_w_external,3
wpn_m98b,2,1,1,up_sect_secona_m98b,upgr_w_2_internal,st_upgr_w_internal,2
wpn_m98b,2,2,1,up_sect_seconc_m98b,upgr_w_3_internal,st_upgr_w_internal,3
wpn_m98b,2,2,2,up_sect_second_m98b,upgr_w_3_external,st_upgr_w_external,3
wpn_m98b,3,1,1,up_sect_thirda_m98b,upgr_w_2_internal,st_upgr_w_internal,2
wpn_m98b,3,2,1,up_sect_thirdc_m98b,upgr_w_3_external,st_upgr_w_external,3
wpn_m98b,3,3,1,up_sect_thirde_m98b,upgr_w_3_external,st_upgr_w_external,3
wpn_m98b,4,1,1,up_sect_fourta_m98b,upgr_w_2_optical,st_upgr_w_optical,2
wpn_m98b,4,2,1,up_sect_fourtc_m98b,upgr_w_3_external,st_upgr_w_external,3
wpn_m98b,4,3,1,up_sect_fourte_m98b,upgr_w_3_optical,st_upgr_w_optical,3
wpn_m98b,4,3,2,up_sect_fourtf_m98b,upgr_w_3_optical,st_upgr_w_optical,3
wpn_mac10,1,1,1,up_sect_firsta_bizon,upgr_w_1_internal,st_upgr_w_internal,1
wpn_mac10,1,2,1,up_sect_firstc_bizon,upgr_w_2_external,st_upgr_w_external,2
wpn_mac10,1,2,2,up_sect_firstd_bizon,upgr_w_2_internal,st_upgr_w_internal,2
wpn_mac10,1,3,1,up_sect_firste_bizon,upgr_w_2_internal,st_upgr_w_internal,2
wpn_mac10,2,1,1,up_sect_secona_bizon,upgr_w_1_internal,st_upgr_w_internal,1
wpn_mac10,2,2,1,up_sect_seconc_bizon,upgr_w_2_internal,st_upgr_w_internal,2
wpn_mac10,2,3,1,up_sect_secone_pp2000,upgr_w_2_external,st_upgr_w_external,2
wpn_mac10,2,3,2,up_sect_seconf_pp2000,upgr_w_2_internal,st_upgr_w_internal,2
wpn_mac10,3,1,1,up_sect_thirda_bizon,upgr_w_1_internal,st_upgr_w_internal,1
wpn_mac10,3,2,1,up_sect_thirdc_bizon,upgr_w_2_external,st_upgr_w_external,2
wpn_mac10,3,2,2,up_sect_thirdd_bizon,upgr_w_2_internal,st_upgr_w_internal,2
wpn_mac10,3,3,1,up_sect_thirde_bizon,upgr_w_2_external,st_upgr_w_external,2
wpn_mac10,4,1,1,up_sect_fourta_bizon,upgr_w_1_internal,st_upgr_w_internal,1
wpn_mac10,4,2,1,up_sect_fourtc_bizon,upgr_w_2_internal,st_upgr_w_internal,2
wpn_mac10,4,3,1,up_sect_fourte_bizon,upgr_w_2_external,st_upgr_w_external,2
wpn_mac10,4,3,2,up_sect_fourtf_bizon,upgr_w_2_external,st_upgr_w_external,2
wpn_mac10,5,1,1,up_sect_fiftha_mac10,upgr_w_1_internal,st_upgr_w_internal,1
wpn_mac10,5,2,1,up_sect_fifthc_mac10,upgr_w_2_internal,st_upgr_w_internal,2
wpn_mk14,1,1,1,up_sect_firsta_lr300,upgr_w_2_internal,st_upgr_w_internal,2
wpn_mk14,1,2,1,up_sect_firstc_lr300,upgr_w_3_external,st_upgr_w_external,3
wpn_mk14,1,2,2,up_sect_firstd_lr300,upgr_w_3_internal,st_upgr_w_internal,3
wpn_mk14,1,3,1,up_sect_firste_lr300,upgr_w_3_internal,st_upgr_w_internal,3
wpn_mk14,2,1,1,up_sect_secona_lr300,upgr_w_2_internal,st_upgr_w_internal,2
wpn_mk14,2,2,1,up_sect_seconc_lr300,upgr_w_3_internal,st_upgr_w_internal,3
wpn_mk14,2,3,1,up_sect_secone_lr300,upgr_w_3_internal,st_upgr_w_internal,3
wpn_mk14,2,3,2,up_sect_seconf_lr300,upgr_w_3_external,st_upgr_w_external,3
wpn_mk14,3,1,1,up_sect_thirda_lr300,upgr_w_2_external,st_upgr_w_external,2
wpn_mk14,3,2,1,up_sect_thirdc_lr300,upgr_w_3_external,st_upgr_w_external,3
wpn_mk14,3,2,2,up_sect_thirdd_lr300,upgr_w_3_internal,st_upgr_w_internal,3
wpn_mk14,3,3,1,up_sect_thirde_lr300,upgr_w_3_internal,st_upgr_w_internal,3
wpn_mk14,4,1,1,up_sect_fourta_lr300,upgr_w_2_external,st_upgr_w_external,2
wpn_mk14,4,2,1,up_sect_fourtc_lr300,upgr_w_3_external,st_upgr_w_external,3
wpn_mk14,4,3,1,up_sect_fourte_lr300,upgr_w_3_external,st_upgr_w_external,3
wpn_mk14,4,3,2,up_sect_fourtf_lr300,upgr_w_3_external,st_upgr_w_external,3
wpn_mk14,5,1,1,up_sect_fiftha_lr300_alt,upgr_w_2_external,st_upgr_w_external,2
wpn_mk47,1,1,1,up_sect_firsta_aek971,upgr_w_2_internal,st_upgr_w_internal,2
wpn_mk47,1,2,1,up_sect_firstc_aek971,upgr_w_3_external,st_upgr_w_external,3
wpn_mk47,1,3,1,up_sect_firste_aek971,upgr_w_3_external,st_upgr_w_external,3
wpn_mk47,1,3,2,up_sect_firstf_aek971,upgr_w_3_internal,st_upgr_w_internal,3
wpn_mk47,2,1,1,up_sect_secona_aek971,upgr_w_2_external,st_upgr_w_external,2
wpn_mk47,2,2,1,up_sect_seconc_aek971,upgr_w_3_external,st_upgr_w_external,3
wpn_mk47,2,2,2,up_sect_second_aek971,upgr_w_3_internal,st_upgr_w_internal,3
wpn_mk47,2,3,1,up_sect_secone_aek971,upgr_w_3_external,st_upgr_w_external,3
wpn_mk47,3,1,1,up_sect_thirda_aek971,upgr_w_2_internal,st_upgr_w_internal,2
wpn_mk47,3,2,1,up_sect_thirdc_aek971,upgr_w_3_external,st_upgr_w_external,3
wpn_mk47,3,2,2,up_sect_thirdd_aek971,upgr_w_3_internal,st_upgr_w_internal,3
wpn_mk47,3,3,1,up_sect_thirde_aek971,upgr_w_3_external,st_upgr_w_external,3
wpn_mk47,4,1,1,up_sect_fourta_aek971,upgr_w_2_external,st_upgr_w_external,2
wpn_mk47,4,2,1,up_sect_fourtc_aek971,upgr_w_3_external,st_upgr_w_external,3
wpn_mk47,4,3,1,up_sect_fourte_aek971,upgr_w_3_external,st_upgr_w_external,3
wpn_mk47,4,3,2,up_sect_fourtf_aek971,upgr_w_3_external,st_upgr_w_external,3
wpn_mk47,5,1,1,up_sect_fiftha_aek971,upgr_w_2_external,st_upgr_w_external,2
wpn_mk47_sup,1,1,1,up_sect_firsta_aek971,upgr_w_2_internal,st_upgr_w_internal,2
wpn_mk47_sup,1,2,1,up_sect_firstc_aek971,upgr_w_3_external,st_upgr_w_external,3
wpn_mk47_sup,1,3,1,up_sect_firste_aek971,upgr_w_3_external,st_upgr_w_external,3
wpn_mk47_sup,1,3,2,up_sect_firstf_aek971,upgr_w_3_internal,st_upgr_w_internal,3
wpn_mk47_sup,2,1,1,up_sect_secona_aek971,upgr_w_2_external,st_upgr_w_external,2
wpn_mk47_sup,2,2,1,up_sect_seconc_aek971,upgr_w_3_external,st_upgr_w_external,3
wpn_mk47_sup,2,2,2,up_sect_second_aek971,upgr_w_3_internal,st_upgr_w_internal,3
wpn_mk47_sup,2,3,1,up_sect_secone_aek971,upgr_w_3_external,st_upgr_w_external,3
wpn_mk47_sup,3,1,1,up_sect_thirda_aek971,upgr_w_2_internal,st_upgr_w_internal,2
wpn_mk47_sup,3,2,1,up_sect_thirdc_aek971,upgr_w_3_external,st_upgr_w_external,3
wpn_mk47_sup,3,2,2,up_sect_thirdd_aek971,upgr_w_3_internal,st_upgr_w_internal,3
wpn_mk47_sup,3,3,1,up_sect_thirde_aek971,upgr_w_3_external,st_upgr_w_external,3
wpn_mk47_sup,4,1,1,up_sect_fourta_aek971,upgr_w_2_external,st_upgr_w_external,2
wpn_mk47_sup,4,2,1,up_sect_fourtc_aek971,upgr_w_3_external,st_upgr_w_external,3
wpn_mk47_sup,4,3,1,up_sect_fourte_aek971,upgr_w_3_external,st_upgr_w_external,3
wpn_mk47_sup,4,3,2,up_sect_fourtf_aek971,upgr_w_3_external,st_upgr_w_external,3
wpn_mk47_sup,5,1,1,up_sect_fiftha_aek971,upgr_w_2_external,st_upgr_w_external,2
wpn_mosin,1,1,1,up_sect_firsta_k98,upgr_w_1_internal,st_upgr_w_internal,1
wpn_mosin,1,2,1,up_sect_firstc_k98,upgr_w_2_external,st_upgr_w_external,2
wpn_mosin,1,2,2,up_sect_firstd_k98,upgr_w_2_external,st_upgr_w_external,2
wpn_mosin,2,1,1,up_sect_secona_k98,upgr_w_1_external,st_upgr_w_external,1
wpn_mosin,2,2,1,up_sect_seconc_k98,upgr_w_2_external,st_upgr_w_external,2
wpn_mosin,2,3,1,up_sect_secone_k98,upgr_w_2_internal,st_upgr_w_internal,2
wpn_mosin,2,3,2,up_sect_seconf_k98,upgr_w_2_external,st_upgr_w_external,2
wpn_mossberg590,1,1,1,up_sect_firsta_mossberg590,upgr_w_1_internal,st_upgr_w_internal,1
wpn_mossberg590,1,2,1,up_sect_firstc_mossberg590,upgr_w_2_external,st_upgr_w_external,2
wpn_mossberg590,1,2,2,up_sect_firstd_mossberg590,upgr_w_2_internal,st_upgr_w_internal,2
wpn_mossberg590,1,3,1,up_sect_firste_mossberg590,upgr_w_2_external,st_upgr_w_external,2
wpn_mossberg590,2,1,1,up_sect_secona_mossberg590,upgr_w_1_external,st_upgr_w_external,1
wpn_mossberg590,2,2,1,up_sect_seconc_mossberg590,upgr_w_2_external,st_upgr_w_external,2
wpn_mossberg590,2,2,2,up_sect_second_mossberg590,upgr_w_2_internal,st_upgr_w_internal,2
wpn_mossberg590,2,3,1,up_sect_secone_mossberg590,upgr_w_2_internal,st_upgr_w_internal,2
wpn_mossberg590,3,1,1,up_sect_thirda_mossberg590,upgr_w_1_internal,st_upgr_w_internal,1
wpn_mossberg590,3,2,1,up_sect_thirdc_mossberg590,upgr_w_2_external,st_upgr_w_external,2
wpn_mossberg590,3,2,2,up_sect_thirdd_mossberg590,upgr_w_2_internal,st_upgr_w_internal,2
wpn_mossberg590,3,3,1,up_sect_thirde_mossberg590,upgr_w_2_internal,st_upgr_w_internal,2
wpn_mossberg590,3,3,2,up_sect_thirdf_mossberg590,upgr_w_2_external,st_upgr_w_external,2
wpn_mossberg590,4,1,1,up_sect_fourta_mossberg590,upgr_w_1_external,st_upgr_w_external,1
wpn_mossberg590_rail,1,1,1,up_sect_firsta_mp133,upgr_w_1_internal,st_upgr_w_internal,1
wpn_mossberg590_rail,1,2,1,up_sect_firstc_mp133,upgr_w_2_external,st_upgr_w_external,2
wpn_mossberg590_rail,1,2,2,up_sect_firstd_mp133,upgr_w_2_internal,st_upgr_w_internal,2
wpn_mossberg590_rail,1,3,1,up_sect_firste_mp133,upgr_w_2_external,st_upgr_w_external,2
wpn_mossberg590_rail,2,1,1,up_sect_secona_mp133,upgr_w_1_external,st_upgr_w_external,1
wpn_mossberg590_rail,2,2,1,up_sect_seconc_mp133,upgr_w_2_external,st_upgr_w_external,2
wpn_mossberg590_rail,2,2,2,up_sect_second_mp133,upgr_w_2_internal,st_upgr_w_internal,2
wpn_mossberg590_rail,2,3,1,up_sect_secone_mp133,upgr_w_2_external,st_upgr_w_external,2
wpn_mossberg590_rail,3,1,1,up_sect_thirda_mp133,upgr_w_1_internal,st_upgr_w_internal,1
wpn_mossberg590_rail,3,2,1,up_sect_thirdc_mp133,upgr_w_2_external,st_upgr_w_external,2
wpn_mossberg590_rail,3,2,2,up_sect_thirdd_mp133,upgr_w_2_internal,st_upgr_w_internal,2
wpn_mossberg590_rail,3,3,1,up_sect_thirde_mp133,upgr_w_2_internal,st_upgr_w_internal,2
wpn_mossberg590_rail,3,3,2,up_sect_thirdf_mp133,upgr_w_2_internal,st_upgr_w_internal,2
wpn_mossberg590_rail,4,1,1,up_sect_fourta_mp133,upgr_w_1_external,st_upgr_w_external,1
wpn_mp133,1,1,1,up_sect_firsta_mp133,upgr_w_1_internal,st_upgr_w_internal,1
wpn_mp133,1,2,1,up_sect_firstc_mp133,upgr_w_2_external,st_upgr_w_external,2
wpn_mp133,1,2,2,up_sect_firstd_mp133,upgr_w_2_internal,st_upgr_w_internal,2
wpn_mp133,1,3,1,up_sect_firste_mp133,upgr_w_2_external,st_upgr_w_external,2
wpn_mp133,2,1,1,up_sect_secona_mp133,upgr_w_1_external,st_upgr_w_external,1
wpn_mp133,2,2,1,up_sect_seconc_mp133,upgr_w_2_external,st_upgr_w_external,2
wpn_mp133,2,2,2,up_sect_second_mp133,upgr_w_2_internal,st_upgr_w_internal,2
wpn_mp133,2,3,1,up_sect_secone_mp133,upgr_w_2_external,st_upgr_w_external,2
wpn_mp133,3,1,1,up_sect_thirda_mp133,upgr_w_1_internal,st_upgr_w_internal,1
wpn_mp133,3,2,1,up_sect_thirdc_mp133,upgr_w_2_external,st_upgr_w_external,2
wpn_mp133,3,2,2,up_sect_thirdd_mp133,upgr_w_2_internal,st_upgr_w_internal,2
wpn_mp133,3,3,1,up_sect_thirde_mp133,upgr_w_2_internal,st_upgr_w_internal,2
wpn_mp133,3,3,2,up_sect_thirdf_mp133,upgr_w_2_internal,st_upgr_w_internal,2
wpn_mp133,4,1,1,up_sect_fourta_mp133,upgr_w_1_external,st_upgr_w_external,1
wpn_mp153,1,1,1,up_sect_firsta_mp153,upgr_w_1_internal,st_upgr_w_internal,1
wpn_mp153,1,2,1,up_sect_firstc_mp153,upgr_w_2_external,st_upgr_w_external,2
wpn_mp153,1,2,2,up_sect_firstd_mp153,upgr_w_2_internal,st_upgr_w_internal,2
wpn_mp153,1,3,1,up_sect_firste_mp153,upgr_w_3_internal,st_upgr_w_internal,3
wpn_mp153,1,3,2,up_sect_firstf_mp153,upgr_w_3_internal,st_upgr_w_internal,3
wpn_mp153,2,1,1,up_sect_secona_mp153,upgr_w_1_external,st_upgr_w_external,1
wpn_mp153,2,2,1,up_sect_seconc_mp153,upgr_w_2_external,st_upgr_w_external,2
wpn_mp153,2,2,2,up_sect_second_mp153,upgr_w_2_internal,st_upgr_w_internal,2
wpn_mp153,3,1,1,up_sect_thirda_mp153,upgr_w_1_internal,st_upgr_w_internal,1
wpn_mp153,3,2,1,up_sect_thirdc_mp153,upgr_w_2_external,st_upgr_w_external,2
wpn_mp153,3,2,2,up_sect_thirdd_mp153,upgr_w_2_internal,st_upgr_w_internal,2
wpn_mp153,3,3,1,up_sect_thirde_mp153,upgr_w_3_internal,st_upgr_w_internal,3
wpn_mp153,3,3,2,up_sect_thirdf_mp153,upgr_w_3_internal,st_upgr_w_internal,3
wpn_mp153,4,1,1,up_sect_fourta_mp153,upgr_w_1_internal,st_upgr_w_internal,1
wpn_mp153_m1,1,1,1,up_sect_firsta_mp153,upgr_w_1_internal,st_upgr_w_internal,1
wpn_mp153_m1,1,2,1,up_sect_firstc_mp153,upgr_w_2_external,st_upgr_w_external,2
wpn_mp153_m1,1,2,2,up_sect_firstd_mp153,upgr_w_2_internal,st_upgr_w_internal,2
wpn_mp153_m1,1,3,1,up_sect_firste_mp153,upgr_w_3_internal,st_upgr_w_internal,3
wpn_mp153_m1,1,3,2,up_sect_firstf_mp153,upgr_w_3_internal,st_upgr_w_internal,3
wpn_mp153_m1,2,1,1,up_sect_secona_mp153,upgr_w_1_external,st_upgr_w_external,1
wpn_mp153_m1,2,2,1,up_sect_seconc_mp153,upgr_w_2_external,st_upgr_w_external,2
wpn_mp153_m1,2,2,2,up_sect_second_mp153,upgr_w_2_internal,st_upgr_w_internal,2
wpn_mp153_m1,3,1,1,up_sect_thirda_mp153,upgr_w_1_internal,st_upgr_w_internal,1
wpn_mp153_m1,3,2,1,up_sect_thirdc_mp153,upgr_w_2_external,st_upgr_w_external,2
wpn_mp153_m1,3,2,2,up_sect_thirdd_mp153,upgr_w_2_internal,st_upgr_w_internal,2
wpn_mp153_m1,3,3,1,up_sect_thirde_mp153,upgr_w_3_internal,st_upgr_w_internal,3
wpn_mp153_m1,3,3,2,up_sect_thirdf_mp153,upgr_w_3_internal,st_upgr_w_internal,3
wpn_mp153_m1,4,1,1,up_sect_fourta_mp153,upgr_w_1_internal,st_upgr_w_internal,1
wpn_mp155,1,1,1,up_sect_firsta_mp153,upgr_w_1_internal,st_upgr_w_internal,1
wpn_mp155,1,2,1,up_sect_firstc_mp153,upgr_w_2_external,st_upgr_w_external,2
wpn_mp155,1,2,2,up_sect_firstd_mp153,upgr_w_2_internal,st_upgr_w_internal,2
wpn_mp155,1,3,1,up_sect_firste_mp153,upgr_w_3_internal,st_upgr_w_internal,3
wpn_mp155,1,3,2,up_sect_firstf_mp153,upgr_w_3_internal,st_upgr_w_internal,3
wpn_mp155,2,1,1,up_sect_secona_mp153,upgr_w_1_external,st_upgr_w_external,1
wpn_mp155,2,2,1,up_sect_seconc_mp153,upgr_w_2_external,st_upgr_w_external,2
wpn_mp155,2,2,2,up_sect_second_mp153,upgr_w_2_internal,st_upgr_w_internal,2
wpn_mp155,3,1,1,up_sect_thirda_mp153,upgr_w_1_internal,st_upgr_w_internal,1
wpn_mp155,3,2,1,up_sect_thirdc_mp153,upgr_w_2_external,st_upgr_w_external,2
wpn_mp155,3,2,2,up_sect_thirdd_mp153,upgr_w_2_internal,st_upgr_w_internal,2
wpn_mp155,3,3,1,up_sect_thirde_mp153,upgr_w_3_internal,st_upgr_w_internal,3
wpn_mp155,3,3,2,up_sect_thirdf_mp153,upgr_w_3_internal,st_upgr_w_internal,3
wpn_mp155,4,1,1,up_sect_fourta_mp153,upgr_w_1_internal,st_upgr_w_internal,1
wpn_mp412,1,1,1,up_sect_firsta_mp412,upgr_w_1_external,st_upgr_w_external,1
wpn_mp412,1,2,1,up_sect_firstc_mp412,upgr_w_1_internal,st_upgr_w_internal,1
wpn_mp412,1,2,2,up_sect_firstd_mp412,upgr_w_1_internal,st_upgr_w_internal,1
wpn_mp412,1,3,1,up_sect_firste_mp412,upgr_w_2_external,st_upgr_w_external,2
wpn_mp412,1,3,2,up_sect_firstf_mp412,upgr_w_2_external,st_upgr_w_external,2
wpn_mp412,2,1,1,up_sect_secona_mp412,upgr_w_1_internal,st_upgr_w_internal,1
wpn_mp443,1,1,1,up_sect_firsta_cz75,upgr_w_1_internal,st_upgr_w_internal,1
wpn_mp443,1,2,1,up_sect_firstc_cz75,upgr_w_1_internal,st_upgr_w_internal,1
wpn_mp443,1,2,2,up_sect_firstd_cz75,upgr_w_1_internal,st_upgr_w_internal,1
wpn_mp443,1,3,1,up_sect_firste_cz75,upgr_w_2_internal,st_upgr_w_internal,2
wpn_mp443,2,1,1,up_sect_secona_cz75,upgr_w_1_internal,st_upgr_w_internal,1
wpn_mp443,2,2,1,up_sect_seconc_cz75,upgr_w_1_external,st_upgr_w_external,1
wpn_mp443,2,2,2,up_sect_second_cz75,upgr_w_1_internal,st_upgr_w_internal,1
wpn_mp443,2,3,1,up_sect_secone_cz75,upgr_w_2_internal,st_upgr_w_internal,2
wpn_mp443,3,1,1,up_sect_thirda_cz75,upgr_w_1_internal,st_upgr_w_internal,1
wpn_mp443,3,2,1,up_sect_thirdc_cz75,upgr_w_1_external,st_upgr_w_external,1
wpn_mp443,3,2,2,up_sect_thirdd_cz75,upgr_w_1_internal,st_upgr_w_internal,1
wpn_mp443,4,1,1,up_sect_fourta_cz75,upgr_w_1_external,st_upgr_w_external,1
wpn_mp443,4,2,1,up_sect_fourtc_cz75,upgr_w_1_internal,st_upgr_w_internal,1
wpn_mp443,5,1,1,up_sect_fiftha_cz75,upgr_w_1_internal,st_upgr_w_internal,1
wpn_mp443,5,2,1,up_sect_fifthc_cz75,upgr_w_1_internal,st_upgr_w_internal,1
wpn_mp5,1,1,1,up_sect_firsta_mp5k,upgr_w_1_internal,st_upgr_w_internal,1
wpn_mp5,1,2,1,up_sect_firstc_mp5k,upgr_w_1_external,st_upgr_w_external,1
wpn_mp5,1,2,2,up_sect_firstd_mp5k,upgr_w_1_internal,st_upgr_w_internal,1
wpn_mp5,1,3,1,up_sect_firste_mp5k,upgr_w_2_internal,st_upgr_w_internal,2
wpn_mp5,2,1,1,up_sect_secona_mp5k,upgr_w_1_internal,st_upgr_w_internal,1
wpn_mp5,2,2,1,up_sect_seconc_mp5k,upgr_w_1_internal,st_upgr_w_internal,1
wpn_mp5,2,3,1,up_sect_secone_mp5k,upgr_w_2_external,st_upgr_w_external,2
wpn_mp5,2,3,2,up_sect_seconf_mp5k,upgr_w_2_internal,st_upgr_w_internal,2
wpn_mp5,3,1,1,up_sect_thirda_mp5k,upgr_w_1_internal,st_upgr_w_internal,1
wpn_mp5,3,2,1,up_sect_thirdc_mp5k,upgr_w_1_external,st_upgr_w_external,1
wpn_mp5,3,2,2,up_sect_thirdd_mp5k,upgr_w_1_internal,st_upgr_w_internal,1
wpn_mp5,3,3,1,up_sect_thirde_mp5k,upgr_w_2_internal,st_upgr_w_internal,2
wpn_mp5,4,1,1,up_sect_fourta_mp5k,upgr_w_1_internal,st_upgr_w_internal,1
wpn_mp5,4,2,1,up_sect_fourtc_mp5k,upgr_w_1_internal,st_upgr_w_internal,1
wpn_mp5,4,3,1,up_sect_fourte_mp5k,upgr_w_2_external,st_upgr_w_external,2
wpn_mp5,4,3,2,up_sect_fourtf_mp5k,upgr_w_2_external,st_upgr_w_external,2
wpn_mp5,5,1,1,up_sect_fiftha_mp5k,upgr_w_1_optical,st_upgr_w_optical,1
wpn_mp5,5,2,1,up_sect_fifthc_mp5k,upgr_w_1_internal,st_upgr_w_internal,1
wpn_mp5_kurtz,1,1,1,up_sect_firsta_mp5k,upgr_w_1_internal,st_upgr_w_internal,1
wpn_mp5_kurtz,1,2,1,up_sect_firstc_mp5k,upgr_w_1_external,st_upgr_w_external,1
wpn_mp5_kurtz,1,2,2,up_sect_firstd_mp5k,upgr_w_1_internal,st_upgr_w_internal,1
wpn_mp5_kurtz,1,3,1,up_sect_firste_mp5k,upgr_w_2_internal,st_upgr_w_internal,2
wpn_mp5_kurtz,2,1,1,up_sect_secona_mp5k,upgr_w_1_internal,st_upgr_w_internal,1
wpn_mp5_kurtz,2,2,1,up_sect_seconc_mp5k,upgr_w_1_internal,st_upgr_w_internal,1
wpn_mp5_kurtz,2,3,1,up_sect_secone_mp5k,upgr_w_2_external,st_upgr_w_external,2
wpn_mp5_kurtz,2,3,2,up_sect_seconf_mp5k,upgr_w_2_internal,st_upgr_w_internal,2
wpn_mp5_kurtz,3,1,1,up_sect_thirda_mp5k,upgr_w_1_internal,st_upgr_w_internal,1
wpn_mp5_kurtz,3,2,1,up_sect_thirdc_mp5k,upgr_w_1_external,st_upgr_w_external,1
wpn_mp5_kurtz,3,2,2,up_sect_thirdd_mp5k,upgr_w_1_internal,st_upgr_w_internal,1
wpn_mp5_kurtz,3,3,1,up_sect_thirde_mp5k,upgr_w_2_internal,st_upgr_w_internal,2
wpn_mp5_kurtz,4,1,1,up_sect_fourta_mp5k,upgr_w_1_internal,st_upgr_w_internal,1
wpn_mp5_kurtz,4,2,1,up_sect_fourtc_mp5k,upgr_w_1_internal,st_upgr_w_internal,1
wpn_mp5_kurtz,4,3,1,up_sect_fourte_mp5k,upgr_w_2_external,st_upgr_w_external,2
wpn_mp5_kurtz,4,3,2,up_sect_fourtf_mp5k,upgr_w_2_external,st_upgr_w_external,2
wpn_mp5_kurtz,5,1,1,up_sect_fiftha_mp5k,upgr_w_1_optical,st_upgr_w_optical,1
wpn_mp5_kurtz,5,2,1,up_sect_fifthc_mp5k,upgr_w_1_internal,st_upgr_w_internal,1
wpn_mp5_nimble,1,1,1,up_sect_firsta_mp5,upgr_w_1_internal,st_upgr_w_internal,1
wpn_mp5_nimble,1,2,1,up_sect_firstc_mp5,upgr_w_2_external,st_upgr_w_external,2
wpn_mp5_nimble,1,2,2,up_sect_firstd_mp5,upgr_w_2_internal,st_upgr_w_internal,2
wpn_mp5_nimble,1,3,1,up_sect_firste_mp5,upgr_w_3_internal,st_upgr_w_internal,3
wpn_mp5_nimble,2,1,1,up_sect_secona_mp5,upgr_w_1_internal,st_upgr_w_internal,1
wpn_mp5_nimble,2,2,1,up_sect_seconc_mp5,upgr_w_2_internal,st_upgr_w_internal,2
wpn_mp5_nimble,2,3,1,up_sect_secone_mp5,upgr_w_3_external,st_upgr_w_external,3
wpn_mp5_nimble,2,3,2,up_sect_seconf_mp5,upgr_w_3_internal,st_upgr_w_internal,3
wpn_mp5_nimble,3,1,1,up_sect_thirda_mp5,upgr_w_1_internal,st_upgr_w_internal,1
wpn_mp5_nimble,3,2,1,up_sect_thirdc_mp5,upgr_w_2_external,st_upgr_w_external,2
wpn_mp5_nimble,3,2,2,up_sect_thirdd_mp5,upgr_w_2_internal,st_upgr_w_internal,2
wpn_mp5_nimble,3,3,1,up_sect_thirde_mp5,upgr_w_3_internal,st_upgr_w_internal,3
wpn_mp5_nimble,4,1,1,up_sect_fourta_mp5,upgr_w_1_internal,st_upgr_w_internal,1
wpn_mp5_nimble,4,2,1,up_sect_fourtc_mp5,upgr_w_2_internal,st_upgr_w_internal,2
wpn_mp5_nimble,4,3,1,up_sect_fourte_mp5,upgr_w_3_external,st_upgr_w_external,3
wpn_mp5_nimble,4,3,2,up_sect_fourtf_mp5,upgr_w_3_external,st_upgr_w_external,3
wpn_mp5_nimble,5,1,1,up_sect_fiftha_mp5_nimble,upgr_w_1_optical,st_upgr_w_optical,1
wpn_mp5_nimble,5,2,1,up_sect_fifthc_mp5_nimble,upgr_w_2_internal,st_upgr_w_internal,2
wpn_mp5sd,1,1,1,up_sect_firsta_mp5,upgr_w_1_internal,st_upgr_w_internal,1
wpn_mp5sd,1,2,1,up_sect_firstc_mp5,upgr_w_1_external,st_upgr_w_external,1
wpn_mp5sd,1,2,2,up_sect_firstd_mp5,upgr_w_1_internal,st_upgr_w_internal,1
wpn_mp5sd,1,3,1,up_sect_firste_mp5,upgr_w_2_internal,st_upgr_w_internal,2
wpn_mp5sd,2,1,1,up_sect_secona_mp5,upgr_w_1_internal,st_upgr_w_internal,1
wpn_mp5sd,2,2,1,up_sect_seconc_mp5,upgr_w_1_internal,st_upgr_w_internal,1
wpn_mp5sd,2,3,1,up_sect_secone_mp5,upgr_w_2_external,st_upgr_w_external,2
wpn_mp5sd,2,3,2,up_sect_seconf_mp5,upgr_w_2_internal,st_upgr_w_internal,2
wpn_mp5sd,3,1,1,up_sect_thirda_mp5,upgr_w_1_internal,st_upgr_w_internal,1
wpn_mp5sd,3,2,1,up_sect_thirdc_mp5,upgr_w_1_external,st_upgr_w_external,1
wpn_mp5sd,3,2,2,up_sect_thirdd_mp5,upgr_w_1_internal,st_upgr_w_internal,1
wpn_mp5sd,3,3,1,up_sect_thirde_mp5,upgr_w_2_internal,st_upgr_w_internal,2
wpn_mp5sd,4,1,1,up_sect_fourta_mp5,upgr_w_1_internal,st_upgr_w_internal,1
wpn_mp5sd,4,2,1,up_sect_fourtc_mp5,upgr_w_1_internal,st_upgr_w_internal,1
wpn_mp5sd,4,3,1,up_sect_fourte_mp5,upgr_w_2_external,st_upgr_w_external,2
wpn_mp5sd,4,3,2,up_sect_fourtf_mp5,upgr_w_2_external,st_upgr_w_external,2
wpn_mp5sd,5,1,1,up_sect_fiftha_mp5sd,upgr_w_1_internal,st_upgr_w_internal,1
wpn_mp5sd,5,2,1,up_sect_fifthc_mp5,upgr_w_1_internal,st_upgr_w_internal,1
wpn_mp7,1,1,1,up_sect_firsta_ump45,upgr_w_1_internal,st_upgr_w_internal,1
wpn_mp7,1,2,1,up_sect_firstc_ump45,upgr_w_2_external,st_upgr_w_external,2
wpn_mp7,1,2,2,up_sect_firstd_ump45,upgr_w_2_internal,st_upgr_w_internal,2
wpn_mp7,1,3,1,up_sect_firste_ump45,upgr_w_3_internal,st_upgr_w_internal,3
wpn_mp7,2,1,1,up_sect_secona_ump45,upgr_w_1_internal,st_upgr_w_internal,1
wpn_mp7,2,2,1,up_sect_seconc_ump45,upgr_w_2_internal,st_upgr_w_internal,2
wpn_mp7,2,3,1,up_sect_secone_ump45,upgr_w_3_external,st_upgr_w_external,3
wpn_mp7,2,3,2,up_sect_seconf_ump45,upgr_w_3_internal,st_upgr_w_internal,3
wpn_mp7,3,1,1,up_sect_thirda_ump45,upgr_w_1_internal,st_upgr_w_internal,1
wpn_mp7,3,2,1,up_sect_thirdc_ump45,upgr_w_2_external,st_upgr_w_external,2
wpn_mp7,3,2,2,up_sect_thirdd_ump45,upgr_w_2_internal,st_upgr_w_internal,2
wpn_mp7,3,3,1,up_sect_thirde_ump45,upgr_w_3_internal,st_upgr_w_internal,3
wpn_mp7,4,1,1,up_sect_fourta_ump45,upgr_w_1_internal,st_upgr_w_internal,1
wpn_mp7,4,2,1,up_sect_fourtc_ump45,upgr_w_2_internal,st_upgr_w_internal,2
wpn_mp7,4,3,1,up_sect_fourte_ump45,upgr_w_3_external,st_upgr_w_external,3
wpn_mp7,4,3,2,up_sect_fourtf_ump45,upgr_w_3_external,st_upgr_w_external,3
wpn_mp7,5,1,1,up_sect_fiftha_ump45,upgr_w_1_internal,st_upgr_w_internal,1
wpn_mp7,5,2,1,up_sect_fifthc_ump45,upgr_w_2_external,st_upgr_w_external,2
wpn_mp9,1,1,1,up_sect_firsta_mp5,upgr_w_1_internal,st_upgr_w_internal,1
wpn_mp9,1,2,1,up_sect_firstc_mp5,upgr_w_1_external,st_upgr_w_external,1
wpn_mp9,1,2,2,up_sect_firstd_mp5,upgr_w_1_internal,st_upgr_w_internal,1
wpn_mp9,1,3,1,up_sect_firste_mp5,upgr_w_2_internal,st_upgr_w_internal,2
wpn_mp9,2,1,1,up_sect_secona_mp5,upgr_w_1_internal,st_upgr_w_internal,1
wpn_mp9,2,2,1,up_sect_seconc_mp5,upgr_w_1_internal,st_upgr_w_internal,1
wpn_mp9,2,3,1,up_sect_secone_mp5,upgr_w_2_external,st_upgr_w_external,2
wpn_mp9,2,3,2,up_sect_seconf_mp5,upgr_w_2_internal,st_upgr_w_internal,2
wpn_mp9,3,1,1,up_sect_thirda_mp5,upgr_w_1_internal,st_upgr_w_internal,1
wpn_mp9,3,2,1,up_sect_thirdc_mp5,upgr_w_1_external,st_upgr_w_external,1
wpn_mp9,3,2,2,up_sect_thirdd_mp5,upgr_w_1_internal,st_upgr_w_internal,1
wpn_mp9,3,3,1,up_sect_thirde_mp5,upgr_w_2_internal,st_upgr_w_internal,2
wpn_mp9,4,1,1,up_sect_fourta_mp5,upgr_w_1_internal,st_upgr_w_internal,1
wpn_mp9,4,2,1,up_sect_fourtc_mp5,upgr_w_1_internal,st_upgr_w_internal,1
wpn_mp9,4,3,1,up_sect_fourte_mp5,upgr_w_2_external,st_upgr_w_external,2
wpn_mp9,4,3,2,up_sect_fourtf_mp5,upgr_w_2_external,st_upgr_w_external,2
wpn_mp9,5,1,1,up_sect_fiftha_mp5,upgr_w_1_optical,st_upgr_w_optical,1
wpn_mp9,5,2,1,up_sect_fifthc_mp5,upgr_w_1_internal,st_upgr_w_internal,1
wpn_oc33,1,1,1,up_sect_firsta_pm,upgr_w_1_internal,st_upgr_w_internal,1
wpn_oc33,1,2,1,up_sect_firstc_pm,upgr_w_1_external,st_upgr_w_external,1
wpn_oc33,1,2,2,up_sect_firstd_oc33,upgr_w_1_internal,st_upgr_w_internal,1
wpn_oc33,1,3,1,up_sect_firste_oc33,upgr_w_2_internal,st_upgr_w_internal,2
wpn_oc33,2,1,1,up_sect_secona_pm,upgr_w_1_external,st_upgr_w_external,1
wpn_oc33,2,2,1,up_sect_seconc_pm,upgr_w_1_internal,st_upgr_w_internal,1
wpn_oc33,3,1,1,up_sect_thirda_pm,upgr_w_1_external,st_upgr_w_external,1
wpn_oc33,3,2,1,up_sect_thirdc_pm,upgr_w_1_external,st_upgr_w_external,1
wpn_oc33,3,2,2,up_sect_thirdd_oc33,upgr_w_1_internal,st_upgr_w_internal,1
wpn_oc33,4,1,1,up_sect_fourta_pm,upgr_w_1_external,st_upgr_w_external,1
wpn_oc33,4,2,1,up_sect_fourtc_pm,upgr_w_1_external,st_upgr_w_external,1
wpn_oc33,5,1,1,up_sect_fiftha_oc33,upgr_w_1_optical,st_upgr_w_optical,1
wpn_oc33,5,2,1,up_sect_fifthc_pm,upgr_w_1_internal,st_upgr_w_internal,1
wpn_p90,1,1,1,up_sect_firsta_p90,upgr_w_1_internal,st_upgr_w_internal,1
wpn_p90,1,2,1,up_sect_firstc_p90,upgr_w_2_external,st_upgr_w_external,2
wpn_p90,1,2,2,up_sect_firstd_p90,upgr_w_2_internal,st_upgr_w_internal,2
wpn_p90,1,3,1,up_sect_firste_p90,upgr_w_3_external,st_upgr_w_external,3
wpn_p90,2,1,1,up_sect_secona_p90,upgr_w_1_internal,st_upgr_w_internal,1
wpn_p90,2,2,1,up_sect_seconc_p90,upgr_w_2_internal,st_upgr_w_internal,2
wpn_p90,2,3,1,up_sect_secone_p90,upgr_w_3_external,st_upgr_w_external,3
wpn_p90,2,3,2,up_sect_seconf_p90,upgr_w_3_internal,st_upgr_w_internal,3
wpn_p90,3,1,1,up_sect_thirda_p90,upgr_w_1_internal,st_upgr_w_internal,1
wpn_p90,3,2,1,up_sect_thirdc_p90,upgr_w_2_external,st_upgr_w_external,2
wpn_p90,3,2,2,up_sect_thirdd_p90,upgr_w_2_internal,st_upgr_w_internal,2
wpn_p90,3,3,1,up_sect_thirde_p90,upgr_w_3_external,st_upgr_w_external,3
wpn_p90,4,1,1,up_sect_fourta_p90,upgr_w_1_internal,st_upgr_w_internal,1
wpn_p90,4,2,1,up_sect_fourtc_p90,upgr_w_2_internal,st_upgr_w_internal,2
wpn_p90,4,3,1,up_sect_fourte_p90,upgr_w_3_internal,st_upgr_w_internal,3
wpn_p90,4,3,2,up_sect_fourtf_p90,upgr_w_3_external,st_upgr_w_external,3
wpn_p90,5,1,1,up_sect_fiftha_p90,upgr_w_1_internal,st_upgr_w_internal,1
wpn_p90,5,2,1,up_sect_fifthc_p90,upgr_w_2_external,st_upgr_w_external,2
wpn_p90_gs,1,1,1,up_sect_firsta_p90,upgr_w_1_internal,st_upgr_w_internal,1
wpn_p90_gs,1,2,1,up_sect_firstc_p90,upgr_w_2_external,st_upgr_w_external,2
wpn_p90_gs,1,2,2,up_sect_firstd_p90,upgr_w_2_internal,st_upgr_w_internal,2
wpn_p90_gs,1,3,1,up_sect_firste_p90,upgr_w_3_external,st_upgr_w_external,3
wpn_p90_gs,2,1,1,up_sect_secona_p90,upgr_w_1_internal,st_upgr_w_internal,1
wpn_p90_gs,2,2,1,up_sect_seconc_p90,upgr_w_2_internal,st_upgr_w_internal,2
wpn_p90_gs,2,3,1,up_sect_secone_p90,upgr_w_3_external,st_upgr_w_external,3
wpn_p90_gs,2,3,2,up_sect_seconf_p90,upgr_w_3_internal,st_upgr_w_internal,3
wpn_p90_gs,3,1,1,up_sect_thirda_p90,upgr_w_1_internal,st_upgr_w_internal,1
wpn_p90_gs,3,2,1,up_sect_thirdc_p90,upgr_w_2_external,st_upgr_w_external,2
wpn_p90_gs,3,2,2,up_sect_thirdd_p90,upgr_w_2_internal,st_upgr_w_internal,2
wpn_p90_gs,3,3,1,up_sect_thirde_p90,upgr_w_3_external,st_upgr_w_external,3
wpn_p90_gs,4,1,1,up_sect_fourta_p90,upgr_w_1_internal,st_upgr_w_internal,1
wpn_p90_gs,4,2,1,up_sect_fourtc_p90,upgr_w_2_internal,st_upgr_w_internal,2
wpn_p90_gs,4,3,1,up_sect_fourte_p90,upgr_w_3_internal,st_upgr_w_internal,3
wpn_p90_gs,4,3,2,up_sect_fourtf_p90,upgr_w_3_external,st_upgr_w_external,3
wpn_p90_gs,5,1,1,up_sect_fiftha_p90,upgr_w_1_internal,st_upgr_w_internal,1
wpn_p90_gs,5,2,1,up_sect_fifthc_p90,upgr_w_2_external,st_upgr_w_external,2
wpn_p90gamma,1,1,1,up_sect_firsta_p90,upgr_w_1_internal,st_upgr_w_internal,1
wpn_p90gamma,1,2,1,up_sect_firstc_p90,upgr_w_2_external,st_upgr_w_external,2
wpn_p90gamma,1,2,2,up_sect_firstd_p90,upgr_w_2_internal,st_upgr_w_internal,2
wpn_p90gamma,1,3,1,up_sect_firste_p90,upgr_w_3_external,st_upgr_w_external,3
wpn_p90gamma,2,1,1,up_sect_secona_p90,upgr_w_1_internal,st_upgr_w_internal,1
wpn_p90gamma,2,2,1,up_sect_seconc_p90,upgr_w_2_internal,st_upgr_w_internal,2
wpn_p90gamma,2,3,1,up_sect_secone_p90,upgr_w_3_external,st_upgr_w_external,3
wpn_p90gamma,2,3,2,up_sect_seconf_p90,upgr_w_3_internal,st_upgr_w_internal,3
wpn_p90gamma,3,1,1,up_sect_thirda_p90,upgr_w_1_internal,st_upgr_w_internal,1
wpn_p90gamma,3,2,1,up_sect_thirdc_p90,upgr_w_2_external,st_upgr_w_external,2
wpn_p90gamma,3,2,2,up_sect_thirdd_p90,upgr_w_2_internal,st_upgr_w_internal,2
wpn_p90gamma,3,3,1,up_sect_thirde_p90,upgr_w_3_external,st_upgr_w_external,3
wpn_p90gamma,4,1,1,up_sect_fourta_p90,upgr_w_1_internal,st_upgr_w_internal,1
wpn_p90gamma,4,2,1,up_sect_fourtc_p90,upgr_w_2_internal,st_upgr_w_internal,2
wpn_p90gamma,4,3,1,up_sect_fourte_p90,upgr_w_3_internal,st_upgr_w_internal,3
wpn_p90gamma,4,3,2,up_sect_fourtf_p90,upgr_w_3_external,st_upgr_w_external,3
wpn_p90gamma,5,1,1,up_sect_fiftha_p90,upgr_w_1_internal,st_upgr_w_internal,1
wpn_p90gamma,5,2,1,up_sect_fifthc_p90,upgr_w_2_external,st_upgr_w_external,2
wpn_pb,1,1,1,up_sect_firsta_pb,upgr_w_1_internal,st_upgr_w_internal,1
wpn_pb,1,2,1,up_sect_firstc_pb,upgr_w_1_internal,st_upgr_w_internal,1
wpn_pb,1,2,2,up_sect_firstd_pb,upgr_w_1_internal,st_upgr_w_internal,1
wpn_pb,1,3,1,up_sect_firste_pb,upgr_w_2_external,st_upgr_w_external,2
wpn_pb,2,1,1,up_sect_secona_pb,upgr_w_1_internal,st_upgr_w_internal,1
wpn_pb,2,2,1,up_sect_seconc_pb,upgr_w_1_internal,st_upgr_w_internal,1
wpn_pb,3,1,1,up_sect_thirda_pb,upgr_w_1_external,st_upgr_w_external,1
wpn_pb,3,2,1,up_sect_thirdc_pb,upgr_w_1_external,st_upgr_w_external,1
wpn_pb,3,3,1,up_sect_thirde_pb,upgr_w_2_external,st_upgr_w_external,2
wpn_pb,4,1,1,up_sect_fourta_pb,upgr_w_1_external,st_upgr_w_external,1
wpn_pb,4,2,1,up_sect_fourtc_pb,upgr_w_1_external,st_upgr_w_external,1
wpn_pb,5,1,1,up_sect_fiftha_pb,upgr_w_1_internal,st_upgr_w_internal,1
wpn_pb_bas,1,1,1,up_sect_firsta_pb,upgr_w_1_internal,st_upgr_w_internal,1
wpn_pb_bas,1,2,1,up_sect_firstc_pb,upgr_w_1_internal,st_upgr_w_internal,1
wpn_pb_bas,1,2,2,up_sect_firstd_pb,upgr_w_1_internal,st_upgr_w_internal,1
wpn_pb_bas,1,3,1,up_sect_firste_pb,upgr_w_2_external,st_upgr_w_external,2
wpn_pb_bas,2,1,1,up_sect_secona_pb,upgr_w_1_internal,st_upgr_w_internal,1
wpn_pb_bas,2,2,1,up_sect_seconc_pb,upgr_w_1_internal,st_upgr_w_internal,1
wpn_pb_bas,3,1,1,up_sect_thirda_pb,upgr_w_1_external,st_upgr_w_external,1
wpn_pb_bas,3,2,1,up_sect_thirdc_pb,upgr_w_1_external,st_upgr_w_external,1
wpn_pb_bas,3,3,1,up_sect_thirde_pb,upgr_w_2_external,st_upgr_w_external,2
wpn_pb_bas,4,1,1,up_sect_fourta_pb,upgr_w_1_external,st_upgr_w_external,1
wpn_pb_bas,4,2,1,up_sect_fourtc_pb,upgr_w_1_external,st_upgr_w_external,1
wpn_pb_bas,5,1,1,up_sect_fiftha_pb,upgr_w_1_internal,st_upgr_w_internal,1
wpn_pb_bas_custom,1,1,1,up_sect_firsta_pb,upgr_w_1_internal,st_upgr_w_internal,1
wpn_pb_bas_custom,1,2,1,up_sect_firstc_pb,upgr_w_1_internal,st_upgr_w_internal,1
wpn_pb_bas_custom,1,2,2,up_sect_firstd_pb,upgr_w_1_internal,st_upgr_w_internal,1
wpn_pb_bas_custom,1,3,1,up_sect_firste_pb,upgr_w_2_external,st_upgr_w_external,2
wpn_pb_bas_custom,2,1,1,up_sect_secona_pb,upgr_w_1_internal,st_upgr_w_internal,1
wpn_pb_bas_custom,2,2,1,up_sect_seconc_pb,upgr_w_1_internal,st_upgr_w_internal,1
wpn_pb_bas_custom,3,1,1,up_sect_thirda_pb,upgr_w_1_external,st_upgr_w_external,1
wpn_pb_bas_custom,3,2,1,up_sect_thirdc_pb,upgr_w_1_external,st_upgr_w_external,1
wpn_pb_bas_custom,3,3,1,up_sect_thirde_pb,upgr_w_2_external,st_upgr_w_external,2
wpn_pb_bas_custom,4,1,1,up_sect_fourta_pb,upgr_w_1_external,st_upgr_w_external,1
wpn_pb_bas_custom,4,2,1,up_sect_fourtc_pb,upgr_w_1_external,st_upgr_w_external,1
wpn_pb_bas_custom,5,1,1,up_sect_fiftha_pb,upgr_w_1_internal,st_upgr_w_internal,1
wpn_pkm,1,1,1,up_sect_firsta_pkm,upgr_w_2_internal,st_upgr_w_internal,2
wpn_pkm,1,2,1,up_sect_firstc_pkm,upgr_w_3_internal,st_upgr_w_internal,3
wpn_pkm,1,2,2,up_sect_firstd_pkm,upgr_w_3_external,st_upgr_w_external,3
wpn_pkm,1,3,1,up_sect_firste_pkm,upgr_w_3_internal,st_upgr_w_internal,3
wpn_pkm,2,1,1,up_sect_secona_pkm,upgr_w_2_internal,st_upgr_w_internal,2
wpn_pkm,2,2,1,up_sect_seconc_pkm,upgr_w_3_internal,st_upgr_w_internal,3
wpn_pkm,2,3,1,up_sect_secone_pkm,upgr_w_3_external,st_upgr_w_external,3
wpn_pkm,2,3,2,up_sect_seconf_pkm,upgr_w_3_internal,st_upgr_w_internal,3
wpn_pkm,3,1,1,up_sect_thirda_pkm,upgr_w_2_internal,st_upgr_w_internal,2
wpn_pkm,3,2,1,up_sect_thirdc_pkm,upgr_w_3_internal,st_upgr_w_internal,3
wpn_pkm,3,2,2,up_sect_thirdd_pkm,upgr_w_3_internal,st_upgr_w_internal,3
wpn_pkm,3,3,1,up_sect_thirde_pkm,upgr_w_3_external,st_upgr_w_external,3
wpn_pkm,4,1,1,up_sect_fourta_pkm,upgr_w_2_external,st_upgr_w_external,2
wpn_pkm,4,2,1,up_sect_fourtc_pkm,upgr_w_3_external,st_upgr_w_external,3
wpn_pkm,4,3,1,up_sect_fourte_pkm,upgr_w_3_internal,st_upgr_w_internal,3
wpn_pkm,5,1,1,up_sect_fiftha_pkm,upgr_w_2_internal,st_upgr_w_internal,2
wpn_pkm_siber,1,1,1,up_sect_firsta_pkm,upgr_w_2_internal,st_upgr_w_internal,2
wpn_pkm_siber,1,2,1,up_sect_firstc_pkm,upgr_w_3_internal,st_upgr_w_internal,3
wpn_pkm_siber,1,2,2,up_sect_firstd_pkm,upgr_w_3_external,st_upgr_w_external,3
wpn_pkm_siber,1,3,1,up_sect_firste_pkm,upgr_w_3_internal,st_upgr_w_internal,3
wpn_pkm_siber,2,1,1,up_sect_secona_pkm,upgr_w_2_internal,st_upgr_w_internal,2
wpn_pkm_siber,2,2,1,up_sect_seconc_pkm,upgr_w_3_internal,st_upgr_w_internal,3
wpn_pkm_siber,2,3,1,up_sect_secone_pkm,upgr_w_3_external,st_upgr_w_external,3
wpn_pkm_siber,2,3,2,up_sect_seconf_pkm,upgr_w_3_internal,st_upgr_w_internal,3
wpn_pkm_siber,3,1,1,up_sect_thirda_pkm,upgr_w_2_internal,st_upgr_w_internal,2
wpn_pkm_siber,3,2,1,up_sect_thirdc_pkm,upgr_w_3_internal,st_upgr_w_internal,3
wpn_pkm_siber,3,2,2,up_sect_thirdd_pkm,upgr_w_3_internal,st_upgr_w_internal,3
wpn_pkm_siber,3,3,1,up_sect_thirde_pkm,upgr_w_3_external,st_upgr_w_external,3
wpn_pkm_siber,4,1,1,up_sect_fourta_pkm,upgr_w_2_external,st_upgr_w_external,2
wpn_pkm_siber,4,2,1,up_sect_fourtc_pkm,upgr_w_3_external,st_upgr_w_external,3
wpn_pkm_siber,4,3,1,up_sect_fourte_pkm,upgr_w_3_internal,st_upgr_w_internal,3
wpn_pkm_siber,5,1,1,up_sect_fiftha_pkm,upgr_w_2_internal,st_upgr_w_internal,2
wpn_pkm_zenit_siber,1,1,1,up_sect_firsta_pkm,upgr_w_2_internal,st_upgr_w_internal,2
wpn_pkm_zenit_siber,1,2,1,up_sect_firstc_pkm,upgr_w_3_internal,st_upgr_w_internal,3
wpn_pkm_zenit_siber,1,2,2,up_sect_firstd_pkm,upgr_w_3_external,st_upgr_w_external,3
wpn_pkm_zenit_siber,1,3,1,up_sect_firste_pkm,upgr_w_3_internal,st_upgr_w_internal,3
wpn_pkm_zenit_siber,2,1,1,up_sect_secona_pkm,upgr_w_2_internal,st_upgr_w_internal,2
wpn_pkm_zenit_siber,2,2,1,up_sect_seconc_pkm,upgr_w_3_internal,st_upgr_w_internal,3
wpn_pkm_zenit_siber,2,3,1,up_sect_secone_pkm,upgr_w_3_external,st_upgr_w_external,3
wpn_pkm_zenit_siber,2,3,2,up_sect_seconf_pkm,upgr_w_3_internal,st_upgr_w_internal,3
wpn_pkm_zenit_siber,3,1,1,up_sect_thirda_pkm,upgr_w_2_internal,st_upgr_w_internal,2
wpn_pkm_zenit_siber,3,2,1,up_sect_thirdc_pkm,upgr_w_3_internal,st_upgr_w_internal,3
wpn_pkm_zenit_siber,3,2,2,up_sect_thirdd_pkm,upgr_w_3_internal,st_upgr_w_internal,3
wpn_pkm_zenit_siber,3,3,1,up_sect_thirde_pkm,upgr_w_3_external,st_upgr_w_external,3
wpn_pkm_zenit_siber,4,1,1,up_sect_fourta_pkm,upgr_w_2_external,st_upgr_w_external,2
wpn_pkm_zenit_siber,4,2,1,up_sect_fourtc_pkm,upgr_w_3_external,st_upgr_w_external,3
wpn_pkm_zenit_siber,4,3,1,up_sect_fourte_pkm,upgr_w_3_internal,st_upgr_w_internal,3
wpn_pkm_zenit_siber,5,1,1,up_sect_fiftha_pkm,upgr_w_2_internal,st_upgr_w_internal,2
wpn_pkm_zulus,1,1,1,up_sect_firsta_pkm,upgr_w_2_internal,st_upgr_w_internal,2
wpn_pkm_zulus,1,2,1,up_sect_firstc_pkm,upgr_w_3_internal,st_upgr_w_internal,3
wpn_pkm_zulus,1,2,2,up_sect_firstd_pkm,upgr_w_3_external,st_upgr_w_external,3
wpn_pkm_zulus,1,3,1,up_sect_firste_pkm,upgr_w_3_internal,st_upgr_w_internal,3
wpn_pkm_zulus,2,1,1,up_sect_secona_pkm,upgr_w_2_internal,st_upgr_w_internal,2
wpn_pkm_zulus,2,2,1,up_sect_seconc_pkm,upgr_w_3_internal,st_upgr_w_internal,3
wpn_pkm_zulus,2,3,1,up_sect_secone_pkm,upgr_w_3_external,st_upgr_w_external,3
wpn_pkm_zulus,2,3,2,up_sect_seconf_pkm,upgr_w_3_internal,st_upgr_w_internal,3
wpn_pkm_zulus,3,1,1,up_sect_thirda_pkm,upgr_w_2_internal,st_upgr_w_internal,2
wpn_pkm_zulus,3,2,1,up_sect_thirdc_pkm,upgr_w_3_internal,st_upgr_w_internal,3
wpn_pkm_zulus,3,2,2,up_sect_thirdd_pkm,upgr_w_3_internal,st_upgr_w_internal,3
wpn_pkm_zulus,3,3,1,up_sect_thirde_pkm,upgr_w_3_external,st_upgr_w_external,3
wpn_pkm_zulus,4,1,1,up_sect_fourta_pkm,upgr_w_2_external,st_upgr_w_external,2
wpn_pkm_zulus,4,2,1,up_sect_fourtc_pkm,upgr_w_3_external,st_upgr_w_external,3
wpn_pkm_zulus,4,3,1,up_sect_fourte_pkm,upgr_w_3_internal,st_upgr_w_internal,3
wpn_pkm_zulus,5,1,1,up_sect_fiftha_pkm,upgr_w_2_internal,st_upgr_w_internal,2
wpn_pkp,1,1,1,up_sect_firsta_pkm,upgr_w_2_internal,st_upgr_w_internal,2
wpn_pkp,1,2,1,up_sect_firstc_pkm,upgr_w_3_internal,st_upgr_w_internal,3
wpn_pkp,1,2,2,up_sect_firstd_pkm,upgr_w_3_external,st_upgr_w_external,3
wpn_pkp,1,3,1,up_sect_firste_pkm,upgr_w_3_internal,st_upgr_w_internal,3
wpn_pkp,2,1,1,up_sect_secona_pkm,upgr_w_2_internal,st_upgr_w_internal,2
wpn_pkp,2,2,1,up_sect_seconc_pkm,upgr_w_3_internal,st_upgr_w_internal,3
wpn_pkp,2,3,1,up_sect_secone_pkm,upgr_w_3_external,st_upgr_w_external,3
wpn_pkp,2,3,2,up_sect_seconf_pkm,upgr_w_3_internal,st_upgr_w_internal,3
wpn_pkp,3,1,1,up_sect_thirda_pkm,upgr_w_2_internal,st_upgr_w_internal,2
wpn_pkp,3,2,1,up_sect_thirdc_pkm,upgr_w_3_internal,st_upgr_w_internal,3
wpn_pkp,3,2,2,up_sect_thirdd_pkm,upgr_w_3_internal,st_upgr_w_internal,3
wpn_pkp,3,3,1,up_sect_thirde_pkm,upgr_w_3_external,st_upgr_w_external,3
wpn_pkp,4,1,1,up_sect_fourta_pkm,upgr_w_2_external,st_upgr_w_external,2
wpn_pkp,4,2,1,up_sect_fourtc_pkm,upgr_w_3_external,st_upgr_w_external,3
wpn_pkp,4,3,1,up_sect_fourte_pkm,upgr_w_3_internal,st_upgr_w_internal,3
wpn_pkp,5,1,1,up_sect_fiftha_pkm,upgr_w_2_internal,st_upgr_w_internal,2
wpn_pkp_siber,1,1,1,up_sect_firsta_pkm,upgr_w_2_internal,st_upgr_w_internal,2
wpn_pkp_siber,1,2,1,up_sect_firstc_pkm,upgr_w_3_internal,st_upgr_w_internal,3
wpn_pkp_siber,1,2,2,up_sect_firstd_pkm,upgr_w_3_external,st_upgr_w_external,3
wpn_pkp_siber,1,3,1,up_sect_firste_pkm,upgr_w_3_internal,st_upgr_w_internal,3
wpn_pkp_siber,2,1,1,up_sect_secona_pkm,upgr_w_2_internal,st_upgr_w_internal,2
wpn_pkp_siber,2,2,1,up_sect_seconc_pkm,upgr_w_3_internal,st_upgr_w_internal,3
wpn_pkp_siber,2,3,1,up_sect_secone_pkm,upgr_w_3_external,st_upgr_w_external,3
wpn_pkp_siber,2,3,2,up_sect_seconf_pkm,upgr_w_3_internal,st_upgr_w_internal,3
wpn_pkp_siber,3,1,1,up_sect_thirda_pkm,upgr_w_2_internal,st_upgr_w_internal,2
wpn_pkp_siber,3,2,1,up_sect_thirdc_pkm,upgr_w_3_internal,st_upgr_w_internal,3
wpn_pkp_siber,3,2,2,up_sect_thirdd_pkm,upgr_w_3_internal,st_upgr_w_internal,3
wpn_pkp_siber,3,3,1,up_sect_thirde_pkm,upgr_w_3_external,st_upgr_w_external,3
wpn_pkp_siber,4,1,1,up_sect_fourta_pkm,upgr_w_2_external,st_upgr_w_external,2
wpn_pkp_siber,4,2,1,up_sect_fourtc_pkm,upgr_w_3_external,st_upgr_w_external,3
wpn_pkp_siber,4,3,1,up_sect_fourte_pkm,upgr_w_3_internal,st_upgr_w_internal,3
wpn_pkp_siber,5,1,1,up_sect_fiftha_pkm,upgr_w_2_internal,st_upgr_w_internal,2
wpn_pl15,1,1,1,up_sect_firsta_fn57,upgr_w_1_external,st_upgr_w_external,1
wpn_pl15,1,2,1,up_sect_firstc_fn57,upgr_w_1_internal,st_upgr_w_internal,1
wpn_pl15,1,2,2,up_sect_firstd_fn57,upgr_w_1_external,st_upgr_w_external,1
wpn_pl15,1,3,1,up_sect_firste_fn57,upgr_w_2_internal,st_upgr_w_internal,2
wpn_pl15,2,1,1,up_sect_secona_fn57,upgr_w_1_external,st_upgr_w_external,1
wpn_pl15,2,2,1,up_sect_seconc_fn57,upgr_w_1_internal,st_upgr_w_internal,1
wpn_pl15,2,3,1,up_sect_secone_fn57,upgr_w_2_internal,st_upgr_w_internal,2
wpn_pl15,2,3,2,up_sect_seconf_fn57,upgr_w_2_external,st_upgr_w_external,2
wpn_pl15,3,1,1,up_sect_thirda_fn57,upgr_w_1_internal,st_upgr_w_internal,1
wpn_pl15,3,2,1,up_sect_thirdc_fn57,upgr_w_1_external,st_upgr_w_external,1
wpn_pl15,3,2,2,up_sect_thirdd_fn57,upgr_w_1_internal,st_upgr_w_internal,1
wpn_pl15,4,1,1,up_sect_fourta_fn57,upgr_w_1_external,st_upgr_w_external,1
wpn_pl15,4,2,1,up_sect_fourtc_fn57,upgr_w_1_internal,st_upgr_w_internal,1
wpn_pl15,5,1,1,up_sect_fiftha_fn57,upgr_w_1_internal,st_upgr_w_internal,1
wpn_pl15_pl15_scolaz,1,1,1,up_sect_firsta_fn57,upgr_w_1_external,st_upgr_w_external,1
wpn_pl15_pl15_scolaz,1,2,1,up_sect_firstc_fn57,upgr_w_1_internal,st_upgr_w_internal,1
wpn_pl15_pl15_scolaz,1,2,2,up_sect_firstd_fn57,upgr_w_1_external,st_upgr_w_external,1
wpn_pl15_pl15_scolaz,1,3,1,up_sect_firste_fn57,upgr_w_2_internal,st_upgr_w_internal,2
wpn_pl15_pl15_scolaz,2,1,1,up_sect_secona_fn57,upgr_w_1_external,st_upgr_w_external,1
wpn_pl15_pl15_scolaz,2,2,1,up_sect_seconc_fn57,upgr_w_1_internal,st_upgr_w_internal,1
wpn_pl15_pl15_scolaz,2,3,1,up_sect_secone_fn57,upgr_w_2_internal,st_upgr_w_internal,2
wpn_pl15_pl15_scolaz,2,3,2,up_sect_seconf_fn57,upgr_w_2_external,st_upgr_w_external,2
wpn_pl15_pl15_scolaz,3,1,1,up_sect_thirda_fn57,upgr_w_1_internal,st_upgr_w_internal,1
wpn_pl15_pl15_scolaz,3,2,1,up_sect_thirdc_fn57,upgr_w_1_external,st_upgr_w_external,1
wpn_pl15_pl15_scolaz,3,2,2,up_sect_thirdd_fn57,upgr_w_1_internal,st_upgr_w_internal,1
wpn_pl15_pl15_scolaz,4,1,1,up_sect_fourta_fn57,upgr_w_1_external,st_upgr_w_external,1
wpn_pl15_pl15_scolaz,4,2,1,up_sect_fourtc_fn57,upgr_w_1_internal,st_upgr_w_internal,1
wpn_pl15_pl15_scolaz,5,1,1,up_sect_fiftha_fn57,upgr_w_1_internal,st_upgr_w_internal,1
wpn_pl15_tan,1,1,1,up_sect_firsta_fn57,upgr_w_1_external,st_upgr_w_external,1
wpn_pl15_tan,1,2,1,up_sect_firstc_fn57,upgr_w_1_internal,st_upgr_w_internal,1
wpn_pl15_tan,1,2,2,up_sect_firstd_fn57,upgr_w_1_external,st_upgr_w_external,1
wpn_pl15_tan,1,3,1,up_sect_firste_fn57,upgr_w_2_internal,st_upgr_w_internal,2
wpn_pl15_tan,2,1,1,up_sect_secona_fn57,upgr_w_1_external,st_upgr_w_external,1
wpn_pl15_tan,2,2,1,up_sect_seconc_fn57,upgr_w_1_internal,st_upgr_w_internal,1
wpn_pl15_tan,2,3,1,up_sect_secone_fn57,upgr_w_2_internal,st_upgr_w_internal,2
wpn_pl15_tan,2,3,2,up_sect_seconf_fn57,upgr_w_2_external,st_upgr_w_external,2
wpn_pl15_tan,3,1,1,up_sect_thirda_fn57,upgr_w_1_internal,st_upgr_w_internal,1
wpn_pl15_tan,3,2,1,up_sect_thirdc_fn57,upgr_w_1_external,st_upgr_w_external,1
wpn_pl15_tan,3,2,2,up_sect_thirdd_fn57,upgr_w_1_internal,st_upgr_w_internal,1
wpn_pl15_tan,4,1,1,up_sect_fourta_fn57,upgr_w_1_external,st_upgr_w_external,1
wpn_pl15_tan,4,2,1,up_sect_fourtc_fn57,upgr_w_1_internal,st_upgr_w_internal,1
wpn_pl15_tan,5,1,1,up_sect_fiftha_fn57,upgr_w_1_internal,st_upgr_w_internal,1
wpn_pl15_tan_pl15_scolaz,1,1,1,up_sect_firsta_fn57,upgr_w_1_external,st_upgr_w_external,1
wpn_pl15_tan_pl15_scolaz,1,2,1,up_sect_firstc_fn57,upgr_w_1_internal,st_upgr_w_internal,1
wpn_pl15_tan_pl15_scolaz,1,2,2,up_sect_firstd_fn57,upgr_w_1_external,st_upgr_w_external,1
wpn_pl15_tan_pl15_scolaz,1,3,1,up_sect_firste_fn57,upgr_w_2_internal,st_upgr_w_internal,2
wpn_pl15_tan_pl15_scolaz,2,1,1,up_sect_secona_fn57,upgr_w_1_external,st_upgr_w_external,1
wpn_pl15_tan_pl15_scolaz,2,2,1,up_sect_seconc_fn57,upgr_w_1_internal,st_upgr_w_internal,1
wpn_pl15_tan_pl15_scolaz,2,3,1,up_sect_secone_fn57,upgr_w_2_internal,st_upgr_w_internal,2
wpn_pl15_tan_pl15_scolaz,2,3,2,up_sect_seconf_fn57,upgr_w_2_external,st_upgr_w_external,2
wpn_pl15_tan_pl15_scolaz,3,1,1,up_sect_thirda_fn57,upgr_w_1_internal,st_upgr_w_internal,1
wpn_pl15_tan_pl15_scolaz,3,2,1,up_sect_thirdc_fn57,upgr_w_1_external,st_upgr_w_external,1
wpn_pl15_tan_pl15_scolaz,3,2,2,up_sect_thirdd_fn57,upgr_w_1_internal,st_upgr_w_internal,1
wpn_pl15_tan_pl15_scolaz,4,1,1,up_sect_fourta_fn57,upgr_w_1_external,st_upgr_w_external,1
wpn_pl15_tan_pl15_scolaz,4,2,1,up_sect_fourtc_fn57,upgr_w_1_internal,st_upgr_w_internal,1
wpn_pl15_tan_pl15_scolaz,5,1,1,up_sect_fiftha_fn57,upgr_w_1_internal,st_upgr_w_internal,1
wpn_pm,1,1,1,up_sect_firsta_pm,upgr_w_1_internal,st_upgr_w_internal,1
wpn_pm,1,2,1,up_sect_firstc_pm,upgr_w_1_external,st_upgr_w_external,1
wpn_pm,1,2,2,up_sect_firstd_pm,upgr_w_1_internal,st_upgr_w_internal,1
wpn_pm,1,3,1,up_sect_firste_pm,upgr_w_2_internal,st_upgr_w_internal,2
wpn_pm,2,1,1,up_sect_secona_pm,upgr_w_1_external,st_upgr_w_external,1
wpn_pm,2,2,1,up_sect_seconc_pm,upgr_w_1_internal,st_upgr_w_internal,1
wpn_pm,3,1,1,up_sect_thirda_pm,upgr_w_1_external,st_upgr_w_external,1
wpn_pm,3,2,1,up_sect_thirdc_pm,upgr_w_1_external,st_upgr_w_external,1
wpn_pm,3,2,2,up_sect_thirdd_pm,upgr_w_1_internal,st_upgr_w_internal,1
wpn_pm,4,1,1,up_sect_fourta_pm,upgr_w_1_external,st_upgr_w_external,1
wpn_pm,4,2,1,up_sect_fourtc_pm,upgr_w_1_external,st_upgr_w_external,1
wpn_pm,5,1,1,up_sect_fiftha_pm,upgr_w_1_internal,st_upgr_w_internal,1
wpn_pm,5,2,1,up_sect_fifthc_pm,upgr_w_1_internal,st_upgr_w_internal,1
wpn_pm_actor,1,1,1,up_sect_firsta_pm,upgr_w_1_internal,st_upgr_w_internal,1
wpn_pm_actor,1,2,1,up_sect_firstc_pm,upgr_w_1_external,st_upgr_w_external,1
wpn_pm_actor,1,2,2,up_sect_firstd_pm,upgr_w_1_internal,st_upgr_w_internal,1
wpn_pm_actor,1,3,1,up_sect_firste_pm,upgr_w_2_internal,st_upgr_w_internal,2
wpn_pm_actor,2,1,1,up_sect_secona_pm,upgr_w_1_external,st_upgr_w_external,1
wpn_pm_actor,2,2,1,up_sect_seconc_pm,upgr_w_1_internal,st_upgr_w_internal,1
wpn_pm_actor,3,1,1,up_sect_thirda_pm,upgr_w_1_external,st_upgr_w_external,1
wpn_pm_actor,3,2,1,up_sect_thirdc_pm,upgr_w_1_external,st_upgr_w_external,1
wpn_pm_actor,3,2,2,up_sect_thirdd_pm,upgr_w_1_internal,st_upgr_w_internal,1
wpn_pm_actor,4,1,1,up_sect_fourta_pm,upgr_w_1_external,st_upgr_w_external,1
wpn_pm_actor,4,2,1,up_sect_fourtc_pm,upgr_w_1_external,st_upgr_w_external,1
wpn_pm_actor,5,1,1,up_sect_fiftha_pm,upgr_w_1_internal,st_upgr_w_internal,1
wpn_pm_actor,5,2,1,up_sect_fifthc_pm,upgr_w_1_internal,st_upgr_w_internal,1
wpn_pm_bas,1,1,1,up_sect_firsta_pm,upgr_w_1_internal,st_upgr_w_internal,1
wpn_pm_bas,1,2,1,up_sect_firstc_pm,upgr_w_1_external,st_upgr_w_external,1
wpn_pm_bas,1,2,2,up_sect_firstd_pm,upgr_w_1_internal,st_upgr_w_internal,1
wpn_pm_bas,1,3,1,up_sect_firste_pm,upgr_w_2_internal,st_upgr_w_internal,2
wpn_pm_bas,2,1,1,up_sect_secona_pm,upgr_w_1_external,st_upgr_w_external,1
wpn_pm_bas,2,2,1,up_sect_seconc_pm,upgr_w_1_internal,st_upgr_w_internal,1
wpn_pm_bas,3,1,1,up_sect_thirda_pm,upgr_w_1_external,st_upgr_w_external,1
wpn_pm_bas,3,2,1,up_sect_thirdc_pm,upgr_w_1_external,st_upgr_w_external,1
wpn_pm_bas,3,2,2,up_sect_thirdd_pm,upgr_w_1_internal,st_upgr_w_internal,1
wpn_pm_bas,4,1,1,up_sect_fourta_pm,upgr_w_1_external,st_upgr_w_external,1
wpn_pm_bas,4,2,1,up_sect_fourtc_pm,upgr_w_1_external,st_upgr_w_external,1
wpn_pm_bas,5,1,1,up_sect_fiftha_pm,upgr_w_1_internal,st_upgr_w_internal,1
wpn_pm_bas,5,2,1,up_sect_fifthc_pm,upgr_w_1_internal,st_upgr_w_internal,1
wpn_pm_bas_actor,1,1,1,up_sect_firsta_pm,upgr_w_1_internal,st_upgr_w_internal,1
wpn_pm_bas_actor,1,2,1,up_sect_firstc_pm,upgr_w_1_external,st_upgr_w_external,1
wpn_pm_bas_actor,1,2,2,up_sect_firstd_pm,upgr_w_1_internal,st_upgr_w_internal,1
wpn_pm_bas_actor,1,3,1,up_sect_firste_pm,upgr_w_2_internal,st_upgr_w_internal,2
wpn_pm_bas_actor,2,1,1,up_sect_secona_pm,upgr_w_1_external,st_upgr_w_external,1
wpn_pm_bas_actor,2,2,1,up_sect_seconc_pm,upgr_w_1_internal,st_upgr_w_internal,1
wpn_pm_bas_actor,3,1,1,up_sect_thirda_pm,upgr_w_1_external,st_upgr_w_external,1
wpn_pm_bas_actor,3,2,1,up_sect_thirdc_pm,upgr_w_1_external,st_upgr_w_external,1
wpn_pm_bas_actor,3,2,2,up_sect_thirdd_pm,upgr_w_1_internal,st_upgr_w_internal,1
wpn_pm_bas_actor,4,1,1,up_sect_fourta_pm,upgr_w_1_external,st_upgr_w_external,1
wpn_pm_bas_actor,4,2,1,up_sect_fourtc_pm,upgr_w_1_external,st_upgr_w_external,1
wpn_pm_bas_actor,5,1,1,up_sect_fiftha_pm,upgr_w_1_internal,st_upgr_w_internal,1
wpn_pm_bas_actor,5,2,1,up_sect_fifthc_pm,upgr_w_1_internal,st_upgr_w_internal,1
wpn_pm_bas_custom,1,1,1,up_sect_firsta_pm,upgr_w_1_internal,st_upgr_w_internal,1
wpn_pm_bas_custom,1,2,1,up_sect_firstc_pm,upgr_w_1_external,st_upgr_w_external,1
wpn_pm_bas_custom,1,2,2,up_sect_firstd_pm,upgr_w_1_internal,st_upgr_w_internal,1
wpn_pm_bas_custom,1,3,1,up_sect_firste_pm,upgr_w_2_internal,st_upgr_w_internal,2
wpn_pm_bas_custom,2,1,1,up_sect_secona_pm,upgr_w_1_external,st_upgr_w_external,1
wpn_pm_bas_custom,2,2,1,up_sect_seconc_pm,upgr_w_1_internal,st_upgr_w_internal,1
wpn_pm_bas_custom,3,1,1,up_sect_thirda_pm,upgr_w_1_external,st_upgr_w_external,1
wpn_pm_bas_custom,3,2,1,up_sect_thirdc_pm,upgr_w_1_external,st_upgr_w_external,1
wpn_pm_bas_custom,3,2,2,up_sect_thirdd_pm,upgr_w_1_internal,st_upgr_w_internal,1
wpn_pm_bas_custom,4,1,1,up_sect_fourta_pm,upgr_w_1_external,st_upgr_w_external,1
wpn_pm_bas_custom,4,2,1,up_sect_fourtc_pm,upgr_w_1_external,st_upgr_w_external,1
wpn_pm_bas_custom,5,1,1,up_sect_fiftha_pm,upgr_w_1_internal,st_upgr_w_internal,1
wpn_pm_bas_custom,5,2,1,up_sect_fifthc_pm,upgr_w_1_internal,st_upgr_w_internal,1
wpn_pm_custom,1,1,1,up_sect_firsta_pm,upgr_w_1_internal,st_upgr_w_internal,1
wpn_pm_custom,1,2,1,up_sect_firstc_pm,upgr_w_1_external,st_upgr_w_external,1
wpn_pm_custom,1,2,2,up_sect_firstd_pm,upgr_w_1_internal,st_upgr_w_internal,1
wpn_pm_custom,1,3,1,up_sect_firste_pm,upgr_w_2_internal,st_upgr_w_internal,2
wpn_pm_custom,2,1,1,up_sect_secona_pm,upgr_w_1_external,st_upgr_w_external,1
wpn_pm_custom,2,2,1,up_sect_seconc_pm,upgr_w_1_internal,st_upgr_w_internal,1
wpn_pm_custom,3,1,1,up_sect_thirda_pm,upgr_w_1_external,st_upgr_w_external,1
wpn_pm_custom,3,2,1,up_sect_thirdc_pm,upgr_w_1_external,st_upgr_w_external,1
wpn_pm_custom,3,2,2,up_sect_thirdd_pm,upgr_w_1_internal,st_upgr_w_internal,1
wpn_pm_custom,4,1,1,up_sect_fourta_pm,upgr_w_1_external,st_upgr_w_external,1
wpn_pm_custom,4,2,1,up_sect_fourtc_pm,upgr_w_1_external,st_upgr_w_external,1
wpn_pm_custom,5,1,1,up_sect_fiftha_pm,upgr_w_1_internal,st_upgr_w_internal,1
wpn_pm_custom,5,2,1,up_sect_fifthc_pm,upgr_w_1_internal,st_upgr_w_internal,1
wpn_pmm_bas,1,1,1,up_sect_firsta_pm,upgr_w_1_internal,st_upgr_w_internal,1
wpn_pmm_bas,1,2,1,up_sect_firstc_pm,upgr_w_1_external,st_upgr_w_external,1
wpn_pmm_bas,1,2,2,up_sect_firstd_pm,upgr_w_1_internal,st_upgr_w_internal,1
wpn_pmm_bas,1,3,1,up_sect_firste_pm,upgr_w_2_internal,st_upgr_w_internal,2
wpn_pmm_bas,2,1,1,up_sect_secona_pm,upgr_w_1_external,st_upgr_w_external,1
wpn_pmm_bas,2,2,1,up_sect_seconc_pm,upgr_w_1_internal,st_upgr_w_internal,1
wpn_pmm_bas,3,1,1,up_sect_thirda_pm,upgr_w_1_external,st_upgr_w_external,1
wpn_pmm_bas,3,2,1,up_sect_thirdc_pm,upgr_w_1_external,st_upgr_w_external,1
wpn_pmm_bas,3,2,2,up_sect_thirdd_pm,upgr_w_1_internal,st_upgr_w_internal,1
wpn_pmm_bas,4,1,1,up_sect_fourta_pm,upgr_w_1_external,st_upgr_w_external,1
wpn_pmm_bas,4,2,1,up_sect_fourtc_pm,upgr_w_1_external,st_upgr_w_external,1
wpn_pmm_bas,5,1,1,up_sect_fiftha_pm,upgr_w_1_internal,st_upgr_w_internal,1
wpn_pmm_bas,5,2,1,up_sect_fifthc_pm,upgr_w_1_internal,st_upgr_w_internal,1
wpn_pp2000,1,1,1,up_sect_firsta_bizon,upgr_w_1_internal,st_upgr_w_internal,1
wpn_pp2000,1,2,1,up_sect_firstc_bizon,upgr_w_1_external,st_upgr_w_external,1
wpn_pp2000,1,2,2,up_sect_firstd_bizon,upgr_w_1_internal,st_upgr_w_internal,1
wpn_pp2000,1,3,1,up_sect_firste_bizon,upgr_w_2_internal,st_upgr_w_internal,2
wpn_pp2000,2,1,1,up_sect_secona_bizon,upgr_w_1_internal,st_upgr_w_internal,1
wpn_pp2000,2,2,1,up_sect_seconc_bizon,upgr_w_1_internal,st_upgr_w_internal,1
wpn_pp2000,2,3,1,up_sect_secone_pp2000,upgr_w_2_external,st_upgr_w_external,2
wpn_pp2000,2,3,2,up_sect_seconf_pp2000,upgr_w_2_internal,st_upgr_w_internal,2
wpn_pp2000,3,1,1,up_sect_thirda_bizon,upgr_w_1_internal,st_upgr_w_internal,1
wpn_pp2000,3,2,1,up_sect_thirdc_bizon,upgr_w_1_external,st_upgr_w_external,1
wpn_pp2000,3,2,2,up_sect_thirdd_bizon,upgr_w_1_internal,st_upgr_w_internal,1
wpn_pp2000,3,3,1,up_sect_thirde_bizon,upgr_w_2_external,st_upgr_w_external,2
wpn_pp2000,4,1,1,up_sect_fourta_bizon,upgr_w_1_internal,st_upgr_w_internal,1
wpn_pp2000,4,2,1,up_sect_fourtc_bizon,upgr_w_1_internal,st_upgr_w_internal,1
wpn_pp2000,4,3,1,up_sect_fourte_bizon,upgr_w_2_external,st_upgr_w_external,2
wpn_pp2000,4,3,2,up_sect_fourtf_bizon,upgr_w_2_external,st_upgr_w_external,2
wpn_pp2000,5,1,1,up_sect_fiftha_bizon,upgr_w_1_internal,st_upgr_w_internal,1
wpn_pp2000,5,2,1,up_sect_fifthc_pp2000,upgr_w_1_internal,st_upgr_w_internal,1
wpn_pp2000_operator,1,1,1,up_sect_firsta_bizon,upgr_w_1_internal,st_upgr_w_internal,1
wpn_pp2000_operator,1,2,1,up_sect_firstc_bizon,upgr_w_1_external,st_upgr_w_external,1
wpn_pp2000_operator,1,2,2,up_sect_firstd_bizon,upgr_w_1_internal,st_upgr_w_internal,1
wpn_pp2000_operator,1,3,1,up_sect_firste_bizon,upgr_w_2_internal,st_upgr_w_internal,2
wpn_pp2000_operator,2,1,1,up_sect_secona_bizon,upgr_w_1_internal,st_upgr_w_internal,1
wpn_pp2000_operator,2,2,1,up_sect_seconc_bizon,upgr_w_1_internal,st_upgr_w_internal,1
wpn_pp2000_operator,2,3,1,up_sect_secone_pp2000,upgr_w_2_external,st_upgr_w_external,2
wpn_pp2000_operator,2,3,2,up_sect_seconf_pp2000,upgr_w_2_internal,st_upgr_w_internal,2
wpn_pp2000_operator,3,1,1,up_sect_thirda_bizon,upgr_w_1_internal,st_upgr_w_internal,1
wpn_pp2000_operator,3,2,1,up_sect_thirdc_bizon,upgr_w_1_external,st_upgr_w_external,1
wpn_pp2000_operator,3,2,2,up_sect_thirdd_bizon,upgr_w_1_internal,st_upgr_w_internal,1
wpn_pp2000_operator,3,3,1,up_sect_thirde_bizon,upgr_w_2_external,st_upgr_w_external,2
wpn_pp2000_operator,4,1,1,up_sect_fourta_bizon,upgr_w_1_internal,st_upgr_w_internal,1
wpn_pp2000_operator,4,2,1,up_sect_fourtc_bizon,upgr_w_1_internal,st_upgr_w_internal,1
wpn_pp2000_operator,4,3,1,up_sect_fourte_bizon,upgr_w_2_external,st_upgr_w_external,2
wpn_pp2000_operator,4,3,2,up_sect_fourtf_bizon,upgr_w_2_external,st_upgr_w_external,2
wpn_pp2000_operator,5,1,1,up_sect_fiftha_bizon,upgr_w_1_internal,st_upgr_w_internal,1
wpn_pp2000_operator,5,2,1,up_sect_fifthc_pp2000,upgr_w_1_internal,st_upgr_w_internal,1
wpn_ppsh41,1,1,1,up_sect_firsta_ppsh41,upgr_w_1_internal,st_upgr_w_internal,1
wpn_ppsh41,1,2,1,up_sect_firstc_ppsh41,upgr_w_1_internal,st_upgr_w_internal,1
wpn_ppsh41,1,2,2,up_sect_firstd_ppsh41,upgr_w_1_internal,st_upgr_w_internal,1
wpn_ppsh41,1,3,1,up_sect_firste_ppsh41,upgr_w_2_external,st_upgr_w_external,2
wpn_ppsh41,1,3,2,up_sect_firstf_ppsh41,upgr_w_2_external,st_upgr_w_external,2
wpn_ppsh41,2,1,1,up_sect_secona_ppsh41,upgr_w_1_external,st_upgr_w_external,1
wpn_ppsh41,2,2,1,up_sect_seconc_ppsh41,upgr_w_1_external,st_upgr_w_external,1
wpn_ppsh41,2,2,2,up_sect_second_ppsh41,upgr_w_1_internal,st_upgr_w_internal,1
wpn_ppsh41,3,1,1,up_sect_thirda_ppsh41,upgr_w_1_internal,st_upgr_w_internal,1
wpn_ppsh41,3,2,1,up_sect_thirdc_ppsh41,upgr_w_1_external,st_upgr_w_external,1
wpn_ppsh41,3,3,1,up_sect_thirde_ppsh41,upgr_w_2_internal,st_upgr_w_internal,2
wpn_ppsh41,3,3,2,up_sect_thirdf_ppsh41,upgr_w_2_external,st_upgr_w_external,2
wpn_ppsh41_rednew,1,1,1,up_sect_firsta_ppsh41,upgr_w_1_internal,st_upgr_w_internal,1
wpn_ppsh41_rednew,1,2,1,up_sect_firstc_ppsh41,upgr_w_1_internal,st_upgr_w_internal,1
wpn_ppsh41_rednew,1,2,2,up_sect_firstd_ppsh41,upgr_w_1_internal,st_upgr_w_internal,1
wpn_ppsh41_rednew,1,3,1,up_sect_firste_ppsh41,upgr_w_2_external,st_upgr_w_external,2
wpn_ppsh41_rednew,1,3,2,up_sect_firstf_ppsh41,upgr_w_2_external,st_upgr_w_external,2
wpn_ppsh41_rednew,2,1,1,up_sect_secona_ppsh41,upgr_w_1_external,st_upgr_w_external,1
wpn_ppsh41_rednew,2,2,1,up_sect_seconc_ppsh41,upgr_w_1_external,st_upgr_w_external,1
wpn_ppsh41_rednew,2,2,2,up_sect_second_ppsh41,upgr_w_1_internal,st_upgr_w_internal,1
wpn_ppsh41_rednew,3,1,1,up_sect_thirda_ppsh41,upgr_w_1_internal,st_upgr_w_internal,1
wpn_ppsh41_rednew,3,2,1,up_sect_thirdc_ppsh41,upgr_w_1_external,st_upgr_w_external,1
wpn_ppsh41_rednew,3,3,1,up_sect_thirde_ppsh41,upgr_w_2_internal,st_upgr_w_internal,2
wpn_ppsh41_rednew,3,3,2,up_sect_thirdf_ppsh41,upgr_w_2_external,st_upgr_w_external,2
wpn_ppsh41_woodnew,1,1,1,up_sect_firsta_ppsh41,upgr_w_1_internal,st_upgr_w_internal,1
wpn_ppsh41_woodnew,1,2,1,up_sect_firstc_ppsh41,upgr_w_1_internal,st_upgr_w_internal,1
wpn_ppsh41_woodnew,1,2,2,up_sect_firstd_ppsh41,upgr_w_1_internal,st_upgr_w_internal,1
wpn_ppsh41_woodnew,1,3,1,up_sect_firste_ppsh41,upgr_w_2_external,st_upgr_w_external,2
wpn_ppsh41_woodnew,1,3,2,up_sect_firstf_ppsh41,upgr_w_2_external,st_upgr_w_external,2
wpn_ppsh41_woodnew,2,1,1,up_sect_secona_ppsh41,upgr_w_1_external,st_upgr_w_external,1
wpn_ppsh41_woodnew,2,2,1,up_sect_seconc_ppsh41,upgr_w_1_external,st_upgr_w_external,1
wpn_ppsh41_woodnew,2,2,2,up_sect_second_ppsh41,upgr_w_1_internal,st_upgr_w_internal,1
wpn_ppsh41_woodnew,3,1,1,up_sect_thirda_ppsh41,upgr_w_1_internal,st_upgr_w_internal,1
wpn_ppsh41_woodnew,3,2,1,up_sect_thirdc_ppsh41,upgr_w_1_external,st_upgr_w_external,1
wpn_ppsh41_woodnew,3,3,1,up_sect_thirde_ppsh41,upgr_w_2_internal,st_upgr_w_internal,2
wpn_ppsh41_woodnew,3,3,2,up_sect_thirdf_ppsh41,upgr_w_2_external,st_upgr_w_external,2
wpn_protecta,1,1,1,up_sect_firsta_protecta,upgr_w_1_internal,st_upgr_w_internal,1
wpn_protecta,1,2,1,up_sect_firstc_protecta,upgr_w_2_external,st_upgr_w_external,2
wpn_protecta,1,2,2,up_sect_firstd_protecta,upgr_w_2_internal,st_upgr_w_internal,2
wpn_protecta,1,3,1,up_sect_firste_protecta,upgr_w_2_internal,st_upgr_w_internal,2
wpn_protecta,1,3,2,up_sect_firstf_protecta,upgr_w_2_internal,st_upgr_w_internal,2
wpn_protecta,2,1,1,up_sect_secona_protecta,upgr_w_1_internal,st_upgr_w_internal,1
wpn_protecta,2,2,1,up_sect_seconc_protecta,upgr_w_2_external,st_upgr_w_external,2
wpn_protecta,2,2,2,up_sect_second_protecta,upgr_w_2_internal,st_upgr_w_internal,2
wpn_protecta,3,1,1,up_sect_thirda_protecta,upgr_w_1_internal,st_upgr_w_internal,1
wpn_protecta,3,2,1,up_sect_thirdc_protecta,upgr_w_2_internal,st_upgr_w_internal,2
wpn_protecta,3,2,2,up_sect_thirdd_protecta,upgr_w_2_internal,st_upgr_w_internal,2
wpn_protecta,3,3,1,up_sect_thirde_protecta,upgr_w_2_external,st_upgr_w_external,2
wpn_protecta,4,1,1,up_sect_fourta_protecta,upgr_w_1_internal,st_upgr_w_internal,1
wpn_protecta,4,2,1,up_sect_fourtc_protecta,upgr_w_2_internal,st_upgr_w_internal,2
wpn_protecta_aim,1,1,1,up_sect_firsta_protecta,upgr_w_1_internal,st_upgr_w_internal,1
wpn_protecta_aim,1,2,1,up_sect_firstc_protecta,upgr_w_2_external,st_upgr_w_external,2
wpn_protecta_aim,1,2,2,up_sect_firstd_protecta,upgr_w_2_internal,st_upgr_w_internal,2
wpn_protecta_aim,1,3,1,up_sect_firste_protecta,upgr_w_2_internal,st_upgr_w_internal,2
wpn_protecta_aim,1,3,2,up_sect_firstf_protecta,upgr_w_2_internal,st_upgr_w_internal,2
wpn_protecta_aim,2,1,1,up_sect_secona_protecta,upgr_w_1_internal,st_upgr_w_internal,1
wpn_protecta_aim,2,2,1,up_sect_seconc_protecta,upgr_w_2_external,st_upgr_w_external,2
wpn_protecta_aim,2,2,2,up_sect_second_protecta,upgr_w_2_internal,st_upgr_w_internal,2
wpn_protecta_aim,3,1,1,up_sect_thirda_protecta,upgr_w_1_internal,st_upgr_w_internal,1
wpn_protecta_aim,3,2,1,up_sect_thirdc_protecta,upgr_w_2_internal,st_upgr_w_internal,2
wpn_protecta_aim,3,2,2,up_sect_thirdd_protecta,upgr_w_2_internal,st_upgr_w_internal,2
wpn_protecta_aim,3,3,1,up_sect_thirde_protecta,upgr_w_2_external,st_upgr_w_external,2
wpn_protecta_aim,4,1,1,up_sect_fourta_protecta,upgr_w_1_internal,st_upgr_w_internal,1
wpn_protecta_aim,4,2,1,up_sect_fourtc_protecta,upgr_w_2_internal,st_upgr_w_internal,2
wpn_protecta_camo,1,1,1,up_sect_firsta_protecta,upgr_w_1_internal,st_upgr_w_internal,1
wpn_protecta_camo,1,2,1,up_sect_firstc_protecta,upgr_w_2_external,st_upgr_w_external,2
wpn_protecta_camo,1,2,2,up_sect_firstd_protecta,upgr_w_2_internal,st_upgr_w_internal,2
wpn_protecta_camo,1,3,1,up_sect_firste_protecta,upgr_w_2_internal,st_upgr_w_internal,2
wpn_protecta_camo,1,3,2,up_sect_firstf_protecta,upgr_w_2_internal,st_upgr_w_internal,2
wpn_protecta_camo,2,1,1,up_sect_secona_protecta,upgr_w_1_internal,st_upgr_w_internal,1
wpn_protecta_camo,2,2,1,up_sect_seconc_protecta,upgr_w_2_external,st_upgr_w_external,2
wpn_protecta_camo,2,2,2,up_sect_second_protecta,upgr_w_2_internal,st_upgr_w_internal,2
wpn_protecta_camo,3,1,1,up_sect_thirda_protecta,upgr_w_1_internal,st_upgr_w_internal,1
wpn_protecta_camo,3,2,1,up_sect_thirdc_protecta,upgr_w_2_internal,st_upgr_w_internal,2
wpn_protecta_camo,3,2,2,up_sect_thirdd_protecta,upgr_w_2_internal,st_upgr_w_internal,2
wpn_protecta_camo,3,3,1,up_sect_thirde_protecta,upgr_w_2_external,st_upgr_w_external,2
wpn_protecta_camo,4,1,1,up_sect_fourta_protecta,upgr_w_1_internal,st_upgr_w_internal,1
wpn_protecta_camo,4,2,1,up_sect_fourtc_protecta,upgr_w_2_internal,st_upgr_w_internal,2
wpn_protecta_custom,1,1,1,up_sect_firsta_protecta,upgr_w_1_internal,st_upgr_w_internal,1
wpn_protecta_custom,1,2,1,up_sect_firstc_protecta,upgr_w_2_external,st_upgr_w_external,2
wpn_protecta_custom,1,2,2,up_sect_firstd_protecta,upgr_w_2_internal,st_upgr_w_internal,2
wpn_protecta_custom,1,3,1,up_sect_firste_protecta,upgr_w_2_internal,st_upgr_w_internal,2
wpn_protecta_custom,1,3,2,up_sect_firstf_protecta,upgr_w_2_internal,st_upgr_w_internal,2
wpn_protecta_custom,2,1,1,up_sect_secona_protecta,upgr_w_1_internal,st_upgr_w_internal,1
wpn_protecta_custom,2,2,1,up_sect_seconc_protecta,upgr_w_2_external,st_upgr_w_external,2
wpn_protecta_custom,2,2,2,up_sect_second_protecta,upgr_w_2_internal,st_upgr_w_internal,2
wpn_protecta_custom,3,1,1,up_sect_thirda_protecta,upgr_w_1_internal,st_upgr_w_internal,1
wpn_protecta_custom,3,2,1,up_sect_thirdc_protecta,upgr_w_2_internal,st_upgr_w_internal,2
wpn_protecta_custom,3,2,2,up_sect_thirdd_protecta,upgr_w_2_internal,st_upgr_w_internal,2
wpn_protecta_custom,3,3,1,up_sect_thirde_protecta,upgr_w_2_external,st_upgr_w_external,2
wpn_protecta_custom,4,1,1,up_sect_fourta_protecta,upgr_w_1_internal,st_upgr_w_internal,1
wpn_protecta_custom,4,2,1,up_sect_fourtc_protecta,upgr_w_2_internal,st_upgr_w_internal,2
wpn_protecta_nimble,1,1,1,up_sect_firsta_protecta,upgr_w_1_internal,st_upgr_w_internal,1
wpn_protecta_nimble,1,2,1,up_sect_firstc_protecta,upgr_w_2_external,st_upgr_w_external,2
wpn_protecta_nimble,1,2,2,up_sect_firstd_protecta,upgr_w_2_internal,st_upgr_w_internal,2
wpn_protecta_nimble,1,3,1,up_sect_firste_protecta,upgr_w_2_internal,st_upgr_w_internal,2
wpn_protecta_nimble,1,3,2,up_sect_firstf_protecta,upgr_w_2_internal,st_upgr_w_internal,2
wpn_protecta_nimble,2,1,1,up_sect_secona_protecta,upgr_w_1_internal,st_upgr_w_internal,1
wpn_protecta_nimble,2,2,1,up_sect_seconc_protecta,upgr_w_2_external,st_upgr_w_external,2
wpn_protecta_nimble,2,2,2,up_sect_second_protecta,upgr_w_2_internal,st_upgr_w_internal,2
wpn_protecta_nimble,3,1,1,up_sect_thirda_protecta,upgr_w_1_internal,st_upgr_w_internal,1
wpn_protecta_nimble,3,2,1,up_sect_thirdc_protecta,upgr_w_2_internal,st_upgr_w_internal,2
wpn_protecta_nimble,3,2,2,up_sect_thirdd_protecta,upgr_w_2_internal,st_upgr_w_internal,2
wpn_protecta_nimble,3,3,1,up_sect_thirde_protecta,upgr_w_2_external,st_upgr_w_external,2
wpn_protecta_nimble,4,1,1,up_sect_fourta_protecta,upgr_w_1_internal,st_upgr_w_internal,1
wpn_protecta_nimble,4,2,1,up_sect_fourtc_protecta,upgr_w_2_internal,st_upgr_w_internal,2
wpn_raptr,1,1,1,up_sect_firsta_protecta,upgr_w_2_internal,st_upgr_w_internal,2
wpn_raptr,1,2,1,up_sect_firstc_protecta,upgr_w_3_external,st_upgr_w_external,3
wpn_raptr,1,2,2,up_sect_firstd_protecta,upgr_w_3_internal,st_upgr_w_internal,3
wpn_raptr,1,3,1,up_sect_firste_protecta,upgr_w_3_internal,st_upgr_w_internal,3
wpn_raptr,1,3,2,up_sect_firstf_protecta,upgr_w_3_internal,st_upgr_w_internal,3
wpn_raptr,2,1,1,up_sect_secona_protecta,upgr_w_2_internal,st_upgr_w_internal,2
wpn_raptr,2,2,1,up_sect_seconc_protecta,upgr_w_3_external,st_upgr_w_external,3
wpn_raptr,2,2,2,up_sect_second_protecta,upgr_w_3_internal,st_upgr_w_internal,3
wpn_raptr,3,1,1,up_sect_thirda_protecta,upgr_w_2_internal,st_upgr_w_internal,2
wpn_raptr,3,2,1,up_sect_thirdc_protecta,upgr_w_3_internal,st_upgr_w_internal,3
wpn_raptr,3,2,2,up_sect_thirdd_protecta,upgr_w_3_internal,st_upgr_w_internal,3
wpn_raptr,3,3,1,up_sect_thirde_protecta,upgr_w_3_external,st_upgr_w_external,3
wpn_raptr,4,1,1,up_sect_fourta_protecta,upgr_w_2_internal,st_upgr_w_internal,2
wpn_raptr,4,2,1,up_sect_fourtc_protecta,upgr_w_3_internal,st_upgr_w_internal,3
wpn_remington700,1,1,1,up_sect_firsta_sv98,upgr_w_1_external,st_upgr_w_external,1
wpn_remington700,1,2,1,up_sect_firstc_sv98,upgr_w_2_external,st_upgr_w_external,2
wpn_remington700,1,2,2,up_sect_firstd_sv98,upgr_w_2_external,st_upgr_w_external,2
wpn_remington700,1,3,1,up_sect_firste_sv98,upgr_w_3_external,st_upgr_w_external,3
wpn_remington700,1,3,2,up_sect_firstf_sv98,upgr_w_3_internal,st_upgr_w_internal,3
wpn_remington700,2,1,1,up_sect_secona_sv98,upgr_w_1_internal,st_upgr_w_internal,1
wpn_remington700,2,2,1,up_sect_seconc_sv98,upgr_w_2_internal,st_upgr_w_internal,2
wpn_remington700,2,2,2,up_sect_second_sv98,upgr_w_2_external,st_upgr_w_external,2
wpn_remington700,3,1,1,up_sect_thirda_sv98,upgr_w_1_internal,st_upgr_w_internal,1
wpn_remington700,3,2,1,up_sect_thirdc_sv98,upgr_w_2_external,st_upgr_w_external,2
wpn_remington700,3,3,1,up_sect_thirde_sv98,upgr_w_3_internal,st_upgr_w_internal,3
wpn_remington700_archangel,1,1,1,up_sect_firsta_sv98,upgr_w_1_external,st_upgr_w_external,1
wpn_remington700_archangel,1,2,1,up_sect_firstc_sv98,upgr_w_2_external,st_upgr_w_external,2
wpn_remington700_archangel,1,2,2,up_sect_firstd_sv98,upgr_w_2_external,st_upgr_w_external,2
wpn_remington700_archangel,1,3,1,up_sect_firste_sv98,upgr_w_3_external,st_upgr_w_external,3
wpn_remington700_archangel,1,3,2,up_sect_firstf_sv98,upgr_w_3_internal,st_upgr_w_internal,3
wpn_remington700_archangel,2,1,1,up_sect_secona_sv98,upgr_w_1_internal,st_upgr_w_internal,1
wpn_remington700_archangel,2,2,1,up_sect_seconc_sv98,upgr_w_2_internal,st_upgr_w_internal,2
wpn_remington700_archangel,2,2,2,up_sect_second_sv98,upgr_w_2_external,st_upgr_w_external,2
wpn_remington700_archangel,3,1,1,up_sect_thirda_sv98,upgr_w_1_internal,st_upgr_w_internal,1
wpn_remington700_archangel,3,2,1,up_sect_thirdc_sv98,upgr_w_2_external,st_upgr_w_external,2
wpn_remington700_archangel,3,3,1,up_sect_thirde_sv98,upgr_w_3_internal,st_upgr_w_internal,3
wpn_remington700_lapua700,1,1,1,up_sect_firsta_sv98,upgr_w_2_external,st_upgr_w_external,2
wpn_remington700_lapua700,1,2,1,up_sect_firstc_sv98,upgr_w_3_external,st_upgr_w_external,3
wpn_remington700_lapua700,1,2,2,up_sect_firstd_sv98,upgr_w_3_external,st_upgr_w_external,3
wpn_remington700_lapua700,1,3,1,up_sect_firste_sv98,upgr_w_3_external,st_upgr_w_external,3
wpn_remington700_lapua700,1,3,2,up_sect_firstf_sv98,upgr_w_3_internal,st_upgr_w_internal,3
wpn_remington700_lapua700,2,1,1,up_sect_secona_sv98,upgr_w_2_internal,st_upgr_w_internal,2
wpn_remington700_lapua700,2,2,1,up_sect_seconc_sv98,upgr_w_3_internal,st_upgr_w_internal,3
wpn_remington700_lapua700,2,2,2,up_sect_second_sv98,upgr_w_3_external,st_upgr_w_external,3
wpn_remington700_lapua700,3,1,1,up_sect_thirda_sv98,upgr_w_2_internal,st_upgr_w_internal,2
wpn_remington700_lapua700,3,2,1,up_sect_thirdc_sv98,upgr_w_3_external,st_upgr_w_external,3
wpn_remington700_lapua700,3,3,1,up_sect_thirde_sv98,upgr_w_3_internal,st_upgr_w_internal,3
wpn_remington700_magpul_pro,1,1,1,up_sect_firsta_sv98,upgr_w_1_external,st_upgr_w_external,1
wpn_remington700_magpul_pro,1,2,1,up_sect_firstc_sv98,upgr_w_2_external,st_upgr_w_external,2
wpn_remington700_magpul_pro,1,2,2,up_sect_firstd_sv98,upgr_w_2_external,st_upgr_w_external,2
wpn_remington700_magpul_pro,1,3,1,up_sect_firste_sv98,upgr_w_3_external,st_upgr_w_external,3
wpn_remington700_magpul_pro,1,3,2,up_sect_firstf_sv98,upgr_w_3_internal,st_upgr_w_internal,3
wpn_remington700_magpul_pro,2,1,1,up_sect_secona_sv98,upgr_w_1_internal,st_upgr_w_internal,1
wpn_remington700_magpul_pro,2,2,1,up_sect_seconc_sv98,upgr_w_2_internal,st_upgr_w_internal,2
wpn_remington700_magpul_pro,2,2,2,up_sect_second_sv98,upgr_w_2_external,st_upgr_w_external,2
wpn_remington700_magpul_pro,3,1,1,up_sect_thirda_sv98,upgr_w_1_internal,st_upgr_w_internal,1
wpn_remington700_magpul_pro,3,2,1,up_sect_thirdc_sv98,upgr_w_2_external,st_upgr_w_external,2
wpn_remington700_magpul_pro,3,3,1,up_sect_thirde_sv98,upgr_w_3_internal,st_upgr_w_internal,3
wpn_remington700_mod_x_gen3,1,1,1,up_sect_firsta_sv98,upgr_w_1_external,st_upgr_w_external,1
wpn_remington700_mod_x_gen3,1,2,1,up_sect_firstc_sv98,upgr_w_2_external,st_upgr_w_external,2
wpn_remington700_mod_x_gen3,1,2,2,up_sect_firstd_sv98,upgr_w_2_external,st_upgr_w_external,2
wpn_remington700_mod_x_gen3,1,3,1,up_sect_firste_sv98,upgr_w_3_external,st_upgr_w_external,3
wpn_remington700_mod_x_gen3,1,3,2,up_sect_firstf_sv98,upgr_w_3_internal,st_upgr_w_internal,3
wpn_remington700_mod_x_gen3,2,1,1,up_sect_secona_sv98,upgr_w_1_internal,st_upgr_w_internal,1
wpn_remington700_mod_x_gen3,2,2,1,up_sect_seconc_sv98,upgr_w_2_internal,st_upgr_w_internal,2
wpn_remington700_mod_x_gen3,2,2,2,up_sect_second_sv98,upgr_w_2_external,st_upgr_w_external,2
wpn_remington700_mod_x_gen3,3,1,1,up_sect_thirda_sv98,upgr_w_1_internal,st_upgr_w_internal,1
wpn_remington700_mod_x_gen3,3,2,1,up_sect_thirdc_sv98,upgr_w_2_external,st_upgr_w_external,2
wpn_remington700_mod_x_gen3,3,3,1,up_sect_thirde_sv98,upgr_w_3_internal,st_upgr_w_internal,3
wpn_remington870,1,1,1,up_sect_firsta_wincheaster1300,upgr_w_1_internal,st_upgr_w_internal,1
wpn_remington870,1,2,1,up_sect_firstc_wincheaster1300,upgr_w_2_external,st_upgr_w_external,2
wpn_remington870,1,2,2,up_sect_firstd_wincheaster1300,upgr_w_2_internal,st_upgr_w_internal,2
wpn_remington870,1,3,1,up_sect_firste_wincheaster1300,upgr_w_2_external,st_upgr_w_external,2
wpn_remington870,1,3,2,up_sect_firstf_wincheaster1300,upgr_w_2_external,st_upgr_w_external,2
wpn_remington870,2,1,1,up_sect_secona_wincheaster1300,upgr_w_1_external,st_upgr_w_external,1
wpn_remington870,2,2,1,up_sect_seconc_wincheaster1300,upgr_w_2_external,st_upgr_w_external,2
wpn_remington870,2,2,2,up_sect_second_wincheaster1300,upgr_w_2_internal,st_upgr_w_internal,2
wpn_remington870,3,1,1,up_sect_thirda_wincheaster1300,upgr_w_1_internal,st_upgr_w_internal,1
wpn_remington870,3,2,1,up_sect_thirdc_wincheaster1300,upgr_w_2_external,st_upgr_w_external,2
wpn_remington870,3,3,1,up_sect_thirde_wincheaster1300,upgr_w_2_internal,st_upgr_w_internal,2
wpn_remington870,3,3,2,up_sect_thirdf_wincheaster1300,upgr_w_2_internal,st_upgr_w_internal,2
wpn_rpd,1,1,1,up_sect_firsta_pkm,upgr_w_2_internal,st_upgr_w_internal,2
wpn_rpd,1,2,1,up_sect_firstc_pkm,upgr_w_3_internal,st_upgr_w_internal,3
wpn_rpd,1,2,2,up_sect_firstd_pkm,upgr_w_3_external,st_upgr_w_external,3
wpn_rpd,1,3,1,up_sect_firste_pkm,upgr_w_3_internal,st_upgr_w_internal,3
wpn_rpd,2,1,1,up_sect_secona_pkm,upgr_w_2_internal,st_upgr_w_internal,2
wpn_rpd,2,2,1,up_sect_seconc_pkm,upgr_w_3_internal,st_upgr_w_internal,3
wpn_rpd,2,3,1,up_sect_secone_pkm,upgr_w_3_external,st_upgr_w_external,3
wpn_rpd,2,3,2,up_sect_seconf_pkm,upgr_w_3_internal,st_upgr_w_internal,3
wpn_rpd,3,1,1,up_sect_thirda_pkm,upgr_w_2_internal,st_upgr_w_internal,2
wpn_rpd,3,2,1,up_sect_thirdc_pkm,upgr_w_3_internal,st_upgr_w_internal,3
wpn_rpd,3,2,2,up_sect_thirdd_pkm,upgr_w_3_internal,st_upgr_w_internal,3
wpn_rpd,3,3,1,up_sect_thirde_pkm,upgr_w_3_external,st_upgr_w_external,3
wpn_rpd,4,1,1,up_sect_fourta_pkm,upgr_w_2_external,st_upgr_w_external,2
wpn_rpd,4,2,1,up_sect_fourtc_pkm,upgr_w_3_external,st_upgr_w_external,3
wpn_rpd,4,3,1,up_sect_fourte_pkm,upgr_w_3_internal,st_upgr_w_internal,3
wpn_rpd,5,1,1,up_sect_fiftha_pkm,upgr_w_2_internal,st_upgr_w_internal,2
wpn_rpk,1,1,1,up_sect_firsta_akm,upgr_w_2_internal,st_upgr_w_internal,2
wpn_rpk,1,2,1,up_sect_firstc_ak74,upgr_w_3_internal,st_upgr_w_internal,3
wpn_rpk,1,3,1,up_sect_firste_ak74,upgr_w_3_external,st_upgr_w_external,3
wpn_rpk,1,3,2,up_sect_firstf_akm,upgr_w_3_internal,st_upgr_w_internal,3
wpn_rpk,2,1,1,up_sect_secona_akm,upgr_w_2_external,st_upgr_w_external,2
wpn_rpk,2,2,1,up_sect_seconc_ak74,upgr_w_3_external,st_upgr_w_external,3
wpn_rpk,2,2,2,up_sect_second_ak74,upgr_w_3_internal,st_upgr_w_internal,3
wpn_rpk,2,3,1,up_sect_secone_ak74,upgr_w_3_external,st_upgr_w_external,3
wpn_rpk,3,1,1,up_sect_thirda_ak74,upgr_w_2_internal,st_upgr_w_internal,2
wpn_rpk,3,2,1,up_sect_thirdc_ak74,upgr_w_3_external,st_upgr_w_external,3
wpn_rpk,3,2,2,up_sect_thirdd_akm,upgr_w_3_internal,st_upgr_w_internal,3
wpn_rpk,3,3,1,up_sect_thirde_ak74,upgr_w_3_internal,st_upgr_w_internal,3
wpn_rpk,4,1,1,up_sect_fourta_ak74,upgr_w_2_external,st_upgr_w_external,2
wpn_rpk,4,2,1,up_sect_fourtc_ak74,upgr_w_3_external,st_upgr_w_external,3
wpn_rpk,4,3,1,up_sect_fourte_ak74,upgr_w_3_external,st_upgr_w_external,3
wpn_rpk,5,1,1,up_sect_fiftha_rpk,upgr_w_2_internal,st_upgr_w_internal,2
wpn_rpk,5,2,1,up_sect_fifthc_akm,upgr_w_3_internal,st_upgr_w_internal,3
wpn_rpk74,1,1,1,up_sect_firsta_ak74,upgr_w_1_internal,st_upgr_w_internal,1
wpn_rpk74,1,2,1,up_sect_firstc_ak74,upgr_w_2_internal,st_upgr_w_internal,2
wpn_rpk74,1,3,1,up_sect_firste_ak74,upgr_w_3_external,st_upgr_w_external,3
wpn_rpk74,1,3,2,up_sect_firstf_ak74,upgr_w_3_internal,st_upgr_w_internal,3
wpn_rpk74,2,1,1,up_sect_secona_ak74,upgr_w_1_external,st_upgr_w_external,1
wpn_rpk74,2,2,1,up_sect_seconc_ak74,upgr_w_2_external,st_upgr_w_external,2
wpn_rpk74,2,2,2,up_sect_second_ak74,upgr_w_2_internal,st_upgr_w_internal,2
wpn_rpk74,2,3,1,up_sect_secone_ak74,upgr_w_3_external,st_upgr_w_external,3
wpn_rpk74,3,1,1,up_sect_thirda_ak74,upgr_w_1_internal,st_upgr_w_internal,1
wpn_rpk74,3,2,1,up_sect_thirdc_ak74,upgr_w_2_external,st_upgr_w_external,2
wpn_rpk74,3,2,2,up_sect_thirdd_ak74,upgr_w_2_internal,st_upgr_w_internal,2
wpn_rpk74,3,3,1,up_sect_thirde_ak74,upgr_w_3_internal,st_upgr_w_internal,3
wpn_rpk74,4,1,1,up_sect_fourta_rpk74,upgr_w_1_external,st_upgr_w_external,1
wpn_rpk74,4,2,1,up_sect_fourtc_ak74,upgr_w_2_external,st_upgr_w_external,2
wpn_rpk74,4,3,1,up_sect_fourte_ak74,upgr_w_3_external,st_upgr_w_external,3
wpn_rpk74,5,1,1,up_sect_fiftha_rpk74,upgr_w_1_internal,st_upgr_w_internal,1
wpn_rpk74,5,2,1,up_sect_fifthc_rpk74,upgr_w_2_internal,st_upgr_w_internal,2
wpn_rpk74_16,1,1,1,up_sect_firsta_ak74,upgr_w_1_internal,st_upgr_w_internal,1
wpn_rpk74_16,1,2,1,up_sect_firstc_ak74,upgr_w_2_internal,st_upgr_w_internal,2
wpn_rpk74_16,1,3,1,up_sect_firste_ak74,upgr_w_3_external,st_upgr_w_external,3
wpn_rpk74_16,1,3,2,up_sect_firstf_ak74,upgr_w_3_internal,st_upgr_w_internal,3
wpn_rpk74_16,2,1,1,up_sect_secona_ak74,upgr_w_1_external,st_upgr_w_external,1
wpn_rpk74_16,2,2,1,up_sect_seconc_ak74,upgr_w_2_external,st_upgr_w_external,2
wpn_rpk74_16,2,2,2,up_sect_second_ak74,upgr_w_2_internal,st_upgr_w_internal,2
wpn_rpk74_16,2,3,1,up_sect_secone_ak74,upgr_w_3_external,st_upgr_w_external,3
wpn_rpk74_16,3,1,1,up_sect_thirda_ak74,upgr_w_1_internal,st_upgr_w_internal,1
wpn_rpk74_16,3,2,1,up_sect_thirdc_ak74,upgr_w_2_external,st_upgr_w_external,2
wpn_rpk74_16,3,2,2,up_sect_thirdd_ak74,upgr_w_2_internal,st_upgr_w_internal,2
wpn_rpk74_16,3,3,1,up_sect_thirde_ak74,upgr_w_3_internal,st_upgr_w_internal,3
wpn_rpk74_16,4,1,1,up_sect_fourta_ak74,upgr_w_1_external,st_upgr_w_external,1
wpn_rpk74_16,4,2,1,up_sect_fourtc_ak74,upgr_w_2_external,st_upgr_w_external,2
wpn_rpk74_16,4,3,1,up_sect_fourte_ak74,upgr_w_3_external,st_upgr_w_external,3
wpn_rpk74_16,5,1,1,up_sect_fiftha_ak12,upgr_w_1_internal,st_upgr_w_internal,1
wpn_rpk74_16,5,2,1,up_sect_fifthc_ak74,upgr_w_2_internal,st_upgr_w_internal,2
wpn_rpk74_16_drum,1,1,1,up_sect_firsta_ak74,upgr_w_2_internal,st_upgr_w_internal,2
wpn_rpk74_16_drum,1,2,1,up_sect_firstc_ak74,upgr_w_3_internal,st_upgr_w_internal,3
wpn_rpk74_16_drum,1,3,1,up_sect_firste_ak74,upgr_w_3_external,st_upgr_w_external,3
wpn_rpk74_16_drum,1,3,2,up_sect_firstf_ak74,upgr_w_3_internal,st_upgr_w_internal,3
wpn_rpk74_16_drum,2,1,1,up_sect_secona_ak74,upgr_w_2_external,st_upgr_w_external,2
wpn_rpk74_16_drum,2,2,1,up_sect_seconc_ak74,upgr_w_3_external,st_upgr_w_external,3
wpn_rpk74_16_drum,2,2,2,up_sect_second_ak74,upgr_w_3_internal,st_upgr_w_internal,3
wpn_rpk74_16_drum,2,3,1,up_sect_secone_ak74,upgr_w_3_external,st_upgr_w_external,3
wpn_rpk74_16_drum,3,1,1,up_sect_thirda_ak74,upgr_w_2_internal,st_upgr_w_internal,2
wpn_rpk74_16_drum,3,2,1,up_sect_thirdc_ak74,upgr_w_3_external,st_upgr_w_external,3
wpn_rpk74_16_drum,3,2,2,up_sect_thirdd_ak74,upgr_w_3_internal,st_upgr_w_internal,3
wpn_rpk74_16_drum,3,3,1,up_sect_thirde_ak74,upgr_w_3_internal,st_upgr_w_internal,3
wpn_rpk74_16_drum,4,1,1,up_sect_fourta_rpk74,upgr_w_2_external,st_upgr_w_external,2
wpn_rpk74_16_drum,4,2,1,up_sect_fourtc_ak74,upgr_w_3_external,st_upgr_w_external,3
wpn_rpk74_16_drum,4,3,1,up_sect_fourte_ak74,upgr_w_3_external,st_upgr_w_external,3
wpn_rpk74_16_drum,5,1,1,up_sect_fiftha_rpk74,upgr_w_2_internal,st_upgr_w_internal,2
wpn_rpk74_16_drum,5,2,1,up_sect_fifthc_rpk74,upgr_w_3_internal,st_upgr_w_internal,3
wpn_saiga12s,1,1,1,up_sect_firsta_saiga12,upgr_w_1_internal,st_upgr_w_internal,1
wpn_saiga12s,1,2,1,up_sect_firstc_saiga12,upgr_w_2_internal,st_upgr_w_internal,2
wpn_saiga12s,1,2,2,up_sect_firstd_saiga12,upgr_w_2_internal,st_upgr_w_internal,2
wpn_saiga12s,1,3,1,up_sect_firste_saiga12,upgr_w_3_internal,st_upgr_w_internal,3
wpn_saiga12s,2,1,1,up_sect_secona_saiga12,upgr_w_1_internal,st_upgr_w_internal,1
wpn_saiga12s,2,2,1,up_sect_seconc_saiga12,upgr_w_2_external,st_upgr_w_external,2
wpn_saiga12s,2,3,1,up_sect_secone_saiga12,upgr_w_3_internal,st_upgr_w_internal,3
wpn_saiga12s,2,3,2,up_sect_seconf_saiga12,upgr_w_3_internal,st_upgr_w_internal,3
wpn_saiga12s,3,1,1,up_sect_thirda_saiga12,upgr_w_1_internal,st_upgr_w_internal,1
wpn_saiga12s,3,2,1,up_sect_thirdc_saiga12,upgr_w_2_internal,st_upgr_w_internal,2
wpn_saiga12s,3,2,2,up_sect_thirdd_saiga12,upgr_w_2_internal,st_upgr_w_internal,2
wpn_saiga12s,3,3,1,up_sect_thirde_saiga12,upgr_w_3_external,st_upgr_w_external,3
wpn_saiga12s,4,1,1,up_sect_fourta_saiga12,upgr_w_1_internal,st_upgr_w_internal,1
wpn_saiga12s,4,2,1,up_sect_fourtc_saiga12,upgr_w_2_internal,st_upgr_w_internal,2
wpn_saiga12s,4,3,1,up_sect_fourte_saiga12,upgr_w_3_internal,st_upgr_w_internal,3
wpn_saiga12s,5,1,1,up_sect_fiftha_saiga12,upgr_w_1_external,st_upgr_w_external,1
wpn_saiga12s_isg,1,1,1,up_sect_firsta_saiga12,upgr_w_2_internal,st_upgr_w_internal,2
wpn_saiga12s_isg,1,2,1,up_sect_firstc_saiga12,upgr_w_3_internal,st_upgr_w_internal,3
wpn_saiga12s_isg,1,2,2,up_sect_firstd_saiga12,upgr_w_3_internal,st_upgr_w_internal,3
wpn_saiga12s_isg,1,3,1,up_sect_firste_saiga12,upgr_w_3_internal,st_upgr_w_internal,3
wpn_saiga12s_isg,2,1,1,up_sect_secona_saiga12,upgr_w_2_internal,st_upgr_w_internal,2
wpn_saiga12s_isg,2,2,1,up_sect_seconc_saiga12,upgr_w_3_external,st_upgr_w_external,3
wpn_saiga12s_isg,2,3,1,up_sect_secone_saiga12,upgr_w_3_internal,st_upgr_w_internal,3
wpn_saiga12s_isg,2,3,2,up_sect_seconf_saiga12,upgr_w_3_internal,st_upgr_w_internal,3
wpn_saiga12s_isg,3,1,1,up_sect_thirda_saiga12,upgr_w_2_internal,st_upgr_w_internal,2
wpn_saiga12s_isg,3,2,1,up_sect_thirdc_saiga12,upgr_w_3_internal,st_upgr_w_internal,3
wpn_saiga12s_isg,3,2,2,up_sect_thirdd_saiga12,upgr_w_3_internal,st_upgr_w_internal,3
wpn_saiga12s_isg,3,3,1,up_sect_thirde_saiga12,upgr_w_3_external,st_upgr_w_external,3
wpn_saiga12s_isg,4,1,1,up_sect_fourta_saiga12,upgr_w_2_internal,st_upgr_w_internal,2
wpn_saiga12s_isg,4,2,1,up_sect_fourtc_saiga12,upgr_w_3_internal,st_upgr_w_internal,3
wpn_saiga12s_isg,4,3,1,up_sect_fourte_saiga12,upgr_w_3_internal,st_upgr_w_internal,3
wpn_saiga12s_isg,5,1,1,up_sect_fiftha_saiga12,upgr_w_2_external,st_upgr_w_external,2
wpn_saiga12s_m1,1,1,1,up_sect_firsta_saiga12,upgr_w_1_internal,st_upgr_w_internal,1
wpn_saiga12s_m1,1,2,1,up_sect_firstc_saiga12,upgr_w_2_internal,st_upgr_w_internal,2
wpn_saiga12s_m1,1,2,2,up_sect_firstd_saiga12,upgr_w_2_internal,st_upgr_w_internal,2
wpn_saiga12s_m1,1,3,1,up_sect_firste_saiga12,upgr_w_3_internal,st_upgr_w_internal,3
wpn_saiga12s_m1,2,1,1,up_sect_secona_saiga12,upgr_w_1_internal,st_upgr_w_internal,1
wpn_saiga12s_m1,2,2,1,up_sect_seconc_saiga12,upgr_w_2_external,st_upgr_w_external,2
wpn_saiga12s_m1,2,3,1,up_sect_secone_saiga12,upgr_w_3_internal,st_upgr_w_internal,3
wpn_saiga12s_m1,2,3,2,up_sect_seconf_saiga12,upgr_w_3_internal,st_upgr_w_internal,3
wpn_saiga12s_m1,3,1,1,up_sect_thirda_saiga12,upgr_w_1_internal,st_upgr_w_internal,1
wpn_saiga12s_m1,3,2,1,up_sect_thirdc_saiga12,upgr_w_2_internal,st_upgr_w_internal,2
wpn_saiga12s_m1,3,2,2,up_sect_thirdd_saiga12,upgr_w_2_internal,st_upgr_w_internal,2
wpn_saiga12s_m1,3,3,1,up_sect_thirde_saiga12,upgr_w_3_external,st_upgr_w_external,3
wpn_saiga12s_m1,4,1,1,up_sect_fourta_saiga12,upgr_w_1_internal,st_upgr_w_internal,1
wpn_saiga12s_m1,4,2,1,up_sect_fourtc_saiga12,upgr_w_2_internal,st_upgr_w_internal,2
wpn_saiga12s_m1,4,3,1,up_sect_fourte_saiga12,upgr_w_3_internal,st_upgr_w_internal,3
wpn_saiga12s_m1,5,1,1,up_sect_fiftha_saiga12,upgr_w_1_external,st_upgr_w_external,1
wpn_saiga12s_m2,1,1,1,up_sect_firsta_saiga12,upgr_w_1_internal,st_upgr_w_internal,1
wpn_saiga12s_m2,1,2,1,up_sect_firstc_saiga12,upgr_w_2_internal,st_upgr_w_internal,2
wpn_saiga12s_m2,1,2,2,up_sect_firstd_saiga12,upgr_w_2_internal,st_upgr_w_internal,2
wpn_saiga12s_m2,1,3,1,up_sect_firste_saiga12,upgr_w_3_internal,st_upgr_w_internal,3
wpn_saiga12s_m2,2,1,1,up_sect_secona_saiga12,upgr_w_1_internal,st_upgr_w_internal,1
wpn_saiga12s_m2,2,2,1,up_sect_seconc_saiga12,upgr_w_2_external,st_upgr_w_external,2
wpn_saiga12s_m2,2,3,1,up_sect_secone_saiga12,upgr_w_3_internal,st_upgr_w_internal,3
wpn_saiga12s_m2,2,3,2,up_sect_seconf_saiga12,upgr_w_3_internal,st_upgr_w_internal,3
wpn_saiga12s_m2,3,1,1,up_sect_thirda_saiga12,upgr_w_1_internal,st_upgr_w_internal,1
wpn_saiga12s_m2,3,2,1,up_sect_thirdc_saiga12,upgr_w_2_internal,st_upgr_w_internal,2
wpn_saiga12s_m2,3,2,2,up_sect_thirdd_saiga12,upgr_w_2_internal,st_upgr_w_internal,2
wpn_saiga12s_m2,3,3,1,up_sect_thirde_saiga12,upgr_w_3_external,st_upgr_w_external,3
wpn_saiga12s_m2,4,1,1,up_sect_fourta_saiga12,upgr_w_1_internal,st_upgr_w_internal,1
wpn_saiga12s_m2,4,2,1,up_sect_fourtc_saiga12,upgr_w_2_internal,st_upgr_w_internal,2
wpn_saiga12s_m2,4,3,1,up_sect_fourte_saiga12,upgr_w_3_internal,st_upgr_w_internal,3
wpn_saiga12s_m2,5,1,1,up_sect_fiftha_saiga12,upgr_w_1_external,st_upgr_w_external,1
wpn_scar_new,1,1,1,up_sect_firsta_scar,upgr_w_2_internal,st_upgr_w_internal,2
wpn_scar_new,1,2,1,up_sect_firstc_scar,upgr_w_3_external,st_upgr_w_external,3
wpn_scar_new,1,2,2,up_sect_firstd_scar,upgr_w_3_external,st_upgr_w_external,3
wpn_scar_new,1,3,1,up_sect_firste_scar,upgr_w_3_external,st_upgr_w_external,3
wpn_scar_new,2,1,1,up_sect_secona_scar,upgr_w_2_internal,st_upgr_w_internal,2
wpn_scar_new,2,2,1,up_sect_seconc_scar,upgr_w_3_internal,st_upgr_w_internal,3
wpn_scar_new,2,3,1,up_sect_secone_scar,upgr_w_3_external,st_upgr_w_external,3
wpn_scar_new,2,3,2,up_sect_seconf_scar,upgr_w_3_external,st_upgr_w_external,3
wpn_scar_new,3,1,1,up_sect_thirda_scar,upgr_w_2_internal,st_upgr_w_internal,2
wpn_scar_new,3,2,1,up_sect_thirdc_scar,upgr_w_3_internal,st_upgr_w_internal,3
wpn_scar_new,3,2,2,up_sect_thirdd_scar,upgr_w_3_external,st_upgr_w_external,3
wpn_scar_new,3,3,1,up_sect_thirde_scar,upgr_w_3_internal,st_upgr_w_internal,3
wpn_scar_new,4,1,1,up_sect_fourta_scar,upgr_w_2_external,st_upgr_w_external,2
wpn_scar_new,4,2,1,up_sect_fourtc_scar,upgr_w_3_external,st_upgr_w_external,3
wpn_scar_new,4,3,1,up_sect_fourte_scar,upgr_w_3_external,st_upgr_w_external,3
wpn_scar_new,4,3,2,up_sect_fourtf_scar,upgr_w_3_external,st_upgr_w_external,3
wpn_scar_new,5,1,1,up_sect_fiftha_scar,upgr_w_2_internal,st_upgr_w_internal,2
wpn_scar_siber,1,1,1,up_sect_firsta_scar,upgr_w_2_internal,st_upgr_w_internal,2
wpn_scar_siber,1,2,1,up_sect_firstc_scar,upgr_w_3_external,st_upgr_w_external,3
wpn_scar_siber,1,2,2,up_sect_firstd_scar,upgr_w_3_external,st_upgr_w_external,3
wpn_scar_siber,1,3,1,up_sect_firste_scar,upgr_w_3_external,st_upgr_w_external,3
wpn_scar_siber,2,1,1,up_sect_secona_scar,upgr_w_2_internal,st_upgr_w_internal,2
wpn_scar_siber,2,2,1,up_sect_seconc_scar,upgr_w_3_internal,st_upgr_w_internal,3
wpn_scar_siber,2,3,1,up_sect_secone_scar,upgr_w_3_external,st_upgr_w_external,3
wpn_scar_siber,2,3,2,up_sect_seconf_scar,upgr_w_3_external,st_upgr_w_external,3
wpn_scar_siber,3,1,1,up_sect_thirda_scar,upgr_w_2_internal,st_upgr_w_internal,2
wpn_scar_siber,3,2,1,up_sect_thirdc_scar,upgr_w_3_internal,st_upgr_w_internal,3
wpn_scar_siber,3,2,2,up_sect_thirdd_scar,upgr_w_3_external,st_upgr_w_external,3
wpn_scar_siber,3,3,1,up_sect_thirde_scar,upgr_w_3_internal,st_upgr_w_internal,3
wpn_scar_siber,4,1,1,up_sect_fourta_scar,upgr_w_2_external,st_upgr_w_external,2
wpn_scar_siber,4,2,1,up_sect_fourtc_scar,upgr_w_3_external,st_upgr_w_external,3
wpn_scar_siber,4,3,1,up_sect_fourte_scar,upgr_w_3_external,st_upgr_w_external,3
wpn_scar_siber,4,3,2,up_sect_fourtf_scar,upgr_w_3_external,st_upgr_w_external,3
wpn_scar_siber,5,1,1,up_sect_fiftha_scar,upgr_w_2_internal,st_upgr_w_internal,2
wpn_scar_siber_black,1,1,1,up_sect_firsta_scar,upgr_w_2_internal,st_upgr_w_internal,2
wpn_scar_siber_black,1,2,1,up_sect_firstc_scar,upgr_w_3_external,st_upgr_w_external,3
wpn_scar_siber_black,1,2,2,up_sect_firstd_scar,upgr_w_3_external,st_upgr_w_external,3
wpn_scar_siber_black,1,3,1,up_sect_firste_scar,upgr_w_3_external,st_upgr_w_external,3
wpn_scar_siber_black,2,1,1,up_sect_secona_scar,upgr_w_2_internal,st_upgr_w_internal,2
wpn_scar_siber_black,2,2,1,up_sect_seconc_scar,upgr_w_3_internal,st_upgr_w_internal,3
wpn_scar_siber_black,2,3,1,up_sect_secone_scar,upgr_w_3_external,st_upgr_w_external,3
wpn_scar_siber_black,2,3,2,up_sect_seconf_scar,upgr_w_3_external,st_upgr_w_external,3
wpn_scar_siber_black,3,1,1,up_sect_thirda_scar,upgr_w_2_internal,st_upgr_w_internal,2
wpn_scar_siber_black,3,2,1,up_sect_thirdc_scar,upgr_w_3_internal,st_upgr_w_internal,3
wpn_scar_siber_black,3,2,2,up_sect_thirdd_scar,upgr_w_3_external,st_upgr_w_external,3
wpn_scar_siber_black,3,3,1,up_sect_thirde_scar,upgr_w_3_internal,st_upgr_w_internal,3
wpn_scar_siber_black,4,1,1,up_sect_fourta_scar,upgr_w_2_external,st_upgr_w_external,2
wpn_scar_siber_black,4,2,1,up_sect_fourtc_scar,upgr_w_3_external,st_upgr_w_external,3
wpn_scar_siber_black,4,3,1,up_sect_fourte_scar,upgr_w_3_external,st_upgr_w_external,3
wpn_scar_siber_black,4,3,2,up_sect_fourtf_scar,upgr_w_3_external,st_upgr_w_external,3
wpn_scar_siber_black,5,1,1,up_sect_fiftha_scar,upgr_w_2_internal,st_upgr_w_internal,2
wpn_scar_siber_m1,1,1,1,up_sect_firsta_scar,upgr_w_2_internal,st_upgr_w_internal,2
wpn_scar_siber_m1,1,2,1,up_sect_firstc_scar,upgr_w_3_external,st_upgr_w_external,3
wpn_scar_siber_m1,1,2,2,up_sect_firstd_scar,upgr_w_3_external,st_upgr_w_external,3
wpn_scar_siber_m1,1,3,1,up_sect_firste_scar,upgr_w_3_external,st_upgr_w_external,3
wpn_scar_siber_m1,2,1,1,up_sect_secona_scar,upgr_w_2_internal,st_upgr_w_internal,2
wpn_scar_siber_m1,2,2,1,up_sect_seconc_scar,upgr_w_3_internal,st_upgr_w_internal,3
wpn_scar_siber_m1,2,3,1,up_sect_secone_scar,upgr_w_3_external,st_upgr_w_external,3
wpn_scar_siber_m1,2,3,2,up_sect_seconf_scar,upgr_w_3_external,st_upgr_w_external,3
wpn_scar_siber_m1,3,1,1,up_sect_thirda_scar,upgr_w_2_internal,st_upgr_w_internal,2
wpn_scar_siber_m1,3,2,1,up_sect_thirdc_scar,upgr_w_3_internal,st_upgr_w_internal,3
wpn_scar_siber_m1,3,2,2,up_sect_thirdd_scar,upgr_w_3_external,st_upgr_w_external,3
wpn_scar_siber_m1,3,3,1,up_sect_thirde_scar,upgr_w_3_internal,st_upgr_w_internal,3
wpn_scar_siber_m1,4,1,1,up_sect_fourta_scar,upgr_w_2_external,st_upgr_w_external,2
wpn_scar_siber_m1,4,2,1,up_sect_fourtc_scar,upgr_w_3_external,st_upgr_w_external,3
wpn_scar_siber_m1,4,3,1,up_sect_fourte_scar,upgr_w_3_external,st_upgr_w_external,3
wpn_scar_siber_m1,4,3,2,up_sect_fourtf_scar,upgr_w_3_external,st_upgr_w_external,3
wpn_scar_siber_m1,5,1,1,up_sect_fiftha_scar,upgr_w_2_internal,st_upgr_w_internal,2
wpn_scar_siber_m1_black,1,1,1,up_sect_firsta_scar,upgr_w_2_internal,st_upgr_w_internal,2
wpn_scar_siber_m1_black,1,2,1,up_sect_firstc_scar,upgr_w_3_external,st_upgr_w_external,3
wpn_scar_siber_m1_black,1,2,2,up_sect_firstd_scar,upgr_w_3_external,st_upgr_w_external,3
wpn_scar_siber_m1_black,1,3,1,up_sect_firste_scar,upgr_w_3_external,st_upgr_w_external,3
wpn_scar_siber_m1_black,2,1,1,up_sect_secona_scar,upgr_w_2_internal,st_upgr_w_internal,2
wpn_scar_siber_m1_black,2,2,1,up_sect_seconc_scar,upgr_w_3_internal,st_upgr_w_internal,3
wpn_scar_siber_m1_black,2,3,1,up_sect_secone_scar,upgr_w_3_external,st_upgr_w_external,3
wpn_scar_siber_m1_black,2,3,2,up_sect_seconf_scar,upgr_w_3_external,st_upgr_w_external,3
wpn_scar_siber_m1_black,3,1,1,up_sect_thirda_scar,upgr_w_2_internal,st_upgr_w_internal,2
wpn_scar_siber_m1_black,3,2,1,up_sect_thirdc_scar,upgr_w_3_internal,st_upgr_w_internal,3
wpn_scar_siber_m1_black,3,2,2,up_sect_thirdd_scar,upgr_w_3_external,st_upgr_w_external,3
wpn_scar_siber_m1_black,3,3,1,up_sect_thirde_scar,upgr_w_3_internal,st_upgr_w_internal,3
wpn_scar_siber_m1_black,4,1,1,up_sect_fourta_scar,upgr_w_2_external,st_upgr_w_external,2
wpn_scar_siber_m1_black,4,2,1,up_sect_fourtc_scar,upgr_w_3_external,st_upgr_w_external,3
wpn_scar_siber_m1_black,4,3,1,up_sect_fourte_scar,upgr_w_3_external,st_upgr_w_external,3
wpn_scar_siber_m1_black,4,3,2,up_sect_fourtf_scar,upgr_w_3_external,st_upgr_w_external,3
wpn_scar_siber_m1_black,5,1,1,up_sect_fiftha_scar,upgr_w_2_internal,st_upgr_w_internal,2
wpn_scar_siber_m2,1,1,1,up_sect_firsta_scar,upgr_w_2_internal,st_upgr_w_internal,2
wpn_scar_siber_m2,1,2,1,up_sect_firstc_scar,upgr_w_3_external,st_upgr_w_external,3
wpn_scar_siber_m2,1,2,2,up_sect_firstd_scar,upgr_w_3_external,st_upgr_w_external,3
wpn_scar_siber_m2,1,3,1,up_sect_firste_scar,upgr_w_3_external,st_upgr_w_external,3
wpn_scar_siber_m2,2,1,1,up_sect_secona_scar,upgr_w_2_internal,st_upgr_w_internal,2
wpn_scar_siber_m2,2,2,1,up_sect_seconc_scar,upgr_w_3_internal,st_upgr_w_internal,3
wpn_scar_siber_m2,2,3,1,up_sect_secone_scar,upgr_w_3_external,st_upgr_w_external,3
wpn_scar_siber_m2,2,3,2,up_sect_seconf_scar,upgr_w_3_external,st_upgr_w_external,3
wpn_scar_siber_m2,3,1,1,up_sect_thirda_scar,upgr_w_2_internal,st_upgr_w_internal,2
wpn_scar_siber_m2,3,2,1,up_sect_thirdc_scar,upgr_w_3_internal,st_upgr_w_internal,3
wpn_scar_siber_m2,3,2,2,up_sect_thirdd_scar,upgr_w_3_external,st_upgr_w_external,3
wpn_scar_siber_m2,3,3,1,up_sect_thirde_scar,upgr_w_3_internal,st_upgr_w_internal,3
wpn_scar_siber_m2,4,1,1,up_sect_fourta_scar,upgr_w_2_external,st_upgr_w_external,2
wpn_scar_siber_m2,4,2,1,up_sect_fourtc_scar,upgr_w_3_external,st_upgr_w_external,3
wpn_scar_siber_m2,4,3,1,up_sect_fourte_scar,upgr_w_3_external,st_upgr_w_external,3
wpn_scar_siber_m2,4,3,2,up_sect_fourtf_scar,upgr_w_3_external,st_upgr_w_external,3
wpn_scar_siber_m2,5,1,1,up_sect_fiftha_scar,upgr_w_2_internal,st_upgr_w_internal,2
wpn_scar_siber_m2_custom,1,1,1,up_sect_firsta_scar,upgr_w_2_internal,st_upgr_w_internal,2
wpn_scar_siber_m2_custom,1,2,1,up_sect_firstc_scar,upgr_w_3_external,st_upgr_w_external,3
wpn_scar_siber_m2_custom,1,2,2,up_sect_firstd_scar,upgr_w_3_external,st_upgr_w_external,3
wpn_scar_siber_m2_custom,1,3,1,up_sect_firste_scar,upgr_w_3_external,st_upgr_w_external,3
wpn_scar_siber_m2_custom,2,1,1,up_sect_secona_scar,upgr_w_2_internal,st_upgr_w_internal,2
wpn_scar_siber_m2_custom,2,2,1,up_sect_seconc_scar,upgr_w_3_internal,st_upgr_w_internal,3
wpn_scar_siber_m2_custom,2,3,1,up_sect_secone_scar,upgr_w_3_external,st_upgr_w_external,3
wpn_scar_siber_m2_custom,2,3,2,up_sect_seconf_scar,upgr_w_3_external,st_upgr_w_external,3
wpn_scar_siber_m2_custom,3,1,1,up_sect_thirda_scar,upgr_w_2_internal,st_upgr_w_internal,2
wpn_scar_siber_m2_custom,3,2,1,up_sect_thirdc_scar,upgr_w_3_internal,st_upgr_w_internal,3
wpn_scar_siber_m2_custom,3,2,2,up_sect_thirdd_scar,upgr_w_3_external,st_upgr_w_external,3
wpn_scar_siber_m2_custom,3,3,1,up_sect_thirde_scar,upgr_w_3_internal,st_upgr_w_internal,3
wpn_scar_siber_m2_custom,4,1,1,up_sect_fourta_scar,upgr_w_2_external,st_upgr_w_external,2
wpn_scar_siber_m2_custom,4,2,1,up_sect_fourtc_scar,upgr_w_3_external,st_upgr_w_external,3
wpn_scar_siber_m2_custom,4,3,1,up_sect_fourte_scar,upgr_w_3_external,st_upgr_w_external,3
wpn_scar_siber_m2_custom,4,3,2,up_sect_fourtf_scar,upgr_w_3_external,st_upgr_w_external,3
wpn_scar_siber_m2_custom,5,1,1,up_sect_fiftha_scar,upgr_w_2_internal,st_upgr_w_internal,2
wpn_sig220,1,1,1,up_sect_firsta_sig220,upgr_w_1_internal,st_upgr_w_internal,1
wpn_sig220,1,2,1,up_sect_firstc_sig220,upgr_w_1_internal,st_upgr_w_internal,1
wpn_sig220,1,2,2,up_sect_firstd_sig220,upgr_w_1_external,st_upgr_w_external,1
wpn_sig220,1,3,1,up_sect_firste_sig220,upgr_w_2_internal,st_upgr_w_internal,2
wpn_sig220,2,1,1,up_sect_secona_sig220,upgr_w_1_external,st_upgr_w_external,1
wpn_sig220,2,2,1,up_sect_seconc_sig220,upgr_w_1_internal,st_upgr_w_internal,1
wpn_sig220,2,3,1,up_sect_secone_sig220,upgr_w_2_internal,st_upgr_w_internal,2
wpn_sig220,2,3,2,up_sect_seconf_sig220,upgr_w_2_external,st_upgr_w_external,2
wpn_sig220,3,1,1,up_sect_thirda_sig220,upgr_w_1_external,st_upgr_w_external,1
wpn_sig220,3,2,1,up_sect_thirdc_sig220,upgr_w_1_external,st_upgr_w_external,1
wpn_sig220,3,2,2,up_sect_thirdd_sig220,upgr_w_1_internal,st_upgr_w_internal,1
wpn_sig220,4,1,1,up_sect_fourta_sig220,upgr_w_1_external,st_upgr_w_external,1
wpn_sig220,4,2,1,up_sect_fourtc_sig220,upgr_w_1_internal,st_upgr_w_internal,1
wpn_sig220,4,3,1,up_sect_fourte_sig220,upgr_w_2_internal,st_upgr_w_internal,2
wpn_sig220,5,1,1,up_sect_fiftha_sig220,upgr_w_1_internal,st_upgr_w_internal,1
wpn_sig220_n,1,1,1,up_sect_firsta_sig220,upgr_w_1_internal,st_upgr_w_internal,1
wpn_sig220_n,1,2,1,up_sect_firstc_sig220,upgr_w_1_internal,st_upgr_w_internal,1
wpn_sig220_n,1,2,2,up_sect_firstd_sig220,upgr_w_1_external,st_upgr_w_external,1
wpn_sig220_n,1,3,1,up_sect_firste_sig220,upgr_w_2_internal,st_upgr_w_internal,2
wpn_sig220_n,2,1,1,up_sect_secona_sig220,upgr_w_1_external,st_upgr_w_external,1
wpn_sig220_n,2,2,1,up_sect_seconc_sig220,upgr_w_1_internal,st_upgr_w_internal,1
wpn_sig220_n,2,3,1,up_sect_secone_sig220,upgr_w_2_internal,st_upgr_w_internal,2
wpn_sig220_n,2,3,2,up_sect_seconf_sig220,upgr_w_2_external,st_upgr_w_external,2
wpn_sig220_n,3,1,1,up_sect_thirda_sig220,upgr_w_1_external,st_upgr_w_external,1
wpn_sig220_n,3,2,1,up_sect_thirdc_sig220,upgr_w_1_external,st_upgr_w_external,1
wpn_sig220_n,3,2,2,up_sect_thirdd_sig220,upgr_w_1_internal,st_upgr_w_internal,1
wpn_sig220_n,4,1,1,up_sect_fourta_sig220,upgr_w_1_external,st_upgr_w_external,1
wpn_sig220_n,4,2,1,up_sect_fourtc_sig220,upgr_w_1_internal,st_upgr_w_internal,1
wpn_sig220_n,4,3,1,up_sect_fourte_sig220,upgr_w_2_internal,st_upgr_w_internal,2
wpn_sig220_n,5,1,1,up_sect_fiftha_sig220,upgr_w_1_internal,st_upgr_w_internal,1
wpn_sig220_n_u2p2g0r,1,1,1,up_sect_firsta_sig220,upgr_w_1_internal,st_upgr_w_internal,1
wpn_sig220_n_u2p2g0r,1,2,1,up_sect_firstc_sig220,upgr_w_1_internal,st_upgr_w_internal,1
wpn_sig220_n_u2p2g0r,1,2,2,up_sect_firstd_sig220,upgr_w_1_external,st_upgr_w_external,1
wpn_sig220_n_u2p2g0r,1,3,1,up_sect_firste_sig220,upgr_w_2_internal,st_upgr_w_internal,2
wpn_sig220_n_u2p2g0r,2,1,1,up_sect_secona_sig220,upgr_w_1_external,st_upgr_w_external,1
wpn_sig220_n_u2p2g0r,2,2,1,up_sect_seconc_sig220,upgr_w_1_internal,st_upgr_w_internal,1
wpn_sig220_n_u2p2g0r,2,3,1,up_sect_secone_sig220,upgr_w_2_internal,st_upgr_w_internal,2
wpn_sig220_n_u2p2g0r,2,3,2,up_sect_seconf_sig220,upgr_w_2_external,st_upgr_w_external,2
wpn_sig220_n_u2p2g0r,3,1,1,up_sect_thirda_sig220,upgr_w_1_external,st_upgr_w_external,1
wpn_sig220_n_u2p2g0r,3,2,1,up_sect_thirdc_sig220,upgr_w_1_external,st_upgr_w_external,1
wpn_sig220_n_u2p2g0r,3,2,2,up_sect_thirdd_sig220,upgr_w_1_internal,st_upgr_w_internal,1
wpn_sig220_n_u2p2g0r,4,1,1,up_sect_fourta_sig220,upgr_w_1_external,st_upgr_w_external,1
wpn_sig220_n_u2p2g0r,4,2,1,up_sect_fourtc_sig220,upgr_w_1_internal,st_upgr_w_internal,1
wpn_sig220_n_u2p2g0r,4,3,1,up_sect_fourte_sig220,upgr_w_2_internal,st_upgr_w_internal,2
wpn_sig220_n_u2p2g0r,5,1,1,up_sect_fiftha_sig220,upgr_w_1_internal,st_upgr_w_internal,1
wpn_sig220_n_upg220,1,1,1,up_sect_firsta_sig220,upgr_w_1_internal,st_upgr_w_internal,1
wpn_sig220_n_upg220,1,2,1,up_sect_firstc_sig220,upgr_w_1_internal,st_upgr_w_internal,1
wpn_sig220_n_upg220,1,2,2,up_sect_firstd_sig220,upgr_w_1_external,st_upgr_w_external,1
wpn_sig220_n_upg220,1,3,1,up_sect_firste_sig220,upgr_w_2_internal,st_upgr_w_internal,2
wpn_sig220_n_upg220,2,1,1,up_sect_secona_sig220,upgr_w_1_external,st_upgr_w_external,1
wpn_sig220_n_upg220,2,2,1,up_sect_seconc_sig220,upgr_w_1_internal,st_upgr_w_internal,1
wpn_sig220_n_upg220,2,3,1,up_sect_secone_sig220,upgr_w_2_internal,st_upgr_w_internal,2
wpn_sig220_n_upg220,2,3,2,up_sect_seconf_sig220,upgr_w_2_external,st_upgr_w_external,2
wpn_sig220_n_upg220,3,1,1,up_sect_thirda_sig220,upgr_w_1_external,st_upgr_w_external,1
wpn_sig220_n_upg220,3,2,1,up_sect_thirdc_sig220,upgr_w_1_external,st_upgr_w_external,1
wpn_sig220_n_upg220,3,2,2,up_sect_thirdd_sig220,upgr_w_1_internal,st_upgr_w_internal,1
wpn_sig220_n_upg220,4,1,1,up_sect_fourta_sig220,upgr_w_1_external,st_upgr_w_external,1
wpn_sig220_n_upg220,4,2,1,up_sect_fourtc_sig220,upgr_w_1_internal,st_upgr_w_internal,1
wpn_sig220_n_upg220,4,3,1,up_sect_fourte_sig220,upgr_w_2_internal,st_upgr_w_internal,2
wpn_sig220_n_upg220,5,1,1,up_sect_fiftha_sig220,upgr_w_1_internal,st_upgr_w_internal,1
wpn_sig220_u2p2g0r,1,1,1,up_sect_firsta_sig220,upgr_w_1_internal,st_upgr_w_internal,1
wpn_sig220_u2p2g0r,1,2,1,up_sect_firstc_sig220,upgr_w_1_internal,st_upgr_w_internal,1
wpn_sig220_u2p2g0r,1,2,2,up_sect_firstd_sig220,upgr_w_1_external,st_upgr_w_external,1
wpn_sig220_u2p2g0r,1,3,1,up_sect_firste_sig220,upgr_w_2_internal,st_upgr_w_internal,2
wpn_sig220_u2p2g0r,2,1,1,up_sect_secona_sig220,upgr_w_1_external,st_upgr_w_external,1
wpn_sig220_u2p2g0r,2,2,1,up_sect_seconc_sig220,upgr_w_1_internal,st_upgr_w_internal,1
wpn_sig220_u2p2g0r,2,3,1,up_sect_secone_sig220,upgr_w_2_internal,st_upgr_w_internal,2
wpn_sig220_u2p2g0r,2,3,2,up_sect_seconf_sig220,upgr_w_2_external,st_upgr_w_external,2
wpn_sig220_u2p2g0r,3,1,1,up_sect_thirda_sig220,upgr_w_1_external,st_upgr_w_external,1
wpn_sig220_u2p2g0r,3,2,1,up_sect_thirdc_sig220,upgr_w_1_external,st_upgr_w_external,1
wpn_sig220_u2p2g0r,3,2,2,up_sect_thirdd_sig220,upgr_w_1_internal,st_upgr_w_internal,1
wpn_sig220_u2p2g0r,4,1,1,up_sect_fourta_sig220,upgr_w_1_external,st_upgr_w_external,1
wpn_sig220_u2p2g0r,4,2,1,up_sect_fourtc_sig220,upgr_w_1_internal,st_upgr_w_internal,1
wpn_sig220_u2p2g0r,4,3,1,up_sect_fourte_sig220,upgr_w_2_internal,st_upgr_w_internal,2
wpn_sig220_u2p2g0r,5,1,1,up_sect_fiftha_sig220,upgr_w_1_internal,st_upgr_w_internal,1
wpn_sig220_upg220,1,1,1,up_sect_firsta_sig220,upgr_w_1_internal,st_upgr_w_internal,1
wpn_sig220_upg220,1,2,1,up_sect_firstc_sig220,upgr_w_1_internal,st_upgr_w_internal,1
wpn_sig220_upg220,1,2,2,up_sect_firstd_sig220,upgr_w_1_external,st_upgr_w_external,1
wpn_sig220_upg220,1,3,1,up_sect_firste_sig220,upgr_w_2_internal,st_upgr_w_internal,2
wpn_sig220_upg220,2,1,1,up_sect_secona_sig220,upgr_w_1_external,st_upgr_w_external,1
wpn_sig220_upg220,2,2,1,up_sect_seconc_sig220,upgr_w_1_internal,st_upgr_w_internal,1
wpn_sig220_upg220,2,3,1,up_sect_secone_sig220,upgr_w_2_internal,st_upgr_w_internal,2
wpn_sig220_upg220,2,3,2,up_sect_seconf_sig220,upgr_w_2_external,st_upgr_w_external,2
wpn_sig220_upg220,3,1,1,up_sect_thirda_sig220,upgr_w_1_external,st_upgr_w_external,1
wpn_sig220_upg220,3,2,1,up_sect_thirdc_sig220,upgr_w_1_external,st_upgr_w_external,1
wpn_sig220_upg220,3,2,2,up_sect_thirdd_sig220,upgr_w_1_internal,st_upgr_w_internal,1
wpn_sig220_upg220,4,1,1,up_sect_fourta_sig220,upgr_w_1_external,st_upgr_w_external,1
wpn_sig220_upg220,4,2,1,up_sect_fourtc_sig220,upgr_w_1_internal,st_upgr_w_internal,1
wpn_sig220_upg220,4,3,1,up_sect_fourte_sig220,upgr_w_2_internal,st_upgr_w_internal,2
wpn_sig220_upg220,5,1,1,up_sect_fiftha_sig220,upgr_w_1_internal,st_upgr_w_internal,1
wpn_sig226,1,1,1,up_sect_firsta_sig220,upgr_w_1_internal,st_upgr_w_internal,1
wpn_sig226,1,2,1,up_sect_firstc_sig220,upgr_w_1_internal,st_upgr_w_internal,1
wpn_sig226,1,2,2,up_sect_firstd_sig220,upgr_w_1_external,st_upgr_w_external,1
wpn_sig226,1,3,1,up_sect_firste_sig220,upgr_w_2_internal,st_upgr_w_internal,2
wpn_sig226,2,1,1,up_sect_secona_sig220,upgr_w_1_external,st_upgr_w_external,1
wpn_sig226,2,2,1,up_sect_seconc_sig220,upgr_w_1_internal,st_upgr_w_internal,1
wpn_sig226,2,3,1,up_sect_secone_sig220,upgr_w_2_internal,st_upgr_w_internal,2
wpn_sig226,2,3,2,up_sect_seconf_sig220,upgr_w_2_external,st_upgr_w_external,2
wpn_sig226,3,1,1,up_sect_thirda_sig220,upgr_w_1_external,st_upgr_w_external,1
wpn_sig226,3,2,1,up_sect_thirdc_sig220,upgr_w_1_external,st_upgr_w_external,1
wpn_sig226,3,2,2,up_sect_thirdd_sig220,upgr_w_1_internal,st_upgr_w_internal,1
wpn_sig226,4,1,1,up_sect_fourta_sig220,upgr_w_1_external,st_upgr_w_external,1
wpn_sig226,4,2,1,up_sect_fourtc_sig220,upgr_w_1_internal,st_upgr_w_internal,1
wpn_sig226,4,3,1,up_sect_fourte_sig220,upgr_w_2_internal,st_upgr_w_internal,2
wpn_sig226,5,1,1,up_sect_fiftha_sig220,upgr_w_1_internal,st_upgr_w_internal,1
wpn_sig226_226sig_kit,1,1,1,up_sect_firsta_sig220,upgr_w_1_internal,st_upgr_w_internal,1
wpn_sig226_226sig_kit,1,2,1,up_sect_firstc_sig220,upgr_w_1_internal,st_upgr_w_internal,1
wpn_sig226_226sig_kit,1,2,2,up_sect_firstd_sig220,upgr_w_1_external,st_upgr_w_external,1
wpn_sig226_226sig_kit,1,3,1,up_sect_firste_sig220,upgr_w_2_internal,st_upgr_w_internal,2
wpn_sig226_226sig_kit,2,1,1,up_sect_secona_sig220,upgr_w_1_external,st_upgr_w_external,1
wpn_sig226_226sig_kit,2,2,1,up_sect_seconc_sig220,upgr_w_1_internal,st_upgr_w_internal,1
wpn_sig226_226sig_kit,2,3,1,up_sect_secone_sig220,upgr_w_2_internal,st_upgr_w_internal,2
wpn_sig226_226sig_kit,2,3,2,up_sect_seconf_sig220,upgr_w_2_external,st_upgr_w_external,2
wpn_sig226_226sig_kit,3,1,1,up_sect_thirda_sig220,upgr_w_1_external,st_upgr_w_external,1
wpn_sig226_226sig_kit,3,2,1,up_sect_thirdc_sig220,upgr_w_1_external,st_upgr_w_external,1
wpn_sig226_226sig_kit,3,2,2,up_sect_thirdd_sig220,upgr_w_1_internal,st_upgr_w_internal,1
wpn_sig226_226sig_kit,4,1,1,up_sect_fourta_sig220,upgr_w_1_external,st_upgr_w_external,1
wpn_sig226_226sig_kit,4,2,1,up_sect_fourtc_sig220,upgr_w_1_internal,st_upgr_w_internal,1
wpn_sig226_226sig_kit,4,3,1,up_sect_fourte_sig220,upgr_w_2_internal,st_upgr_w_internal,2
wpn_sig226_226sig_kit,5,1,1,up_sect_fiftha_sig220,upgr_w_1_internal,st_upgr_w_internal,1
wpn_sig550,1,1,1,up_sect_firsta_sig550,upgr_w_1_internal,st_upgr_w_internal,1
wpn_sig550,1,2,1,up_sect_firstc_sig550,upgr_w_2_internal,st_upgr_w_internal,2
wpn_sig550,1,2,2,up_sect_firstd_sig550,upgr_w_2_internal,st_upgr_w_internal,2
wpn_sig550,1,3,1,up_sect_firste_sig550,upgr_w_3_internal,st_upgr_w_internal,3
wpn_sig550,2,1,1,up_sect_secona_sig550,upgr_w_1_internal,st_upgr_w_internal,1
wpn_sig550,2,2,1,up_sect_seconc_sig550,upgr_w_2_external,st_upgr_w_external,2
wpn_sig550,2,3,1,up_sect_secone_sig550,upgr_w_3_internal,st_upgr_w_internal,3
wpn_sig550,2,3,2,up_sect_seconf_sig550,upgr_w_3_external,st_upgr_w_external,3
wpn_sig550,3,1,1,up_sect_thirda_sig550,upgr_w_1_internal,st_upgr_w_internal,1
wpn_sig550,3,2,1,up_sect_thirdc_sig550,upgr_w_2_internal,st_upgr_w_internal,2
wpn_sig550,3,2,2,up_sect_thirdd_sig550,upgr_w_2_external,st_upgr_w_external,2
wpn_sig550,3,3,1,up_sect_thirde_sig550,upgr_w_3_internal,st_upgr_w_internal,3
wpn_sig550,4,1,1,up_sect_fourta_sig550,upgr_w_1_external,st_upgr_w_external,1
wpn_sig550,4,2,1,up_sect_fourtc_sig550,upgr_w_2_external,st_upgr_w_external,2
wpn_sig550,4,3,1,up_sect_fourte_sig550,upgr_w_3_external,st_upgr_w_external,3
wpn_sig550,4,3,2,up_sect_fourtf_sig550,upgr_w_3_external,st_upgr_w_external,3
wpn_sig550,5,1,1,up_sect_fiftha_sig550,upgr_w_1_external,st_upgr_w_external,1
wpn_sig550_camo,1,1,1,up_sect_firsta_sig550,upgr_w_1_internal,st_upgr_w_internal,1
wpn_sig550_camo,1,2,1,up_sect_firstc_sig550,upgr_w_2_internal,st_upgr_w_internal,2
wpn_sig550_camo,1,2,2,up_sect_firstd_sig550,upgr_w_2_internal,st_upgr_w_internal,2
wpn_sig550_camo,1,3,1,up_sect_firste_sig550,upgr_w_3_internal,st_upgr_w_internal,3
wpn_sig550_camo,2,1,1,up_sect_secona_sig550,upgr_w_1_internal,st_upgr_w_internal,1
wpn_sig550_camo,2,2,1,up_sect_seconc_sig550,upgr_w_2_external,st_upgr_w_external,2
wpn_sig550_camo,2,3,1,up_sect_secone_sig550,upgr_w_3_internal,st_upgr_w_internal,3
wpn_sig550_camo,2,3,2,up_sect_seconf_sig550,upgr_w_3_external,st_upgr_w_external,3
wpn_sig550_camo,3,1,1,up_sect_thirda_sig550,upgr_w_1_internal,st_upgr_w_internal,1
wpn_sig550_camo,3,2,1,up_sect_thirdc_sig550,upgr_w_2_internal,st_upgr_w_internal,2
wpn_sig550_camo,3,2,2,up_sect_thirdd_sig550,upgr_w_2_external,st_upgr_w_external,2
wpn_sig550_camo,3,3,1,up_sect_thirde_sig550,upgr_w_3_internal,st_upgr_w_internal,3
wpn_sig550_camo,4,1,1,up_sect_fourta_sig550,upgr_w_1_external,st_upgr_w_external,1
wpn_sig550_camo,4,2,1,up_sect_fourtc_sig550,upgr_w_2_external,st_upgr_w_external,2
wpn_sig550_camo,4,3,1,up_sect_fourte_sig550,upgr_w_3_external,st_upgr_w_external,3
wpn_sig550_camo,4,3,2,up_sect_fourtf_sig550,upgr_w_3_external,st_upgr_w_external,3
wpn_sig550_camo,5,1,1,up_sect_fiftha_sig550,upgr_w_1_external,st_upgr_w_external,1
wpn_sig550_custom,1,1,1,up_sect_firsta_sig550,upgr_w_1_internal,st_upgr_w_internal,1
wpn_sig550_custom,1,2,1,up_sect_firstc_sig550,upgr_w_2_internal,st_upgr_w_internal,2
wpn_sig550_custom,1,2,2,up_sect_firstd_sig550,upgr_w_2_internal,st_upgr_w_internal,2
wpn_sig550_custom,1,3,1,up_sect_firste_sig550,upgr_w_3_internal,st_upgr_w_internal,3
wpn_sig550_custom,2,1,1,up_sect_secona_sig550,upgr_w_1_internal,st_upgr_w_internal,1
wpn_sig550_custom,2,2,1,up_sect_seconc_sig550,upgr_w_2_external,st_upgr_w_external,2
wpn_sig550_custom,2,3,1,up_sect_secone_sig550,upgr_w_3_internal,st_upgr_w_internal,3
wpn_sig550_custom,2,3,2,up_sect_seconf_sig550,upgr_w_3_external,st_upgr_w_external,3
wpn_sig550_custom,3,1,1,up_sect_thirda_sig550,upgr_w_1_internal,st_upgr_w_internal,1
wpn_sig550_custom,3,2,1,up_sect_thirdc_sig550,upgr_w_2_internal,st_upgr_w_internal,2
wpn_sig550_custom,3,2,2,up_sect_thirdd_sig550,upgr_w_2_external,st_upgr_w_external,2
wpn_sig550_custom,3,3,1,up_sect_thirde_sig550,upgr_w_3_internal,st_upgr_w_internal,3
wpn_sig550_custom,4,1,1,up_sect_fourta_sig550,upgr_w_1_external,st_upgr_w_external,1
wpn_sig550_custom,4,2,1,up_sect_fourtc_sig550,upgr_w_2_external,st_upgr_w_external,2
wpn_sig550_custom,4,3,1,up_sect_fourte_sig550,upgr_w_3_external,st_upgr_w_external,3
wpn_sig550_custom,4,3,2,up_sect_fourtf_sig550,upgr_w_3_external,st_upgr_w_external,3
wpn_sig550_custom,5,1,1,up_sect_fiftha_sig550,upgr_w_1_external,st_upgr_w_external,1
wpn_sig550_luckygun,1,1,1,up_sect_firsta_sig550,upgr_w_1_internal,st_upgr_w_internal,1
wpn_sig550_luckygun,1,2,1,up_sect_firstc_sig550,upgr_w_2_internal,st_upgr_w_internal,2
wpn_sig550_luckygun,1,2,2,up_sect_firstd_sig550,upgr_w_2_internal,st_upgr_w_internal,2
wpn_sig550_luckygun,1,3,1,up_sect_firste_sig550,upgr_w_3_internal,st_upgr_w_internal,3
wpn_sig550_luckygun,2,1,1,up_sect_secona_sig550,upgr_w_1_internal,st_upgr_w_internal,1
wpn_sig550_luckygun,2,2,1,up_sect_seconc_sig550,upgr_w_2_external,st_upgr_w_external,2
wpn_sig550_luckygun,2,3,1,up_sect_secone_sig550,upgr_w_3_internal,st_upgr_w_internal,3
wpn_sig550_luckygun,2,3,2,up_sect_seconf_sig550,upgr_w_3_external,st_upgr_w_external,3
wpn_sig550_luckygun,3,1,1,up_sect_thirda_sig550,upgr_w_1_internal,st_upgr_w_internal,1
wpn_sig550_luckygun,3,2,1,up_sect_thirdc_sig550,upgr_w_2_internal,st_upgr_w_internal,2
wpn_sig550_luckygun,3,2,2,up_sect_thirdd_sig550,upgr_w_2_external,st_upgr_w_external,2
wpn_sig550_luckygun,3,3,1,up_sect_thirde_sig550,upgr_w_3_internal,st_upgr_w_internal,3
wpn_sig550_luckygun,4,1,1,up_sect_fourta_sig550,upgr_w_1_external,st_upgr_w_external,1
wpn_sig550_luckygun,4,2,1,up_sect_fourtc_sig550,upgr_w_2_external,st_upgr_w_external,2
wpn_sig550_luckygun,4,3,1,up_sect_fourte_sig550,upgr_w_3_external,st_upgr_w_external,3
wpn_sig550_luckygun,4,3,2,up_sect_fourtf_sig550,upgr_w_3_external,st_upgr_w_external,3
wpn_sig550_luckygun,5,1,1,up_sect_fiftha_sig550,upgr_w_1_external,st_upgr_w_external,1
wpn_sig550_sniper,1,1,1,up_sect_firsta_sig550,upgr_w_1_internal,st_upgr_w_internal,1
wpn_sig550_sniper,1,2,1,up_sect_firstc_sig550,upgr_w_2_internal,st_upgr_w_internal,2
wpn_sig550_sniper,1,2,2,up_sect_firstd_sig550,upgr_w_2_internal,st_upgr_w_internal,2
wpn_sig550_sniper,1,3,1,up_sect_firste_sig550,upgr_w_3_internal,st_upgr_w_internal,3
wpn_sig550_sniper,2,1,1,up_sect_secona_sig550,upgr_w_1_internal,st_upgr_w_internal,1
wpn_sig550_sniper,2,2,1,up_sect_seconc_sig550,upgr_w_2_external,st_upgr_w_external,2
wpn_sig550_sniper,2,3,1,up_sect_secone_sig550,upgr_w_3_internal,st_upgr_w_internal,3
wpn_sig550_sniper,2,3,2,up_sect_seconf_sig550,upgr_w_3_external,st_upgr_w_external,3
wpn_sig550_sniper,3,1,1,up_sect_thirda_sig550,upgr_w_1_internal,st_upgr_w_internal,1
wpn_sig550_sniper,3,2,1,up_sect_thirdc_sig550,upgr_w_2_internal,st_upgr_w_internal,2
wpn_sig550_sniper,3,2,2,up_sect_thirdd_sig550,upgr_w_2_external,st_upgr_w_external,2
wpn_sig550_sniper,3,3,1,up_sect_thirde_sig550,upgr_w_3_internal,st_upgr_w_internal,3
wpn_sig550_sniper,4,1,1,up_sect_fourta_sig550,upgr_w_1_external,st_upgr_w_external,1
wpn_sig550_sniper,4,2,1,up_sect_fourtc_sig550,upgr_w_2_external,st_upgr_w_external,2
wpn_sig550_sniper,4,3,1,up_sect_fourte_sig550,upgr_w_3_external,st_upgr_w_external,3
wpn_sig550_sniper,4,3,2,up_sect_fourtf_sig550,upgr_w_3_external,st_upgr_w_external,3
wpn_sig550_sniper,5,1,1,up_sect_fiftha_sig550,upgr_w_1_external,st_upgr_w_external,1
wpn_sig552,1,1,1,up_sect_firsta_sig550,upgr_w_1_internal,st_upgr_w_internal,1
wpn_sig552,1,2,1,up_sect_firstc_sig550,upgr_w_2_internal,st_upgr_w_internal,2
wpn_sig552,1,2,2,up_sect_firstd_sig550,upgr_w_2_internal,st_upgr_w_internal,2
wpn_sig552,1,3,1,up_sect_firste_sig550,upgr_w_3_internal,st_upgr_w_internal,3
wpn_sig552,2,1,1,up_sect_secona_sig550,upgr_w_1_internal,st_upgr_w_internal,1
wpn_sig552,2,2,1,up_sect_seconc_sig550,upgr_w_2_external,st_upgr_w_external,2
wpn_sig552,2,3,1,up_sect_secone_sig550,upgr_w_3_internal,st_upgr_w_internal,3
wpn_sig552,2,3,2,up_sect_seconf_sig550,upgr_w_3_external,st_upgr_w_external,3
wpn_sig552,3,1,1,up_sect_thirda_sig550,upgr_w_1_internal,st_upgr_w_internal,1
wpn_sig552,3,2,1,up_sect_thirdc_sig550,upgr_w_2_internal,st_upgr_w_internal,2
wpn_sig552,3,2,2,up_sect_thirdd_sig550,upgr_w_2_external,st_upgr_w_external,2
wpn_sig552,3,3,1,up_sect_thirde_sig550,upgr_w_3_internal,st_upgr_w_internal,3
wpn_sig552,4,1,1,up_sect_fourta_sig550,upgr_w_1_external,st_upgr_w_external,1
wpn_sig552,4,2,1,up_sect_fourtc_sig550,upgr_w_2_external,st_upgr_w_external,2
wpn_sig552,4,3,1,up_sect_fourte_sig550,upgr_w_3_external,st_upgr_w_external,3
wpn_sig552,4,3,2,up_sect_fourtf_sig550,upgr_w_3_external,st_upgr_w_external,3
wpn_sig552,5,1,1,up_sect_fiftha_sig550,upgr_w_1_external,st_upgr_w_external,1
wpn_sks,1,1,1,up_sect_firsta_sks,upgr_w_1_internal,st_upgr_w_internal,1
wpn_sks,1,2,1,up_sect_firstc_sks,upgr_w_2_external,st_upgr_w_external,2
wpn_sks,1,2,2,up_sect_firstd_sks,upgr_w_2_internal,st_upgr_w_internal,2
wpn_sks,1,3,1,up_sect_firste_sks,upgr_w_2_external,st_upgr_w_external,2
wpn_sks,1,3,2,up_sect_firstf_sks,upgr_w_2_internal,st_upgr_w_internal,2
wpn_sks,2,1,1,up_sect_secona_sks,upgr_w_1_external,st_upgr_w_external,1
wpn_sks,2,2,1,up_sect_seconc_sks,upgr_w_2_external,st_upgr_w_external,2
wpn_sks,2,2,2,up_sect_second_sks,upgr_w_2_internal,st_upgr_w_internal,2
wpn_sks,3,1,1,up_sect_thirda_sks,upgr_w_1_internal,st_upgr_w_internal,1
wpn_sks,3,2,1,up_sect_thirdc_sks,upgr_w_2_internal,st_upgr_w_internal,2
wpn_sks,3,3,1,up_sect_thirde_sks,upgr_w_2_internal,st_upgr_w_internal,2
wpn_sks,3,3,2,up_sect_thirdf_sks,upgr_w_2_external,st_upgr_w_external,2
wpn_sks_b,1,1,1,up_sect_firsta_sks,upgr_w_1_internal,st_upgr_w_internal,1
wpn_sks_b,1,2,1,up_sect_firstc_sks,upgr_w_2_external,st_upgr_w_external,2
wpn_sks_b,1,2,2,up_sect_firstd_sks,upgr_w_2_internal,st_upgr_w_internal,2
wpn_sks_b,1,3,1,up_sect_firste_sks,upgr_w_2_external,st_upgr_w_external,2
wpn_sks_b,1,3,2,up_sect_firstf_sks,upgr_w_2_internal,st_upgr_w_internal,2
wpn_sks_b,2,1,1,up_sect_secona_sks,upgr_w_1_external,st_upgr_w_external,1
wpn_sks_b,2,2,1,up_sect_seconc_sks,upgr_w_2_external,st_upgr_w_external,2
wpn_sks_b,2,2,2,up_sect_second_sks,upgr_w_2_internal,st_upgr_w_internal,2
wpn_sks_b,3,1,1,up_sect_thirda_sks,upgr_w_1_internal,st_upgr_w_internal,1
wpn_sks_b,3,2,1,up_sect_thirdc_sks,upgr_w_2_internal,st_upgr_w_internal,2
wpn_sks_b,3,3,1,up_sect_thirde_sks,upgr_w_2_internal,st_upgr_w_internal,2
wpn_sks_b,3,3,2,up_sect_thirdf_sks,upgr_w_2_external,st_upgr_w_external,2
wpn_sks_modern,1,1,1,up_sect_firsta_sks,upgr_w_1_internal,st_upgr_w_internal,1
wpn_sks_modern,1,2,1,up_sect_firstc_sks,upgr_w_2_external,st_upgr_w_external,2
wpn_sks_modern,1,2,2,up_sect_firstd_sks,upgr_w_2_internal,st_upgr_w_internal,2
wpn_sks_modern,1,3,1,up_sect_firste_sks,upgr_w_2_external,st_upgr_w_external,2
wpn_sks_modern,1,3,2,up_sect_firstf_sks,upgr_w_2_internal,st_upgr_w_internal,2
wpn_sks_modern,2,1,1,up_sect_secona_sks,upgr_w_1_external,st_upgr_w_external,1
wpn_sks_modern,2,2,1,up_sect_seconc_sks,upgr_w_2_external,st_upgr_w_external,2
wpn_sks_modern,2,2,2,up_sect_second_sks,upgr_w_2_internal,st_upgr_w_internal,2
wpn_sks_modern,3,1,1,up_sect_thirda_sks,upgr_w_1_internal,st_upgr_w_internal,1
wpn_sks_modern,3,2,1,up_sect_thirdc_sks,upgr_w_2_internal,st_upgr_w_internal,2
wpn_sks_modern,3,3,1,up_sect_thirde_sks,upgr_w_2_internal,st_upgr_w_internal,2
wpn_sks_modern,3,3,2,up_sect_thirdf_sks,upgr_w_2_external,st_upgr_w_external,2
wpn_sks_molot,1,1,1,up_sect_firsta_sks,upgr_w_1_internal,st_upgr_w_internal,1
wpn_sks_molot,1,2,1,up_sect_firstc_sks,upgr_w_2_external,st_upgr_w_external,2
wpn_sks_molot,1,2,2,up_sect_firstd_sks,upgr_w_2_internal,st_upgr_w_internal,2
wpn_sks_molot,1,3,1,up_sect_firste_sks,upgr_w_2_external,st_upgr_w_external,2
wpn_sks_molot,1,3,2,up_sect_firstf_sks,upgr_w_2_internal,st_upgr_w_internal,2
wpn_sks_molot,2,1,1,up_sect_secona_sks,upgr_w_1_external,st_upgr_w_external,1
wpn_sks_molot,2,2,1,up_sect_seconc_sks,upgr_w_2_external,st_upgr_w_external,2
wpn_sks_molot,2,2,2,up_sect_second_sks,upgr_w_2_internal,st_upgr_w_internal,2
wpn_sks_molot,3,1,1,up_sect_thirda_sks,upgr_w_1_internal,st_upgr_w_internal,1
wpn_sks_molot,3,2,1,up_sect_thirdc_sks,upgr_w_2_internal,st_upgr_w_internal,2
wpn_sks_molot,3,3,1,up_sect_thirde_sks,upgr_w_2_internal,st_upgr_w_internal,2
wpn_sks_molot,3,3,2,up_sect_thirdf_sks,upgr_w_2_external,st_upgr_w_external,2
wpn_sks_tac,1,1,1,up_sect_firsta_sks,upgr_w_1_internal,st_upgr_w_internal,1
wpn_sks_tac,1,2,1,up_sect_firstc_sks,upgr_w_2_external,st_upgr_w_external,2
wpn_sks_tac,1,2,2,up_sect_firstd_sks,upgr_w_2_internal,st_upgr_w_internal,2
wpn_sks_tac,1,3,1,up_sect_firste_sks,upgr_w_2_external,st_upgr_w_external,2
wpn_sks_tac,1,3,2,up_sect_firstf_sks,upgr_w_2_internal,st_upgr_w_internal,2
wpn_sks_tac,2,1,1,up_sect_secona_sks,upgr_w_1_external,st_upgr_w_external,1
wpn_sks_tac,2,2,1,up_sect_seconc_sks,upgr_w_2_external,st_upgr_w_external,2
wpn_sks_tac,2,2,2,up_sect_second_sks,upgr_w_2_internal,st_upgr_w_internal,2
wpn_sks_tac,3,1,1,up_sect_thirda_sks,upgr_w_1_internal,st_upgr_w_internal,1
wpn_sks_tac,3,2,1,up_sect_thirdc_sks,upgr_w_2_internal,st_upgr_w_internal,2
wpn_sks_tac,3,3,1,up_sect_thirde_sks,upgr_w_2_internal,st_upgr_w_internal,2
wpn_sks_tac,3,3,2,up_sect_thirdf_sks,upgr_w_2_external,st_upgr_w_external,2
wpn_spas12,1,1,1,up_sect_firsta_spas12,upgr_w_1_internal,st_upgr_w_internal,1
wpn_spas12,1,2,1,up_sect_firstc_spas12,upgr_w_2_external,st_upgr_w_external,2
wpn_spas12,1,2,2,up_sect_firstd_spas12,upgr_w_2_internal,st_upgr_w_internal,2
wpn_spas12,1,3,1,up_sect_firste_spas12,upgr_w_3_external,st_upgr_w_external,3
wpn_spas12,1,3,2,up_sect_firste_spas12,upgr_w_3_internal,st_upgr_w_internal,3
wpn_spas12,2,1,1,up_sect_secona_spas12,upgr_w_1_external,st_upgr_w_external,1
wpn_spas12,2,2,1,up_sect_seconc_spas12,upgr_w_2_external,st_upgr_w_external,2
wpn_spas12,2,2,2,up_sect_second_spas12,upgr_w_2_internal,st_upgr_w_internal,2
wpn_spas12,3,1,1,up_sect_thirda_spas12,upgr_w_1_internal,st_upgr_w_internal,1
wpn_spas12,3,2,1,up_sect_thirdc_spas12,upgr_w_2_external,st_upgr_w_external,2
wpn_spas12,3,2,2,up_sect_thirdd_spas12,upgr_w_2_internal,st_upgr_w_internal,2
wpn_spas12,3,3,1,up_sect_thirde_spas12,upgr_w_3_internal,st_upgr_w_internal,3
wpn_spas12,3,3,2,up_sect_thirdf_spas12,upgr_w_3_internal,st_upgr_w_internal,3
wpn_spas12,4,1,1,up_sect_fourta_spas12,upgr_w_1_internal,st_upgr_w_internal,1
wpn_spas12_custom,1,1,1,up_sect_firsta_spas12,upgr_w_1_internal,st_upgr_w_internal,1
wpn_spas12_custom,1,2,1,up_sect_firstc_spas12,upgr_w_2_external,st_upgr_w_external,2
wpn_spas12_custom,1,2,2,up_sect_firstd_spas12,upgr_w_2_internal,st_upgr_w_internal,2
wpn_spas12_custom,1,3,1,up_sect_firste_spas12,upgr_w_3_external,st_upgr_w_external,3
wpn_spas12_custom,1,3,2,up_sect_firste_spas12,upgr_w_3_internal,st_upgr_w_internal,3
wpn_spas12_custom,2,1,1,up_sect_secona_spas12,upgr_w_1_external,st_upgr_w_external,1
wpn_spas12_custom,2,2,1,up_sect_seconc_spas12,upgr_w_2_external,st_upgr_w_external,2
wpn_spas12_custom,2,2,2,up_sect_second_spas12,upgr_w_2_internal,st_upgr_w_internal,2
wpn_spas12_custom,3,1,1,up_sect_thirda_spas12,upgr_w_1_internal,st_upgr_w_internal,1
wpn_spas12_custom,3,2,1,up_sect_thirdc_spas12,upgr_w_2_external,st_upgr_w_external,2
wpn_spas12_custom,3,2,2,up_sect_thirdd_spas12,upgr_w_2_internal,st_upgr_w_internal,2
wpn_spas12_custom,3,3,1,up_sect_thirde_spas12,upgr_w_3_internal,st_upgr_w_internal,3
wpn_spas12_custom,3,3,2,up_sect_thirdf_spas12,upgr_w_3_internal,st_upgr_w_internal,3
wpn_spas12_custom,4,1,1,up_sect_fourta_spas12,upgr_w_1_internal,st_upgr_w_internal,1
wpn_spas12_nimble,1,1,1,up_sect_firsta_spas12,upgr_w_1_internal,st_upgr_w_internal,1
wpn_spas12_nimble,1,2,1,up_sect_firstc_spas12,upgr_w_2_external,st_upgr_w_external,2
wpn_spas12_nimble,1,2,2,up_sect_firstd_spas12,upgr_w_2_internal,st_upgr_w_internal,2
wpn_spas12_nimble,1,3,1,up_sect_firste_spas12,upgr_w_3_external,st_upgr_w_external,3
wpn_spas12_nimble,1,3,2,up_sect_firste_spas12,upgr_w_3_internal,st_upgr_w_internal,3
wpn_spas12_nimble,2,1,1,up_sect_secona_spas12,upgr_w_1_external,st_upgr_w_external,1
wpn_spas12_nimble,2,2,1,up_sect_seconc_spas12,upgr_w_2_external,st_upgr_w_external,2
wpn_spas12_nimble,2,2,2,up_sect_second_spas12,upgr_w_2_internal,st_upgr_w_internal,2
wpn_spas12_nimble,3,1,1,up_sect_thirda_spas12,upgr_w_1_internal,st_upgr_w_internal,1
wpn_spas12_nimble,3,2,1,up_sect_thirdc_spas12,upgr_w_2_external,st_upgr_w_external,2
wpn_spas12_nimble,3,2,2,up_sect_thirdd_spas12,upgr_w_2_internal,st_upgr_w_internal,2
wpn_spas12_nimble,3,3,1,up_sect_thirde_spas12,upgr_w_3_internal,st_upgr_w_internal,3
wpn_spas12_nimble,3,3,2,up_sect_thirdf_spas12,upgr_w_3_internal,st_upgr_w_internal,3
wpn_spas12_nimble,4,1,1,up_sect_fourta_spas12,upgr_w_1_internal,st_upgr_w_internal,1
wpn_sr1m,1,1,1,up_sect_firsta_fn57,upgr_w_1_external,st_upgr_w_external,1
wpn_sr1m,1,2,1,up_sect_firstc_fn57,upgr_w_1_internal,st_upgr_w_internal,1
wpn_sr1m,1,2,2,up_sect_firstd_fn57,upgr_w_1_external,st_upgr_w_external,1
wpn_sr1m,1,3,1,up_sect_firste_fn57,upgr_w_2_internal,st_upgr_w_internal,2
wpn_sr1m,2,1,1,up_sect_secona_fn57,upgr_w_1_external,st_upgr_w_external,1
wpn_sr1m,2,2,1,up_sect_seconc_fn57,upgr_w_1_internal,st_upgr_w_internal,1
wpn_sr1m,2,3,1,up_sect_secone_fn57,upgr_w_2_internal,st_upgr_w_internal,2
wpn_sr1m,2,3,2,up_sect_seconf_fn57,upgr_w_2_external,st_upgr_w_external,2
wpn_sr1m,3,1,1,up_sect_thirda_fn57,upgr_w_1_internal,st_upgr_w_internal,1
wpn_sr1m,3,2,1,up_sect_thirdc_fn57,upgr_w_1_external,st_upgr_w_external,1
wpn_sr1m,3,2,2,up_sect_thirdd_fn57,upgr_w_1_internal,st_upgr_w_internal,1
wpn_sr1m,4,1,1,up_sect_fourta_fn57,upgr_w_1_external,st_upgr_w_external,1
wpn_sr1m,4,2,1,up_sect_fourtc_fn57,upgr_w_1_internal,st_upgr_w_internal,1
wpn_sr1m,5,1,1,up_sect_fiftha_fn57,upgr_w_1_internal,st_upgr_w_internal,1
wpn_sr1m_gurza_up,1,1,1,up_sect_firsta_fn57,upgr_w_1_external,st_upgr_w_external,1
wpn_sr1m_gurza_up,1,2,1,up_sect_firstc_fn57,upgr_w_1_internal,st_upgr_w_internal,1
wpn_sr1m_gurza_up,1,2,2,up_sect_firstd_fn57,upgr_w_1_external,st_upgr_w_external,1
wpn_sr1m_gurza_up,1,3,1,up_sect_firste_fn57,upgr_w_2_internal,st_upgr_w_internal,2
wpn_sr1m_gurza_up,2,1,1,up_sect_secona_fn57,upgr_w_1_external,st_upgr_w_external,1
wpn_sr1m_gurza_up,2,2,1,up_sect_seconc_fn57,upgr_w_1_internal,st_upgr_w_internal,1
wpn_sr1m_gurza_up,2,3,1,up_sect_secone_fn57,upgr_w_2_internal,st_upgr_w_internal,2
wpn_sr1m_gurza_up,2,3,2,up_sect_seconf_fn57,upgr_w_2_external,st_upgr_w_external,2
wpn_sr1m_gurza_up,3,1,1,up_sect_thirda_fn57,upgr_w_1_internal,st_upgr_w_internal,1
wpn_sr1m_gurza_up,3,2,1,up_sect_thirdc_fn57,upgr_w_1_external,st_upgr_w_external,1
wpn_sr1m_gurza_up,3,2,2,up_sect_thirdd_fn57,upgr_w_1_internal,st_upgr_w_internal,1
wpn_sr1m_gurza_up,4,1,1,up_sect_fourta_fn57,upgr_w_1_external,st_upgr_w_external,1
wpn_sr1m_gurza_up,4,2,1,up_sect_fourtc_fn57,upgr_w_1_internal,st_upgr_w_internal,1
wpn_sr1m_gurza_up,5,1,1,up_sect_fiftha_fn57,upgr_w_1_internal,st_upgr_w_internal,1
wpn_sr1m_sr1upgr1,1,1,1,up_sect_firsta_fn57,upgr_w_1_external,st_upgr_w_external,1
wpn_sr1m_sr1upgr1,1,2,1,up_sect_firstc_fn57,upgr_w_1_internal,st_upgr_w_internal,1
wpn_sr1m_sr1upgr1,1,2,2,up_sect_firstd_fn57,upgr_w_1_external,st_upgr_w_external,1
wpn_sr1m_sr1upgr1,1,3,1,up_sect_firste_fn57,upgr_w_2_internal,st_upgr_w_internal,2
wpn_sr1m_sr1upgr1,2,1,1,up_sect_secona_fn57,upgr_w_1_external,st_upgr_w_external,1
wpn_sr1m_sr1upgr1,2,2,1,up_sect_seconc_fn57,upgr_w_1_internal,st_upgr_w_internal,1
wpn_sr1m_sr1upgr1,2,3,1,up_sect_secone_fn57,upgr_w_2_internal,st_upgr_w_internal,2
wpn_sr1m_sr1upgr1,2,3,2,up_sect_seconf_fn57,upgr_w_2_external,st_upgr_w_external,2
wpn_sr1m_sr1upgr1,3,1,1,up_sect_thirda_fn57,upgr_w_1_internal,st_upgr_w_internal,1
wpn_sr1m_sr1upgr1,3,2,1,up_sect_thirdc_fn57,upgr_w_1_external,st_upgr_w_external,1
wpn_sr1m_sr1upgr1,3,2,2,up_sect_thirdd_fn57,upgr_w_1_internal,st_upgr_w_internal,1
wpn_sr1m_sr1upgr1,4,1,1,up_sect_fourta_fn57,upgr_w_1_external,st_upgr_w_external,1
wpn_sr1m_sr1upgr1,4,2,1,up_sect_fourtc_fn57,upgr_w_1_internal,st_upgr_w_internal,1
wpn_sr1m_sr1upgr1,5,1,1,up_sect_fiftha_fn57,upgr_w_1_internal,st_upgr_w_internal,1
wpn_sr25,1,1,1,up_sect_firsta_m4,upgr_w_2_internal,st_upgr_w_internal,2
wpn_sr25,1,2,1,up_sect_firstc_m4,upgr_w_3_external,st_upgr_w_external,3
wpn_sr25,1,2,2,up_sect_firstd_m4,upgr_w_3_internal,st_upgr_w_internal,3
wpn_sr25,1,3,1,up_sect_firste_m4,upgr_w_3_internal,st_upgr_w_internal,3
wpn_sr25,2,1,1,up_sect_secona_m4,upgr_w_2_internal,st_upgr_w_internal,2
wpn_sr25,2,2,1,up_sect_seconc_m4,upgr_w_3_internal,st_upgr_w_internal,3
wpn_sr25,2,3,1,up_sect_secone_m4,upgr_w_3_internal,st_upgr_w_internal,3
wpn_sr25,2,3,2,up_sect_seconf_m4,upgr_w_3_external,st_upgr_w_external,3
wpn_sr25,3,1,1,up_sect_thirda_m4,upgr_w_2_external,st_upgr_w_external,2
wpn_sr25,3,2,1,up_sect_thirdc_m4,upgr_w_3_external,st_upgr_w_external,3
wpn_sr25,3,2,2,up_sect_thirdd_m4,upgr_w_3_internal,st_upgr_w_internal,3
wpn_sr25,3,3,1,up_sect_thirde_m4,upgr_w_3_internal,st_upgr_w_internal,3
wpn_sr25,4,1,1,up_sect_fourta_m4,upgr_w_2_external,st_upgr_w_external,2
wpn_sr25,4,2,1,up_sect_fourtc_m4,upgr_w_3_external,st_upgr_w_external,3
wpn_sr25,4,3,1,up_sect_fourte_m4,upgr_w_3_external,st_upgr_w_external,3
wpn_sr25,4,3,2,up_sect_fourtf_m4,upgr_w_3_external,st_upgr_w_external,3
wpn_sr25,5,1,1,up_sect_fiftha_m4,upgr_w_2_internal,st_upgr_w_internal,2
wpn_sr2_m1,1,1,1,up_sect_firsta_mp5,upgr_w_1_internal,st_upgr_w_internal,1
wpn_sr2_m1,1,2,1,up_sect_firstc_mp5,upgr_w_2_external,st_upgr_w_external,2
wpn_sr2_m1,1,2,2,up_sect_firstd_mp5,upgr_w_2_internal,st_upgr_w_internal,2
wpn_sr2_m1,1,3,1,up_sect_firste_mp5,upgr_w_3_internal,st_upgr_w_internal,3
wpn_sr2_m1,2,1,1,up_sect_secona_mp5,upgr_w_1_internal,st_upgr_w_internal,1
wpn_sr2_m1,2,2,1,up_sect_seconc_mp5,upgr_w_2_internal,st_upgr_w_internal,2
wpn_sr2_m1,2,3,1,up_sect_secone_mp5,upgr_w_3_external,st_upgr_w_external,3
wpn_sr2_m1,2,3,2,up_sect_seconf_mp5,upgr_w_3_internal,st_upgr_w_internal,3
wpn_sr2_m1,3,1,1,up_sect_thirda_mp5,upgr_w_1_internal,st_upgr_w_internal,1
wpn_sr2_m1,3,2,1,up_sect_thirdc_mp5,upgr_w_2_external,st_upgr_w_external,2
wpn_sr2_m1,3,2,2,up_sect_thirdd_mp5,upgr_w_2_internal,st_upgr_w_internal,2
wpn_sr2_m1,3,3,1,up_sect_thirde_mp5,upgr_w_3_internal,st_upgr_w_internal,3
wpn_sr2_m1,4,1,1,up_sect_fourta_mp5,upgr_w_1_internal,st_upgr_w_internal,1
wpn_sr2_m1,4,2,1,up_sect_fourtc_mp5,upgr_w_2_internal,st_upgr_w_internal,2
wpn_sr2_m1,4,3,1,up_sect_fourte_mp5,upgr_w_3_external,st_upgr_w_external,3
wpn_sr2_m1,4,3,2,up_sect_fourtf_mp5,upgr_w_3_external,st_upgr_w_external,3
wpn_sr2_veresk,1,1,1,up_sect_firsta_mp5,upgr_w_1_internal,st_upgr_w_internal,1
wpn_sr2_veresk,1,2,1,up_sect_firstc_mp5,upgr_w_2_external,st_upgr_w_external,2
wpn_sr2_veresk,1,2,2,up_sect_firstd_mp5,upgr_w_2_internal,st_upgr_w_internal,2
wpn_sr2_veresk,1,3,1,up_sect_firste_mp5,upgr_w_3_internal,st_upgr_w_internal,3
wpn_sr2_veresk,2,1,1,up_sect_secona_mp5,upgr_w_1_internal,st_upgr_w_internal,1
wpn_sr2_veresk,2,2,1,up_sect_seconc_mp5,upgr_w_2_internal,st_upgr_w_internal,2
wpn_sr2_veresk,2,3,1,up_sect_secone_mp5,upgr_w_3_external,st_upgr_w_external,3
wpn_sr2_veresk,2,3,2,up_sect_seconf_mp5,upgr_w_3_internal,st_upgr_w_internal,3
wpn_sr2_veresk,3,1,1,up_sect_thirda_mp5,upgr_w_1_internal,st_upgr_w_internal,1
wpn_sr2_veresk,3,2,1,up_sect_thirdc_mp5,upgr_w_2_external,st_upgr_w_external,2
wpn_sr2_veresk,3,2,2,up_sect_thirdd_mp5,upgr_w_2_internal,st_upgr_w_internal,2
wpn_sr2_veresk,3,3,1,up_sect_thirde_mp5,upgr_w_3_internal,st_upgr_w_internal,3
wpn_sr2_veresk,4,1,1,up_sect_fourta_mp5,upgr_w_1_internal,st_upgr_w_internal,1
wpn_sr2_veresk,4,2,1,up_sect_fourtc_mp5,upgr_w_2_internal,st_upgr_w_internal,2
wpn_sr2_veresk,4,3,1,up_sect_fourte_mp5,upgr_w_3_external,st_upgr_w_external,3
wpn_sr2_veresk,4,3,2,up_sect_fourtf_mp5,upgr_w_3_external,st_upgr_w_external,3
wpn_sr2_veresk_sr2_upkit,1,1,1,up_sect_firsta_mp5,upgr_w_1_internal,st_upgr_w_internal,1
wpn_sr2_veresk_sr2_upkit,1,2,1,up_sect_firstc_mp5,upgr_w_2_external,st_upgr_w_external,2
wpn_sr2_veresk_sr2_upkit,1,2,2,up_sect_firstd_mp5,upgr_w_2_internal,st_upgr_w_internal,2
wpn_sr2_veresk_sr2_upkit,1,3,1,up_sect_firste_mp5,upgr_w_3_internal,st_upgr_w_internal,3
wpn_sr2_veresk_sr2_upkit,2,1,1,up_sect_secona_mp5,upgr_w_1_internal,st_upgr_w_internal,1
wpn_sr2_veresk_sr2_upkit,2,2,1,up_sect_seconc_mp5,upgr_w_2_internal,st_upgr_w_internal,2
wpn_sr2_veresk_sr2_upkit,2,3,1,up_sect_secone_mp5,upgr_w_3_external,st_upgr_w_external,3
wpn_sr2_veresk_sr2_upkit,2,3,2,up_sect_seconf_mp5,upgr_w_3_internal,st_upgr_w_internal,3
wpn_sr2_veresk_sr2_upkit,3,1,1,up_sect_thirda_mp5,upgr_w_1_internal,st_upgr_w_internal,1
wpn_sr2_veresk_sr2_upkit,3,2,1,up_sect_thirdc_mp5,upgr_w_2_external,st_upgr_w_external,2
wpn_sr2_veresk_sr2_upkit,3,2,2,up_sect_thirdd_mp5,upgr_w_2_internal,st_upgr_w_internal,2
wpn_sr2_veresk_sr2_upkit,3,3,1,up_sect_thirde_mp5,upgr_w_3_internal,st_upgr_w_internal,3
wpn_sr2_veresk_sr2_upkit,4,1,1,up_sect_fourta_mp5,upgr_w_1_internal,st_upgr_w_internal,1
wpn_sr2_veresk_sr2_upkit,4,2,1,up_sect_fourtc_mp5,upgr_w_2_internal,st_upgr_w_internal,2
wpn_sr2_veresk_sr2_upkit,4,3,1,up_sect_fourte_mp5,upgr_w_3_external,st_upgr_w_external,3
wpn_sr2_veresk_sr2_upkit,4,3,2,up_sect_fourtf_mp5,upgr_w_3_external,st_upgr_w_external,3
wpn_steyr_scout,1,1,1,up_sect_firsta_sv98,upgr_w_1_external,st_upgr_w_external,1
wpn_steyr_scout,1,2,1,up_sect_firstc_sv98,upgr_w_2_external,st_upgr_w_external,2
wpn_steyr_scout,1,2,2,up_sect_firstd_sv98,upgr_w_2_external,st_upgr_w_external,2
wpn_steyr_scout,1,3,1,up_sect_firste_sv98,upgr_w_3_external,st_upgr_w_external,3
wpn_steyr_scout,1,3,2,up_sect_firstf_sv98,upgr_w_3_internal,st_upgr_w_internal,3
wpn_steyr_scout,2,1,1,up_sect_secona_sv98,upgr_w_1_internal,st_upgr_w_internal,1
wpn_steyr_scout,2,2,1,up_sect_seconc_sv98,upgr_w_2_internal,st_upgr_w_internal,2
wpn_steyr_scout,2,2,2,up_sect_second_sv98,upgr_w_2_external,st_upgr_w_external,2
wpn_steyr_scout,3,1,1,up_sect_thirda_sv98,upgr_w_1_internal,st_upgr_w_internal,1
wpn_steyr_scout,3,2,1,up_sect_thirdc_sv98,upgr_w_2_external,st_upgr_w_external,2
wpn_steyr_scout,3,3,1,up_sect_thirde_sv98,upgr_w_3_internal,st_upgr_w_internal,3
wpn_steyr_scout_big,1,1,1,up_sect_firsta_sv98,upgr_w_1_external,st_upgr_w_external,1
wpn_steyr_scout_big,1,2,1,up_sect_firstc_sv98,upgr_w_2_external,st_upgr_w_external,2
wpn_steyr_scout_big,1,2,2,up_sect_firstd_sv98,upgr_w_2_external,st_upgr_w_external,2
wpn_steyr_scout_big,1,3,1,up_sect_firste_sv98,upgr_w_3_external,st_upgr_w_external,3
wpn_steyr_scout_big,1,3,2,up_sect_firstf_sv98,upgr_w_3_internal,st_upgr_w_internal,3
wpn_steyr_scout_big,2,1,1,up_sect_secona_sv98,upgr_w_1_internal,st_upgr_w_internal,1
wpn_steyr_scout_big,2,2,1,up_sect_seconc_sv98,upgr_w_2_internal,st_upgr_w_internal,2
wpn_steyr_scout_big,2,2,2,up_sect_second_sv98,upgr_w_2_external,st_upgr_w_external,2
wpn_steyr_scout_big,3,1,1,up_sect_thirda_sv98,upgr_w_1_internal,st_upgr_w_internal,1
wpn_steyr_scout_big,3,2,1,up_sect_thirdc_sv98,upgr_w_2_external,st_upgr_w_external,2
wpn_steyr_scout_big,3,3,1,up_sect_thirde_sv98,upgr_w_3_internal,st_upgr_w_internal,3
wpn_sv98,1,1,1,up_sect_firsta_sv98,upgr_w_1_external,st_upgr_w_external,1
wpn_sv98,1,2,1,up_sect_firstc_sv98,upgr_w_2_external,st_upgr_w_external,2
wpn_sv98,1,2,2,up_sect_firstd_sv98,upgr_w_2_external,st_upgr_w_external,2
wpn_sv98,1,3,1,up_sect_firste_sv98,upgr_w_3_external,st_upgr_w_external,3
wpn_sv98,1,3,2,up_sect_firstf_sv98,upgr_w_3_internal,st_upgr_w_internal,3
wpn_sv98,2,1,1,up_sect_secona_sv98,upgr_w_1_internal,st_upgr_w_internal,1
wpn_sv98,2,2,1,up_sect_seconc_sv98,upgr_w_2_internal,st_upgr_w_internal,2
wpn_sv98,2,2,2,up_sect_second_sv98,upgr_w_2_external,st_upgr_w_external,2
wpn_sv98,3,1,1,up_sect_thirda_sv98,upgr_w_1_internal,st_upgr_w_internal,1
wpn_sv98,3,2,1,up_sect_thirdc_sv98,upgr_w_2_external,st_upgr_w_external,2
wpn_sv98,3,3,1,up_sect_thirde_sv98,upgr_w_3_internal,st_upgr_w_internal,3
wpn_sv98,4,1,1,up_sect_fourta_ak74,upgr_w_1_external,st_upgr_w_external,1
wpn_sv98,4,2,1,up_sect_fourte_sv98,upgr_w_2_external,st_upgr_w_external,2
wpn_sv98,4,2,2,up_sect_fourte_ak74,upgr_w_2_external,st_upgr_w_external,2
wpn_sv98,4,3,1,up_sect_fourtc_sv98,upgr_w_3_optical,st_upgr_w_optical,3
wpn_sv98,4,3,2,up_sect_fourtd_sv98,upgr_w_3_optical,st_upgr_w_optical,3
wpn_sv98_custom,1,1,1,up_sect_firsta_sv98,upgr_w_1_external,st_upgr_w_external,1
wpn_sv98_custom,1,2,1,up_sect_firstc_sv98,upgr_w_2_external,st_upgr_w_external,2
wpn_sv98_custom,1,2,2,up_sect_firstd_sv98,upgr_w_2_external,st_upgr_w_external,2
wpn_sv98_custom,1,3,1,up_sect_firste_sv98,upgr_w_3_external,st_upgr_w_external,3
wpn_sv98_custom,1,3,2,up_sect_firstf_sv98,upgr_w_3_internal,st_upgr_w_internal,3
wpn_sv98_custom,2,1,1,up_sect_secona_sv98,upgr_w_1_internal,st_upgr_w_internal,1
wpn_sv98_custom,2,2,1,up_sect_seconc_sv98,upgr_w_2_internal,st_upgr_w_internal,2
wpn_sv98_custom,2,2,2,up_sect_second_sv98,upgr_w_2_external,st_upgr_w_external,2
wpn_sv98_custom,3,1,1,up_sect_thirda_sv98,upgr_w_1_internal,st_upgr_w_internal,1
wpn_sv98_custom,3,2,1,up_sect_thirdc_sv98,upgr_w_2_external,st_upgr_w_external,2
wpn_sv98_custom,3,3,1,up_sect_thirde_sv98,upgr_w_3_internal,st_upgr_w_internal,3
wpn_sv98_custom,4,1,1,up_sect_fourta_ak74,upgr_w_1_external,st_upgr_w_external,1
wpn_sv98_custom,4,2,1,up_sect_fourte_sv98,upgr_w_2_external,st_upgr_w_external,2
wpn_sv98_custom,4,2,2,up_sect_fourte_ak74,upgr_w_2_external,st_upgr_w_external,2
wpn_sv98_custom,4,3,1,up_sect_fourtc_sv98,upgr_w_3_optical,st_upgr_w_optical,3
wpn_sv98_custom,4,3,2,up_sect_fourtd_sv98,upgr_w_3_optical,st_upgr_w_optical,3
wpn_svd,1,1,1,up_sect_firsta_svd,upgr_w_2_external,st_upgr_w_external,2
wpn_svd,1,2,1,up_sect_firstc_svd,upgr_w_3_external,st_upgr_w_external,3
wpn_svd,1,2,2,up_sect_firstd_svd,upgr_w_3_external,st_upgr_w_external,3
wpn_svd,1,3,1,up_sect_firste_svd,upgr_w_3_external,st_upgr_w_external,3
wpn_svd,1,3,2,up_sect_firstf_svd,upgr_w_3_internal,st_upgr_w_internal,3
wpn_svd,2,1,1,up_sect_secona_svd,upgr_w_2_internal,st_upgr_w_internal,2
wpn_svd,2,2,1,up_sect_seconc_svd,upgr_w_3_internal,st_upgr_w_internal,3
wpn_svd,2,2,2,up_sect_second_svd,upgr_w_3_external,st_upgr_w_external,3
wpn_svd,3,1,1,up_sect_thirda_svd,upgr_w_2_internal,st_upgr_w_internal,2
wpn_svd,3,2,1,up_sect_thirdc_svd,upgr_w_3_external,st_upgr_w_external,3
wpn_svd,3,3,1,up_sect_thirde_svd,upgr_w_3_internal,st_upgr_w_internal,3
wpn_svd,4,1,1,up_sect_fourta_svd,upgr_w_2_optical,st_upgr_w_optical,2
wpn_svd,4,2,1,up_sect_fourtc_svd,upgr_w_3_external,st_upgr_w_external,3
wpn_svd,4,3,1,up_sect_fourte_svd,upgr_w_3_internal,st_upgr_w_internal,3
wpn_svd,4,3,2,up_sect_fourtf_svd,upgr_w_3_external,st_upgr_w_external,3
wpn_svd_m1,1,1,1,up_sect_firsta_svd,upgr_w_2_external,st_upgr_w_external,2
wpn_svd_m1,1,2,1,up_sect_firstc_svd,upgr_w_3_external,st_upgr_w_external,3
wpn_svd_m1,1,2,2,up_sect_firstd_svd,upgr_w_3_external,st_upgr_w_external,3
wpn_svd_m1,1,3,1,up_sect_firste_svd,upgr_w_3_external,st_upgr_w_external,3
wpn_svd_m1,1,3,2,up_sect_firstf_svd,upgr_w_3_internal,st_upgr_w_internal,3
wpn_svd_m1,2,1,1,up_sect_secona_svd,upgr_w_2_internal,st_upgr_w_internal,2
wpn_svd_m1,2,2,1,up_sect_seconc_svd,upgr_w_3_internal,st_upgr_w_internal,3
wpn_svd_m1,2,2,2,up_sect_second_svd,upgr_w_3_external,st_upgr_w_external,3
wpn_svd_m1,3,1,1,up_sect_thirda_svd,upgr_w_2_internal,st_upgr_w_internal,2
wpn_svd_m1,3,2,1,up_sect_thirdc_svd,upgr_w_3_external,st_upgr_w_external,3
wpn_svd_m1,3,3,1,up_sect_thirde_svd,upgr_w_3_internal,st_upgr_w_internal,3
wpn_svd_m1,4,1,1,up_sect_fourta_svd,upgr_w_2_optical,st_upgr_w_optical,2
wpn_svd_m1,4,2,1,up_sect_fourtc_svd,upgr_w_3_external,st_upgr_w_external,3
wpn_svd_m1,4,3,1,up_sect_fourte_svd,upgr_w_3_internal,st_upgr_w_internal,3
wpn_svd_m1,4,3,2,up_sect_fourtf_svd,upgr_w_3_external,st_upgr_w_external,3
wpn_svd_nimble,1,1,1,up_sect_firsta_svd,upgr_w_2_external,st_upgr_w_external,2
wpn_svd_nimble,1,2,1,up_sect_firstc_svd,upgr_w_3_external,st_upgr_w_external,3
wpn_svd_nimble,1,2,2,up_sect_firstd_svd,upgr_w_3_external,st_upgr_w_external,3
wpn_svd_nimble,1,3,1,up_sect_firste_svd,upgr_w_3_external,st_upgr_w_external,3
wpn_svd_nimble,1,3,2,up_sect_firstf_svd,upgr_w_3_internal,st_upgr_w_internal,3
wpn_svd_nimble,2,1,1,up_sect_secona_svd,upgr_w_2_internal,st_upgr_w_internal,2
wpn_svd_nimble,2,2,1,up_sect_seconc_svd,upgr_w_3_internal,st_upgr_w_internal,3
wpn_svd_nimble,2,2,2,up_sect_second_svd,upgr_w_3_external,st_upgr_w_external,3
wpn_svd_nimble,3,1,1,up_sect_thirda_svd,upgr_w_2_internal,st_upgr_w_internal,2
wpn_svd_nimble,3,2,1,up_sect_thirdc_svd,upgr_w_3_external,st_upgr_w_external,3
wpn_svd_nimble,3,3,1,up_sect_thirde_svd,upgr_w_3_internal,st_upgr_w_internal,3
wpn_svd_nimble,4,1,1,up_sect_fourta_svd,upgr_w_2_optical,st_upgr_w_optical,2
wpn_svd_nimble,4,2,1,up_sect_fourtc_svd,upgr_w_3_external,st_upgr_w_external,3
wpn_svd_nimble,4,3,1,up_sect_fourte_svd,upgr_w_3_internal,st_upgr_w_internal,3
wpn_svd_nimble,4,3,2,up_sect_fourtf_svd,upgr_w_3_external,st_upgr_w_external,3
wpn_svds,1,1,1,up_sect_firsta_m4,upgr_w_2_internal,st_upgr_w_internal,2
wpn_svds,1,2,1,up_sect_firstc_m4,upgr_w_3_external,st_upgr_w_external,3
wpn_svds,1,2,2,up_sect_firstd_m4,upgr_w_3_internal,st_upgr_w_internal,3
wpn_svds,1,3,1,up_sect_firste_m4,upgr_w_3_internal,st_upgr_w_internal,3
wpn_svds,2,1,1,up_sect_secona_m4,upgr_w_2_internal,st_upgr_w_internal,2
wpn_svds,2,2,1,up_sect_seconc_m4,upgr_w_3_internal,st_upgr_w_internal,3
wpn_svds,2,3,1,up_sect_secone_m4,upgr_w_3_internal,st_upgr_w_internal,3
wpn_svds,2,3,2,up_sect_seconf_m4,upgr_w_3_external,st_upgr_w_external,3
wpn_svds,3,1,1,up_sect_thirda_m4,upgr_w_2_external,st_upgr_w_external,2
wpn_svds,3,2,1,up_sect_thirdc_m4,upgr_w_3_external,st_upgr_w_external,3
wpn_svds,3,2,2,up_sect_thirdd_m4,upgr_w_3_internal,st_upgr_w_internal,3
wpn_svds,3,3,1,up_sect_thirde_m4,upgr_w_3_internal,st_upgr_w_internal,3
wpn_svds,4,1,1,up_sect_fourta_m4,upgr_w_2_external,st_upgr_w_external,2
wpn_svds,4,2,1,up_sect_fourtc_m4,upgr_w_3_external,st_upgr_w_external,3
wpn_svds,4,3,1,up_sect_fourte_m4,upgr_w_3_external,st_upgr_w_external,3
wpn_svds,4,3,2,up_sect_fourtf_m4,upgr_w_3_external,st_upgr_w_external,3
wpn_svds,5,1,1,up_sect_fiftha_m4,upgr_w_2_internal,st_upgr_w_internal,2
wpn_svds_pmc,1,1,1,up_sect_firsta_m4,upgr_w_2_internal,st_upgr_w_internal,2
wpn_svds_pmc,1,2,1,up_sect_firstc_m4,upgr_w_3_external,st_upgr_w_external,3
wpn_svds_pmc,1,2,2,up_sect_firstd_m4,upgr_w_3_internal,st_upgr_w_internal,3
wpn_svds_pmc,1,3,1,up_sect_firste_m4,upgr_w_3_internal,st_upgr_w_internal,3
wpn_svds_pmc,2,1,1,up_sect_secona_m4,upgr_w_2_internal,st_upgr_w_internal,2
wpn_svds_pmc,2,2,1,up_sect_seconc_m4,upgr_w_3_internal,st_upgr_w_internal,3
wpn_svds_pmc,2,3,1,up_sect_secone_m4,upgr_w_3_internal,st_upgr_w_internal,3
wpn_svds_pmc,2,3,2,up_sect_seconf_m4,upgr_w_3_external,st_upgr_w_external,3
wpn_svds_pmc,3,1,1,up_sect_thirda_m4,upgr_w_2_external,st_upgr_w_external,2
wpn_svds_pmc,3,2,1,up_sect_thirdc_m4,upgr_w_3_external,st_upgr_w_external,3
wpn_svds_pmc,3,2,2,up_sect_thirdd_m4,upgr_w_3_internal,st_upgr_w_internal,3
wpn_svds_pmc,3,3,1,up_sect_thirde_m4,upgr_w_3_internal,st_upgr_w_internal,3
wpn_svds_pmc,4,1,1,up_sect_fourta_m4,upgr_w_2_external,st_upgr_w_external,2
wpn_svds_pmc,4,2,1,up_sect_fourtc_m4,upgr_w_3_external,st_upgr_w_external,3
wpn_svds_pmc,4,3,1,up_sect_fourte_m4,upgr_w_3_external,st_upgr_w_external,3
wpn_svds_pmc,4,3,2,up_sect_fourtf_m4,upgr_w_3_external,st_upgr_w_external,3
wpn_svds_pmc,5,1,1,up_sect_fiftha_m4,upgr_w_2_internal,st_upgr_w_internal,2
wpn_svt40,1,1,1,up_sect_firsta_svt40,upgr_w_1_external,st_upgr_w_external,1
wpn_svt40,1,2,1,up_sect_firstc_svt40,upgr_w_2_external,st_upgr_w_external,2
wpn_svt40,1,2,2,up_sect_firstd_svt40,upgr_w_2_internal,st_upgr_w_internal,2
wpn_svt40,1,3,1,up_sect_firste_svt40,upgr_w_3_internal,st_upgr_w_internal,3
wpn_svt40,1,3,2,up_sect_secona_svt40,upgr_w_3_internal,st_upgr_w_internal,3
wpn_svt40,2,1,1,up_sect_secona_svt40,upgr_w_1_internal,st_upgr_w_internal,1
wpn_svt40,2,2,1,up_sect_seconc_svt40,upgr_w_2_external,st_upgr_w_external,2
wpn_svt40,2,2,2,up_sect_second_svt40,upgr_w_2_internal,st_upgr_w_internal,2
wpn_svt40,3,1,1,up_sect_thirda_svt40,upgr_w_1_internal,st_upgr_w_internal,1
wpn_svt40,3,2,1,up_sect_thirdc_svt40,upgr_w_2_external,st_upgr_w_external,2
wpn_svt40,3,3,1,up_sect_thirde_svt40,upgr_w_3_external,st_upgr_w_external,3
wpn_svt40,3,3,2,up_sect_thirdf_svt40,upgr_w_3_internal,st_upgr_w_internal,3
wpn_svu,1,1,1,up_sect_firsta_svu,upgr_w_2_external,st_upgr_w_external,2
wpn_svu,1,2,1,up_sect_firstc_svu,upgr_w_3_internal,st_upgr_w_internal,3
wpn_svu,1,3,1,up_sect_firste_svu,upgr_w_3_external,st_upgr_w_external,3
wpn_svu,1,3,2,up_sect_firstf_svu,upgr_w_3_external,st_upgr_w_external,3
wpn_svu,2,1,1,up_sect_secona_svu,upgr_w_2_internal,st_upgr_w_internal,2
wpn_svu,2,2,1,up_sect_seconc_svu,upgr_w_3_internal,st_upgr_w_internal,3
wpn_svu,2,2,2,up_sect_second_svu,upgr_w_3_internal,st_upgr_w_internal,3
wpn_svu,2,3,1,up_sect_secone_svu,upgr_w_3_external,st_upgr_w_external,3
wpn_svu,2,3,2,up_sect_seconf_svu,upgr_w_3_internal,st_upgr_w_internal,3
wpn_svu,3,1,1,up_sect_thirda_svu,upgr_w_2_internal,st_upgr_w_internal,2
wpn_svu,3,2,1,up_sect_thirdc_svu,upgr_w_3_external,st_upgr_w_external,3
wpn_svu,4,1,1,up_sect_fourta_svu,upgr_w_2_internal,st_upgr_w_internal,2
wpn_svu,4,2,1,up_sect_firstf_l85,upgr_w_3_external,st_upgr_w_external,3
wpn_svu,4,3,1,up_sect_fourte_svu,upgr_w_3_external,st_upgr_w_external,3
wpn_svu,4,3,2,up_sect_fourtf_svu,upgr_w_3_internal,st_upgr_w_internal,3
wpn_svu,5,1,1,up_sect_fiftha_svu,upgr_w_2_external,st_upgr_w_external,2
wpn_svu_alt,1,1,1,up_sect_firsta_svu,upgr_w_2_external,st_upgr_w_external,2
wpn_svu_alt,1,2,1,up_sect_firstc_svu,upgr_w_3_internal,st_upgr_w_internal,3
wpn_svu_alt,1,3,1,up_sect_firste_svu,upgr_w_3_external,st_upgr_w_external,3
wpn_svu_alt,1,3,2,up_sect_firstf_svu,upgr_w_3_external,st_upgr_w_external,3
wpn_svu_alt,2,1,1,up_sect_secona_svu,upgr_w_2_internal,st_upgr_w_internal,2
wpn_svu_alt,2,2,1,up_sect_seconc_svu,upgr_w_3_internal,st_upgr_w_internal,3
wpn_svu_alt,2,2,2,up_sect_second_svu,upgr_w_3_internal,st_upgr_w_internal,3
wpn_svu_alt,2,3,1,up_sect_secone_svu,upgr_w_3_external,st_upgr_w_external,3
wpn_svu_alt,2,3,2,up_sect_seconf_svu,upgr_w_3_internal,st_upgr_w_internal,3
wpn_svu_alt,3,1,1,up_sect_thirda_svu,upgr_w_2_internal,st_upgr_w_internal,2
wpn_svu_alt,3,2,1,up_sect_thirdc_svu,upgr_w_3_external,st_upgr_w_external,3
wpn_svu_alt,4,1,1,up_sect_fourta_svu,upgr_w_2_internal,st_upgr_w_internal,2
wpn_svu_alt,4,2,1,up_sect_firstf_l85,upgr_w_3_external,st_upgr_w_external,3
wpn_svu_alt,4,3,1,up_sect_fourte_svu,upgr_w_3_external,st_upgr_w_external,3
wpn_svu_alt,4,3,2,up_sect_fourtf_svu,upgr_w_3_internal,st_upgr_w_internal,3
wpn_svu_alt,5,1,1,up_sect_fiftha_svu,upgr_w_2_external,st_upgr_w_external,2
wpn_svu_nimble,1,1,1,up_sect_firsta_svu,upgr_w_2_external,st_upgr_w_external,2
wpn_svu_nimble,1,2,1,up_sect_firstc_svu,upgr_w_3_internal,st_upgr_w_internal,3
wpn_svu_nimble,1,3,1,up_sect_firste_svu,upgr_w_3_external,st_upgr_w_external,3
wpn_svu_nimble,1,3,2,up_sect_firstf_svu,upgr_w_3_external,st_upgr_w_external,3
wpn_svu_nimble,2,1,1,up_sect_secona_svu,upgr_w_2_internal,st_upgr_w_internal,2
wpn_svu_nimble,2,2,1,up_sect_seconc_svu,upgr_w_3_internal,st_upgr_w_internal,3
wpn_svu_nimble,2,2,2,up_sect_second_svu,upgr_w_3_internal,st_upgr_w_internal,3
wpn_svu_nimble,2,3,1,up_sect_secone_svu,upgr_w_3_external,st_upgr_w_external,3
wpn_svu_nimble,2,3,2,up_sect_seconf_svu,upgr_w_3_internal,st_upgr_w_internal,3
wpn_svu_nimble,3,1,1,up_sect_thirda_svu,upgr_w_2_internal,st_upgr_w_internal,2
wpn_svu_nimble,3,2,1,up_sect_thirdc_svu,upgr_w_3_external,st_upgr_w_external,3
wpn_svu_nimble,4,1,1,up_sect_fourta_svu,upgr_w_2_internal,st_upgr_w_internal,2
wpn_svu_nimble,4,2,1,up_sect_firstf_l85,upgr_w_3_external,st_upgr_w_external,3
wpn_svu_nimble,4,3,1,up_sect_fourte_svu,upgr_w_3_external,st_upgr_w_external,3
wpn_svu_nimble,4,3,2,up_sect_fourtf_svu,upgr_w_3_internal,st_upgr_w_internal,3
wpn_svu_nimble,5,1,1,up_sect_fiftha_svu,upgr_w_2_external,st_upgr_w_external,2
wpn_thompson_1921,1,1,1,up_sect_firsta_1921,upgr_w_1_internal,st_upgr_w_internal,1
wpn_thompson_1921,1,2,1,up_sect_firstc_1921,upgr_w_1_internal,st_upgr_w_internal,1
wpn_thompson_1921,1,2,2,up_sect_firstd_1921,upgr_w_1_internal,st_upgr_w_internal,1
wpn_thompson_1921,1,3,1,up_sect_firste_1921,upgr_w_2_internal,st_upgr_w_internal,2
wpn_thompson_1921,2,1,1,up_sect_secona_1921,upgr_w_1_external,st_upgr_w_external,1
wpn_thompson_1921,2,2,1,up_sect_seconc_1921,upgr_w_1_external,st_upgr_w_external,1
wpn_thompson_1921,2,2,2,up_sect_second_1921,upgr_w_1_internal,st_upgr_w_internal,1
wpn_thompson_1921,2,3,1,up_sect_secone_1921,upgr_w_2_internal,st_upgr_w_internal,2
wpn_thompson_1921,3,1,1,up_sect_thirda_1921,upgr_w_1_internal,st_upgr_w_internal,1
wpn_thompson_1921,3,2,1,up_sect_thirdc_1921,upgr_w_1_external,st_upgr_w_external,1
wpn_thompson_1921,3,2,2,up_sect_thirdd_1921,upgr_w_1_internal,st_upgr_w_internal,1
wpn_thompson_m1a1,1,1,1,up_sect_firsta_m1a1,upgr_w_1_internal,st_upgr_w_internal,1
wpn_thompson_m1a1,1,2,1,up_sect_firstc_m1a1,upgr_w_1_internal,st_upgr_w_internal,1
wpn_thompson_m1a1,1,2,2,up_sect_firstd_m1a1,upgr_w_1_internal,st_upgr_w_internal,1
wpn_thompson_m1a1,1,3,1,up_sect_firste_m1a1,upgr_w_2_internal,st_upgr_w_internal,2
wpn_thompson_m1a1,2,1,1,up_sect_secona_m1a1,upgr_w_1_external,st_upgr_w_external,1
wpn_thompson_m1a1,2,2,1,up_sect_seconc_m1a1,upgr_w_1_external,st_upgr_w_external,1
wpn_thompson_m1a1,2,2,2,up_sect_second_m1a1,upgr_w_1_internal,st_upgr_w_internal,1
wpn_thompson_m1a1,2,3,1,up_sect_secone_m1a1,upgr_w_2_internal,st_upgr_w_internal,2
wpn_thompson_m1a1,3,1,1,up_sect_thirda_m1a1,upgr_w_1_internal,st_upgr_w_internal,1
wpn_thompson_m1a1,3,2,1,up_sect_thirdc_m1a1,upgr_w_1_external,st_upgr_w_external,1
wpn_thompson_m1a1,3,2,2,up_sect_thirdd_m1a1,upgr_w_1_internal,st_upgr_w_internal,1
wpn_toz106,1,1,1,up_sect_firsta_toz34,upgr_w_1_internal,st_upgr_w_internal,1
wpn_toz106,1,2,1,up_sect_firstc_toz34,upgr_w_1_external,st_upgr_w_external,1
wpn_toz106,1,2,2,up_sect_firstd_toz34,upgr_w_1_internal,st_upgr_w_internal,1
wpn_toz106,1,3,1,up_sect_firste_toz34,upgr_w_2_external,st_upgr_w_external,2
wpn_toz106,1,3,2,up_sect_firstf_toz34,upgr_w_2_external,st_upgr_w_external,2
wpn_toz106,2,1,1,up_sect_secona_toz34,upgr_w_1_external,st_upgr_w_external,1
wpn_toz106,2,2,1,up_sect_seconc_toz34,upgr_w_1_external,st_upgr_w_external,1
wpn_toz106,2,2,2,up_sect_second_toz34,upgr_w_1_internal,st_upgr_w_internal,1
wpn_toz106,3,1,1,up_sect_thirda_toz34,upgr_w_1_internal,st_upgr_w_internal,1
wpn_toz106,3,2,1,up_sect_thirdc_toz34,upgr_w_1_internal,st_upgr_w_internal,1
wpn_toz106,3,3,1,up_sect_thirde_toz34,upgr_w_2_internal,st_upgr_w_internal,2
wpn_toz106,3,3,2,up_sect_thirdf_toz34,upgr_w_2_external,st_upgr_w_external,2
wpn_toz106_m1,1,1,1,up_sect_firsta_toz34,upgr_w_1_internal,st_upgr_w_internal,1
wpn_toz106_m1,1,2,1,up_sect_firstc_toz34,upgr_w_1_external,st_upgr_w_external,1
wpn_toz106_m1,1,2,2,up_sect_firstd_toz34,upgr_w_1_internal,st_upgr_w_internal,1
wpn_toz106_m1,1,3,1,up_sect_firste_toz34,upgr_w_2_external,st_upgr_w_external,2
wpn_toz106_m1,1,3,2,up_sect_firstf_toz34,upgr_w_2_external,st_upgr_w_external,2
wpn_toz106_m1,2,1,1,up_sect_secona_toz34,upgr_w_1_external,st_upgr_w_external,1
wpn_toz106_m1,2,2,1,up_sect_seconc_toz34,upgr_w_1_external,st_upgr_w_external,1
wpn_toz106_m1,2,2,2,up_sect_second_toz34,upgr_w_1_internal,st_upgr_w_internal,1
wpn_toz106_m1,3,1,1,up_sect_thirda_toz34,upgr_w_1_internal,st_upgr_w_internal,1
wpn_toz106_m1,3,2,1,up_sect_thirdc_toz34,upgr_w_1_internal,st_upgr_w_internal,1
wpn_toz106_m1,3,3,1,up_sect_thirde_toz34,upgr_w_2_internal,st_upgr_w_internal,2
wpn_toz106_m1,3,3,2,up_sect_thirdf_toz34,upgr_w_2_external,st_upgr_w_external,2
wpn_toz34,1,1,1,up_sect_firsta_toz34,upgr_w_1_internal,st_upgr_w_internal,1
wpn_toz34,1,2,1,up_sect_firstc_toz34,upgr_w_2_external,st_upgr_w_external,2
wpn_toz34,1,2,2,up_sect_firstd_toz34,upgr_w_2_internal,st_upgr_w_internal,2
wpn_toz34,1,3,1,up_sect_firste_toz34,upgr_w_2_external,st_upgr_w_external,2
wpn_toz34,1,3,2,up_sect_firstf_toz34,upgr_w_2_external,st_upgr_w_external,2
wpn_toz34,2,1,1,up_sect_secona_toz34,upgr_w_1_external,st_upgr_w_external,1
wpn_toz34,2,2,1,up_sect_seconc_toz34,upgr_w_2_external,st_upgr_w_external,2
wpn_toz34,2,2,2,up_sect_second_toz34,upgr_w_2_internal,st_upgr_w_internal,2
wpn_toz34,3,1,1,up_sect_thirda_toz34,upgr_w_1_internal,st_upgr_w_internal,1
wpn_toz34,3,2,1,up_sect_thirdc_toz34,upgr_w_2_internal,st_upgr_w_internal,2
wpn_toz34,3,3,1,up_sect_thirde_toz34,upgr_w_2_internal,st_upgr_w_internal,2
wpn_toz34,3,3,2,up_sect_thirdf_toz34,upgr_w_2_external,st_upgr_w_external,2
wpn_toz34_custom,1,1,1,up_sect_firsta_toz34,upgr_w_1_internal,st_upgr_w_internal,1
wpn_toz34_custom,1,2,1,up_sect_firstc_toz34,upgr_w_2_external,st_upgr_w_external,2
wpn_toz34_custom,1,2,2,up_sect_firstd_toz34,upgr_w_2_internal,st_upgr_w_internal,2
wpn_toz34_custom,1,3,1,up_sect_firste_toz34,upgr_w_2_external,st_upgr_w_external,2
wpn_toz34_custom,1,3,2,up_sect_firstf_toz34,upgr_w_2_external,st_upgr_w_external,2
wpn_toz34_custom,2,1,1,up_sect_secona_toz34,upgr_w_1_external,st_upgr_w_external,1
wpn_toz34_custom,2,2,1,up_sect_seconc_toz34,upgr_w_2_external,st_upgr_w_external,2
wpn_toz34_custom,2,2,2,up_sect_second_toz34,upgr_w_2_internal,st_upgr_w_internal,2
wpn_toz34_custom,3,1,1,up_sect_thirda_toz34,upgr_w_1_internal,st_upgr_w_internal,1
wpn_toz34_custom,3,2,1,up_sect_thirdc_toz34,upgr_w_2_internal,st_upgr_w_internal,2
wpn_toz34_custom,3,3,1,up_sect_thirde_toz34,upgr_w_2_internal,st_upgr_w_internal,2
wpn_toz34_custom,3,3,2,up_sect_thirdf_toz34,upgr_w_2_external,st_upgr_w_external,2
wpn_toz34_decor,1,1,1,up_sect_firsta_toz34,upgr_w_1_internal,st_upgr_w_internal,1
wpn_toz34_decor,1,2,1,up_sect_firstc_toz34,upgr_w_2_external,st_upgr_w_external,2
wpn_toz34_decor,1,2,2,up_sect_firstd_toz34,upgr_w_2_internal,st_upgr_w_internal,2
wpn_toz34_decor,1,3,1,up_sect_firste_toz34,upgr_w_2_external,st_upgr_w_external,2
wpn_toz34_decor,1,3,2,up_sect_firstf_toz34,upgr_w_2_external,st_upgr_w_external,2
wpn_toz34_decor,2,1,1,up_sect_secona_toz34,upgr_w_1_external,st_upgr_w_external,1
wpn_toz34_decor,2,2,1,up_sect_seconc_toz34,upgr_w_2_external,st_upgr_w_external,2
wpn_toz34_decor,2,2,2,up_sect_second_toz34,upgr_w_2_internal,st_upgr_w_internal,2
wpn_toz34_decor,3,1,1,up_sect_thirda_toz34,upgr_w_1_internal,st_upgr_w_internal,1
wpn_toz34_decor,3,2,1,up_sect_thirdc_toz34,upgr_w_2_internal,st_upgr_w_internal,2
wpn_toz34_decor,3,3,1,up_sect_thirde_toz34,upgr_w_2_internal,st_upgr_w_internal,2
wpn_toz34_decor,3,3,2,up_sect_thirdf_toz34,upgr_w_2_external,st_upgr_w_external,2
wpn_toz34_mark4,1,1,1,up_sect_firsta_toz34,upgr_w_1_internal,st_upgr_w_internal,1
wpn_toz34_mark4,1,2,1,up_sect_firstc_toz34,upgr_w_2_external,st_upgr_w_external,2
wpn_toz34_mark4,1,2,2,up_sect_firstd_toz34,upgr_w_2_internal,st_upgr_w_internal,2
wpn_toz34_mark4,1,3,1,up_sect_firste_toz34,upgr_w_2_external,st_upgr_w_external,2
wpn_toz34_mark4,1,3,2,up_sect_firstf_toz34,upgr_w_2_external,st_upgr_w_external,2
wpn_toz34_mark4,2,1,1,up_sect_secona_toz34,upgr_w_1_external,st_upgr_w_external,1
wpn_toz34_mark4,2,2,1,up_sect_seconc_toz34,upgr_w_2_external,st_upgr_w_external,2
wpn_toz34_mark4,2,2,2,up_sect_second_toz34,upgr_w_2_internal,st_upgr_w_internal,2
wpn_toz34_mark4,3,1,1,up_sect_thirda_toz34,upgr_w_1_internal,st_upgr_w_internal,1
wpn_toz34_mark4,3,2,1,up_sect_thirdc_toz34,upgr_w_2_internal,st_upgr_w_internal,2
wpn_toz34_mark4,3,3,1,up_sect_thirde_toz34,upgr_w_2_internal,st_upgr_w_internal,2
wpn_toz34_mark4,3,3,2,up_sect_thirdf_toz34,upgr_w_2_external,st_upgr_w_external,2
wpn_toz34_mark4_23,1,1,1,up_sect_firsta_mp133,upgr_w_1_internal,st_upgr_w_internal,1
wpn_toz34_mark4_23,1,2,1,up_sect_firstc_mp133,upgr_w_2_external,st_upgr_w_external,2
wpn_toz34_mark4_23,1,2,2,up_sect_firstd_mp133,upgr_w_2_internal,st_upgr_w_internal,2
wpn_toz34_mark4_23,1,3,1,up_sect_firste_mp133,upgr_w_2_external,st_upgr_w_external,2
wpn_toz34_mark4_23,2,1,1,up_sect_secona_mp133,upgr_w_1_external,st_upgr_w_external,1
wpn_toz34_mark4_23,2,2,1,up_sect_seconc_mp133,upgr_w_2_external,st_upgr_w_external,2
wpn_toz34_mark4_23,2,2,2,up_sect_second_mp133,upgr_w_2_internal,st_upgr_w_internal,2
wpn_toz34_mark4_23,2,3,1,up_sect_secone_mp133,upgr_w_2_external,st_upgr_w_external,2
wpn_toz34_mark4_23,3,1,1,up_sect_thirda_mp133,upgr_w_1_internal,st_upgr_w_internal,1
wpn_toz34_mark4_23,3,2,1,up_sect_thirdc_mp133,upgr_w_2_external,st_upgr_w_external,2
wpn_toz34_mark4_23,3,2,2,up_sect_thirdd_mp133,upgr_w_2_internal,st_upgr_w_internal,2
wpn_toz34_mark4_23,3,3,1,up_sect_thirde_mp133,upgr_w_2_internal,st_upgr_w_internal,2
wpn_toz34_mark4_23,3,3,2,up_sect_thirdf_mp133,upgr_w_2_internal,st_upgr_w_internal,2
wpn_toz34_mark4_23,4,1,1,up_sect_fourta_mp133,upgr_w_1_external,st_upgr_w_external,1
wpn_toz34_obrez,1,1,1,up_sect_firsta_toz34_obrez,upgr_w_1_external,st_upgr_w_external,1
wpn_toz34_obrez,1,2,1,up_sect_firstc_toz34_obrez,upgr_w_2_internal,st_upgr_w_internal,2
wpn_toz34_obrez,2,1,1,up_sect_secona_toz34_obrez,upgr_w_1_external,st_upgr_w_external,1
wpn_toz34_obrez,2,2,1,up_sect_seconc_toz34_obrez,upgr_w_2_external,st_upgr_w_external,2
wpn_toz34_obrez,2,2,2,up_sect_second_toz34_obrez,upgr_w_2_internal,st_upgr_w_internal,2
wpn_toz34_obrez,3,1,1,up_sect_thirda_toz34_obrez,upgr_w_1_internal,st_upgr_w_internal,1
wpn_toz34_obrez,3,2,1,up_sect_thirdc_toz34_obrez,upgr_w_2_external,st_upgr_w_external,2
wpn_toz34_obrez_custom,1,1,1,up_sect_firsta_toz34_obrez,upgr_w_1_external,st_upgr_w_external,1
wpn_toz34_obrez_custom,1,2,1,up_sect_firstc_toz34_obrez,upgr_w_2_internal,st_upgr_w_internal,2
wpn_toz34_obrez_custom,2,1,1,up_sect_secona_toz34_obrez,upgr_w_1_external,st_upgr_w_external,1
wpn_toz34_obrez_custom,2,2,1,up_sect_seconc_toz34_obrez,upgr_w_2_external,st_upgr_w_external,2
wpn_toz34_obrez_custom,2,2,2,up_sect_second_toz34_obrez,upgr_w_2_internal,st_upgr_w_internal,2
wpn_toz34_obrez_custom,3,1,1,up_sect_thirda_toz34_obrez,upgr_w_1_internal,st_upgr_w_internal,1
wpn_toz34_obrez_custom,3,2,1,up_sect_thirdc_toz34_obrez,upgr_w_2_external,st_upgr_w_external,2
wpn_toz34_obrez_decor,1,1,1,up_sect_firsta_toz34_obrez,upgr_w_1_external,st_upgr_w_external,1
wpn_toz34_obrez_decor,1,2,1,up_sect_firstc_toz34_obrez,upgr_w_2_internal,st_upgr_w_internal,2
wpn_toz34_obrez_decor,2,1,1,up_sect_secona_toz34_obrez,upgr_w_1_external,st_upgr_w_external,1
wpn_toz34_obrez_decor,2,2,1,up_sect_seconc_toz34_obrez,upgr_w_2_external,st_upgr_w_external,2
wpn_toz34_obrez_decor,2,2,2,up_sect_second_toz34_obrez,upgr_w_2_internal,st_upgr_w_internal,2
wpn_toz34_obrez_decor,3,1,1,up_sect_thirda_toz34_obrez,upgr_w_1_internal,st_upgr_w_internal,1
wpn_toz34_obrez_decor,3,2,1,up_sect_thirdc_toz34_obrez,upgr_w_2_external,st_upgr_w_external,2
wpn_trg,1,1,1,up_sect_firsta_sv98,upgr_w_2_external,st_upgr_w_external,2
wpn_trg,1,2,1,up_sect_firstc_sv98,upgr_w_3_external,st_upgr_w_external,3
wpn_trg,1,2,2,up_sect_firstd_sv98,upgr_w_3_external,st_upgr_w_external,3
wpn_trg,1,3,1,up_sect_firste_sv98,upgr_w_3_external,st_upgr_w_external,3
wpn_trg,1,3,2,up_sect_firstf_sv98,upgr_w_3_internal,st_upgr_w_internal,3
wpn_trg,2,1,1,up_sect_secona_sv98,upgr_w_2_internal,st_upgr_w_internal,2
wpn_trg,2,2,1,up_sect_seconc_sv98,upgr_w_3_internal,st_upgr_w_internal,3
wpn_trg,2,2,2,up_sect_second_sv98,upgr_w_3_external,st_upgr_w_external,3
wpn_trg,3,1,1,up_sect_thirda_sv98,upgr_w_2_internal,st_upgr_w_internal,2
wpn_trg,3,2,1,up_sect_thirdc_sv98,upgr_w_3_external,st_upgr_w_external,3
wpn_trg,3,3,1,up_sect_thirde_sv98,upgr_w_3_internal,st_upgr_w_internal,3
wpn_tt33,1,1,1,up_sect_firsta_tt33,upgr_w_1_internal,st_upgr_w_internal,1
wpn_tt33,1,2,1,up_sect_firstc_tt33,upgr_w_1_external,st_upgr_w_external,1
wpn_tt33,1,2,2,up_sect_firstd_tt33,upgr_w_1_internal,st_upgr_w_internal,1
wpn_tt33,1,3,1,up_sect_firste_tt33,upgr_w_2_internal,st_upgr_w_internal,2
wpn_tt33,2,1,1,up_sect_secona_tt33,upgr_w_1_external,st_upgr_w_external,1
wpn_tt33,2,2,1,up_sect_seconc_tt33,upgr_w_1_internal,st_upgr_w_internal,1
wpn_tt33,3,1,1,up_sect_thirda_tt33,upgr_w_1_external,st_upgr_w_external,1
wpn_tt33,3,2,1,up_sect_thirdc_tt33,upgr_w_1_external,st_upgr_w_external,1
wpn_tt33,3,2,2,up_sect_thirdd_tt33,upgr_w_1_internal,st_upgr_w_internal,1
wpn_tt33,4,1,1,up_sect_fourta_tt33,upgr_w_1_external,st_upgr_w_external,1
wpn_tt33,4,2,1,up_sect_fourtc_tt33,upgr_w_1_external,st_upgr_w_external,1
wpn_tt33,5,1,1,up_sect_fiftha_tt33,upgr_w_1_internal,st_upgr_w_internal,1
wpn_tt33,5,2,1,up_sect_fifthc_tt33,upgr_w_1_internal,st_upgr_w_internal,1
wpn_tt33_modern,1,1,1,up_sect_firsta_tt33,upgr_w_1_internal,st_upgr_w_internal,1
wpn_tt33_modern,1,2,1,up_sect_firstc_tt33,upgr_w_1_external,st_upgr_w_external,1
wpn_tt33_modern,1,2,2,up_sect_firstd_tt33,upgr_w_1_internal,st_upgr_w_internal,1
wpn_tt33_modern,1,3,1,up_sect_firste_tt33,upgr_w_2_internal,st_upgr_w_internal,2
wpn_tt33_modern,2,1,1,up_sect_secona_tt33,upgr_w_1_external,st_upgr_w_external,1
wpn_tt33_modern,2,2,1,up_sect_seconc_tt33,upgr_w_1_internal,st_upgr_w_internal,1
wpn_tt33_modern,3,1,1,up_sect_thirda_tt33,upgr_w_1_external,st_upgr_w_external,1
wpn_tt33_modern,3,2,1,up_sect_thirdc_tt33,upgr_w_1_external,st_upgr_w_external,1
wpn_tt33_modern,3,2,2,up_sect_thirdd_tt33,upgr_w_1_internal,st_upgr_w_internal,1
wpn_tt33_modern,4,1,1,up_sect_fourta_tt33,upgr_w_1_external,st_upgr_w_external,1
wpn_tt33_modern,4,2,1,up_sect_fourtc_tt33,upgr_w_1_external,st_upgr_w_external,1
wpn_tt33_modern,5,1,1,up_sect_fiftha_tt33,upgr_w_1_internal,st_upgr_w_internal,1
wpn_tt33_modern,5,2,1,up_sect_fifthc_tt33,upgr_w_1_internal,st_upgr_w_internal,1
wpn_tt33_modern_tt_upgr_kit,1,1,1,up_sect_firsta_tt33,upgr_w_1_internal,st_upgr_w_internal,1
wpn_tt33_modern_tt_upgr_kit,1,2,1,up_sect_firstc_tt33,upgr_w_1_external,st_upgr_w_external,1
wpn_tt33_modern_tt_upgr_kit,1,2,2,up_sect_firstd_tt33,upgr_w_1_internal,st_upgr_w_internal,1
wpn_tt33_modern_tt_upgr_kit,1,3,1,up_sect_firste_tt33,upgr_w_2_internal,st_upgr_w_internal,2
wpn_tt33_modern_tt_upgr_kit,2,1,1,up_sect_secona_tt33,upgr_w_1_external,st_upgr_w_external,1
wpn_tt33_modern_tt_upgr_kit,2,2,1,up_sect_seconc_tt33,upgr_w_1_internal,st_upgr_w_internal,1
wpn_tt33_modern_tt_upgr_kit,3,1,1,up_sect_thirda_tt33,upgr_w_1_external,st_upgr_w_external,1
wpn_tt33_modern_tt_upgr_kit,3,2,1,up_sect_thirdc_tt33,upgr_w_1_external,st_upgr_w_external,1
wpn_tt33_modern_tt_upgr_kit,3,2,2,up_sect_thirdd_tt33,upgr_w_1_internal,st_upgr_w_internal,1
wpn_tt33_modern_tt_upgr_kit,4,1,1,up_sect_fourta_tt33,upgr_w_1_external,st_upgr_w_external,1
wpn_tt33_modern_tt_upgr_kit,4,2,1,up_sect_fourtc_tt33,upgr_w_1_external,st_upgr_w_external,1
wpn_tt33_modern_tt_upgr_kit,5,1,1,up_sect_fiftha_tt33,upgr_w_1_internal,st_upgr_w_internal,1
wpn_tt33_modern_tt_upgr_kit,5,2,1,up_sect_fifthc_tt33,upgr_w_1_internal,st_upgr_w_internal,1
wpn_tt33_tt_upgr_kit,1,1,1,up_sect_firsta_tt33,upgr_w_1_internal,st_upgr_w_internal,1
wpn_tt33_tt_upgr_kit,1,2,1,up_sect_firstc_tt33,upgr_w_1_external,st_upgr_w_external,1
wpn_tt33_tt_upgr_kit,1,2,2,up_sect_firstd_tt33,upgr_w_1_internal,st_upgr_w_internal,1
wpn_tt33_tt_upgr_kit,1,3,1,up_sect_firste_tt33,upgr_w_2_internal,st_upgr_w_internal,2
wpn_tt33_tt_upgr_kit,2,1,1,up_sect_secona_tt33,upgr_w_1_external,st_upgr_w_external,1
wpn_tt33_tt_upgr_kit,2,2,1,up_sect_seconc_tt33,upgr_w_1_internal,st_upgr_w_internal,1
wpn_tt33_tt_upgr_kit,3,1,1,up_sect_thirda_tt33,upgr_w_1_external,st_upgr_w_external,1
wpn_tt33_tt_upgr_kit,3,2,1,up_sect_thirdc_tt33,upgr_w_1_external,st_upgr_w_external,1
wpn_tt33_tt_upgr_kit,3,2,2,up_sect_thirdd_tt33,upgr_w_1_internal,st_upgr_w_internal,1
wpn_tt33_tt_upgr_kit,4,1,1,up_sect_fourta_tt33,upgr_w_1_external,st_upgr_w_external,1
wpn_tt33_tt_upgr_kit,4,2,1,up_sect_fourtc_tt33,upgr_w_1_external,st_upgr_w_external,1
wpn_tt33_tt_upgr_kit,5,1,1,up_sect_fiftha_tt33,upgr_w_1_internal,st_upgr_w_internal,1
wpn_tt33_tt_upgr_kit,5,2,1,up_sect_fifthc_tt33,upgr_w_1_internal,st_upgr_w_internal,1
wpn_type63,1,1,1,up_sect_firsta_sks,upgr_w_1_internal,st_upgr_w_internal,1
wpn_type63,1,2,1,up_sect_firstc_sks,upgr_w_2_external,st_upgr_w_external,2
wpn_type63,1,2,2,up_sect_firstd_sks,upgr_w_2_internal,st_upgr_w_internal,2
wpn_type63,1,3,1,up_sect_firste_sks,upgr_w_2_external,st_upgr_w_external,2
wpn_type63,1,3,2,up_sect_firstf_sks,upgr_w_2_internal,st_upgr_w_internal,2
wpn_type63,2,1,1,up_sect_secona_sks,upgr_w_1_external,st_upgr_w_external,1
wpn_type63,2,2,1,up_sect_seconc_sks,upgr_w_2_external,st_upgr_w_external,2
wpn_type63,2,2,2,up_sect_second_sks,upgr_w_2_internal,st_upgr_w_internal,2
wpn_type63,3,1,1,up_sect_thirda_sks,upgr_w_1_internal,st_upgr_w_internal,1
wpn_type63,3,2,1,up_sect_thirdc_sks,upgr_w_2_internal,st_upgr_w_internal,2
wpn_type63,3,3,1,up_sect_thirde_sks,upgr_w_2_internal,st_upgr_w_internal,2
wpn_type63,3,3,2,up_sect_thirdf_sks,upgr_w_2_external,st_upgr_w_external,2
wpn_udp9,1,1,1,up_sect_firsta_udp9,upgr_w_1_internal,st_upgr_w_internal,1
wpn_udp9,1,2,1,up_sect_firstc_udp9,upgr_w_1_external,st_upgr_w_external,1
wpn_udp9,1,2,2,up_sect_firstd_udp9,upgr_w_1_internal,st_upgr_w_internal,1
wpn_udp9,1,3,1,up_sect_firste_udp9,upgr_w_2_internal,st_upgr_w_internal,2
wpn_udp9,2,1,1,up_sect_secona_udp9,upgr_w_1_internal,st_upgr_w_internal,1
wpn_udp9,2,2,1,up_sect_seconc_udp9,upgr_w_1_internal,st_upgr_w_internal,1
wpn_udp9,2,3,1,up_sect_secone_udp9,upgr_w_2_external,st_upgr_w_external,2
wpn_udp9,2,3,2,up_sect_seconf_udp9,upgr_w_2_internal,st_upgr_w_internal,2
wpn_udp9,3,1,1,up_sect_thirda_udp9,upgr_w_1_internal,st_upgr_w_internal,1
wpn_udp9,3,2,1,up_sect_thirdc_udp9,upgr_w_1_external,st_upgr_w_external,1
wpn_udp9,3,2,2,up_sect_thirdd_udp9,upgr_w_1_internal,st_upgr_w_internal,1
wpn_udp9,3,3,1,up_sect_thirde_udp9,upgr_w_2_internal,st_upgr_w_internal,2
wpn_udp9,4,1,1,up_sect_fourta_udp9,upgr_w_1_internal,st_upgr_w_internal,1
wpn_udp9,4,2,1,up_sect_fourtc_udp9,upgr_w_1_internal,st_upgr_w_internal,1
wpn_udp9,4,3,1,up_sect_fourte_udp9,upgr_w_2_external,st_upgr_w_external,2
wpn_udp9,4,3,2,up_sect_fourtf_udp9,upgr_w_2_external,st_upgr_w_external,2
wpn_udp9,5,1,1,up_sect_fiftha_udp9,upgr_w_1_internal,st_upgr_w_internal,1
wpn_udp9,5,2,1,up_sect_fifthc_udp9,upgr_w_1_internal,st_upgr_w_internal,1
wpn_ump45,1,1,1,up_sect_firsta_ump45,upgr_w_1_internal,st_upgr_w_internal,1
wpn_ump45,1,2,1,up_sect_firstc_ump45,upgr_w_2_external,st_upgr_w_external,2
wpn_ump45,1,2,2,up_sect_firstd_ump45,upgr_w_2_internal,st_upgr_w_internal,2
wpn_ump45,1,3,1,up_sect_firste_ump45,upgr_w_3_internal,st_upgr_w_internal,3
wpn_ump45,2,1,1,up_sect_secona_ump45,upgr_w_1_internal,st_upgr_w_internal,1
wpn_ump45,2,2,1,up_sect_seconc_ump45,upgr_w_2_internal,st_upgr_w_internal,2
wpn_ump45,2,3,1,up_sect_secone_ump45,upgr_w_3_external,st_upgr_w_external,3
wpn_ump45,2,3,2,up_sect_seconf_ump45,upgr_w_3_internal,st_upgr_w_internal,3
wpn_ump45,3,1,1,up_sect_thirda_ump45,upgr_w_1_internal,st_upgr_w_internal,1
wpn_ump45,3,2,1,up_sect_thirdc_ump45,upgr_w_2_external,st_upgr_w_external,2
wpn_ump45,3,2,2,up_sect_thirdd_ump45,upgr_w_2_internal,st_upgr_w_internal,2
wpn_ump45,3,3,1,up_sect_thirde_ump45,upgr_w_3_internal,st_upgr_w_internal,3
wpn_ump45,4,1,1,up_sect_fourta_ump45,upgr_w_1_internal,st_upgr_w_internal,1
wpn_ump45,4,2,1,up_sect_fourtc_ump45,upgr_w_2_internal,st_upgr_w_internal,2
wpn_ump45,4,3,1,up_sect_fourte_ump45,upgr_w_3_external,st_upgr_w_external,3
wpn_ump45,4,3,2,up_sect_fourtf_ump45,upgr_w_3_external,st_upgr_w_external,3
wpn_ump45,5,1,1,up_sect_fiftha_ump45,upgr_w_1_internal,st_upgr_w_internal,1
wpn_ump45,5,2,1,up_sect_fifthc_ump45,upgr_w_2_external,st_upgr_w_external,2
wpn_ump45_custom,1,1,1,up_sect_firsta_ump45,upgr_w_1_internal,st_upgr_w_internal,1
wpn_ump45_custom,1,2,1,up_sect_firstc_ump45,upgr_w_2_external,st_upgr_w_external,2
wpn_ump45_custom,1,2,2,up_sect_firstd_ump45,upgr_w_2_internal,st_upgr_w_internal,2
wpn_ump45_custom,1,3,1,up_sect_firste_ump45,upgr_w_3_internal,st_upgr_w_internal,3
wpn_ump45_custom,2,1,1,up_sect_secona_ump45,upgr_w_1_internal,st_upgr_w_internal,1
wpn_ump45_custom,2,2,1,up_sect_seconc_ump45,upgr_w_2_internal,st_upgr_w_internal,2
wpn_ump45_custom,2,3,1,up_sect_secone_ump45,upgr_w_3_external,st_upgr_w_external,3
wpn_ump45_custom,2,3,2,up_sect_seconf_ump45,upgr_w_3_internal,st_upgr_w_internal,3
wpn_ump45_custom,3,1,1,up_sect_thirda_ump45,upgr_w_1_internal,st_upgr_w_internal,1
wpn_ump45_custom,3,2,1,up_sect_thirdc_ump45,upgr_w_2_external,st_upgr_w_external,2
wpn_ump45_custom,3,2,2,up_sect_thirdd_ump45,upgr_w_2_internal,st_upgr_w_internal,2
wpn_ump45_custom,3,3,1,up_sect_thirde_ump45,upgr_w_3_internal,st_upgr_w_internal,3
wpn_ump45_custom,4,1,1,up_sect_fourta_ump45,upgr_w_1_internal,st_upgr_w_internal,1
wpn_ump45_custom,4,2,1,up_sect_fourtc_ump45,upgr_w_2_internal,st_upgr_w_internal,2
wpn_ump45_custom,4,3,1,up_sect_fourte_ump45,upgr_w_3_external,st_upgr_w_external,3
wpn_ump45_custom,4,3,2,up_sect_fourtf_ump45,upgr_w_3_external,st_upgr_w_external,3
wpn_ump45_custom,5,1,1,up_sect_fiftha_ump45,upgr_w_1_internal,st_upgr_w_internal,1
wpn_ump45_custom,5,2,1,up_sect_fifthc_ump45,upgr_w_2_external,st_upgr_w_external,2
wpn_usas12,1,1,1,up_sect_firsta_protecta,upgr_w_2_internal,st_upgr_w_internal,2
wpn_usas12,1,2,1,up_sect_firstc_protecta,upgr_w_3_external,st_upgr_w_external,3
wpn_usas12,1,2,2,up_sect_firstd_protecta,upgr_w_3_internal,st_upgr_w_internal,3
wpn_usas12,1,3,1,up_sect_firste_protecta,upgr_w_3_internal,st_upgr_w_internal,3
wpn_usas12,1,3,2,up_sect_firstf_protecta,upgr_w_3_internal,st_upgr_w_internal,3
wpn_usas12,2,1,1,up_sect_secona_protecta,upgr_w_2_internal,st_upgr_w_internal,2
wpn_usas12,2,2,1,up_sect_seconc_protecta,upgr_w_3_external,st_upgr_w_external,3
wpn_usas12,2,2,2,up_sect_second_protecta,upgr_w_3_internal,st_upgr_w_internal,3
wpn_usas12,3,1,1,up_sect_thirda_protecta,upgr_w_2_internal,st_upgr_w_internal,2
wpn_usas12,3,2,1,up_sect_thirdc_protecta,upgr_w_3_internal,st_upgr_w_internal,3
wpn_usas12,3,2,2,up_sect_thirdd_protecta,upgr_w_3_internal,st_upgr_w_internal,3
wpn_usas12,3,3,1,up_sect_thirde_protecta,upgr_w_3_external,st_upgr_w_external,3
wpn_usas12,4,1,1,up_sect_fourta_protecta,upgr_w_2_internal,st_upgr_w_internal,2
wpn_usas12,4,2,1,up_sect_fourtc_protecta,upgr_w_3_internal,st_upgr_w_internal,3
wpn_usp,1,1,1,up_sect_firsta_fn57,upgr_w_1_external,st_upgr_w_external,1
wpn_usp,1,2,1,up_sect_firstc_fn57,upgr_w_1_internal,st_upgr_w_internal,1
wpn_usp,1,2,2,up_sect_firstd_fn57,upgr_w_1_external,st_upgr_w_external,1
wpn_usp,1,3,1,up_sect_firste_fn57,upgr_w_2_internal,st_upgr_w_internal,2
wpn_usp,2,1,1,up_sect_secona_fn57,upgr_w_1_external,st_upgr_w_external,1
wpn_usp,2,2,1,up_sect_seconc_fn57,upgr_w_1_internal,st_upgr_w_internal,1
wpn_usp,2,3,1,up_sect_secone_fn57,upgr_w_2_internal,st_upgr_w_internal,2
wpn_usp,2,3,2,up_sect_seconf_fn57,upgr_w_2_external,st_upgr_w_external,2
wpn_usp,3,1,1,up_sect_thirda_fn57,upgr_w_1_internal,st_upgr_w_internal,1
wpn_usp,3,2,1,up_sect_thirdc_fn57,upgr_w_1_external,st_upgr_w_external,1
wpn_usp,3,2,2,up_sect_thirdd_fn57,upgr_w_1_internal,st_upgr_w_internal,1
wpn_usp,4,1,1,up_sect_fourta_fn57,upgr_w_1_external,st_upgr_w_external,1
wpn_usp,4,2,1,up_sect_fourtc_fn57,upgr_w_1_internal,st_upgr_w_internal,1
wpn_usp,5,1,1,up_sect_fiftha_fn57,upgr_w_1_internal,st_upgr_w_internal,1
wpn_usp_tac,1,1,1,up_sect_firsta_fn57,upgr_w_1_external,st_upgr_w_external,1
wpn_usp_tac,1,2,1,up_sect_firstc_fn57,upgr_w_1_internal,st_upgr_w_internal,1
wpn_usp_tac,1,2,2,up_sect_firstd_fn57,upgr_w_1_external,st_upgr_w_external,1
wpn_usp_tac,1,3,1,up_sect_firste_fn57,upgr_w_2_internal,st_upgr_w_internal,2
wpn_usp_tac,2,1,1,up_sect_secona_fn57,upgr_w_1_external,st_upgr_w_external,1
wpn_usp_tac,2,2,1,up_sect_seconc_fn57,upgr_w_1_internal,st_upgr_w_internal,1
wpn_usp_tac,2,3,1,up_sect_secone_fn57,upgr_w_2_internal,st_upgr_w_internal,2
wpn_usp_tac,2,3,2,up_sect_seconf_fn57,upgr_w_2_external,st_upgr_w_external,2
wpn_usp_tac,3,1,1,up_sect_thirda_fn57,upgr_w_1_internal,st_upgr_w_internal,1
wpn_usp_tac,3,2,1,up_sect_thirdc_fn57,upgr_w_1_external,st_upgr_w_external,1
wpn_usp_tac,3,2,2,up_sect_thirdd_fn57,upgr_w_1_internal,st_upgr_w_internal,1
wpn_usp_tac,4,1,1,up_sect_fourta_fn57,upgr_w_1_external,st_upgr_w_external,1
wpn_usp_tac,4,2,1,up_sect_fourtc_fn57,upgr_w_1_internal,st_upgr_w_internal,1
wpn_usp_tac,5,1,1,up_sect_fiftha_fn57,upgr_w_1_internal,st_upgr_w_internal,1
wpn_usp_tac_45,1,1,1,up_sect_firsta_fn57,upgr_w_1_external,st_upgr_w_external,1
wpn_usp_tac_45,1,2,1,up_sect_firstc_fn57,upgr_w_1_internal,st_upgr_w_internal,1
wpn_usp_tac_45,1,2,2,up_sect_firstd_fn57,upgr_w_1_external,st_upgr_w_external,1
wpn_usp_tac_45,1,3,1,up_sect_firste_fn57,upgr_w_2_internal,st_upgr_w_internal,2
wpn_usp_tac_45,2,1,1,up_sect_secona_fn57,upgr_w_1_external,st_upgr_w_external,1
wpn_usp_tac_45,2,2,1,up_sect_seconc_fn57,upgr_w_1_internal,st_upgr_w_internal,1
wpn_usp_tac_45,2,3,1,up_sect_secone_fn57,upgr_w_2_internal,st_upgr_w_internal,2
wpn_usp_tac_45,2,3,2,up_sect_seconf_fn57,upgr_w_2_external,st_upgr_w_external,2
wpn_usp_tac_45,3,1,1,up_sect_thirda_fn57,upgr_w_1_internal,st_upgr_w_internal,1
wpn_usp_tac_45,3,2,1,up_sect_thirdc_fn57,upgr_w_1_external,st_upgr_w_external,1
wpn_usp_tac_45,3,2,2,up_sect_thirdd_fn57,upgr_w_1_internal,st_upgr_w_internal,1
wpn_usp_tac_45,4,1,1,up_sect_fourta_fn57,upgr_w_1_external,st_upgr_w_external,1
wpn_usp_tac_45,4,2,1,up_sect_fourtc_fn57,upgr_w_1_internal,st_upgr_w_internal,1
wpn_usp_tac_45,5,1,1,up_sect_fiftha_fn57,upgr_w_1_internal,st_upgr_w_internal,1
wpn_uzi,1,1,1,up_sect_firsta_bizon,upgr_w_1_internal,st_upgr_w_internal,1
wpn_uzi,1,2,1,up_sect_firstc_bizon,upgr_w_1_external,st_upgr_w_external,1
wpn_uzi,1,2,2,up_sect_firstd_bizon,upgr_w_1_internal,st_upgr_w_internal,1
wpn_uzi,1,3,1,up_sect_firste_bizon,upgr_w_2_internal,st_upgr_w_internal,2
wpn_uzi,2,1,1,up_sect_secona_bizon,upgr_w_1_internal,st_upgr_w_internal,1
wpn_uzi,2,2,1,up_sect_seconc_bizon,upgr_w_1_internal,st_upgr_w_internal,1
wpn_uzi,2,3,1,up_sect_secone_pp2000,upgr_w_2_external,st_upgr_w_external,2
wpn_uzi,2,3,2,up_sect_seconf_pp2000,upgr_w_2_internal,st_upgr_w_internal,2
wpn_uzi,3,1,1,up_sect_thirda_bizon,upgr_w_1_internal,st_upgr_w_internal,1
wpn_uzi,3,2,1,up_sect_thirdc_bizon,upgr_w_1_external,st_upgr_w_external,1
wpn_uzi,3,2,2,up_sect_thirdd_bizon,upgr_w_1_internal,st_upgr_w_internal,1
wpn_uzi,3,3,1,up_sect_thirde_bizon,upgr_w_2_external,st_upgr_w_external,2
wpn_uzi,4,1,1,up_sect_fourta_bizon,upgr_w_1_internal,st_upgr_w_internal,1
wpn_uzi,4,2,1,up_sect_fourtc_bizon,upgr_w_1_internal,st_upgr_w_internal,1
wpn_uzi,4,3,1,up_sect_fourte_bizon,upgr_w_2_external,st_upgr_w_external,2
wpn_uzi,4,3,2,up_sect_fourtf_bizon,upgr_w_2_external,st_upgr_w_external,2
wpn_uzi_micro,1,1,1,up_sect_firsta_bizon,upgr_w_1_internal,st_upgr_w_internal,1
wpn_uzi_micro,1,2,1,up_sect_firstc_bizon,upgr_w_1_external,st_upgr_w_external,1
wpn_uzi_micro,1,2,2,up_sect_firstd_bizon,upgr_w_1_internal,st_upgr_w_internal,1
wpn_uzi_micro,1,3,1,up_sect_firste_bizon,upgr_w_2_internal,st_upgr_w_internal,2
wpn_uzi_micro,2,1,1,up_sect_secona_bizon,upgr_w_1_internal,st_upgr_w_internal,1
wpn_uzi_micro,2,2,1,up_sect_seconc_bizon,upgr_w_1_internal,st_upgr_w_internal,1
wpn_uzi_micro,2,3,1,up_sect_secone_pp2000,upgr_w_2_external,st_upgr_w_external,2
wpn_uzi_micro,2,3,2,up_sect_seconf_pp2000,upgr_w_2_internal,st_upgr_w_internal,2
wpn_uzi_micro,3,1,1,up_sect_thirda_bizon,upgr_w_1_internal,st_upgr_w_internal,1
wpn_uzi_micro,3,2,1,up_sect_thirdc_bizon,upgr_w_1_external,st_upgr_w_external,1
wpn_uzi_micro,3,2,2,up_sect_thirdd_bizon,upgr_w_1_internal,st_upgr_w_internal,1
wpn_uzi_micro,3,3,1,up_sect_thirde_bizon,upgr_w_2_external,st_upgr_w_external,2
wpn_uzi_micro,4,1,1,up_sect_fourta_bizon,upgr_w_1_internal,st_upgr_w_internal,1
wpn_uzi_micro,4,2,1,up_sect_fourtc_bizon,upgr_w_1_internal,st_upgr_w_internal,1
wpn_uzi_micro,4,3,1,up_sect_fourte_bizon,upgr_w_2_external,st_upgr_w_external,2
wpn_uzi_micro,4,3,2,up_sect_fourtf_bizon,upgr_w_2_external,st_upgr_w_external,2
wpn_uzi_mini,1,1,1,up_sect_firsta_bizon,upgr_w_1_internal,st_upgr_w_internal,1
wpn_uzi_mini,1,2,1,up_sect_firstc_bizon,upgr_w_1_external,st_upgr_w_external,1
wpn_uzi_mini,1,2,2,up_sect_firstd_bizon,upgr_w_1_internal,st_upgr_w_internal,1
wpn_uzi_mini,1,3,1,up_sect_firste_bizon,upgr_w_2_internal,st_upgr_w_internal,2
wpn_uzi_mini,2,1,1,up_sect_secona_bizon,upgr_w_1_internal,st_upgr_w_internal,1
wpn_uzi_mini,2,2,1,up_sect_seconc_bizon,upgr_w_1_internal,st_upgr_w_internal,1
wpn_uzi_mini,2,3,1,up_sect_secone_pp2000,upgr_w_2_external,st_upgr_w_external,2
wpn_uzi_mini,2,3,2,up_sect_seconf_pp2000,upgr_w_2_internal,st_upgr_w_internal,2
wpn_uzi_mini,3,1,1,up_sect_thirda_bizon,upgr_w_1_internal,st_upgr_w_internal,1
wpn_uzi_mini,3,2,1,up_sect_thirdc_bizon,upgr_w_1_external,st_upgr_w_external,1
wpn_uzi_mini,3,2,2,up_sect_thirdd_bizon,upgr_w_1_internal,st_upgr_w_internal,1
wpn_uzi_mini,3,3,1,up_sect_thirde_bizon,upgr_w_2_external,st_upgr_w_external,2
wpn_uzi_mini,4,1,1,up_sect_fourta_bizon,upgr_w_1_internal,st_upgr_w_internal,1
wpn_uzi_mini,4,2,1,up_sect_fourtc_bizon,upgr_w_1_internal,st_upgr_w_internal,1
wpn_uzi_mini,4,3,1,up_sect_fourte_bizon,upgr_w_2_external,st_upgr_w_external,2
wpn_uzi_mini,4,3,2,up_sect_fourtf_bizon,upgr_w_2_external,st_upgr_w_external,2
wpn_val,1,1,1,up_sect_firsta_val,upgr_w_2_internal,st_upgr_w_internal,2
wpn_val,1,2,1,up_sect_firstc_val,upgr_w_3_internal,st_upgr_w_internal,3
wpn_val,1,2,2,up_sect_firstd_val,upgr_w_3_external,st_upgr_w_external,3
wpn_val,1,3,1,up_sect_firste_val,upgr_w_3_internal,st_upgr_w_internal,3
wpn_val,1,3,2,up_sect_firstf_val,upgr_w_3_external,st_upgr_w_external,3
wpn_val,2,1,1,up_sect_secona_val,upgr_w_2_internal,st_upgr_w_internal,2
wpn_val,2,2,1,up_sect_seconc_val,upgr_w_3_external,st_upgr_w_external,3
wpn_val,2,3,1,up_sect_secone_val,upgr_w_3_external,st_upgr_w_external,3
wpn_val,2,3,2,up_sect_seconf_val,upgr_w_3_internal,st_upgr_w_internal,3
wpn_val,3,1,1,up_sect_thirda_val,upgr_w_2_external,st_upgr_w_external,2
wpn_val,3,2,1,up_sect_thirdc_val,upgr_w_3_internal,st_upgr_w_internal,3
wpn_val,3,2,2,up_sect_thirdd_val,upgr_w_3_external,st_upgr_w_external,3
wpn_val,3,3,1,up_sect_thirde_val,upgr_w_3_internal,st_upgr_w_internal,3
wpn_val,3,3,2,up_sect_thirdf_val,upgr_w_3_external,st_upgr_w_external,3
wpn_val,4,1,1,up_sect_fourta_val,upgr_w_2_internal,st_upgr_w_internal,2
wpn_val,4,2,1,up_sect_fourtc_val,upgr_w_3_internal,st_upgr_w_internal,3
wpn_val,4,3,1,up_sect_fourte_val,upgr_w_3_external,st_upgr_w_external,3
wpn_val,4,3,2,up_sect_fourtf_val,upgr_w_3_internal,st_upgr_w_internal,3
wpn_val,5,1,1,up_sect_fiftha_val,upgr_w_2_internal,st_upgr_w_internal,2
wpn_val_modern,1,1,1,up_sect_firsta_val,upgr_w_2_internal,st_upgr_w_internal,2
wpn_val_modern,1,2,1,up_sect_firstc_val,upgr_w_3_internal,st_upgr_w_internal,3
wpn_val_modern,1,2,2,up_sect_firstd_val,upgr_w_3_external,st_upgr_w_external,3
wpn_val_modern,1,3,1,up_sect_firste_val,upgr_w_3_internal,st_upgr_w_internal,3
wpn_val_modern,1,3,2,up_sect_firstf_val,upgr_w_3_external,st_upgr_w_external,3
wpn_val_modern,2,1,1,up_sect_secona_val,upgr_w_2_internal,st_upgr_w_internal,2
wpn_val_modern,2,2,1,up_sect_seconc_val,upgr_w_3_external,st_upgr_w_external,3
wpn_val_modern,2,3,1,up_sect_secone_val,upgr_w_3_external,st_upgr_w_external,3
wpn_val_modern,2,3,2,up_sect_seconf_val,upgr_w_3_internal,st_upgr_w_internal,3
wpn_val_modern,3,1,1,up_sect_thirda_val,upgr_w_2_external,st_upgr_w_external,2
wpn_val_modern,3,2,1,up_sect_thirdc_val,upgr_w_3_internal,st_upgr_w_internal,3
wpn_val_modern,3,2,2,up_sect_thirdd_val,upgr_w_3_external,st_upgr_w_external,3
wpn_val_modern,3,3,1,up_sect_thirde_val,upgr_w_3_internal,st_upgr_w_internal,3
wpn_val_modern,3,3,2,up_sect_thirdf_val,upgr_w_3_external,st_upgr_w_external,3
wpn_val_modern,4,1,1,up_sect_fourta_val,upgr_w_2_internal,st_upgr_w_internal,2
wpn_val_modern,4,2,1,up_sect_fourtc_val,upgr_w_3_internal,st_upgr_w_internal,3
wpn_val_modern,4,3,1,up_sect_fourte_val,upgr_w_3_external,st_upgr_w_external,3
wpn_val_modern,4,3,2,up_sect_fourtf_val,upgr_w_3_internal,st_upgr_w_internal,3
wpn_val_modern,5,1,1,up_sect_fiftha_val,upgr_w_2_internal,st_upgr_w_internal,2
wpn_val_tac,1,1,1,up_sect_firsta_val,upgr_w_2_internal,st_upgr_w_internal,2
wpn_val_tac,1,2,1,up_sect_firstc_val,upgr_w_3_internal,st_upgr_w_internal,3
wpn_val_tac,1,2,2,up_sect_firstd_val,upgr_w_3_external,st_upgr_w_external,3
wpn_val_tac,1,3,1,up_sect_firste_val,upgr_w_3_internal,st_upgr_w_internal,3
wpn_val_tac,1,3,2,up_sect_firstf_val,upgr_w_3_external,st_upgr_w_external,3
wpn_val_tac,2,1,1,up_sect_secona_val,upgr_w_2_internal,st_upgr_w_internal,2
wpn_val_tac,2,2,1,up_sect_seconc_val,upgr_w_3_external,st_upgr_w_external,3
wpn_val_tac,2,3,1,up_sect_secone_val,upgr_w_3_external,st_upgr_w_external,3
wpn_val_tac,2,3,2,up_sect_seconf_val,upgr_w_3_internal,st_upgr_w_internal,3
wpn_val_tac,3,1,1,up_sect_thirda_val,upgr_w_2_external,st_upgr_w_external,2
wpn_val_tac,3,2,1,up_sect_thirdc_val,upgr_w_3_internal,st_upgr_w_internal,3
wpn_val_tac,3,2,2,up_sect_thirdd_val,upgr_w_3_external,st_upgr_w_external,3
wpn_val_tac,3,3,1,up_sect_thirde_val,upgr_w_3_internal,st_upgr_w_internal,3
wpn_val_tac,3,3,2,up_sect_thirdf_val,upgr_w_3_external,st_upgr_w_external,3
wpn_val_tac,4,1,1,up_sect_fourta_val,upgr_w_2_internal,st_upgr_w_internal,2
wpn_val_tac,4,2,1,up_sect_fourtc_val,upgr_w_3_internal,st_upgr_w_internal,3
wpn_val_tac,4,3,1,up_sect_fourte_val,upgr_w_3_external,st_upgr_w_external,3
wpn_val_tac,4,3,2,up_sect_fourtf_val,upgr_w_3_internal,st_upgr_w_internal,3
wpn_val_tac,5,1,1,up_sect_fiftha_val,upgr_w_2_internal,st_upgr_w_internal,2
wpn_vepr,1,1,1,up_sect_firsta_saiga12,upgr_w_1_internal,st_upgr_w_internal,1
wpn_vepr,1,2,1,up_sect_firstc_saiga12,upgr_w_2_internal,st_upgr_w_internal,2
wpn_vepr,1,2,2,up_sect_firstd_saiga12,upgr_w_2_internal,st_upgr_w_internal,2
wpn_vepr,1,3,1,up_sect_firste_saiga12,upgr_w_3_internal,st_upgr_w_internal,3
wpn_vepr,2,1,1,up_sect_secona_saiga12,upgr_w_1_internal,st_upgr_w_internal,1
wpn_vepr,2,2,1,up_sect_seconc_saiga12,upgr_w_2_external,st_upgr_w_external,2
wpn_vepr,2,3,1,up_sect_secone_saiga12,upgr_w_3_internal,st_upgr_w_internal,3
wpn_vepr,2,3,2,up_sect_seconf_saiga12,upgr_w_3_internal,st_upgr_w_internal,3
wpn_vepr,3,1,1,up_sect_thirda_saiga12,upgr_w_1_internal,st_upgr_w_internal,1
wpn_vepr,3,2,1,up_sect_thirdc_saiga12,upgr_w_2_internal,st_upgr_w_internal,2
wpn_vepr,3,2,2,up_sect_thirdd_saiga12,upgr_w_2_internal,st_upgr_w_internal,2
wpn_vepr,3,3,1,up_sect_thirde_saiga12,upgr_w_3_external,st_upgr_w_external,3
wpn_vepr,4,1,1,up_sect_fourta_saiga12,upgr_w_1_internal,st_upgr_w_internal,1
wpn_vepr,4,2,1,up_sect_fourtc_saiga12,upgr_w_2_internal,st_upgr_w_internal,2
wpn_vepr,4,3,1,up_sect_fourte_saiga12,upgr_w_3_internal,st_upgr_w_internal,3
wpn_vepr,5,1,1,up_sect_fiftha_saiga12,upgr_w_1_external,st_upgr_w_external,1
wpn_vihr,1,1,1,up_sect_firsta_val,upgr_w_2_internal,st_upgr_w_internal,2
wpn_vihr,1,2,1,up_sect_firstc_val,upgr_w_3_internal,st_upgr_w_internal,3
wpn_vihr,1,2,2,up_sect_firstd_val,upgr_w_3_external,st_upgr_w_external,3
wpn_vihr,1,3,1,up_sect_firste_val,upgr_w_3_internal,st_upgr_w_internal,3
wpn_vihr,1,3,2,up_sect_firstf_val,upgr_w_3_external,st_upgr_w_external,3
wpn_vihr,2,1,1,up_sect_secona_val,upgr_w_2_internal,st_upgr_w_internal,2
wpn_vihr,2,2,1,up_sect_seconc_val,upgr_w_3_external,st_upgr_w_external,3
wpn_vihr,2,3,1,up_sect_secone_val,upgr_w_3_external,st_upgr_w_external,3
wpn_vihr,2,3,2,up_sect_seconf_val,upgr_w_3_internal,st_upgr_w_internal,3
wpn_vihr,3,1,1,up_sect_thirda_val,upgr_w_2_external,st_upgr_w_external,2
wpn_vihr,3,2,1,up_sect_thirdc_val,upgr_w_3_internal,st_upgr_w_internal,3
wpn_vihr,3,2,2,up_sect_thirdd_val,upgr_w_3_external,st_upgr_w_external,3
wpn_vihr,3,3,1,up_sect_thirde_val,upgr_w_3_internal,st_upgr_w_internal,3
wpn_vihr,3,3,2,up_sect_thirdf_val,upgr_w_3_external,st_upgr_w_external,3
wpn_vihr,4,1,1,up_sect_fourta_val,upgr_w_2_internal,st_upgr_w_internal,2
wpn_vihr,4,2,1,up_sect_fourtc_val,upgr_w_3_internal,st_upgr_w_internal,3
wpn_vihr,4,3,1,up_sect_fourte_val,upgr_w_3_external,st_upgr_w_external,3
wpn_vihr,4,3,2,up_sect_fourtf_val,upgr_w_3_internal,st_upgr_w_internal,3
wpn_vihr,5,1,1,up_sect_fiftha_val,upgr_w_2_internal,st_upgr_w_internal,2
wpn_vintorez,1,1,1,up_sect_firsta_vintorez,upgr_w_1_internal,st_upgr_w_internal,1
wpn_vintorez,1,2,1,up_sect_firstc_vintorez,upgr_w_2_internal,st_upgr_w_internal,2
wpn_vintorez,1,2,2,up_sect_firstd_vintorez,upgr_w_2_external,st_upgr_w_external,2
wpn_vintorez,1,3,1,up_sect_firste_vintorez,upgr_w_3_external,st_upgr_w_external,3
wpn_vintorez,1,3,2,up_sect_firstf_vintorez,upgr_w_3_external,st_upgr_w_external,3
wpn_vintorez,2,1,1,up_sect_secona_vintorez,upgr_w_1_external,st_upgr_w_external,1
wpn_vintorez,2,2,1,up_sect_seconc_vintorez,upgr_w_2_internal,st_upgr_w_internal,2
wpn_vintorez,2,2,2,up_sect_second_vintorez,upgr_w_2_external,st_upgr_w_external,2
wpn_vintorez,2,3,1,up_sect_secone_vintorez,upgr_w_3_external,st_upgr_w_external,3
wpn_vintorez,3,1,1,up_sect_thirda_vintorez,upgr_w_1_internal,st_upgr_w_internal,1
wpn_vintorez,3,2,1,up_sect_thirdc_vintorez,upgr_w_2_external,st_upgr_w_external,2
wpn_vintorez,3,3,1,up_sect_thirde_vintorez,upgr_w_3_external,st_upgr_w_external,3
wpn_vintorez,3,3,2,up_sect_thirdf_vintorez,upgr_w_3_internal,st_upgr_w_internal,3
wpn_vintorez,4,1,1,up_sect_fourta_vintorez,upgr_w_1_internal,st_upgr_w_internal,1
wpn_vintorez,4,2,1,up_sect_fourtc_vintorez,upgr_w_2_external,st_upgr_w_external,2
wpn_vintorez,4,3,1,up_sect_fourte_vintorez,upgr_w_3_internal,st_upgr_w_internal,3
wpn_vintorez,4,3,2,up_sect_fourtf_vintorez,upgr_w_3_internal,st_upgr_w_internal,3
wpn_vintorez_isg,1,1,1,up_sect_firsta_vintorez,upgr_w_2_internal,st_upgr_w_internal,2
wpn_vintorez_isg,1,2,1,up_sect_firstc_vintorez,upgr_w_3_internal,st_upgr_w_internal,3
wpn_vintorez_isg,1,2,2,up_sect_firstd_vintorez,upgr_w_3_external,st_upgr_w_external,3
wpn_vintorez_isg,1,3,1,up_sect_firste_vintorez,upgr_w_3_external,st_upgr_w_external,3
wpn_vintorez_isg,1,3,2,up_sect_firstf_vintorez,upgr_w_3_external,st_upgr_w_external,3
wpn_vintorez_isg,2,1,1,up_sect_secona_vintorez,upgr_w_2_external,st_upgr_w_external,2
wpn_vintorez_isg,2,2,1,up_sect_seconc_vintorez,upgr_w_3_internal,st_upgr_w_internal,3
wpn_vintorez_isg,2,2,2,up_sect_second_vintorez,upgr_w_3_external,st_upgr_w_external,3
wpn_vintorez_isg,2,3,1,up_sect_secone_vintorez,upgr_w_3_external,st_upgr_w_external,3
wpn_vintorez_isg,3,1,1,up_sect_thirda_vintorez,upgr_w_2_internal,st_upgr_w_internal,2
wpn_vintorez_isg,3,2,1,up_sect_thirdc_vintorez,upgr_w_3_external,st_upgr_w_external,3
wpn_vintorez_isg,3,3,1,up_sect_thirde_vintorez,upgr_w_3_external,st_upgr_w_external,3
wpn_vintorez_isg,3,3,2,up_sect_thirdf_vintorez,upgr_w_3_internal,st_upgr_w_internal,3
wpn_vintorez_isg,4,1,1,up_sect_fourta_vintorez,upgr_w_2_internal,st_upgr_w_internal,2
wpn_vintorez_isg,4,2,1,up_sect_fourtc_vintorez,upgr_w_3_external,st_upgr_w_external,3
wpn_vintorez_isg,4,3,1,up_sect_fourte_vintorez,upgr_w_3_internal,st_upgr_w_internal,3
wpn_vintorez_isg,4,3,2,up_sect_fourtf_vintorez,upgr_w_3_internal,st_upgr_w_internal,3
wpn_vintorez_m1,1,1,1,up_sect_firsta_vintorez,upgr_w_2_internal,st_upgr_w_internal,2
wpn_vintorez_m1,1,2,1,up_sect_firstc_vintorez,upgr_w_3_internal,st_upgr_w_internal,3
wpn_vintorez_m1,1,2,2,up_sect_firstd_vintorez,upgr_w_3_external,st_upgr_w_external,3
wpn_vintorez_m1,1,3,1,up_sect_firste_vintorez,upgr_w_3_external,st_upgr_w_external,3
wpn_vintorez_m1,1,3,2,up_sect_firstf_vintorez,upgr_w_3_external,st_upgr_w_external,3
wpn_vintorez_m1,2,1,1,up_sect_secona_vintorez,upgr_w_2_external,st_upgr_w_external,2
wpn_vintorez_m1,2,2,1,up_sect_seconc_vintorez,upgr_w_3_internal,st_upgr_w_internal,3
wpn_vintorez_m1,2,2,2,up_sect_second_vintorez,upgr_w_3_external,st_upgr_w_external,3
wpn_vintorez_m1,2,3,1,up_sect_secone_vintorez,upgr_w_3_external,st_upgr_w_external,3
wpn_vintorez_m1,3,1,1,up_sect_thirda_vintorez,upgr_w_2_internal,st_upgr_w_internal,2
wpn_vintorez_m1,3,2,1,up_sect_thirdc_vintorez,upgr_w_3_external,st_upgr_w_external,3
wpn_vintorez_m1,3,3,1,up_sect_thirde_vintorez,upgr_w_3_external,st_upgr_w_external,3
wpn_vintorez_m1,3,3,2,up_sect_thirdf_vintorez,upgr_w_3_internal,st_upgr_w_internal,3
wpn_vintorez_m1,4,1,1,up_sect_fourta_vintorez,upgr_w_2_internal,st_upgr_w_internal,2
wpn_vintorez_m1,4,2,1,up_sect_fourtc_vintorez,upgr_w_3_external,st_upgr_w_external,3
wpn_vintorez_m1,4,3,1,up_sect_fourte_vintorez,upgr_w_3_internal,st_upgr_w_internal,3
wpn_vintorez_m1,4,3,2,up_sect_fourtf_vintorez,upgr_w_3_internal,st_upgr_w_internal,3
wpn_vintorez_m2,1,1,1,up_sect_firsta_vintorez,upgr_w_2_internal,st_upgr_w_internal,2
wpn_vintorez_m2,1,2,1,up_sect_firstc_vintorez,upgr_w_3_internal,st_upgr_w_internal,3
wpn_vintorez_m2,1,2,2,up_sect_firstd_vintorez,upgr_w_3_external,st_upgr_w_external,3
wpn_vintorez_m2,1,3,1,up_sect_firste_vintorez,upgr_w_3_external,st_upgr_w_external,3
wpn_vintorez_m2,1,3,2,up_sect_firstf_vintorez,upgr_w_3_external,st_upgr_w_external,3
wpn_vintorez_m2,2,1,1,up_sect_secona_vintorez,upgr_w_2_external,st_upgr_w_external,2
wpn_vintorez_m2,2,2,1,up_sect_seconc_vintorez,upgr_w_3_internal,st_upgr_w_internal,3
wpn_vintorez_m2,2,2,2,up_sect_second_vintorez,upgr_w_3_external,st_upgr_w_external,3
wpn_vintorez_m2,2,3,1,up_sect_secone_vintorez,upgr_w_3_external,st_upgr_w_external,3
wpn_vintorez_m2,3,1,1,up_sect_thirda_vintorez,upgr_w_2_internal,st_upgr_w_internal,2
wpn_vintorez_m2,3,2,1,up_sect_thirdc_vintorez,upgr_w_3_external,st_upgr_w_external,3
wpn_vintorez_m2,3,3,1,up_sect_thirde_vintorez,upgr_w_3_external,st_upgr_w_external,3
wpn_vintorez_m2,3,3,2,up_sect_thirdf_vintorez,upgr_w_3_internal,st_upgr_w_internal,3
wpn_vintorez_m2,4,1,1,up_sect_fourta_vintorez,upgr_w_2_internal,st_upgr_w_internal,2
wpn_vintorez_m2,4,2,1,up_sect_fourtc_vintorez,upgr_w_3_external,st_upgr_w_external,3
wpn_vintorez_m2,4,3,1,up_sect_fourte_vintorez,upgr_w_3_internal,st_upgr_w_internal,3
wpn_vintorez_m2,4,3,2,up_sect_fourtf_vintorez,upgr_w_3_internal,st_upgr_w_internal,3
wpn_vintorez_n1,1,1,1,up_sect_firsta_vintorez,upgr_w_1_internal,st_upgr_w_internal,1
wpn_vintorez_n1,1,2,1,up_sect_firstc_vintorez,upgr_w_2_internal,st_upgr_w_internal,2
wpn_vintorez_n1,1,2,2,up_sect_firstd_vintorez,upgr_w_2_external,st_upgr_w_external,2
wpn_vintorez_n1,1,3,1,up_sect_firste_vintorez,upgr_w_3_external,st_upgr_w_external,3
wpn_vintorez_n1,1,3,2,up_sect_firstf_vintorez,upgr_w_3_external,st_upgr_w_external,3
wpn_vintorez_n1,2,1,1,up_sect_secona_vintorez,upgr_w_1_external,st_upgr_w_external,1
wpn_vintorez_n1,2,2,1,up_sect_seconc_vintorez,upgr_w_2_internal,st_upgr_w_internal,2
wpn_vintorez_n1,2,2,2,up_sect_second_vintorez,upgr_w_2_external,st_upgr_w_external,2
wpn_vintorez_n1,2,3,1,up_sect_secone_vintorez,upgr_w_3_external,st_upgr_w_external,3
wpn_vintorez_n1,3,1,1,up_sect_thirda_vintorez,upgr_w_1_internal,st_upgr_w_internal,1
wpn_vintorez_n1,3,2,1,up_sect_thirdc_vintorez,upgr_w_2_external,st_upgr_w_external,2
wpn_vintorez_n1,3,3,1,up_sect_thirde_vintorez,upgr_w_3_external,st_upgr_w_external,3
wpn_vintorez_n1,3,3,2,up_sect_thirdf_vintorez,upgr_w_3_internal,st_upgr_w_internal,3
wpn_vintorez_n1,4,1,1,up_sect_fourta_vintorez,upgr_w_1_internal,st_upgr_w_internal,1
wpn_vintorez_n1,4,2,1,up_sect_fourtc_vintorez,upgr_w_2_external,st_upgr_w_external,2
wpn_vintorez_n1,4,3,1,up_sect_fourte_vintorez,upgr_w_3_internal,st_upgr_w_internal,3
wpn_vintorez_n1,4,3,2,up_sect_fourtf_vintorez,upgr_w_3_internal,st_upgr_w_internal,3
wpn_vintorez_nimble,1,1,1,up_sect_firsta_vintorez,upgr_w_1_internal,st_upgr_w_internal,1
wpn_vintorez_nimble,1,2,1,up_sect_firstc_vintorez,upgr_w_2_internal,st_upgr_w_internal,2
wpn_vintorez_nimble,1,2,2,up_sect_firstd_vintorez,upgr_w_2_external,st_upgr_w_external,2
wpn_vintorez_nimble,1,3,1,up_sect_firste_vintorez,upgr_w_3_external,st_upgr_w_external,3
wpn_vintorez_nimble,1,3,2,up_sect_firstf_vintorez,upgr_w_3_external,st_upgr_w_external,3
wpn_vintorez_nimble,2,1,1,up_sect_secona_vintorez,upgr_w_1_external,st_upgr_w_external,1
wpn_vintorez_nimble,2,2,1,up_sect_seconc_vintorez,upgr_w_2_internal,st_upgr_w_internal,2
wpn_vintorez_nimble,2,2,2,up_sect_second_vintorez,upgr_w_2_external,st_upgr_w_external,2
wpn_vintorez_nimble,2,3,1,up_sect_secone_vintorez,upgr_w_3_external,st_upgr_w_external,3
wpn_vintorez_nimble,3,1,1,up_sect_thirda_vintorez,upgr_w_1_internal,st_upgr_w_internal,1
wpn_vintorez_nimble,3,2,1,up_sect_thirdc_vintorez,upgr_w_2_external,st_upgr_w_external,2
wpn_vintorez_nimble,3,3,1,up_sect_thirde_vintorez,upgr_w_3_external,st_upgr_w_external,3
wpn_vintorez_nimble,3,3,2,up_sect_thirdf_vintorez,upgr_w_3_internal,st_upgr_w_internal,3
wpn_vintorez_nimble,4,1,1,up_sect_fourta_vintorez,upgr_w_1_internal,st_upgr_w_internal,1
wpn_vintorez_nimble,4,2,1,up_sect_fourtc_vintorez,upgr_w_2_external,st_upgr_w_external,2
wpn_vintorez_nimble,4,3,1,up_sect_fourte_vintorez,upgr_w_3_internal,st_upgr_w_internal,3
wpn_vintorez_nimble,4,3,2,up_sect_fourtf_vintorez,upgr_w_3_internal,st_upgr_w_internal,3
wpn_vityaz,1,1,1,up_sect_firsta_vityaz,upgr_w_1_external,st_upgr_w_external,1
wpn_vityaz,1,2,1,up_sect_firstc_vityaz,upgr_w_1_external,st_upgr_w_external,1
wpn_vityaz,1,2,2,up_sect_firstd_vityaz,upgr_w_1_internal,st_upgr_w_internal,1
wpn_vityaz,1,3,1,up_sect_firste_vityaz,upgr_w_2_external,st_upgr_w_external,2
wpn_vityaz,2,1,1,up_sect_secona_vityaz,upgr_w_1_internal,st_upgr_w_internal,1
wpn_vityaz,2,2,1,up_sect_seconc_vityaz,upgr_w_1_internal,st_upgr_w_internal,1
wpn_vityaz,2,3,1,up_sect_secone_vityaz,upgr_w_2_external,st_upgr_w_external,2
wpn_vityaz,2,3,2,up_sect_seconf_vityaz,upgr_w_2_internal,st_upgr_w_internal,2
wpn_vityaz,3,1,1,up_sect_thirda_vityaz,upgr_w_1_internal,st_upgr_w_internal,1
wpn_vityaz,3,2,1,up_sect_thirdc_vityaz,upgr_w_1_external,st_upgr_w_external,1
wpn_vityaz,3,2,2,up_sect_thirdd_vityaz,upgr_w_1_internal,st_upgr_w_internal,1
wpn_vityaz,3,3,1,up_sect_thirde_vityaz,upgr_w_2_external,st_upgr_w_external,2
wpn_vityaz,4,1,1,up_sect_fourta_vityaz,upgr_w_1_internal,st_upgr_w_internal,1
wpn_vityaz,4,2,1,up_sect_fourtc_vityaz,upgr_w_1_external,st_upgr_w_external,1
wpn_vityaz,4,3,1,up_sect_fourte_vityaz,upgr_w_2_external,st_upgr_w_external,2
wpn_vityaz,4,3,2,up_sect_fourtf_vityaz,upgr_w_2_external,st_upgr_w_external,2
wpn_vityaz,5,1,1,up_sect_fiftha_vityaz,upgr_w_1_external,st_upgr_w_external,1
wpn_vityaz,5,2,1,up_sect_fifthc_vityaz,upgr_w_1_internal,st_upgr_w_internal,1
wpn_vityaz_vitup,1,1,1,up_sect_firsta_vityaz,upgr_w_1_external,st_upgr_w_external,1
wpn_vityaz_vitup,1,2,1,up_sect_firstc_vityaz,upgr_w_1_external,st_upgr_w_external,1
wpn_vityaz_vitup,1,2,2,up_sect_firstd_vityaz,upgr_w_1_internal,st_upgr_w_internal,1
wpn_vityaz_vitup,1,3,1,up_sect_firste_vityaz,upgr_w_2_external,st_upgr_w_external,2
wpn_vityaz_vitup,2,1,1,up_sect_secona_vityaz,upgr_w_1_internal,st_upgr_w_internal,1
wpn_vityaz_vitup,2,2,1,up_sect_seconc_vityaz,upgr_w_1_internal,st_upgr_w_internal,1
wpn_vityaz_vitup,2,3,1,up_sect_secone_vityaz,upgr_w_2_external,st_upgr_w_external,2
wpn_vityaz_vitup,2,3,2,up_sect_seconf_vityaz,upgr_w_2_internal,st_upgr_w_internal,2
wpn_vityaz_vitup,3,1,1,up_sect_thirda_vityaz,upgr_w_1_internal,st_upgr_w_internal,1
wpn_vityaz_vitup,3,2,1,up_sect_thirdc_vityaz,upgr_w_1_external,st_upgr_w_external,1
wpn_vityaz_vitup,3,2,2,up_sect_thirdd_vityaz,upgr_w_1_internal,st_upgr_w_internal,1
wpn_vityaz_vitup,3,3,1,up_sect_thirde_vityaz,upgr_w_2_external,st_upgr_w_external,2
wpn_vityaz_vitup,4,1,1,up_sect_fourta_vityaz,upgr_w_1_internal,st_upgr_w_internal,1
wpn_vityaz_vitup,4,2,1,up_sect_fourtc_vityaz,upgr_w_1_external,st_upgr_w_external,1
wpn_vityaz_vitup,4,3,1,up_sect_fourte_vityaz,upgr_w_2_external,st_upgr_w_external,2
wpn_vityaz_vitup,4,3,2,up_sect_fourtf_vityaz,upgr_w_2_external,st_upgr_w_external,2
wpn_vityaz_vitup,5,1,1,up_sect_fiftha_vityaz,upgr_w_1_external,st_upgr_w_external,1
wpn_vityaz_vitup,5,2,1,up_sect_fifthc_vityaz,upgr_w_1_internal,st_upgr_w_internal,1
wpn_vsk94,1,1,1,up_sect_firsta_vsk94,upgr_w_2_internal,st_upgr_w_internal,2
wpn_vsk94,1,2,1,up_sect_firstc_vsk94,upgr_w_3_internal,st_upgr_w_internal,3
wpn_vsk94,1,2,2,up_sect_firstd_vsk94,upgr_w_3_external,st_upgr_w_external,3
wpn_vsk94,1,3,1,up_sect_firste_vsk94,upgr_w_3_internal,st_upgr_w_internal,3
wpn_vsk94,1,3,2,up_sect_firstf_vsk94,upgr_w_3_external,st_upgr_w_external,3
wpn_vsk94,2,1,1,up_sect_secona_vsk94,upgr_w_2_internal,st_upgr_w_internal,2
wpn_vsk94,2,2,1,up_sect_seconc_vsk94,upgr_w_3_external,st_upgr_w_external,3
wpn_vsk94,2,3,1,up_sect_secone_vsk94,upgr_w_3_external,st_upgr_w_external,3
wpn_vsk94,2,3,2,up_sect_seconf_vsk94,upgr_w_3_internal,st_upgr_w_internal,3
wpn_vsk94,3,1,1,up_sect_thirda_vsk94,upgr_w_2_external,st_upgr_w_external,2
wpn_vsk94,3,2,1,up_sect_thirdc_vsk94,upgr_w_3_internal,st_upgr_w_internal,3
wpn_vsk94,3,2,2,up_sect_thirdd_vsk94,upgr_w_3_external,st_upgr_w_external,3
wpn_vsk94,3,3,1,up_sect_thirde_vsk94,upgr_w_3_internal,st_upgr_w_internal,3
wpn_vsk94,3,3,2,up_sect_thirdf_vsk94,upgr_w_3_external,st_upgr_w_external,3
wpn_vsk94,4,1,1,up_sect_fourta_vsk94,upgr_w_2_internal,st_upgr_w_internal,2
wpn_vsk94,4,2,1,up_sect_fourtc_vsk94,upgr_w_3_internal,st_upgr_w_internal,3
wpn_vsk94,4,3,1,up_sect_fourte_vsk94,upgr_w_3_external,st_upgr_w_external,3
wpn_vsk94,4,3,2,up_sect_fourtf_vsk94,upgr_w_3_internal,st_upgr_w_internal,3
wpn_vsk94,5,1,1,up_sect_fiftha_vsk94,upgr_w_2_internal,st_upgr_w_internal,2
wpn_vssk,1,1,1,up_sect_firsta_vssk,upgr_w_1_internal,st_upgr_w_internal,1
wpn_vssk,1,2,1,up_sect_firstc_vssk,upgr_w_2_internal,st_upgr_w_internal,2
wpn_vssk,1,2,2,up_sect_firstd_vssk,upgr_w_2_external,st_upgr_w_external,2
wpn_vssk,1,3,1,up_sect_firste_vssk,upgr_w_3_external,st_upgr_w_external,3
wpn_vssk,1,3,2,up_sect_firstf_vssk,upgr_w_3_external,st_upgr_w_external,3
wpn_vssk,2,1,1,up_sect_secona_vssk,upgr_w_1_external,st_upgr_w_external,1
wpn_vssk,2,2,1,up_sect_seconc_vssk,upgr_w_2_internal,st_upgr_w_internal,2
wpn_vssk,2,2,2,up_sect_second_vssk,upgr_w_2_external,st_upgr_w_external,2
wpn_vssk,2,3,1,up_sect_secone_vssk,upgr_w_3_external,st_upgr_w_external,3
wpn_vssk,3,1,1,up_sect_thirda_vssk,upgr_w_1_internal,st_upgr_w_internal,1
wpn_vssk,3,2,1,up_sect_thirdc_vssk,upgr_w_2_external,st_upgr_w_external,2
wpn_vssk,3,3,1,up_sect_thirde_vssk,upgr_w_3_external,st_upgr_w_external,3
wpn_vssk,3,3,2,up_sect_thirdf_vssk,upgr_w_3_internal,st_upgr_w_internal,3
wpn_vz61,1,1,1,up_sect_firsta_vz61,upgr_w_1_internal,st_upgr_w_internal,1
wpn_vz61,1,2,1,up_sect_firstc_vz61,upgr_w_1_internal,st_upgr_w_internal,1
wpn_vz61,1,2,2,up_sect_firstd_vz61,upgr_w_1_internal,st_upgr_w_internal,1
wpn_vz61,1,3,1,up_sect_firste_vz61,upgr_w_2_internal,st_upgr_w_internal,2
wpn_vz61,2,1,1,up_sect_secona_vz61,upgr_w_1_internal,st_upgr_w_internal,1
wpn_vz61,2,2,1,up_sect_seconc_vz61,upgr_w_1_internal,st_upgr_w_internal,1
wpn_vz61,2,3,1,up_sect_secone_vz61,upgr_w_2_internal,st_upgr_w_internal,2
wpn_vz61,2,3,2,up_sect_seconf_vz61,upgr_w_2_external,st_upgr_w_external,2
wpn_vz61,3,1,1,up_sect_thirda_vz61,upgr_w_1_internal,st_upgr_w_internal,1
wpn_vz61,3,2,1,up_sect_thirdc_vz61,upgr_w_1_internal,st_upgr_w_internal,1
wpn_vz61,3,2,2,up_sect_thirdd_vz61,upgr_w_1_internal,st_upgr_w_internal,1
wpn_vz61,3,3,1,up_sect_thirde_vz61,upgr_w_2_external,st_upgr_w_external,2
wpn_vz61,4,1,1,up_sect_fourta_vz61,upgr_w_1_internal,st_upgr_w_internal,1
wpn_vz61,4,2,1,up_sect_fourtc_vz61,upgr_w_1_internal,st_upgr_w_internal,1
wpn_vz61,4,3,1,up_sect_fourte_vz61,upgr_w_2_internal,st_upgr_w_internal,2
wpn_vz61,5,1,1,up_sect_fiftha_vz61,upgr_w_1_optical,st_upgr_w_optical,1
wpn_vz61_alt,1,1,1,up_sect_firsta_vz61,upgr_w_1_internal,st_upgr_w_internal,1
wpn_vz61_alt,1,2,1,up_sect_firstc_vz61,upgr_w_1_internal,st_upgr_w_internal,1
wpn_vz61_alt,1,2,2,up_sect_firstd_vz61,upgr_w_1_internal,st_upgr_w_internal,1
wpn_vz61_alt,1,3,1,up_sect_firste_vz61,upgr_w_2_internal,st_upgr_w_internal,2
wpn_vz61_alt,2,1,1,up_sect_secona_vz61,upgr_w_1_internal,st_upgr_w_internal,1
wpn_vz61_alt,2,2,1,up_sect_seconc_vz61,upgr_w_1_internal,st_upgr_w_internal,1
wpn_vz61_alt,2,3,1,up_sect_secone_vz61,upgr_w_2_internal,st_upgr_w_internal,2
wpn_vz61_alt,2,3,2,up_sect_seconf_vz61,upgr_w_2_external,st_upgr_w_external,2
wpn_vz61_alt,3,1,1,up_sect_thirda_vz61,upgr_w_1_internal,st_upgr_w_internal,1
wpn_vz61_alt,3,2,1,up_sect_thirdc_vz61,upgr_w_1_internal,st_upgr_w_internal,1
wpn_vz61_alt,3,2,2,up_sect_thirdd_vz61,upgr_w_1_internal,st_upgr_w_internal,1
wpn_vz61_alt,3,3,1,up_sect_thirde_vz61,upgr_w_2_external,st_upgr_w_external,2
wpn_vz61_alt,4,1,1,up_sect_fourta_vz61,upgr_w_1_internal,st_upgr_w_internal,1
wpn_vz61_alt,4,2,1,up_sect_fourtc_vz61,upgr_w_1_internal,st_upgr_w_internal,1
wpn_vz61_alt,4,3,1,up_sect_fourte_vz61,upgr_w_2_internal,st_upgr_w_internal,2
wpn_vz61_alt,5,1,1,up_sect_fiftha_vz61,upgr_w_1_optical,st_upgr_w_optical,1
wpn_wa2000,1,1,1,up_sect_firsta_svd,upgr_w_2_external,st_upgr_w_external,2
wpn_wa2000,1,2,1,up_sect_firstc_svd,upgr_w_3_external,st_upgr_w_external,3
wpn_wa2000,1,2,2,up_sect_firstd_svd,upgr_w_3_external,st_upgr_w_external,3
wpn_wa2000,1,3,1,up_sect_firste_svd,upgr_w_3_external,st_upgr_w_external,3
wpn_wa2000,1,3,2,up_sect_firstf_svd,upgr_w_3_internal,st_upgr_w_internal,3
wpn_wa2000,2,1,1,up_sect_secona_svd,upgr_w_2_internal,st_upgr_w_internal,2
wpn_wa2000,2,2,1,up_sect_seconc_svd,upgr_w_3_internal,st_upgr_w_internal,3
wpn_wa2000,2,2,2,up_sect_second_svd,upgr_w_3_external,st_upgr_w_external,3
wpn_wa2000,3,1,1,up_sect_thirda_svd,upgr_w_2_internal,st_upgr_w_internal,2
wpn_wa2000,3,2,1,up_sect_thirdc_svd,upgr_w_3_external,st_upgr_w_external,3
wpn_wa2000,3,3,1,up_sect_thirde_svd,upgr_w_3_internal,st_upgr_w_internal,3
wpn_wa2000,4,1,1,up_sect_fourta_svd,upgr_w_2_optical,st_upgr_w_optical,2
wpn_wa2000,4,2,1,up_sect_fourtc_svd,upgr_w_3_external,st_upgr_w_external,3
wpn_wa2000,4,3,1,up_sect_fourte_svd,upgr_w_3_internal,st_upgr_w_internal,3
wpn_wa2000,4,3,2,up_sect_fourtf_svd,upgr_w_3_external,st_upgr_w_external,3
wpn_walther,1,1,1,up_sect_firsta_sig220,upgr_w_1_internal,st_upgr_w_internal,1
wpn_walther,1,2,1,up_sect_firstc_sig220,upgr_w_1_internal,st_upgr_w_internal,1
wpn_walther,1,2,2,up_sect_firstd_sig220,upgr_w_1_external,st_upgr_w_external,1
wpn_walther,1,3,1,up_sect_firste_sig220,upgr_w_2_internal,st_upgr_w_internal,2
wpn_walther,2,1,1,up_sect_secona_sig220,upgr_w_1_external,st_upgr_w_external,1
wpn_walther,2,2,1,up_sect_seconc_sig220,upgr_w_1_internal,st_upgr_w_internal,1
wpn_walther,2,3,1,up_sect_secone_sig220,upgr_w_2_internal,st_upgr_w_internal,2
wpn_walther,2,3,2,up_sect_seconf_sig220,upgr_w_2_external,st_upgr_w_external,2
wpn_walther,3,1,1,up_sect_thirda_sig220,upgr_w_1_external,st_upgr_w_external,1
wpn_walther,3,2,1,up_sect_thirdc_sig220,upgr_w_1_external,st_upgr_w_external,1
wpn_walther,3,2,2,up_sect_thirdd_sig220,upgr_w_1_internal,st_upgr_w_internal,1
wpn_walther,4,1,1,up_sect_fourta_sig220,upgr_w_1_external,st_upgr_w_external,1
wpn_walther,4,2,1,up_sect_fourtc_sig220,upgr_w_1_internal,st_upgr_w_internal,1
wpn_walther,4,3,1,up_sect_fourte_sig220,upgr_w_2_internal,st_upgr_w_internal,2
wpn_walther,5,1,1,up_sect_fiftha_sig220,upgr_w_1_internal,st_upgr_w_internal,1
wpn_walther_mod9,1,1,1,up_sect_firsta_sig220,upgr_w_1_internal,st_upgr_w_internal,1
wpn_walther_mod9,1,2,1,up_sect_firstc_sig220,upgr_w_1_internal,st_upgr_w_internal,1
wpn_walther_mod9,1,2,2,up_sect_firstd_sig220,upgr_w_1_external,st_upgr_w_external,1
wpn_walther_mod9,1,3,1,up_sect_firste_sig220,upgr_w_2_internal,st_upgr_w_internal,2
wpn_walther_mod9,2,1,1,up_sect_secona_sig220,upgr_w_1_external,st_upgr_w_external,1
wpn_walther_mod9,2,2,1,up_sect_seconc_sig220,upgr_w_1_internal,st_upgr_w_internal,1
wpn_walther_mod9,2,3,1,up_sect_secone_sig220,upgr_w_2_internal,st_upgr_w_internal,2
wpn_walther_mod9,2,3,2,up_sect_seconf_sig220,upgr_w_2_external,st_upgr_w_external,2
wpn_walther_mod9,3,1,1,up_sect_thirda_sig220,upgr_w_1_external,st_upgr_w_external,1
wpn_walther_mod9,3,2,1,up_sect_thirdc_sig220,upgr_w_1_external,st_upgr_w_external,1
wpn_walther_mod9,3,2,2,up_sect_thirdd_sig220,upgr_w_1_internal,st_upgr_w_internal,1
wpn_walther_mod9,4,1,1,up_sect_fourta_sig220,upgr_w_1_external,st_upgr_w_external,1
wpn_walther_mod9,4,2,1,up_sect_fourtc_sig220,upgr_w_1_internal,st_upgr_w_internal,1
wpn_walther_mod9,4,3,1,up_sect_fourte_sig220,upgr_w_2_internal,st_upgr_w_internal,2
wpn_walther_mod9,5,1,1,up_sect_fiftha_sig220,upgr_w_1_internal,st_upgr_w_internal,1
wpn_walther_p99,1,1,1,up_sect_firsta_sig220,upgr_w_1_internal,st_upgr_w_internal,1
wpn_walther_p99,1,2,1,up_sect_firstc_sig220,upgr_w_1_internal,st_upgr_w_internal,1
wpn_walther_p99,1,2,2,up_sect_firstd_sig220,upgr_w_1_external,st_upgr_w_external,1
wpn_walther_p99,1,3,1,up_sect_firste_sig220,upgr_w_2_internal,st_upgr_w_internal,2
wpn_walther_p99,2,1,1,up_sect_secona_sig220,upgr_w_1_external,st_upgr_w_external,1
wpn_walther_p99,2,2,1,up_sect_seconc_sig220,upgr_w_1_internal,st_upgr_w_internal,1
wpn_walther_p99,2,3,1,up_sect_secone_sig220,upgr_w_2_internal,st_upgr_w_internal,2
wpn_walther_p99,2,3,2,up_sect_seconf_sig220,upgr_w_2_external,st_upgr_w_external,2
wpn_walther_p99,3,1,1,up_sect_thirda_sig220,upgr_w_1_external,st_upgr_w_external,1
wpn_walther_p99,3,2,1,up_sect_thirdc_sig220,upgr_w_1_external,st_upgr_w_external,1
wpn_walther_p99,3,2,2,up_sect_thirdd_sig220,upgr_w_1_internal,st_upgr_w_internal,1
wpn_walther_p99,4,1,1,up_sect_fourta_sig220,upgr_w_1_external,st_upgr_w_external,1
wpn_walther_p99,4,2,1,up_sect_fourtc_sig220,upgr_w_1_internal,st_upgr_w_internal,1
wpn_walther_p99,4,3,1,up_sect_fourte_sig220,upgr_w_2_internal,st_upgr_w_internal,2
wpn_walther_p99,5,1,1,up_sect_fiftha_sig220,upgr_w_1_internal,st_upgr_w_internal,1
wpn_walther_p99_mod9,1,1,1,up_sect_firsta_sig220,upgr_w_1_internal,st_upgr_w_internal,1
wpn_walther_p99_mod9,1,2,1,up_sect_firstc_sig220,upgr_w_1_internal,st_upgr_w_internal,1
wpn_walther_p99_mod9,1,2,2,up_sect_firstd_sig220,upgr_w_1_external,st_upgr_w_external,1
wpn_walther_p99_mod9,1,3,1,up_sect_firste_sig220,upgr_w_2_internal,st_upgr_w_internal,2
wpn_walther_p99_mod9,2,1,1,up_sect_secona_sig220,upgr_w_1_external,st_upgr_w_external,1
wpn_walther_p99_mod9,2,2,1,up_sect_seconc_sig220,upgr_w_1_internal,st_upgr_w_internal,1
wpn_walther_p99_mod9,2,3,1,up_sect_secone_sig220,upgr_w_2_internal,st_upgr_w_internal,2
wpn_walther_p99_mod9,2,3,2,up_sect_seconf_sig220,upgr_w_2_external,st_upgr_w_external,2
wpn_walther_p99_mod9,3,1,1,up_sect_thirda_sig220,upgr_w_1_external,st_upgr_w_external,1
wpn_walther_p99_mod9,3,2,1,up_sect_thirdc_sig220,upgr_w_1_external,st_upgr_w_external,1
wpn_walther_p99_mod9,3,2,2,up_sect_thirdd_sig220,upgr_w_1_internal,st_upgr_w_internal,1
wpn_walther_p99_mod9,4,1,1,up_sect_fourta_sig220,upgr_w_1_external,st_upgr_w_external,1
wpn_walther_p99_mod9,4,2,1,up_sect_fourtc_sig220,upgr_w_1_internal,st_upgr_w_internal,1
wpn_walther_p99_mod9,4,3,1,up_sect_fourte_sig220,upgr_w_2_internal,st_upgr_w_internal,2
wpn_walther_p99_mod9,5,1,1,up_sect_fiftha_sig220,upgr_w_1_internal,st_upgr_w_internal,1
wpn_wincheaster1300,1,1,1,up_sect_firsta_wincheaster1300,upgr_w_1_internal,st_upgr_w_internal,1
wpn_wincheaster1300,1,2,1,up_sect_firstc_wincheaster1300,upgr_w_2_external,st_upgr_w_external,2
wpn_wincheaster1300,1,2,2,up_sect_firstd_wincheaster1300,upgr_w_2_internal,st_upgr_w_internal,2
wpn_wincheaster1300,1,3,1,up_sect_firste_wincheaster1300,upgr_w_2_external,st_upgr_w_external,2
wpn_wincheaster1300,1,3,2,up_sect_firstf_wincheaster1300,upgr_w_2_external,st_upgr_w_external,2
wpn_wincheaster1300,2,1,1,up_sect_secona_wincheaster1300,upgr_w_1_external,st_upgr_w_external,1
wpn_wincheaster1300,2,2,1,up_sect_seconc_wincheaster1300,upgr_w_2_external,st_upgr_w_external,2
wpn_wincheaster1300,2,2,2,up_sect_second_wincheaster1300,upgr_w_2_internal,st_upgr_w_internal,2
wpn_wincheaster1300,3,1,1,up_sect_thirda_wincheaster1300,upgr_w_1_internal,st_upgr_w_internal,1
wpn_wincheaster1300,3,2,1,up_sect_thirdc_wincheaster1300,upgr_w_2_external,st_upgr_w_external,2
wpn_wincheaster1300,3,3,1,up_sect_thirde_wincheaster1300,upgr_w_2_internal,st_upgr_w_internal,2
wpn_wincheaster1300,3,3,2,up_sect_thirdf_wincheaster1300,upgr_w_2_internal,st_upgr_w_internal,2
wpn_wincheaster1300_trapper,1,1,1,up_sect_firsta_wincheaster1300,upgr_w_1_internal,st_upgr_w_internal,1
wpn_wincheaster1300_trapper,1,2,1,up_sect_firstc_wincheaster1300,upgr_w_2_external,st_upgr_w_external,2
wpn_wincheaster1300_trapper,1,2,2,up_sect_firstd_wincheaster1300,upgr_w_2_internal,st_upgr_w_internal,2
wpn_wincheaster1300_trapper,1,3,1,up_sect_firste_wincheaster1300,upgr_w_2_external,st_upgr_w_external,2
wpn_wincheaster1300_trapper,1,3,2,up_sect_firstf_wincheaster1300,upgr_w_2_external,st_upgr_w_external,2
wpn_wincheaster1300_trapper,2,1,1,up_sect_secona_wincheaster1300,upgr_w_1_external,st_upgr_w_external,1
wpn_wincheaster1300_trapper,2,2,1,up_sect_seconc_wincheaster1300,upgr_w_2_external,st_upgr_w_external,2
wpn_wincheaster1300_trapper,2,2,2,up_sect_second_wincheaster1300,upgr_w_2_internal,st_upgr_w_internal,2
wpn_wincheaster1300_trapper,3,1,1,up_sect_thirda_wincheaster1300,upgr_w_1_internal,st_upgr_w_internal,1
wpn_wincheaster1300_trapper,3,2,1,up_sect_thirdc_wincheaster1300,upgr_w_2_external,st_upgr_w_external,2
wpn_wincheaster1300_trapper,3,3,1,up_sect_thirde_wincheaster1300,upgr_w_2_internal,st_upgr_w_internal,2
wpn_wincheaster1300_trapper,3,3,2,up_sect_thirdf_wincheaster1300,upgr_w_2_internal,st_upgr_w_internal,2
wpn_winchester1873,1,1,1,up_sect_firsta_svd,upgr_w_1_external,st_upgr_w_external,1
wpn_winchester1873,1,2,1,up_sect_firstc_svd,upgr_w_2_external,st_upgr_w_external,2
wpn_winchester1873,1,2,2,up_sect_firstd_svd,upgr_w_2_external,st_upgr_w_external,2
wpn_winchester1873,1,3,1,up_sect_firste_svd,upgr_w_2_external,st_upgr_w_external,2
wpn_winchester1873,1,3,2,up_sect_firstf_svd,upgr_w_2_internal,st_upgr_w_internal,2
wpn_winchester1873,2,1,1,up_sect_secona_svd,upgr_w_1_internal,st_upgr_w_internal,1
wpn_winchester1873,2,2,1,up_sect_seconc_svd,upgr_w_2_internal,st_upgr_w_internal,2
wpn_winchester1873,2,2,2,up_sect_second_svd,upgr_w_2_external,st_upgr_w_external,2
wpn_winchester1873,3,1,1,up_sect_thirda_svd,upgr_w_1_internal,st_upgr_w_internal,1
wpn_winchester1873,3,2,1,up_sect_thirdc_svd,upgr_w_2_external,st_upgr_w_external,2
wpn_winchester1873,3,3,1,up_sect_thirde_svd,upgr_w_2_internal,st_upgr_w_internal,2
wpn_xm4,1,1,1,up_sect_firsta_m4,upgr_w_1_internal,st_upgr_w_internal,1
wpn_xm4,1,2,1,up_sect_firstc_m4,upgr_w_2_external,st_upgr_w_external,2
wpn_xm4,1,2,2,up_sect_firstd_m4,upgr_w_2_internal,st_upgr_w_internal,2
wpn_xm4,1,3,1,up_sect_firste_m4,upgr_w_3_internal,st_upgr_w_internal,3
wpn_xm4,2,1,1,up_sect_secona_m4,upgr_w_1_internal,st_upgr_w_internal,1
wpn_xm4,2,2,1,up_sect_seconc_m4,upgr_w_2_internal,st_upgr_w_internal,2
wpn_xm4,2,3,1,up_sect_secone_m4,upgr_w_3_internal,st_upgr_w_internal,3
wpn_xm4,2,3,2,up_sect_seconf_m4,upgr_w_3_external,st_upgr_w_external,3
wpn_xm4,3,1,1,up_sect_thirda_m4,upgr_w_1_external,st_upgr_w_external,1
wpn_xm4,3,2,1,up_sect_thirdc_m4,upgr_w_2_external,st_upgr_w_external,2
wpn_xm4,3,2,2,up_sect_thirdd_m4,upgr_w_2_internal,st_upgr_w_internal,2
wpn_xm4,3,3,1,up_sect_thirde_m4,upgr_w_3_internal,st_upgr_w_internal,3
wpn_xm4,4,1,1,up_sect_fourta_m4a1,upgr_w_1_internal,st_upgr_w_internal,1
wpn_xm4,4,2,1,up_sect_fourtc_m4,upgr_w_2_external,st_upgr_w_external,2
wpn_xm4,4,3,1,up_sect_fourte_m4,upgr_w_3_external,st_upgr_w_external,3
wpn_xm4,4,3,2,up_sect_fourtf_m4,upgr_w_3_external,st_upgr_w_external,3
wpn_xm4_admin,1,1,1,up_sect_firsta_g36,upgr_w_1_internal,st_upgr_w_internal,1
wpn_xm4_admin,1,2,1,up_sect_firstc_g36,upgr_w_2_external,st_upgr_w_external,2
wpn_xm4_admin,1,3,1,up_sect_firste_g36,upgr_w_3_external,st_upgr_w_external,3
wpn_xm4_admin,1,3,2,up_sect_firstf_g36,upgr_w_3_external,st_upgr_w_external,3
wpn_xm4_admin,2,1,1,up_sect_secona_g36,upgr_w_1_internal,st_upgr_w_internal,1
wpn_xm4_admin,2,2,1,up_sect_seconc_g36,upgr_w_2_external,st_upgr_w_external,2
wpn_xm4_admin,2,2,2,up_sect_second_g36,upgr_w_2_internal,st_upgr_w_internal,2
wpn_xm4_admin,2,3,1,up_sect_secone_g36,upgr_w_3_external,st_upgr_w_external,3
wpn_xm4_admin,3,1,1,up_sect_thirda_g36,upgr_w_1_external,st_upgr_w_external,1
wpn_xm4_admin,3,2,1,up_sect_thirdc_g36,upgr_w_2_internal,st_upgr_w_internal,2
wpn_xm4_admin,3,3,1,up_sect_thirde_g36,upgr_w_3_external,st_upgr_w_external,3
wpn_xm4_admin,3,3,2,up_sect_thirdf_g36,upgr_w_3_external,st_upgr_w_external,3
wpn_xm4_admin,4,1,1,up_sect_fourta_g36,upgr_w_1_internal,st_upgr_w_internal,1
wpn_xm4_admin,4,2,1,up_sect_fourtc_g36,upgr_w_2_external,st_upgr_w_external,2
wpn_xm4_admin,4,3,1,up_sect_fourte_g36,upgr_w_3_internal,st_upgr_w_internal,3
wpn_xm4_admin,4,3,2,up_sect_fourtf_g36,upgr_w_3_external,st_upgr_w_external,3
wpn_xm4_bd,1,1,1,up_sect_firsta_m4,upgr_w_1_internal,st_upgr_w_internal,1
wpn_xm4_bd,1,2,1,up_sect_firstc_m4,upgr_w_2_external,st_upgr_w_external,2
wpn_xm4_bd,1,2,2,up_sect_firstd_m4,upgr_w_2_internal,st_upgr_w_internal,2
wpn_xm4_bd,1,3,1,up_sect_firste_m4,upgr_w_3_internal,st_upgr_w_internal,3
wpn_xm4_bd,2,1,1,up_sect_secona_m4,upgr_w_1_internal,st_upgr_w_internal,1
wpn_xm4_bd,2,2,1,up_sect_seconc_m4,upgr_w_2_internal,st_upgr_w_internal,2
wpn_xm4_bd,2,3,1,up_sect_secone_m4,upgr_w_3_internal,st_upgr_w_internal,3
wpn_xm4_bd,2,3,2,up_sect_seconf_m4,upgr_w_3_external,st_upgr_w_external,3
wpn_xm4_bd,3,1,1,up_sect_thirda_m4,upgr_w_1_external,st_upgr_w_external,1
wpn_xm4_bd,3,2,1,up_sect_thirdc_m4,upgr_w_2_external,st_upgr_w_external,2
wpn_xm4_bd,3,2,2,up_sect_thirdd_m4,upgr_w_2_internal,st_upgr_w_internal,2
wpn_xm4_bd,3,3,1,up_sect_thirde_m4,upgr_w_3_internal,st_upgr_w_internal,3
wpn_xm4_bd,4,1,1,up_sect_fourta_m4a1,upgr_w_1_internal,st_upgr_w_internal,1
wpn_xm4_bd,4,2,1,up_sect_fourtc_m4,upgr_w_2_external,st_upgr_w_external,2
wpn_xm4_bd,4,3,1,up_sect_fourte_m4,upgr_w_3_external,st_upgr_w_external,3
wpn_xm4_bd,4,3,2,up_sect_fourtf_m4,upgr_w_3_external,st_upgr_w_external,3
wpn_xm8,1,1,1,up_sect_firsta_g36,upgr_w_1_internal,st_upgr_w_internal,1
wpn_xm8,1,2,1,up_sect_firstc_g36,upgr_w_2_external,st_upgr_w_external,2
wpn_xm8,1,3,1,up_sect_firste_g36,upgr_w_3_external,st_upgr_w_external,3
wpn_xm8,1,3,2,up_sect_firstf_g36,upgr_w_3_external,st_upgr_w_external,3
wpn_xm8,2,1,1,up_sect_secona_g36,upgr_w_1_internal,st_upgr_w_internal,1
wpn_xm8,2,2,1,up_sect_seconc_g36,upgr_w_2_external,st_upgr_w_external,2
wpn_xm8,2,2,2,up_sect_second_g36,upgr_w_2_internal,st_upgr_w_internal,2
wpn_xm8,2,3,1,up_sect_secone_g36,upgr_w_3_external,st_upgr_w_external,3
wpn_xm8,3,1,1,up_sect_thirda_g36,upgr_w_1_external,st_upgr_w_external,1
wpn_xm8,3,2,1,up_sect_thirdc_g36,upgr_w_2_internal,st_upgr_w_internal,2
wpn_xm8,3,3,1,up_sect_thirde_g36,upgr_w_3_external,st_upgr_w_external,3
wpn_xm8,3,3,2,up_sect_thirdf_g36,upgr_w_3_external,st_upgr_w_external,3
wpn_xm8,4,1,1,up_sect_fourta_g36,upgr_w_1_internal,st_upgr_w_internal,1
wpn_xm8,4,2,1,up_sect_fourtc_g36,upgr_w_2_external,st_upgr_w_external,2
wpn_xm8,4,3,1,up_sect_fourte_g36,upgr_w_3_internal,st_upgr_w_internal,3
wpn_xm8,4,3,2,up_sect_fourtf_g36,upgr_w_3_external,st_upgr_w_external,3
