ItemSection,UpgradeSection,Effects
army_nosorog_outfit,up_sect_firsta_exolight_1,st_prop_weight:0.7:kg|ui_inv_outfit_wound_protection:3.48:pct
army_nosorog_outfit,up_sect_firstc_exolight_1,ui_inv_outfit_fire_wound_protection:3.2:pct|ui_inv_outfit_explosion_protection:2.25:pct|st_prop_weight:1:kg
army_nosorog_outfit,up_sect_firstd_exolight_1,st_prop_durability:-10:pct
army_nosorog_outfit,up_sect_firste_exolight_1,ui_inv_outfit_fire_wound_protection:3.2:pct|ui_inv_outfit_explosion_protection:2.25:pct|st_prop_weight:1:kg
army_nosorog_outfit,up_sect_firstf_exolight_1,st_prop_weight:0.7:kg|ui_inv_outfit_wound_protection:3.48:pct
army_nosorog_outfit,up_sect_secona_exolight_1,st_prop_weight:0.05:kg|ui_inv_outfit_telepatic_protection:2.12:pct
army_nosorog_outfit,up_sect_seconc_exolight_1,st_prop_weight:0.1:kg|ui_inv_outfit_shock_protection:2.04:pct
army_nosorog_outfit,up_sect_second_exolight_1,ui_inv_outfit_burn_protection:5.75:pct|st_prop_weight:0.2:kg
army_nosorog_outfit,up_sect_secone_exolight_1,ui_inv_outfit_chemical_burn_protection:3.3:pct|st_prop_weight:0.2:kg
army_nosorog_outfit,up_sect_seconf_exolight_1,st_prop_weight:0.15:kg|ui_inv_outfit_radiation_protection:5.5:pct
army_nosorog_outfit,up_sect_thirda_exolight_1,st_prop_weight:0.2:kg|ui_inv_outfit_power_restore:60:microg
army_nosorog_outfit,up_sect_thirdc_exolight_1,st_prop_artefact:1:num|st_prop_weight:0.4:kg
army_nosorog_outfit,up_sect_thirde_exolight_1,st_prop_weight:-3:kg
army_nosorog_outfit,up_sect_fourta_exolight_1,ui_inv_outfit_additional_weight:5:kg
army_nosorog_outfit,up_sect_fourtc_exolight_1,ui_inv_outfit_fire_wound_protection:3.2:pct|ui_inv_outfit_explosion_protection:2.25:pct|st_prop_weight:1:kg
army_nosorog_outfit,up_sect_fourtd_exolight_1,st_prop_durability:-10:pct
army_nosorog_outfit,up_sect_fourte_exolight_1,st_prop_restore_bleeding:30:mlmin|st_prop_weight:0.5:kg
army_nosorog_outfit,up_sect_fourtf_exolight_1,st_prop_restore_health:1.5:healpct|st_prop_weight:1:kg
army_nosorog_outfit,up_sect_fiftha_nosorog_1,st_prop_artefact:1:num|st_prop_weight:0.4:kg
army_nosorog_outfit,up_sect_fifthc_nosorog_1,st_prop_weight:0.1:kg|ui_inv_outfit_telepatic_protection:4.25:pct
army_nosorog_outfit,up_sect_fifthd_nosorog_1,st_prop_weight:0.05:kg|ui_inv_outfit_radiation_protection:2.75:pct
army_nosorog_outfit,up_sect_fifthe_nosorog_1,st_prop_weight:3.7:kg
army_outfit,up_sect_firsta_novice_1,ui_inv_outfit_fire_wound_protection:3.2:pct|ui_inv_outfit_explosion_protection:2.25:pct|st_prop_weight:1:kg
army_outfit,up_sect_firstc_novice_1,st_prop_weight:0.7:kg|ui_inv_outfit_wound_protection:3.48:pct
army_outfit,up_sect_firste_novice_1,ui_inv_outfit_fire_wound_protection:3.2:pct|ui_inv_outfit_explosion_protection:2.25:pct|st_prop_weight:1:kg
army_outfit,up_sect_secona_novice_1,ui_inv_outfit_chemical_burn_protection:1.65:pct|st_prop_weight:0.2:kg
army_outfit,up_sect_seconc_novice_1,st_prop_weight:0.2:kg|ui_inv_outfit_shock_protection:4.08:pct
army_outfit,up_sect_second_novice_1,ui_inv_outfit_burn_protection:11.5:pct|st_prop_weight:0.2:kg
army_outfit,up_sect_thirda_novice_1,ui_inv_outfit_additional_weight:5:kg
bandit_exo_outfit,up_sect_firsta_exolight_1,st_prop_weight:0.7:kg|ui_inv_outfit_wound_protection:3.48:pct
bandit_exo_outfit,up_sect_firstc_exolight_1,ui_inv_outfit_fire_wound_protection:3.2:pct|ui_inv_outfit_explosion_protection:2.25:pct|st_prop_weight:1:kg
bandit_exo_outfit,up_sect_firstd_exolight_1,st_prop_durability:-10:pct
bandit_exo_outfit,up_sect_firste_exolight_1,ui_inv_outfit_fire_wound_protection:3.2:pct|ui_inv_outfit_explosion_protection:2.25:pct|st_prop_weight:1:kg
bandit_exo_outfit,up_sect_firstf_exolight_1,st_prop_weight:0.7:kg|ui_inv_outfit_wound_protection:3.48:pct
bandit_exo_outfit,up_sect_secona_exolight_1,st_prop_weight:0.05:kg|ui_inv_outfit_telepatic_protection:2.12:pct
bandit_exo_outfit,up_sect_seconc_exolight_1,st_prop_weight:0.1:kg|ui_inv_outfit_shock_protection:2.04:pct
bandit_exo_outfit,up_sect_second_exolight_1,ui_inv_outfit_burn_protection:5.75:pct|st_prop_weight:0.2:kg
bandit_exo_outfit,up_sect_secone_exolight_1,ui_inv_outfit_chemical_burn_protection:3.3:pct|st_prop_weight:0.2:kg
bandit_exo_outfit,up_sect_seconf_exolight_1,st_prop_weight:0.15:kg|ui_inv_outfit_radiation_protection:5.5:pct
bandit_exo_outfit,up_sect_thirda_exolight_1,st_prop_weight:0.2:kg|ui_inv_outfit_power_restore:60:microg
bandit_exo_outfit,up_sect_thirdc_exolight_1,st_prop_artefact:1:num|st_prop_weight:0.4:kg
bandit_exo_outfit,up_sect_thirde_exolight_1,st_prop_weight:-3:kg
bandit_exo_outfit,up_sect_fourta_exolight_1,ui_inv_outfit_additional_weight:5:kg
bandit_exo_outfit,up_sect_fourtc_exolight_1,ui_inv_outfit_fire_wound_protection:3.2:pct|ui_inv_outfit_explosion_protection:2.25:pct|st_prop_weight:1:kg
bandit_exo_outfit,up_sect_fourtd_exolight_1,st_prop_durability:-10:pct
bandit_exo_outfit,up_sect_fourte_exolight_1,st_prop_restore_bleeding:30:mlmin|st_prop_weight:0.5:kg
bandit_exo_outfit,up_sect_fourtf_exolight_1,st_prop_restore_health:1.5:healpct|st_prop_weight:1:kg
bandit_exo_outfit,up_sect_fiftha_exo_1,st_prop_weight:3.7:kg
bandit_exo_outfit,up_sect_fifthc_exo_1,st_prop_weight:0.1:kg|ui_inv_outfit_telepatic_protection:4.25:pct
bandit_exo_outfit,up_sect_fifthd_exo_1,st_prop_weight:0.05:kg|ui_inv_outfit_radiation_protection:2.75:pct
bandit_exo_outfit,up_sect_fifthe_exo_1,st_prop_artefact:1:num|st_prop_weight:0.4:kg
bandit_exolight_outfit,up_sect_firsta_exolight_1,st_prop_weight:0.7:kg|ui_inv_outfit_wound_protection:3.48:pct
bandit_exolight_outfit,up_sect_firstc_exolight_1,ui_inv_outfit_fire_wound_protection:3.2:pct|ui_inv_outfit_explosion_protection:2.25:pct|st_prop_weight:1:kg
bandit_exolight_outfit,up_sect_firstd_exolight_1,st_prop_durability:-10:pct
bandit_exolight_outfit,up_sect_firste_exolight_1,ui_inv_outfit_fire_wound_protection:3.2:pct|ui_inv_outfit_explosion_protection:2.25:pct|st_prop_weight:1:kg
bandit_exolight_outfit,up_sect_firstf_exolight_1,st_prop_weight:0.7:kg|ui_inv_outfit_wound_protection:3.48:pct
bandit_exolight_outfit,up_sect_secona_exolight_1,st_prop_weight:0.05:kg|ui_inv_outfit_telepatic_protection:2.12:pct
bandit_exolight_outfit,up_sect_seconc_exolight_1,st_prop_weight:0.1:kg|ui_inv_outfit_shock_protection:2.04:pct
bandit_exolight_outfit,up_sect_second_exolight_1,ui_inv_outfit_burn_protection:5.75:pct|st_prop_weight:0.2:kg
bandit_exolight_outfit,up_sect_secone_exolight_1,ui_inv_outfit_chemical_burn_protection:3.3:pct|st_prop_weight:0.2:kg
bandit_exolight_outfit,up_sect_seconf_exolight_1,st_prop_weight:0.15:kg|ui_inv_outfit_radiation_protection:5.5:pct
bandit_exolight_outfit,up_sect_thirda_exolight_1,st_prop_weight:0.2:kg|ui_inv_outfit_power_restore:60:microg
bandit_exolight_outfit,up_sect_thirdc_exolight_1,st_prop_artefact:1:num|st_prop_weight:0.4:kg
bandit_exolight_outfit,up_sect_thirde_exolight_1,st_prop_weight:-3:kg
bandit_exolight_outfit,up_sect_fourta_exolight_1,ui_inv_outfit_additional_weight:5:kg
bandit_exolight_outfit,up_sect_fourtc_exolight_1,ui_inv_outfit_fire_wound_protection:3.2:pct|ui_inv_outfit_explosion_protection:2.25:pct|st_prop_weight:1:kg
bandit_exolight_outfit,up_sect_fourtd_exolight_1,st_prop_durability:-10:pct
bandit_exolight_outfit,up_sect_fourte_exolight_1,st_prop_restore_bleeding:30:mlmin|st_prop_weight:0.5:kg
bandit_exolight_outfit,up_sect_fourtf_exolight_1,st_prop_restore_health:1.5:healpct|st_prop_weight:1:kg
bandit_nbc_outfit,up_sect_firsta_sts_1,st_prop_durability:-10:pct
bandit_nbc_outfit,up_sect_firstc_sts_1,st_prop_weight:0.7:kg|ui_inv_outfit_wound_protection:3.48:pct
bandit_nbc_outfit,up_sect_firste_sts_1,ui_inv_outfit_fire_wound_protection:3.2:pct|ui_inv_outfit_explosion_protection:2.25:pct|st_prop_weight:1:kg
bandit_nbc_outfit,up_sect_firstf_sts_1,st_prop_weight:0.7:kg|ui_inv_outfit_wound_protection:3.48:pct
bandit_nbc_outfit,up_sect_secona_sts_1,st_prop_weight:-3:kg
bandit_nbc_outfit,up_sect_seconc_sts_1,ui_inv_outfit_burn_protection:11.5:pct|st_prop_weight:0.2:kg
bandit_nbc_outfit,up_sect_second_sts_1,st_prop_weight:0.2:kg|ui_inv_outfit_shock_protection:4.08:pct
bandit_nbc_outfit,up_sect_secone_sts_1,ui_inv_outfit_chemical_burn_protection:3.3:pct|st_prop_weight:0.2:kg
bandit_nbc_outfit,up_sect_seconf_sts_1,st_prop_weight:0.15:kg|ui_inv_outfit_radiation_protection:5.5:pct
bandit_nbc_outfit,up_sect_thirda_sts_1,ui_inv_outfit_chemical_burn_protection:1.65:pct|st_prop_weight:0.2:kg
bandit_nbc_outfit,up_sect_thirdc_sts_1,ui_inv_outfit_additional_weight:7:kg
bandit_nbc_outfit,up_sect_thirdd_sts_1,st_prop_artefact:1:num|st_prop_weight:0.4:kg
bandit_nbc_outfit,up_sect_thirde_sts_1,st_prop_artefact:1:num|st_prop_weight:0.4:kg
bandit_nbc_outfit,up_sect_fourta_sts_nbc_1,st_prop_weight:0.05:kg|ui_inv_outfit_radiation_protection:2.75:pct
bandit_nbc_outfit,up_sect_fourtc_sts_nbc_1,ui_inv_outfit_additional_weight:5:kg
bandit_novice_outfit,up_sect_firsta_novice_1,ui_inv_outfit_fire_wound_protection:3.2:pct|ui_inv_outfit_explosion_protection:2.25:pct|st_prop_weight:1:kg
bandit_novice_outfit,up_sect_firstc_novice_1,st_prop_weight:0.7:kg|ui_inv_outfit_wound_protection:3.48:pct
bandit_novice_outfit,up_sect_firste_novice_1,ui_inv_outfit_fire_wound_protection:3.2:pct|ui_inv_outfit_explosion_protection:2.25:pct|st_prop_weight:1:kg
bandit_novice_outfit,up_sect_secona_novice_1,ui_inv_outfit_chemical_burn_protection:1.65:pct|st_prop_weight:0.2:kg
bandit_novice_outfit,up_sect_seconc_novice_1,st_prop_weight:0.2:kg|ui_inv_outfit_shock_protection:4.08:pct
bandit_novice_outfit,up_sect_second_novice_1,ui_inv_outfit_burn_protection:11.5:pct|st_prop_weight:0.2:kg
bandit_novice_outfit,up_sect_thirda_novice_1,ui_inv_outfit_additional_weight:5:kg
bandit_novice_outfit_alt,up_sect_firsta_novice_1,ui_inv_outfit_fire_wound_protection:3.2:pct|ui_inv_outfit_explosion_protection:2.25:pct|st_prop_weight:1:kg
bandit_novice_outfit_alt,up_sect_firstc_novice_1,st_prop_weight:0.7:kg|ui_inv_outfit_wound_protection:3.48:pct
bandit_novice_outfit_alt,up_sect_firste_novice_1,ui_inv_outfit_fire_wound_protection:3.2:pct|ui_inv_outfit_explosion_protection:2.25:pct|st_prop_weight:1:kg
bandit_novice_outfit_alt,up_sect_secona_novice_1,ui_inv_outfit_chemical_burn_protection:1.65:pct|st_prop_weight:0.2:kg
bandit_novice_outfit_alt,up_sect_seconc_novice_1,st_prop_weight:0.2:kg|ui_inv_outfit_shock_protection:4.08:pct
bandit_novice_outfit_alt,up_sect_second_novice_1,ui_inv_outfit_burn_protection:11.5:pct|st_prop_weight:0.2:kg
bandit_novice_outfit_alt,up_sect_thirda_novice_1,ui_inv_outfit_additional_weight:5:kg
bandit_ps5_outfit,up_sect_firsta_ps5_2,ui_inv_outfit_fire_wound_protection:3.2:pct|ui_inv_outfit_explosion_protection:2.25:pct|st_prop_weight:1:kg
bandit_ps5_outfit,up_sect_firstc_ps5_2,st_prop_durability:-10:pct
bandit_ps5_outfit,up_sect_firste_ps5_2,ui_inv_outfit_fire_wound_protection:3.2:pct|ui_inv_outfit_explosion_protection:2.25:pct|st_prop_weight:1:kg
bandit_ps5_outfit,up_sect_firstf_ps5_2,st_prop_weight:0.7:kg|ui_inv_outfit_wound_protection:3.48:pct
bandit_ps5_outfit,up_sect_secona_ps5_2,st_prop_weight:0.2:kg|ui_inv_outfit_power_restore:60:microg
bandit_ps5_outfit,up_sect_seconc_ps5_2,ui_inv_outfit_burn_protection:11.5:pct|st_prop_weight:0.2:kg
bandit_ps5_outfit,up_sect_second_ps5_2,st_prop_artefact:1:num|st_prop_weight:0.4:kg
bandit_ps5_outfit,up_sect_secone_ps5_2,st_prop_weight:-3:kg
bandit_ps5_outfit,up_sect_thirda_ps5_2,st_prop_artefact:1:num|st_prop_weight:0.4:kg
bandit_ps5_outfit,up_sect_thirdc_ps5_2,ui_inv_outfit_additional_weight:7:kg
bandit_ps5_outfit,up_sect_thirde_ps5_2,st_prop_restore_health:1.5:healpct|st_prop_weight:1:kg
bandit_scientific_dark_outfit,up_sect_firsta_seva_2,st_prop_weight:0.7:kg|ui_inv_outfit_wound_protection:3.48:pct
bandit_scientific_dark_outfit,up_sect_firstc_seva_2,ui_inv_outfit_fire_wound_protection:3.2:pct|ui_inv_outfit_explosion_protection:2.25:pct|st_prop_weight:1:kg
bandit_scientific_dark_outfit,up_sect_firstd_seva_2,st_prop_weight:0.7:kg|ui_inv_outfit_wound_protection:3.48:pct
bandit_scientific_dark_outfit,up_sect_firste_seva_2,ui_inv_outfit_fire_wound_protection:3.2:pct|ui_inv_outfit_explosion_protection:4.5:pct|st_prop_weight:1.5:kg
bandit_scientific_dark_outfit,up_sect_firstf_seva_2,st_prop_durability:-10:pct
bandit_scientific_dark_outfit,up_sect_secona_seva_2,ui_inv_outfit_chemical_burn_protection:1.65:pct|st_prop_weight:0.2:kg
bandit_scientific_dark_outfit,up_sect_seconc_seva_2,st_prop_weight:0.05:kg|ui_inv_outfit_radiation_protection:2.75:pct
bandit_scientific_dark_outfit,up_sect_second_seva_2,st_prop_weight:0.05:kg|ui_inv_outfit_telepatic_protection:2.12:pct
bandit_scientific_dark_outfit,up_sect_secone_seva_2,ui_inv_outfit_burn_protection:11.5:pct|st_prop_weight:0.2:kg
bandit_scientific_dark_outfit,up_sect_seconf_seva_2,st_prop_weight:0.2:kg|ui_inv_outfit_shock_protection:4.08:pct
bandit_scientific_dark_outfit,up_sect_thirda_seva_2,st_prop_artefact:1:num|st_prop_weight:0.4:kg
bandit_scientific_dark_outfit,up_sect_thirdc_seva_2,ui_inv_outfit_chemical_burn_protection:1.65:pct|st_prop_weight:0.2:kg
bandit_scientific_dark_outfit,up_sect_thirdd_seva_2,st_prop_artefact:1:num|st_prop_weight:0.4:kg
bandit_scientific_dark_outfit,up_sect_thirde_seva_2,st_prop_restore_health:1.5:healpct|st_prop_weight:1:kg
bandit_scientific_dark_outfit,up_sect_fourta_seva_2,st_prop_weight:0.05:kg|ui_inv_outfit_radiation_protection:2.75:pct
bandit_scientific_dark_outfit,up_sect_fourtc_seva_2,st_prop_weight:0.05:kg|ui_inv_outfit_telepatic_protection:2.12:pct
bandit_scientific_dark_outfit,up_sect_fourte_seva_2,ui_inv_outfit_additional_weight:10:kg
bandit_scientific_outfit,up_sect_firsta_seva_2,st_prop_weight:0.7:kg|ui_inv_outfit_wound_protection:3.48:pct
bandit_scientific_outfit,up_sect_firstc_seva_2,ui_inv_outfit_fire_wound_protection:3.2:pct|ui_inv_outfit_explosion_protection:2.25:pct|st_prop_weight:1:kg
bandit_scientific_outfit,up_sect_firstd_seva_2,st_prop_weight:0.7:kg|ui_inv_outfit_wound_protection:3.48:pct
bandit_scientific_outfit,up_sect_firste_seva_2,ui_inv_outfit_fire_wound_protection:3.2:pct|ui_inv_outfit_explosion_protection:4.5:pct|st_prop_weight:1.5:kg
bandit_scientific_outfit,up_sect_firstf_seva_2,st_prop_durability:-10:pct
bandit_scientific_outfit,up_sect_secona_seva_2,ui_inv_outfit_chemical_burn_protection:1.65:pct|st_prop_weight:0.2:kg
bandit_scientific_outfit,up_sect_seconc_seva_2,st_prop_weight:0.05:kg|ui_inv_outfit_radiation_protection:2.75:pct
bandit_scientific_outfit,up_sect_second_seva_2,st_prop_weight:0.05:kg|ui_inv_outfit_telepatic_protection:2.12:pct
bandit_scientific_outfit,up_sect_secone_seva_2,ui_inv_outfit_burn_protection:11.5:pct|st_prop_weight:0.2:kg
bandit_scientific_outfit,up_sect_seconf_seva_2,st_prop_weight:0.2:kg|ui_inv_outfit_shock_protection:4.08:pct
bandit_scientific_outfit,up_sect_thirda_seva_2,st_prop_artefact:1:num|st_prop_weight:0.4:kg
bandit_scientific_outfit,up_sect_thirdc_seva_2,ui_inv_outfit_chemical_burn_protection:1.65:pct|st_prop_weight:0.2:kg
bandit_scientific_outfit,up_sect_thirdd_seva_2,st_prop_artefact:1:num|st_prop_weight:0.4:kg
bandit_scientific_outfit,up_sect_thirde_seva_2,st_prop_restore_health:1.5:healpct|st_prop_weight:1:kg
bandit_scientific_outfit,up_sect_fourta_seva_2,st_prop_weight:0.05:kg|ui_inv_outfit_radiation_protection:2.75:pct
bandit_scientific_outfit,up_sect_fourtc_seva_2,st_prop_weight:0.05:kg|ui_inv_outfit_telepatic_protection:2.12:pct
bandit_scientific_outfit,up_sect_fourte_seva_2,ui_inv_outfit_additional_weight:10:kg
bandit_sun_outfit,up_sect_firsta_sts_1,st_prop_durability:-10:pct
bandit_sun_outfit,up_sect_firstc_sts_1,st_prop_weight:0.7:kg|ui_inv_outfit_wound_protection:3.48:pct
bandit_sun_outfit,up_sect_firste_sts_1,ui_inv_outfit_fire_wound_protection:3.2:pct|ui_inv_outfit_explosion_protection:2.25:pct|st_prop_weight:1:kg
bandit_sun_outfit,up_sect_firstf_sts_1,st_prop_weight:0.7:kg|ui_inv_outfit_wound_protection:3.48:pct
bandit_sun_outfit,up_sect_secona_sts_1,st_prop_weight:-3:kg
bandit_sun_outfit,up_sect_seconc_sts_1,ui_inv_outfit_burn_protection:11.5:pct|st_prop_weight:0.2:kg
bandit_sun_outfit,up_sect_second_sts_1,st_prop_weight:0.2:kg|ui_inv_outfit_shock_protection:4.08:pct
bandit_sun_outfit,up_sect_secone_sts_1,ui_inv_outfit_chemical_burn_protection:3.3:pct|st_prop_weight:0.2:kg
bandit_sun_outfit,up_sect_seconf_sts_1,st_prop_weight:0.15:kg|ui_inv_outfit_radiation_protection:5.5:pct
bandit_sun_outfit,up_sect_thirda_sts_1,ui_inv_outfit_chemical_burn_protection:1.65:pct|st_prop_weight:0.2:kg
bandit_sun_outfit,up_sect_thirdc_sts_1,ui_inv_outfit_additional_weight:7:kg
bandit_sun_outfit,up_sect_thirdd_sts_1,st_prop_artefact:1:num|st_prop_weight:0.4:kg
bandit_sun_outfit,up_sect_thirde_sts_1,st_prop_artefact:1:num|st_prop_weight:0.4:kg
banditmerc_outfit,up_sect_firsta_lcs_1,st_prop_weight:0.7:kg|ui_inv_outfit_wound_protection:3.48:pct
banditmerc_outfit,up_sect_firstc_lcs_1,st_prop_weight:-5:kg
banditmerc_outfit,up_sect_firstd_lcs_1,st_prop_durability:-10:pct
banditmerc_outfit,up_sect_firste_lcs_1,ui_inv_outfit_fire_wound_protection:3.2:pct|ui_inv_outfit_explosion_protection:4.5:pct|st_prop_weight:1.5:kg
banditmerc_outfit,up_sect_firstf_lcs_1,st_prop_weight:1.2:kg|ui_inv_outfit_wound_protection:6.96:pct
banditmerc_outfit,up_sect_secona_lcs_1,st_prop_durability:-10:pct
banditmerc_outfit,up_sect_seconc_lcs_1,st_prop_weight:0.2:kg|ui_inv_outfit_power_restore:60:microg
banditmerc_outfit,up_sect_second_lcs_1,ui_inv_outfit_burn_protection:5.75:pct|st_prop_weight:0.2:kg
banditmerc_outfit,up_sect_secone_lcs_1,ui_inv_outfit_chemical_burn_protection:1.65:pct|st_prop_weight:0.2:kg
banditmerc_outfit,up_sect_thirda_lcs_1,ui_inv_outfit_additional_weight:5:kg
banditmerc_outfit,up_sect_thirdc_lcs_1,st_prop_restore_bleeding:30:mlmin|st_prop_weight:0.5:kg
banditmerc_outfit,up_sect_thirde_lcs_1,st_prop_artefact:1:num|st_prop_weight:0.4:kg
banditmerc_outfit,up_sect_fourta_lcs_1,st_prop_weight:0.05:kg|ui_inv_outfit_radiation_protection:2.75:pct
banditmerc_outfit,up_sect_fourtc_lcs_1,st_prop_restore_health:1.5:healpct|st_prop_weight:1:kg
cs_exo_outfit,up_sect_firsta_exolight_2,st_prop_durability:-10:pct
cs_exo_outfit,up_sect_firstc_exolight_2,st_prop_weight:0.7:kg|ui_inv_outfit_wound_protection:3.48:pct
cs_exo_outfit,up_sect_firstd_exolight_2,ui_inv_outfit_fire_wound_protection:3.2:pct|ui_inv_outfit_explosion_protection:2.25:pct|st_prop_weight:1:kg
cs_exo_outfit,up_sect_firste_exolight_2,ui_inv_outfit_fire_wound_protection:3.2:pct|ui_inv_outfit_explosion_protection:2.25:pct|st_prop_weight:1:kg
cs_exo_outfit,up_sect_firstf_exolight_2,st_prop_weight:0.7:kg|ui_inv_outfit_wound_protection:3.48:pct
cs_exo_outfit,up_sect_secona_exolight_2,ui_inv_outfit_chemical_burn_protection:1.65:pct|st_prop_weight:0.2:kg
cs_exo_outfit,up_sect_seconc_exolight_2,st_prop_weight:0.05:kg|ui_inv_outfit_radiation_protection:2.75:pct
cs_exo_outfit,up_sect_second_exolight_2,st_prop_weight:0.05:kg|ui_inv_outfit_telepatic_protection:2.12:pct
cs_exo_outfit,up_sect_secone_exolight_2,st_prop_weight:0.2:kg|ui_inv_outfit_shock_protection:4.08:pct
cs_exo_outfit,up_sect_seconf_exolight_2,ui_inv_outfit_burn_protection:11.5:pct|st_prop_weight:0.2:kg
cs_exo_outfit,up_sect_thirda_exolight_2,st_prop_artefact:1:num|st_prop_weight:0.4:kg
cs_exo_outfit,up_sect_thirdc_exolight_2,ui_inv_outfit_additional_weight:5:kg
cs_exo_outfit,up_sect_thirde_exolight_2,st_prop_durability:-10:pct
cs_exo_outfit,up_sect_fourta_exolight_2,st_prop_restore_bleeding:30:mlmin|st_prop_weight:0.5:kg
cs_exo_outfit,up_sect_fourtc_exolight_2,st_prop_weight:-3:kg
cs_exo_outfit,up_sect_fourtd_exolight_2,st_prop_restore_health:1.5:healpct|st_prop_weight:1:kg
cs_exo_outfit,up_sect_fourte_exolight_2,st_prop_weight:0.2:kg|ui_inv_outfit_power_restore:120:microg
cs_exo_outfit,up_sect_fourtf_exolight_2,ui_inv_outfit_chemical_burn_protection:3.3:pct|st_prop_weight:0.2:kg
cs_exo_outfit,up_sect_fiftha_exo_2,st_prop_weight:0.05:kg|ui_inv_outfit_telepatic_protection:2.12:pct
cs_exo_outfit,up_sect_fifthc_exo_2,st_prop_weight:3.7:kg
cs_exo_outfit,up_sect_fifthd_exo_2,st_prop_weight:0.05:kg|ui_inv_outfit_radiation_protection:2.75:pct
cs_exo_outfit,up_sect_fifthe_exo_2,st_prop_artefact:1:num|st_prop_weight:0.4:kg
cs_exolight_outfit,up_sect_firsta_exolight_2,st_prop_durability:-10:pct
cs_exolight_outfit,up_sect_firstc_exolight_2,st_prop_weight:0.7:kg|ui_inv_outfit_wound_protection:3.48:pct
cs_exolight_outfit,up_sect_firstd_exolight_2,ui_inv_outfit_fire_wound_protection:3.2:pct|ui_inv_outfit_explosion_protection:2.25:pct|st_prop_weight:1:kg
cs_exolight_outfit,up_sect_firste_exolight_2,ui_inv_outfit_fire_wound_protection:3.2:pct|ui_inv_outfit_explosion_protection:2.25:pct|st_prop_weight:1:kg
cs_exolight_outfit,up_sect_firstf_exolight_2,st_prop_weight:0.7:kg|ui_inv_outfit_wound_protection:3.48:pct
cs_exolight_outfit,up_sect_secona_exolight_2,ui_inv_outfit_chemical_burn_protection:1.65:pct|st_prop_weight:0.2:kg
cs_exolight_outfit,up_sect_seconc_exolight_2,st_prop_weight:0.05:kg|ui_inv_outfit_radiation_protection:2.75:pct
cs_exolight_outfit,up_sect_second_exolight_2,st_prop_weight:0.05:kg|ui_inv_outfit_telepatic_protection:2.12:pct
cs_exolight_outfit,up_sect_secone_exolight_2,st_prop_weight:0.2:kg|ui_inv_outfit_shock_protection:4.08:pct
cs_exolight_outfit,up_sect_seconf_exolight_2,ui_inv_outfit_burn_protection:11.5:pct|st_prop_weight:0.2:kg
cs_exolight_outfit,up_sect_thirda_exolight_2,st_prop_artefact:1:num|st_prop_weight:0.4:kg
cs_exolight_outfit,up_sect_thirdc_exolight_2,ui_inv_outfit_additional_weight:5:kg
cs_exolight_outfit,up_sect_thirde_exolight_2,st_prop_durability:-10:pct
cs_exolight_outfit,up_sect_fourta_exolight_2,st_prop_restore_bleeding:30:mlmin|st_prop_weight:0.5:kg
cs_exolight_outfit,up_sect_fourtc_exolight_2,st_prop_weight:-3:kg
cs_exolight_outfit,up_sect_fourtd_exolight_2,st_prop_restore_health:1.5:healpct|st_prop_weight:1:kg
cs_exolight_outfit,up_sect_fourte_exolight_2,st_prop_weight:0.2:kg|ui_inv_outfit_power_restore:120:microg
cs_exolight_outfit,up_sect_fourtf_exolight_2,ui_inv_outfit_chemical_burn_protection:3.3:pct|st_prop_weight:0.2:kg
cs_heavy_outfit,up_sect_firsta_skat_1,st_prop_weight:-5:kg
cs_heavy_outfit,up_sect_firstc_skat_1,st_prop_durability:-10:pct
cs_heavy_outfit,up_sect_firstd_skat_1,ui_inv_outfit_fire_wound_protection:3.2:pct|ui_inv_outfit_explosion_protection:2.25:pct|st_prop_weight:1:kg
cs_heavy_outfit,up_sect_firste_skat_1,st_prop_weight:0.7:kg|ui_inv_outfit_wound_protection:3.48:pct
cs_heavy_outfit,up_sect_firstf_skat_1,ui_inv_outfit_fire_wound_protection:3.2:pct|ui_inv_outfit_explosion_protection:2.25:pct|st_prop_weight:1:kg
cs_heavy_outfit,up_sect_secona_skat_1,st_prop_weight:0.7:kg|ui_inv_outfit_wound_protection:3.48:pct
cs_heavy_outfit,up_sect_seconc_skat_1,st_prop_weight:0.1:kg|ui_inv_outfit_shock_protection:2.04:pct
cs_heavy_outfit,up_sect_second_skat_1,ui_inv_outfit_burn_protection:5.75:pct|st_prop_weight:0.2:kg
cs_heavy_outfit,up_sect_secone_skat_1,ui_inv_outfit_chemical_burn_protection:3.3:pct|st_prop_weight:0.2:kg
cs_heavy_outfit,up_sect_seconf_skat_1,st_prop_weight:0.15:kg|ui_inv_outfit_radiation_protection:5.5:pct
cs_heavy_outfit,up_sect_thirda_skat_1,st_prop_restore_bleeding:30:mlmin|st_prop_weight:0.5:kg
cs_heavy_outfit,up_sect_thirdc_skat_1,ui_inv_outfit_chemical_burn_protection:1.65:pct|st_prop_weight:0.2:kg
cs_heavy_outfit,up_sect_thirdd_skat_1,ui_inv_outfit_additional_weight:7:kg
cs_heavy_outfit,up_sect_thirde_skat_1,st_prop_artefact:1:num|st_prop_weight:0.4:kg
cs_heavy_outfit,up_sect_fourta_skat_1,st_prop_weight:0.2:kg|ui_inv_outfit_power_restore:60:microg
cs_heavy_outfit,up_sect_fourtc_skat_1,st_prop_restore_bleeding:60:mlmin|st_prop_weight:1.5:kg
cs_heavy_outfit,up_sect_fourte_skat_1,st_prop_restore_health:3:healpct|st_prop_weight:2:kg
cs_light_novice_outfit,up_sect_firsta_sunrise_3,st_prop_weight:0.2:kg|ui_inv_outfit_power_restore:60:microg
cs_light_novice_outfit,up_sect_firstc_sunrise_3,st_prop_weight:0.7:kg|ui_inv_outfit_wound_protection:3.48:pct
cs_light_novice_outfit,up_sect_firstd_sunrise_3,st_prop_weight:-3:kg
cs_light_novice_outfit,up_sect_firste_sunrise_3,st_prop_weight:1.2:kg|ui_inv_outfit_wound_protection:6.96:pct
cs_light_novice_outfit,up_sect_secona_sunrise_3,st_prop_weight:0.05:kg|ui_inv_outfit_telepatic_protection:2.12:pct
cs_light_novice_outfit,up_sect_seconc_sunrise_3,st_prop_weight:0.1:kg|ui_inv_outfit_shock_protection:2.04:pct
cs_light_novice_outfit,up_sect_second_sunrise_3,st_prop_weight:0.05:kg|ui_inv_outfit_radiation_protection:2.75:pct
cs_light_novice_outfit,up_sect_secone_sunrise_3,ui_inv_outfit_burn_protection:17.25:pct|st_prop_weight:0.2:kg
cs_light_novice_outfit,up_sect_seconf_sunrise_3,ui_inv_outfit_chemical_burn_protection:4.95:pct|st_prop_weight:0.2:kg
cs_light_novice_outfit,up_sect_thirda_sunrise_3,st_prop_artefact:1:num|st_prop_weight:0.4:kg
cs_light_novice_outfit,up_sect_thirdc_sunrise_3,st_prop_restore_bleeding:30:mlmin|st_prop_weight:0.5:kg
cs_light_novice_outfit,up_sect_thirdd_sunrise_3,st_prop_weight:0.2:kg|ui_inv_outfit_power_restore:60:microg
cs_light_novice_outfit,up_sect_thirde_sunrise_3,ui_inv_outfit_additional_weight:10:kg
cs_light_outfit,up_sect_firsta_lcs_1,st_prop_weight:0.7:kg|ui_inv_outfit_wound_protection:3.48:pct
cs_light_outfit,up_sect_firstc_lcs_1,st_prop_weight:-5:kg
cs_light_outfit,up_sect_firstd_lcs_1,st_prop_durability:-10:pct
cs_light_outfit,up_sect_firste_lcs_1,ui_inv_outfit_fire_wound_protection:3.2:pct|ui_inv_outfit_explosion_protection:4.5:pct|st_prop_weight:1.5:kg
cs_light_outfit,up_sect_firstf_lcs_1,st_prop_weight:1.2:kg|ui_inv_outfit_wound_protection:6.96:pct
cs_light_outfit,up_sect_secona_lcs_1,st_prop_durability:-10:pct
cs_light_outfit,up_sect_seconc_lcs_1,st_prop_weight:0.2:kg|ui_inv_outfit_power_restore:60:microg
cs_light_outfit,up_sect_second_lcs_1,ui_inv_outfit_burn_protection:5.75:pct|st_prop_weight:0.2:kg
cs_light_outfit,up_sect_secone_lcs_1,ui_inv_outfit_chemical_burn_protection:1.65:pct|st_prop_weight:0.2:kg
cs_light_outfit,up_sect_thirda_lcs_1,ui_inv_outfit_additional_weight:5:kg
cs_light_outfit,up_sect_thirdc_lcs_1,st_prop_restore_bleeding:30:mlmin|st_prop_weight:0.5:kg
cs_light_outfit,up_sect_thirde_lcs_1,st_prop_artefact:1:num|st_prop_weight:0.4:kg
cs_light_outfit,up_sect_fourta_lcs_1,st_prop_weight:0.05:kg|ui_inv_outfit_radiation_protection:2.75:pct
cs_light_outfit,up_sect_fourtc_lcs_1,st_prop_restore_health:1.5:healpct|st_prop_weight:1:kg
cs_medium_outfit,up_sect_firsta_ps5_1,ui_inv_outfit_fire_wound_protection:3.2:pct|ui_inv_outfit_explosion_protection:2.25:pct|st_prop_weight:1:kg
cs_medium_outfit,up_sect_firstc_ps5_1,st_prop_durability:-10:pct
cs_medium_outfit,up_sect_firste_ps5_1,ui_inv_outfit_fire_wound_protection:3.2:pct|ui_inv_outfit_explosion_protection:4.5:pct|st_prop_weight:1.5:kg
cs_medium_outfit,up_sect_firstf_ps5_1,st_prop_weight:1.2:kg|ui_inv_outfit_wound_protection:6.96:pct
cs_medium_outfit,up_sect_secona_ps5_1,st_prop_weight:0.7:kg|ui_inv_outfit_wound_protection:3.48:pct
cs_medium_outfit,up_sect_seconc_ps5_1,st_prop_weight:-3:kg
cs_medium_outfit,up_sect_second_ps5_1,st_prop_weight:0.2:kg|ui_inv_outfit_power_restore:60:microg
cs_medium_outfit,up_sect_secone_ps5_1,ui_inv_outfit_fire_wound_protection:3.2:pct|ui_inv_outfit_explosion_protection:2.25:pct|st_prop_weight:1:kg
cs_medium_outfit,up_sect_thirda_ps5_1,ui_inv_outfit_additional_weight:5:kg
cs_medium_outfit,up_sect_thirdc_ps5_1,st_prop_restore_health:1.5:healpct|st_prop_weight:1:kg
cs_medium_outfit,up_sect_thirde_ps5_1,st_prop_restore_bleeding:30:mlmin|st_prop_weight:0.5:kg
cs_nbc_outfit,up_sect_firsta_sunrise_3,st_prop_weight:0.2:kg|ui_inv_outfit_power_restore:60:microg
cs_nbc_outfit,up_sect_firstc_sunrise_3,st_prop_weight:0.7:kg|ui_inv_outfit_wound_protection:3.48:pct
cs_nbc_outfit,up_sect_firstd_sunrise_3,st_prop_weight:-3:kg
cs_nbc_outfit,up_sect_firste_sunrise_3,st_prop_weight:1.2:kg|ui_inv_outfit_wound_protection:6.96:pct
cs_nbc_outfit,up_sect_secona_sunrise_3,st_prop_weight:0.05:kg|ui_inv_outfit_telepatic_protection:2.12:pct
cs_nbc_outfit,up_sect_seconc_sunrise_3,st_prop_weight:0.1:kg|ui_inv_outfit_shock_protection:2.04:pct
cs_nbc_outfit,up_sect_second_sunrise_3,st_prop_weight:0.05:kg|ui_inv_outfit_radiation_protection:2.75:pct
cs_nbc_outfit,up_sect_secone_sunrise_3,ui_inv_outfit_burn_protection:17.25:pct|st_prop_weight:0.2:kg
cs_nbc_outfit,up_sect_seconf_sunrise_3,ui_inv_outfit_chemical_burn_protection:4.95:pct|st_prop_weight:0.2:kg
cs_nbc_outfit,up_sect_thirda_sunrise_3,st_prop_artefact:1:num|st_prop_weight:0.4:kg
cs_nbc_outfit,up_sect_thirdc_sunrise_3,st_prop_restore_bleeding:30:mlmin|st_prop_weight:0.5:kg
cs_nbc_outfit,up_sect_thirdd_sunrise_3,st_prop_weight:0.2:kg|ui_inv_outfit_power_restore:60:microg
cs_nbc_outfit,up_sect_thirde_sunrise_3,ui_inv_outfit_additional_weight:10:kg
cs_nbc_outfit,up_sect_fourta_sunrise_nbc_1,st_prop_weight:0.05:kg|ui_inv_outfit_radiation_protection:2.75:pct
cs_nbc_outfit,up_sect_fourtc_sunrise_nbc_1,ui_inv_outfit_additional_weight:5:kg
cs_novice_outfit,up_sect_firsta_novice_1,ui_inv_outfit_fire_wound_protection:3.2:pct|ui_inv_outfit_explosion_protection:2.25:pct|st_prop_weight:1:kg
cs_novice_outfit,up_sect_firstc_novice_1,st_prop_weight:0.7:kg|ui_inv_outfit_wound_protection:3.48:pct
cs_novice_outfit,up_sect_firste_novice_1,ui_inv_outfit_fire_wound_protection:3.2:pct|ui_inv_outfit_explosion_protection:2.25:pct|st_prop_weight:1:kg
cs_novice_outfit,up_sect_secona_novice_1,ui_inv_outfit_chemical_burn_protection:1.65:pct|st_prop_weight:0.2:kg
cs_novice_outfit,up_sect_seconc_novice_1,st_prop_weight:0.2:kg|ui_inv_outfit_shock_protection:4.08:pct
cs_novice_outfit,up_sect_second_novice_1,ui_inv_outfit_burn_protection:11.5:pct|st_prop_weight:0.2:kg
cs_novice_outfit,up_sect_thirda_novice_1,ui_inv_outfit_additional_weight:5:kg
cs_scientific_outfit,up_sect_firsta_seva_1,ui_inv_outfit_fire_wound_protection:3.2:pct|ui_inv_outfit_explosion_protection:2.25:pct|st_prop_weight:1:kg
cs_scientific_outfit,up_sect_firstc_seva_1,st_prop_weight:0.7:kg|ui_inv_outfit_wound_protection:3.48:pct
cs_scientific_outfit,up_sect_firstd_seva_1,st_prop_durability:-10:pct
cs_scientific_outfit,up_sect_firste_seva_1,ui_inv_outfit_fire_wound_protection:3.2:pct|ui_inv_outfit_explosion_protection:4.5:pct|st_prop_weight:1.5:kg
cs_scientific_outfit,up_sect_firstf_seva_1,st_prop_weight:-5:kg
cs_scientific_outfit,up_sect_secona_seva_1,st_prop_durability:-10:pct
cs_scientific_outfit,up_sect_seconc_seva_1,st_prop_weight:0.2:kg|ui_inv_outfit_shock_protection:4.08:pct
cs_scientific_outfit,up_sect_second_seva_1,ui_inv_outfit_burn_protection:5.75:pct|st_prop_weight:0.2:kg
cs_scientific_outfit,up_sect_secone_seva_1,ui_inv_outfit_chemical_burn_protection:3.3:pct|st_prop_weight:0.2:kg
cs_scientific_outfit,up_sect_seconf_seva_1,st_prop_weight:0.15:kg|ui_inv_outfit_radiation_protection:5.5:pct
cs_scientific_outfit,up_sect_thirda_seva_1,st_prop_weight:0.2:kg|ui_inv_outfit_power_restore:60:microg
cs_scientific_outfit,up_sect_thirdc_seva_1,ui_inv_outfit_additional_weight:7:kg
cs_scientific_outfit,up_sect_thirdd_seva_1,st_prop_artefact:1:num|st_prop_weight:0.4:kg
cs_scientific_outfit,up_sect_thirde_seva_1,st_prop_artefact:1:num|st_prop_weight:0.4:kg
cs_scientific_outfit,up_sect_fourta_seva_1,st_prop_weight:0.05:kg|ui_inv_outfit_radiation_protection:2.75:pct
cs_scientific_outfit,up_sect_fourtc_seva_1,st_prop_weight:0.05:kg|ui_inv_outfit_telepatic_protection:2.12:pct
cs_scientific_outfit,up_sect_fourte_seva_1,st_prop_restore_bleeding:60:mlmin|st_prop_weight:1.5:kg
cs_scientific_outfit_good,up_sect_firsta_seva_2,st_prop_weight:0.7:kg|ui_inv_outfit_wound_protection:3.48:pct
cs_scientific_outfit_good,up_sect_firstc_seva_2,ui_inv_outfit_fire_wound_protection:3.2:pct|ui_inv_outfit_explosion_protection:2.25:pct|st_prop_weight:1:kg
cs_scientific_outfit_good,up_sect_firstd_seva_2,st_prop_weight:0.7:kg|ui_inv_outfit_wound_protection:3.48:pct
cs_scientific_outfit_good,up_sect_firste_seva_2,ui_inv_outfit_fire_wound_protection:3.2:pct|ui_inv_outfit_explosion_protection:4.5:pct|st_prop_weight:1.5:kg
cs_scientific_outfit_good,up_sect_firstf_seva_2,st_prop_durability:-10:pct
cs_scientific_outfit_good,up_sect_secona_seva_2,ui_inv_outfit_chemical_burn_protection:1.65:pct|st_prop_weight:0.2:kg
cs_scientific_outfit_good,up_sect_seconc_seva_2,st_prop_weight:0.05:kg|ui_inv_outfit_radiation_protection:2.75:pct
cs_scientific_outfit_good,up_sect_second_seva_2,st_prop_weight:0.05:kg|ui_inv_outfit_telepatic_protection:2.12:pct
cs_scientific_outfit_good,up_sect_secone_seva_2,ui_inv_outfit_burn_protection:11.5:pct|st_prop_weight:0.2:kg
cs_scientific_outfit_good,up_sect_seconf_seva_2,st_prop_weight:0.2:kg|ui_inv_outfit_shock_protection:4.08:pct
cs_scientific_outfit_good,up_sect_thirda_seva_2,st_prop_artefact:1:num|st_prop_weight:0.4:kg
cs_scientific_outfit_good,up_sect_thirdc_seva_2,ui_inv_outfit_chemical_burn_protection:1.65:pct|st_prop_weight:0.2:kg
cs_scientific_outfit_good,up_sect_thirdd_seva_2,st_prop_artefact:1:num|st_prop_weight:0.4:kg
cs_scientific_outfit_good,up_sect_thirde_seva_2,st_prop_restore_health:1.5:healpct|st_prop_weight:1:kg
cs_scientific_outfit_good,up_sect_fourta_seva_2,st_prop_weight:0.05:kg|ui_inv_outfit_radiation_protection:2.75:pct
cs_scientific_outfit_good,up_sect_fourtc_seva_2,st_prop_weight:0.05:kg|ui_inv_outfit_telepatic_protection:2.12:pct
cs_scientific_outfit_good,up_sect_fourte_seva_2,ui_inv_outfit_additional_weight:10:kg
cs_stalker_outfit,up_sect_firsta_sunrise_2,st_prop_weight:0.2:kg|ui_inv_outfit_power_restore:60:microg
cs_stalker_outfit,up_sect_firstc_sunrise_2,st_prop_weight:0.7:kg|ui_inv_outfit_wound_protection:3.48:pct
cs_stalker_outfit,up_sect_firstd_sunrise_2,ui_inv_outfit_fire_wound_protection:3.2:pct|ui_inv_outfit_explosion_protection:2.25:pct|st_prop_weight:1:kg
cs_stalker_outfit,up_sect_firste_sunrise_2,ui_inv_outfit_fire_wound_protection:3.2:pct|ui_inv_outfit_explosion_protection:4.5:pct|st_prop_weight:1.5:kg
cs_stalker_outfit,up_sect_secona_sunrise_2,ui_inv_outfit_burn_protection:5.75:pct|st_prop_weight:0.2:kg
cs_stalker_outfit,up_sect_seconc_sunrise_2,ui_inv_outfit_chemical_burn_protection:1.65:pct|st_prop_weight:0.2:kg
cs_stalker_outfit,up_sect_second_sunrise_2,st_prop_weight:0.1:kg|ui_inv_outfit_telepatic_protection:4.25:pct
cs_stalker_outfit,up_sect_secone_sunrise_2,st_prop_weight:0.2:kg|ui_inv_outfit_shock_protection:4.08:pct
cs_stalker_outfit,up_sect_seconf_sunrise_2,st_prop_weight:0.15:kg|ui_inv_outfit_radiation_protection:5.5:pct
cs_stalker_outfit,up_sect_thirda_sunrise_2,ui_inv_outfit_additional_weight:3:kg
cs_stalker_outfit,up_sect_thirdc_sunrise_2,st_prop_restore_bleeding:30:mlmin|st_prop_weight:0.5:kg
cs_stalker_outfit,up_sect_thirdd_sunrise_2,st_prop_weight:-3:kg
cs_stalker_outfit,up_sect_thirde_sunrise_2,st_prop_artefact:1:num|st_prop_weight:0.4:kg
cs_stalker_proto_exo_outfit,up_sect_firsta_sunrise_3,st_prop_weight:0.2:kg|ui_inv_outfit_power_restore:60:microg
cs_stalker_proto_exo_outfit,up_sect_firstc_sunrise_3,st_prop_weight:0.7:kg|ui_inv_outfit_wound_protection:3.48:pct
cs_stalker_proto_exo_outfit,up_sect_firstd_sunrise_3,st_prop_weight:-3:kg
cs_stalker_proto_exo_outfit,up_sect_firste_sunrise_3,st_prop_weight:1.2:kg|ui_inv_outfit_wound_protection:6.96:pct
cs_stalker_proto_exo_outfit,up_sect_secona_sunrise_3,st_prop_weight:0.05:kg|ui_inv_outfit_telepatic_protection:2.12:pct
cs_stalker_proto_exo_outfit,up_sect_seconc_sunrise_3,st_prop_weight:0.1:kg|ui_inv_outfit_shock_protection:2.04:pct
cs_stalker_proto_exo_outfit,up_sect_second_sunrise_3,st_prop_weight:0.05:kg|ui_inv_outfit_radiation_protection:2.75:pct
cs_stalker_proto_exo_outfit,up_sect_secone_sunrise_3,ui_inv_outfit_burn_protection:17.25:pct|st_prop_weight:0.2:kg
cs_stalker_proto_exo_outfit,up_sect_seconf_sunrise_3,ui_inv_outfit_chemical_burn_protection:4.95:pct|st_prop_weight:0.2:kg
cs_stalker_proto_exo_outfit,up_sect_thirda_sunrise_3,st_prop_artefact:1:num|st_prop_weight:0.4:kg
cs_stalker_proto_exo_outfit,up_sect_thirdc_sunrise_3,st_prop_restore_bleeding:30:mlmin|st_prop_weight:0.5:kg
cs_stalker_proto_exo_outfit,up_sect_thirdd_sunrise_3,st_prop_weight:0.2:kg|ui_inv_outfit_power_restore:60:microg
cs_stalker_proto_exo_outfit,up_sect_thirde_sunrise_3,ui_inv_outfit_additional_weight:10:kg
cs_stalker_proto_exo_outfit,up_sect_fourta_sunrise_proto_1,st_prop_artefact:1:num|st_prop_weight:0.4:kg
cs_stalker_proto_exo_outfit,up_sect_fourtc_sunrise_proto_1,st_prop_weight:3.7:kg
dolg_exo_outfit,up_sect_firsta_exolight_1,st_prop_weight:0.7:kg|ui_inv_outfit_wound_protection:3.48:pct
dolg_exo_outfit,up_sect_firstc_exolight_1,ui_inv_outfit_fire_wound_protection:3.2:pct|ui_inv_outfit_explosion_protection:2.25:pct|st_prop_weight:1:kg
dolg_exo_outfit,up_sect_firstd_exolight_1,st_prop_durability:-10:pct
dolg_exo_outfit,up_sect_firste_exolight_1,ui_inv_outfit_fire_wound_protection:3.2:pct|ui_inv_outfit_explosion_protection:2.25:pct|st_prop_weight:1:kg
dolg_exo_outfit,up_sect_firstf_exolight_1,st_prop_weight:0.7:kg|ui_inv_outfit_wound_protection:3.48:pct
dolg_exo_outfit,up_sect_secona_exolight_1,st_prop_weight:0.05:kg|ui_inv_outfit_telepatic_protection:2.12:pct
dolg_exo_outfit,up_sect_seconc_exolight_1,st_prop_weight:0.1:kg|ui_inv_outfit_shock_protection:2.04:pct
dolg_exo_outfit,up_sect_second_exolight_1,ui_inv_outfit_burn_protection:5.75:pct|st_prop_weight:0.2:kg
dolg_exo_outfit,up_sect_secone_exolight_1,ui_inv_outfit_chemical_burn_protection:3.3:pct|st_prop_weight:0.2:kg
dolg_exo_outfit,up_sect_seconf_exolight_1,st_prop_weight:0.15:kg|ui_inv_outfit_radiation_protection:5.5:pct
dolg_exo_outfit,up_sect_thirda_exolight_1,st_prop_weight:0.2:kg|ui_inv_outfit_power_restore:60:microg
dolg_exo_outfit,up_sect_thirdc_exolight_1,st_prop_artefact:1:num|st_prop_weight:0.4:kg
dolg_exo_outfit,up_sect_thirde_exolight_1,st_prop_weight:-3:kg
dolg_exo_outfit,up_sect_fourta_exolight_1,ui_inv_outfit_additional_weight:5:kg
dolg_exo_outfit,up_sect_fourtc_exolight_1,ui_inv_outfit_fire_wound_protection:3.2:pct|ui_inv_outfit_explosion_protection:2.25:pct|st_prop_weight:1:kg
dolg_exo_outfit,up_sect_fourtd_exolight_1,st_prop_durability:-10:pct
dolg_exo_outfit,up_sect_fourte_exolight_1,st_prop_restore_bleeding:30:mlmin|st_prop_weight:0.5:kg
dolg_exo_outfit,up_sect_fourtf_exolight_1,st_prop_restore_health:1.5:healpct|st_prop_weight:1:kg
dolg_exo_outfit,up_sect_fiftha_exo_1,st_prop_weight:3.7:kg
dolg_exo_outfit,up_sect_fifthc_exo_1,st_prop_weight:0.1:kg|ui_inv_outfit_telepatic_protection:4.25:pct
dolg_exo_outfit,up_sect_fifthd_exo_1,st_prop_weight:0.05:kg|ui_inv_outfit_radiation_protection:2.75:pct
dolg_exo_outfit,up_sect_fifthe_exo_1,st_prop_artefact:1:num|st_prop_weight:0.4:kg
dolg_exolight_outfit,up_sect_firsta_exolight_1,st_prop_weight:0.7:kg|ui_inv_outfit_wound_protection:3.48:pct
dolg_exolight_outfit,up_sect_firstc_exolight_1,ui_inv_outfit_fire_wound_protection:3.2:pct|ui_inv_outfit_explosion_protection:2.25:pct|st_prop_weight:1:kg
dolg_exolight_outfit,up_sect_firstd_exolight_1,st_prop_durability:-10:pct
dolg_exolight_outfit,up_sect_firste_exolight_1,ui_inv_outfit_fire_wound_protection:3.2:pct|ui_inv_outfit_explosion_protection:2.25:pct|st_prop_weight:1:kg
dolg_exolight_outfit,up_sect_firstf_exolight_1,st_prop_weight:0.7:kg|ui_inv_outfit_wound_protection:3.48:pct
dolg_exolight_outfit,up_sect_secona_exolight_1,st_prop_weight:0.05:kg|ui_inv_outfit_telepatic_protection:2.12:pct
dolg_exolight_outfit,up_sect_seconc_exolight_1,st_prop_weight:0.1:kg|ui_inv_outfit_shock_protection:2.04:pct
dolg_exolight_outfit,up_sect_second_exolight_1,ui_inv_outfit_burn_protection:5.75:pct|st_prop_weight:0.2:kg
dolg_exolight_outfit,up_sect_secone_exolight_1,ui_inv_outfit_chemical_burn_protection:3.3:pct|st_prop_weight:0.2:kg
dolg_exolight_outfit,up_sect_seconf_exolight_1,st_prop_weight:0.15:kg|ui_inv_outfit_radiation_protection:5.5:pct
dolg_exolight_outfit,up_sect_thirda_exolight_1,st_prop_weight:0.2:kg|ui_inv_outfit_power_restore:60:microg
dolg_exolight_outfit,up_sect_thirdc_exolight_1,st_prop_artefact:1:num|st_prop_weight:0.4:kg
dolg_exolight_outfit,up_sect_thirde_exolight_1,st_prop_weight:-3:kg
dolg_exolight_outfit,up_sect_fourta_exolight_1,ui_inv_outfit_additional_weight:5:kg
dolg_exolight_outfit,up_sect_fourtc_exolight_1,ui_inv_outfit_fire_wound_protection:3.2:pct|ui_inv_outfit_explosion_protection:2.25:pct|st_prop_weight:1:kg
dolg_exolight_outfit,up_sect_fourtd_exolight_1,st_prop_durability:-10:pct
dolg_exolight_outfit,up_sect_fourte_exolight_1,st_prop_restore_bleeding:30:mlmin|st_prop_weight:0.5:kg
dolg_exolight_outfit,up_sect_fourtf_exolight_1,st_prop_restore_health:1.5:healpct|st_prop_weight:1:kg
dolg_heavy_outfit,up_sect_firsta_skat_1,st_prop_weight:-5:kg
dolg_heavy_outfit,up_sect_firstc_skat_1,st_prop_durability:-10:pct
dolg_heavy_outfit,up_sect_firstd_skat_1,ui_inv_outfit_fire_wound_protection:3.2:pct|ui_inv_outfit_explosion_protection:2.25:pct|st_prop_weight:1:kg
dolg_heavy_outfit,up_sect_firste_skat_1,st_prop_weight:0.7:kg|ui_inv_outfit_wound_protection:3.48:pct
dolg_heavy_outfit,up_sect_firstf_skat_1,ui_inv_outfit_fire_wound_protection:3.2:pct|ui_inv_outfit_explosion_protection:2.25:pct|st_prop_weight:1:kg
dolg_heavy_outfit,up_sect_secona_skat_1,st_prop_weight:0.7:kg|ui_inv_outfit_wound_protection:3.48:pct
dolg_heavy_outfit,up_sect_seconc_skat_1,st_prop_weight:0.1:kg|ui_inv_outfit_shock_protection:2.04:pct
dolg_heavy_outfit,up_sect_second_skat_1,ui_inv_outfit_burn_protection:5.75:pct|st_prop_weight:0.2:kg
dolg_heavy_outfit,up_sect_secone_skat_1,ui_inv_outfit_chemical_burn_protection:3.3:pct|st_prop_weight:0.2:kg
dolg_heavy_outfit,up_sect_seconf_skat_1,st_prop_weight:0.15:kg|ui_inv_outfit_radiation_protection:5.5:pct
dolg_heavy_outfit,up_sect_thirda_skat_1,st_prop_restore_bleeding:30:mlmin|st_prop_weight:0.5:kg
dolg_heavy_outfit,up_sect_thirdc_skat_1,ui_inv_outfit_chemical_burn_protection:1.65:pct|st_prop_weight:0.2:kg
dolg_heavy_outfit,up_sect_thirdd_skat_1,ui_inv_outfit_additional_weight:7:kg
dolg_heavy_outfit,up_sect_thirde_skat_1,st_prop_artefact:1:num|st_prop_weight:0.4:kg
dolg_heavy_outfit,up_sect_fourta_skat_1,st_prop_weight:0.2:kg|ui_inv_outfit_power_restore:60:microg
dolg_heavy_outfit,up_sect_fourtc_skat_1,st_prop_restore_bleeding:60:mlmin|st_prop_weight:1.5:kg
dolg_heavy_outfit,up_sect_fourte_skat_1,st_prop_restore_health:3:healpct|st_prop_weight:2:kg
dolg_heavy_proto_exo_outfit,up_sect_firsta_skat_1,st_prop_weight:-5:kg
dolg_heavy_proto_exo_outfit,up_sect_firstc_skat_1,st_prop_durability:-10:pct
dolg_heavy_proto_exo_outfit,up_sect_firstd_skat_1,ui_inv_outfit_fire_wound_protection:3.2:pct|ui_inv_outfit_explosion_protection:2.25:pct|st_prop_weight:1:kg
dolg_heavy_proto_exo_outfit,up_sect_firste_skat_1,st_prop_weight:0.7:kg|ui_inv_outfit_wound_protection:3.48:pct
dolg_heavy_proto_exo_outfit,up_sect_firstf_skat_1,ui_inv_outfit_fire_wound_protection:3.2:pct|ui_inv_outfit_explosion_protection:2.25:pct|st_prop_weight:1:kg
dolg_heavy_proto_exo_outfit,up_sect_secona_skat_1,st_prop_weight:0.7:kg|ui_inv_outfit_wound_protection:3.48:pct
dolg_heavy_proto_exo_outfit,up_sect_seconc_skat_1,st_prop_weight:0.1:kg|ui_inv_outfit_shock_protection:2.04:pct
dolg_heavy_proto_exo_outfit,up_sect_second_skat_1,ui_inv_outfit_burn_protection:5.75:pct|st_prop_weight:0.2:kg
dolg_heavy_proto_exo_outfit,up_sect_secone_skat_1,ui_inv_outfit_chemical_burn_protection:3.3:pct|st_prop_weight:0.2:kg
dolg_heavy_proto_exo_outfit,up_sect_seconf_skat_1,st_prop_weight:0.15:kg|ui_inv_outfit_radiation_protection:5.5:pct
dolg_heavy_proto_exo_outfit,up_sect_thirda_skat_1,st_prop_restore_bleeding:30:mlmin|st_prop_weight:0.5:kg
dolg_heavy_proto_exo_outfit,up_sect_thirdc_skat_1,ui_inv_outfit_chemical_burn_protection:1.65:pct|st_prop_weight:0.2:kg
dolg_heavy_proto_exo_outfit,up_sect_thirdd_skat_1,ui_inv_outfit_additional_weight:7:kg
dolg_heavy_proto_exo_outfit,up_sect_thirde_skat_1,st_prop_artefact:1:num|st_prop_weight:0.4:kg
dolg_heavy_proto_exo_outfit,up_sect_fourta_skat_1,st_prop_weight:0.2:kg|ui_inv_outfit_power_restore:60:microg
dolg_heavy_proto_exo_outfit,up_sect_fourtc_skat_1,st_prop_restore_bleeding:60:mlmin|st_prop_weight:1.5:kg
dolg_heavy_proto_exo_outfit,up_sect_fourte_skat_1,st_prop_restore_health:3:healpct|st_prop_weight:2:kg
dolg_heavy_proto_exo_outfit,up_sect_fiftha_skat_proto_1,st_prop_artefact:1:num|st_prop_weight:0.4:kg
dolg_heavy_proto_exo_outfit,up_sect_fifthc_skat_proto_1,st_prop_weight:3.7:kg
dolg_heavy_redline_outfit,up_sect_firsta_skat_1,st_prop_weight:-5:kg
dolg_heavy_redline_outfit,up_sect_firstc_skat_1,st_prop_durability:-10:pct
dolg_heavy_redline_outfit,up_sect_firstd_skat_1,ui_inv_outfit_fire_wound_protection:3.2:pct|ui_inv_outfit_explosion_protection:2.25:pct|st_prop_weight:1:kg
dolg_heavy_redline_outfit,up_sect_firste_skat_1,st_prop_weight:0.7:kg|ui_inv_outfit_wound_protection:3.48:pct
dolg_heavy_redline_outfit,up_sect_firstf_skat_1,ui_inv_outfit_fire_wound_protection:3.2:pct|ui_inv_outfit_explosion_protection:2.25:pct|st_prop_weight:1:kg
dolg_heavy_redline_outfit,up_sect_secona_skat_1,st_prop_weight:0.7:kg|ui_inv_outfit_wound_protection:3.48:pct
dolg_heavy_redline_outfit,up_sect_seconc_skat_1,st_prop_weight:0.1:kg|ui_inv_outfit_shock_protection:2.04:pct
dolg_heavy_redline_outfit,up_sect_second_skat_1,ui_inv_outfit_burn_protection:5.75:pct|st_prop_weight:0.2:kg
dolg_heavy_redline_outfit,up_sect_secone_skat_1,ui_inv_outfit_chemical_burn_protection:3.3:pct|st_prop_weight:0.2:kg
dolg_heavy_redline_outfit,up_sect_seconf_skat_1,st_prop_weight:0.15:kg|ui_inv_outfit_radiation_protection:5.5:pct
dolg_heavy_redline_outfit,up_sect_thirda_skat_1,st_prop_restore_bleeding:30:mlmin|st_prop_weight:0.5:kg
dolg_heavy_redline_outfit,up_sect_thirdc_skat_1,ui_inv_outfit_chemical_burn_protection:1.65:pct|st_prop_weight:0.2:kg
dolg_heavy_redline_outfit,up_sect_thirdd_skat_1,ui_inv_outfit_additional_weight:7:kg
dolg_heavy_redline_outfit,up_sect_thirde_skat_1,st_prop_artefact:1:num|st_prop_weight:0.4:kg
dolg_heavy_redline_outfit,up_sect_fourta_skat_1,st_prop_weight:0.2:kg|ui_inv_outfit_power_restore:60:microg
dolg_heavy_redline_outfit,up_sect_fourtc_skat_1,st_prop_restore_bleeding:60:mlmin|st_prop_weight:1.5:kg
dolg_heavy_redline_outfit,up_sect_fourte_skat_1,st_prop_restore_health:3:healpct|st_prop_weight:2:kg
dolg_nosorog_outfit,up_sect_firsta_exolight_1,st_prop_weight:0.7:kg|ui_inv_outfit_wound_protection:3.48:pct
dolg_nosorog_outfit,up_sect_firstc_exolight_1,ui_inv_outfit_fire_wound_protection:3.2:pct|ui_inv_outfit_explosion_protection:2.25:pct|st_prop_weight:1:kg
dolg_nosorog_outfit,up_sect_firstd_exolight_1,st_prop_durability:-10:pct
dolg_nosorog_outfit,up_sect_firste_exolight_1,ui_inv_outfit_fire_wound_protection:3.2:pct|ui_inv_outfit_explosion_protection:2.25:pct|st_prop_weight:1:kg
dolg_nosorog_outfit,up_sect_firstf_exolight_1,st_prop_weight:0.7:kg|ui_inv_outfit_wound_protection:3.48:pct
dolg_nosorog_outfit,up_sect_secona_exolight_1,st_prop_weight:0.05:kg|ui_inv_outfit_telepatic_protection:2.12:pct
dolg_nosorog_outfit,up_sect_seconc_exolight_1,st_prop_weight:0.1:kg|ui_inv_outfit_shock_protection:2.04:pct
dolg_nosorog_outfit,up_sect_second_exolight_1,ui_inv_outfit_burn_protection:5.75:pct|st_prop_weight:0.2:kg
dolg_nosorog_outfit,up_sect_secone_exolight_1,ui_inv_outfit_chemical_burn_protection:3.3:pct|st_prop_weight:0.2:kg
dolg_nosorog_outfit,up_sect_seconf_exolight_1,st_prop_weight:0.15:kg|ui_inv_outfit_radiation_protection:5.5:pct
dolg_nosorog_outfit,up_sect_thirda_exolight_1,st_prop_weight:0.2:kg|ui_inv_outfit_power_restore:60:microg
dolg_nosorog_outfit,up_sect_thirdc_exolight_1,st_prop_artefact:1:num|st_prop_weight:0.4:kg
dolg_nosorog_outfit,up_sect_thirde_exolight_1,st_prop_weight:-3:kg
dolg_nosorog_outfit,up_sect_fourta_exolight_1,ui_inv_outfit_additional_weight:5:kg
dolg_nosorog_outfit,up_sect_fourtc_exolight_1,ui_inv_outfit_fire_wound_protection:3.2:pct|ui_inv_outfit_explosion_protection:2.25:pct|st_prop_weight:1:kg
dolg_nosorog_outfit,up_sect_fourtd_exolight_1,st_prop_durability:-10:pct
dolg_nosorog_outfit,up_sect_fourte_exolight_1,st_prop_restore_bleeding:30:mlmin|st_prop_weight:0.5:kg
dolg_nosorog_outfit,up_sect_fourtf_exolight_1,st_prop_restore_health:1.5:healpct|st_prop_weight:1:kg
dolg_nosorog_outfit,up_sect_fiftha_nosorog_1,st_prop_artefact:1:num|st_prop_weight:0.4:kg
dolg_nosorog_outfit,up_sect_fifthc_nosorog_1,st_prop_weight:0.1:kg|ui_inv_outfit_telepatic_protection:4.25:pct
dolg_nosorog_outfit,up_sect_fifthd_nosorog_1,st_prop_weight:0.05:kg|ui_inv_outfit_radiation_protection:2.75:pct
dolg_nosorog_outfit,up_sect_fifthe_nosorog_1,st_prop_weight:3.7:kg
dolg_novice_outfit,up_sect_firsta_novice_1,ui_inv_outfit_fire_wound_protection:3.2:pct|ui_inv_outfit_explosion_protection:2.25:pct|st_prop_weight:1:kg
dolg_novice_outfit,up_sect_firstc_novice_1,st_prop_weight:0.7:kg|ui_inv_outfit_wound_protection:3.48:pct
dolg_novice_outfit,up_sect_firste_novice_1,ui_inv_outfit_fire_wound_protection:3.2:pct|ui_inv_outfit_explosion_protection:2.25:pct|st_prop_weight:1:kg
dolg_novice_outfit,up_sect_secona_novice_1,ui_inv_outfit_chemical_burn_protection:1.65:pct|st_prop_weight:0.2:kg
dolg_novice_outfit,up_sect_seconc_novice_1,st_prop_weight:0.2:kg|ui_inv_outfit_shock_protection:4.08:pct
dolg_novice_outfit,up_sect_second_novice_1,ui_inv_outfit_burn_protection:11.5:pct|st_prop_weight:0.2:kg
dolg_novice_outfit,up_sect_thirda_novice_1,ui_inv_outfit_additional_weight:5:kg
dolg_outfit,up_sect_firsta_ps5_1,ui_inv_outfit_fire_wound_protection:3.2:pct|ui_inv_outfit_explosion_protection:2.25:pct|st_prop_weight:1:kg
dolg_outfit,up_sect_firstc_ps5_1,st_prop_durability:-10:pct
dolg_outfit,up_sect_firste_ps5_1,ui_inv_outfit_fire_wound_protection:3.2:pct|ui_inv_outfit_explosion_protection:4.5:pct|st_prop_weight:1.5:kg
dolg_outfit,up_sect_firstf_ps5_1,st_prop_weight:1.2:kg|ui_inv_outfit_wound_protection:6.96:pct
dolg_outfit,up_sect_secona_ps5_1,st_prop_weight:0.7:kg|ui_inv_outfit_wound_protection:3.48:pct
dolg_outfit,up_sect_seconc_ps5_1,st_prop_weight:-3:kg
dolg_outfit,up_sect_second_ps5_1,st_prop_weight:0.2:kg|ui_inv_outfit_power_restore:60:microg
dolg_outfit,up_sect_secone_ps5_1,ui_inv_outfit_fire_wound_protection:3.2:pct|ui_inv_outfit_explosion_protection:2.25:pct|st_prop_weight:1:kg
dolg_outfit,up_sect_thirda_ps5_1,ui_inv_outfit_additional_weight:5:kg
dolg_outfit,up_sect_thirdc_ps5_1,st_prop_restore_health:1.5:healpct|st_prop_weight:1:kg
dolg_outfit,up_sect_thirde_ps5_1,st_prop_restore_bleeding:30:mlmin|st_prop_weight:0.5:kg
dolg_pantsir_outfit,up_sect_firsta_skat_1,st_prop_weight:-5:kg
dolg_pantsir_outfit,up_sect_firstc_skat_1,st_prop_durability:-10:pct
dolg_pantsir_outfit,up_sect_firstd_skat_1,ui_inv_outfit_fire_wound_protection:3.2:pct|ui_inv_outfit_explosion_protection:2.25:pct|st_prop_weight:1:kg
dolg_pantsir_outfit,up_sect_firste_skat_1,st_prop_weight:0.7:kg|ui_inv_outfit_wound_protection:3.48:pct
dolg_pantsir_outfit,up_sect_firstf_skat_1,ui_inv_outfit_fire_wound_protection:3.2:pct|ui_inv_outfit_explosion_protection:2.25:pct|st_prop_weight:1:kg
dolg_pantsir_outfit,up_sect_secona_skat_1,st_prop_weight:0.7:kg|ui_inv_outfit_wound_protection:3.48:pct
dolg_pantsir_outfit,up_sect_seconc_skat_1,st_prop_weight:0.1:kg|ui_inv_outfit_shock_protection:2.04:pct
dolg_pantsir_outfit,up_sect_second_skat_1,ui_inv_outfit_burn_protection:5.75:pct|st_prop_weight:0.2:kg
dolg_pantsir_outfit,up_sect_secone_skat_1,ui_inv_outfit_chemical_burn_protection:3.3:pct|st_prop_weight:0.2:kg
dolg_pantsir_outfit,up_sect_seconf_skat_1,st_prop_weight:0.15:kg|ui_inv_outfit_radiation_protection:5.5:pct
dolg_pantsir_outfit,up_sect_thirda_skat_1,st_prop_restore_bleeding:30:mlmin|st_prop_weight:0.5:kg
dolg_pantsir_outfit,up_sect_thirdc_skat_1,ui_inv_outfit_chemical_burn_protection:1.65:pct|st_prop_weight:0.2:kg
dolg_pantsir_outfit,up_sect_thirdd_skat_1,ui_inv_outfit_additional_weight:7:kg
dolg_pantsir_outfit,up_sect_thirde_skat_1,st_prop_artefact:1:num|st_prop_weight:0.4:kg
dolg_pantsir_outfit,up_sect_fourta_skat_1,st_prop_weight:0.2:kg|ui_inv_outfit_power_restore:60:microg
dolg_pantsir_outfit,up_sect_fourtc_skat_1,st_prop_restore_bleeding:60:mlmin|st_prop_weight:1.5:kg
dolg_pantsir_outfit,up_sect_fourte_skat_1,st_prop_restore_health:3:healpct|st_prop_weight:2:kg
dolg_proto_exo_outfit,up_sect_firsta_ps5_1,ui_inv_outfit_fire_wound_protection:3.2:pct|ui_inv_outfit_explosion_protection:2.25:pct|st_prop_weight:1:kg
dolg_proto_exo_outfit,up_sect_firstc_ps5_1,st_prop_durability:-10:pct
dolg_proto_exo_outfit,up_sect_firste_ps5_1,ui_inv_outfit_fire_wound_protection:3.2:pct|ui_inv_outfit_explosion_protection:4.5:pct|st_prop_weight:1.5:kg
dolg_proto_exo_outfit,up_sect_firstf_ps5_1,st_prop_weight:1.2:kg|ui_inv_outfit_wound_protection:6.96:pct
dolg_proto_exo_outfit,up_sect_secona_ps5_1,st_prop_weight:0.7:kg|ui_inv_outfit_wound_protection:3.48:pct
dolg_proto_exo_outfit,up_sect_seconc_ps5_1,st_prop_weight:-3:kg
dolg_proto_exo_outfit,up_sect_second_ps5_1,st_prop_weight:0.2:kg|ui_inv_outfit_power_restore:60:microg
dolg_proto_exo_outfit,up_sect_secone_ps5_1,ui_inv_outfit_fire_wound_protection:3.2:pct|ui_inv_outfit_explosion_protection:2.25:pct|st_prop_weight:1:kg
dolg_proto_exo_outfit,up_sect_thirda_ps5_1,ui_inv_outfit_additional_weight:5:kg
dolg_proto_exo_outfit,up_sect_thirdc_ps5_1,st_prop_restore_health:1.5:healpct|st_prop_weight:1:kg
dolg_proto_exo_outfit,up_sect_thirde_ps5_1,st_prop_restore_bleeding:30:mlmin|st_prop_weight:0.5:kg
dolg_proto_exo_outfit,up_sect_fourta_ps5_proto_1,st_prop_artefact:1:num|st_prop_weight:0.4:kg
dolg_proto_exo_outfit,up_sect_fourtc_ps5_proto_1,st_prop_weight:3.7:kg
dolg_red_outfit,up_sect_firsta_ps5_3,ui_inv_outfit_fire_wound_protection:3.2:pct|ui_inv_outfit_explosion_protection:2.25:pct|st_prop_weight:1:kg
dolg_red_outfit,up_sect_firstc_ps5_3,st_prop_weight:0.7:kg|ui_inv_outfit_wound_protection:3.48:pct
dolg_red_outfit,up_sect_firste_ps5_3,ui_inv_outfit_fire_wound_protection:3.2:pct|ui_inv_outfit_explosion_protection:4.5:pct|st_prop_weight:1.5:kg
dolg_red_outfit,up_sect_firstf_ps5_3,st_prop_weight:1.2:kg|ui_inv_outfit_wound_protection:6.96:pct
dolg_red_outfit,up_sect_secona_ps5_3,st_prop_weight:-3:kg
dolg_red_outfit,up_sect_seconc_ps5_3,ui_inv_outfit_fire_wound_protection:3.2:pct|ui_inv_outfit_explosion_protection:2.25:pct|st_prop_weight:1:kg
dolg_red_outfit,up_sect_second_ps5_3,st_prop_weight:0.2:kg|ui_inv_outfit_power_restore:60:microg
dolg_red_outfit,up_sect_secone_ps5_3,st_prop_durability:-10:pct
dolg_red_outfit,up_sect_thirda_ps5_3,st_prop_weight:0.2:kg|ui_inv_outfit_power_restore:60:microg
dolg_red_outfit,up_sect_thirdc_ps5_3,ui_inv_outfit_additional_weight:5:kg
dolg_red_outfit,up_sect_thirde_ps5_3,st_prop_restore_bleeding:45:mlmin|st_prop_weight:1:kg
dolg_scientific_outfit,up_sect_firsta_seva_1,ui_inv_outfit_fire_wound_protection:3.2:pct|ui_inv_outfit_explosion_protection:2.25:pct|st_prop_weight:1:kg
dolg_scientific_outfit,up_sect_firstc_seva_1,st_prop_weight:0.7:kg|ui_inv_outfit_wound_protection:3.48:pct
dolg_scientific_outfit,up_sect_firstd_seva_1,st_prop_durability:-10:pct
dolg_scientific_outfit,up_sect_firste_seva_1,ui_inv_outfit_fire_wound_protection:3.2:pct|ui_inv_outfit_explosion_protection:4.5:pct|st_prop_weight:1.5:kg
dolg_scientific_outfit,up_sect_firstf_seva_1,st_prop_weight:-5:kg
dolg_scientific_outfit,up_sect_secona_seva_1,st_prop_durability:-10:pct
dolg_scientific_outfit,up_sect_seconc_seva_1,st_prop_weight:0.2:kg|ui_inv_outfit_shock_protection:4.08:pct
dolg_scientific_outfit,up_sect_second_seva_1,ui_inv_outfit_burn_protection:5.75:pct|st_prop_weight:0.2:kg
dolg_scientific_outfit,up_sect_secone_seva_1,ui_inv_outfit_chemical_burn_protection:3.3:pct|st_prop_weight:0.2:kg
dolg_scientific_outfit,up_sect_seconf_seva_1,st_prop_weight:0.15:kg|ui_inv_outfit_radiation_protection:5.5:pct
dolg_scientific_outfit,up_sect_thirda_seva_1,st_prop_weight:0.2:kg|ui_inv_outfit_power_restore:60:microg
dolg_scientific_outfit,up_sect_thirdc_seva_1,ui_inv_outfit_additional_weight:7:kg
dolg_scientific_outfit,up_sect_thirdd_seva_1,st_prop_artefact:1:num|st_prop_weight:0.4:kg
dolg_scientific_outfit,up_sect_thirde_seva_1,st_prop_artefact:1:num|st_prop_weight:0.4:kg
dolg_scientific_outfit,up_sect_fourta_seva_1,st_prop_weight:0.05:kg|ui_inv_outfit_radiation_protection:2.75:pct
dolg_scientific_outfit,up_sect_fourtc_seva_1,st_prop_weight:0.05:kg|ui_inv_outfit_telepatic_protection:2.12:pct
dolg_scientific_outfit,up_sect_fourte_seva_1,st_prop_restore_bleeding:60:mlmin|st_prop_weight:1.5:kg
dolg_scientific_red_outfit,up_sect_firsta_seva_1,ui_inv_outfit_fire_wound_protection:3.2:pct|ui_inv_outfit_explosion_protection:2.25:pct|st_prop_weight:1:kg
dolg_scientific_red_outfit,up_sect_firstc_seva_1,st_prop_weight:0.7:kg|ui_inv_outfit_wound_protection:3.48:pct
dolg_scientific_red_outfit,up_sect_firstd_seva_1,st_prop_durability:-10:pct
dolg_scientific_red_outfit,up_sect_firste_seva_1,ui_inv_outfit_fire_wound_protection:3.2:pct|ui_inv_outfit_explosion_protection:4.5:pct|st_prop_weight:1.5:kg
dolg_scientific_red_outfit,up_sect_firstf_seva_1,st_prop_weight:-5:kg
dolg_scientific_red_outfit,up_sect_secona_seva_1,st_prop_durability:-10:pct
dolg_scientific_red_outfit,up_sect_seconc_seva_1,st_prop_weight:0.2:kg|ui_inv_outfit_shock_protection:4.08:pct
dolg_scientific_red_outfit,up_sect_second_seva_1,ui_inv_outfit_burn_protection:5.75:pct|st_prop_weight:0.2:kg
dolg_scientific_red_outfit,up_sect_secone_seva_1,ui_inv_outfit_chemical_burn_protection:3.3:pct|st_prop_weight:0.2:kg
dolg_scientific_red_outfit,up_sect_seconf_seva_1,st_prop_weight:0.15:kg|ui_inv_outfit_radiation_protection:5.5:pct
dolg_scientific_red_outfit,up_sect_thirda_seva_1,st_prop_weight:0.2:kg|ui_inv_outfit_power_restore:60:microg
dolg_scientific_red_outfit,up_sect_thirdc_seva_1,ui_inv_outfit_additional_weight:7:kg
dolg_scientific_red_outfit,up_sect_thirdd_seva_1,st_prop_artefact:1:num|st_prop_weight:0.4:kg
dolg_scientific_red_outfit,up_sect_thirde_seva_1,st_prop_artefact:1:num|st_prop_weight:0.4:kg
dolg_scientific_red_outfit,up_sect_fourta_seva_1,st_prop_weight:0.05:kg|ui_inv_outfit_radiation_protection:2.75:pct
dolg_scientific_red_outfit,up_sect_fourtc_seva_1,st_prop_weight:0.05:kg|ui_inv_outfit_telepatic_protection:2.12:pct
dolg_scientific_red_outfit,up_sect_fourte_seva_1,st_prop_restore_bleeding:60:mlmin|st_prop_weight:1.5:kg
dolg_scientific_wood_outfit,up_sect_firsta_seva_2,st_prop_weight:0.7:kg|ui_inv_outfit_wound_protection:3.48:pct
dolg_scientific_wood_outfit,up_sect_firstc_seva_2,ui_inv_outfit_fire_wound_protection:3.2:pct|ui_inv_outfit_explosion_protection:2.25:pct|st_prop_weight:1:kg
dolg_scientific_wood_outfit,up_sect_firstd_seva_2,st_prop_weight:0.7:kg|ui_inv_outfit_wound_protection:3.48:pct
dolg_scientific_wood_outfit,up_sect_firste_seva_2,ui_inv_outfit_fire_wound_protection:3.2:pct|ui_inv_outfit_explosion_protection:4.5:pct|st_prop_weight:1.5:kg
dolg_scientific_wood_outfit,up_sect_firstf_seva_2,st_prop_durability:-10:pct
dolg_scientific_wood_outfit,up_sect_secona_seva_2,ui_inv_outfit_chemical_burn_protection:1.65:pct|st_prop_weight:0.2:kg
dolg_scientific_wood_outfit,up_sect_seconc_seva_2,st_prop_weight:0.05:kg|ui_inv_outfit_radiation_protection:2.75:pct
dolg_scientific_wood_outfit,up_sect_second_seva_2,st_prop_weight:0.05:kg|ui_inv_outfit_telepatic_protection:2.12:pct
dolg_scientific_wood_outfit,up_sect_secone_seva_2,ui_inv_outfit_burn_protection:11.5:pct|st_prop_weight:0.2:kg
dolg_scientific_wood_outfit,up_sect_seconf_seva_2,st_prop_weight:0.2:kg|ui_inv_outfit_shock_protection:4.08:pct
dolg_scientific_wood_outfit,up_sect_thirda_seva_2,st_prop_artefact:1:num|st_prop_weight:0.4:kg
dolg_scientific_wood_outfit,up_sect_thirdc_seva_2,ui_inv_outfit_chemical_burn_protection:1.65:pct|st_prop_weight:0.2:kg
dolg_scientific_wood_outfit,up_sect_thirdd_seva_2,st_prop_artefact:1:num|st_prop_weight:0.4:kg
dolg_scientific_wood_outfit,up_sect_thirde_seva_2,st_prop_restore_health:1.5:healpct|st_prop_weight:1:kg
dolg_scientific_wood_outfit,up_sect_fourta_seva_2,st_prop_weight:0.05:kg|ui_inv_outfit_radiation_protection:2.75:pct
dolg_scientific_wood_outfit,up_sect_fourtc_seva_2,st_prop_weight:0.05:kg|ui_inv_outfit_telepatic_protection:2.12:pct
dolg_scientific_wood_outfit,up_sect_fourte_seva_2,ui_inv_outfit_additional_weight:10:kg
dolg_scout_outfit,up_sect_firsta_ps5_2,ui_inv_outfit_fire_wound_protection:3.2:pct|ui_inv_outfit_explosion_protection:2.25:pct|st_prop_weight:1:kg
dolg_scout_outfit,up_sect_firstc_ps5_2,st_prop_durability:-10:pct
dolg_scout_outfit,up_sect_firste_ps5_2,ui_inv_outfit_fire_wound_protection:3.2:pct|ui_inv_outfit_explosion_protection:2.25:pct|st_prop_weight:1:kg
dolg_scout_outfit,up_sect_firstf_ps5_2,st_prop_weight:0.7:kg|ui_inv_outfit_wound_protection:3.48:pct
dolg_scout_outfit,up_sect_secona_ps5_2,st_prop_weight:0.2:kg|ui_inv_outfit_power_restore:60:microg
dolg_scout_outfit,up_sect_seconc_ps5_2,ui_inv_outfit_burn_protection:11.5:pct|st_prop_weight:0.2:kg
dolg_scout_outfit,up_sect_second_ps5_2,st_prop_artefact:1:num|st_prop_weight:0.4:kg
dolg_scout_outfit,up_sect_secone_ps5_2,st_prop_weight:-3:kg
dolg_scout_outfit,up_sect_thirda_ps5_2,st_prop_artefact:1:num|st_prop_weight:0.4:kg
dolg_scout_outfit,up_sect_thirdc_ps5_2,ui_inv_outfit_additional_weight:7:kg
dolg_scout_outfit,up_sect_thirde_ps5_2,st_prop_restore_health:1.5:healpct|st_prop_weight:1:kg
dolg_specops_red_outfit,up_sect_firsta_berill_2,ui_inv_outfit_fire_wound_protection:3.2:pct|ui_inv_outfit_explosion_protection:2.25:pct|st_prop_weight:1:kg
dolg_specops_red_outfit,up_sect_firstc_berill_2,st_prop_weight:0.7:kg|ui_inv_outfit_wound_protection:3.48:pct
dolg_specops_red_outfit,up_sect_firstd_berill_2,ui_inv_outfit_fire_wound_protection:3.2:pct|ui_inv_outfit_explosion_protection:2.25:pct|st_prop_weight:1:kg
dolg_specops_red_outfit,up_sect_firste_berill_2,st_prop_weight:-3:kg
dolg_specops_red_outfit,up_sect_firstf_berill_2,st_prop_durability:-10:pct
dolg_specops_red_outfit,up_sect_secona_berill_2,ui_inv_outfit_chemical_burn_protection:1.65:pct|st_prop_weight:0.2:kg
dolg_specops_red_outfit,up_sect_seconc_berill_2,st_prop_weight:0.2:kg|ui_inv_outfit_shock_protection:4.08:pct
dolg_specops_red_outfit,up_sect_second_berill_2,st_prop_weight:0.15:kg|ui_inv_outfit_radiation_protection:5.5:pct
dolg_specops_red_outfit,up_sect_secone_berill_2,ui_inv_outfit_burn_protection:11.5:pct|st_prop_weight:0.2:kg
dolg_specops_red_outfit,up_sect_thirda_berill_2,st_prop_artefact:1:num|st_prop_weight:0.4:kg
dolg_specops_red_outfit,up_sect_thirdc_berill_2,st_prop_artefact:1:num|st_prop_weight:0.4:kg
dolg_specops_red_outfit,up_sect_thirde_berill_2,ui_inv_outfit_additional_weight:7:kg
dolg_voin_outfit,up_sect_firsta_lcs_3,st_prop_durability:-10:pct
dolg_voin_outfit,up_sect_firstc_lcs_3,st_prop_weight:0.7:kg|ui_inv_outfit_wound_protection:3.48:pct
dolg_voin_outfit,up_sect_firstd_lcs_3,ui_inv_outfit_fire_wound_protection:3.2:pct|ui_inv_outfit_explosion_protection:2.25:pct|st_prop_weight:1:kg
dolg_voin_outfit,up_sect_firste_lcs_3,ui_inv_outfit_fire_wound_protection:3.2:pct|ui_inv_outfit_explosion_protection:4.5:pct|st_prop_weight:1.5:kg
dolg_voin_outfit,up_sect_firstf_lcs_3,st_prop_weight:1.2:kg|ui_inv_outfit_wound_protection:6.96:pct
dolg_voin_outfit,up_sect_secona_lcs_3,st_prop_weight:-3:kg
dolg_voin_outfit,up_sect_seconc_lcs_3,st_prop_weight:0.05:kg|ui_inv_outfit_radiation_protection:2.75:pct
dolg_voin_outfit,up_sect_second_lcs_3,st_prop_weight:0.1:kg|ui_inv_outfit_shock_protection:2.04:pct
dolg_voin_outfit,up_sect_secone_lcs_3,st_prop_durability:-10:pct
dolg_voin_outfit,up_sect_thirda_lcs_3,st_prop_artefact:1:num|st_prop_weight:0.4:kg
dolg_voin_outfit,up_sect_thirdc_lcs_3,ui_inv_outfit_burn_protection:5.75:pct|st_prop_weight:0.2:kg
dolg_voin_outfit,up_sect_thirde_lcs_3,st_prop_restore_health:1.5:healpct|st_prop_weight:1:kg
dolg_voin_outfit,up_sect_fourta_lcs_3,st_prop_weight:0.2:kg|ui_inv_outfit_power_restore:60:microg
dolg_voin_outfit,up_sect_fourtc_lcs_3,st_prop_weight:-3:kg
ecolog_exo_outfit,up_sect_firsta_exolight_1,st_prop_weight:0.7:kg|ui_inv_outfit_wound_protection:3.48:pct
ecolog_exo_outfit,up_sect_firstc_exolight_1,ui_inv_outfit_fire_wound_protection:3.2:pct|ui_inv_outfit_explosion_protection:2.25:pct|st_prop_weight:1:kg
ecolog_exo_outfit,up_sect_firstd_exolight_1,st_prop_durability:-10:pct
ecolog_exo_outfit,up_sect_firste_exolight_1,ui_inv_outfit_fire_wound_protection:3.2:pct|ui_inv_outfit_explosion_protection:2.25:pct|st_prop_weight:1:kg
ecolog_exo_outfit,up_sect_firstf_exolight_1,st_prop_weight:0.7:kg|ui_inv_outfit_wound_protection:3.48:pct
ecolog_exo_outfit,up_sect_secona_exolight_1,st_prop_weight:0.05:kg|ui_inv_outfit_telepatic_protection:2.12:pct
ecolog_exo_outfit,up_sect_seconc_exolight_1,st_prop_weight:0.1:kg|ui_inv_outfit_shock_protection:2.04:pct
ecolog_exo_outfit,up_sect_second_exolight_1,ui_inv_outfit_burn_protection:5.75:pct|st_prop_weight:0.2:kg
ecolog_exo_outfit,up_sect_secone_exolight_1,ui_inv_outfit_chemical_burn_protection:3.3:pct|st_prop_weight:0.2:kg
ecolog_exo_outfit,up_sect_seconf_exolight_1,st_prop_weight:0.15:kg|ui_inv_outfit_radiation_protection:5.5:pct
ecolog_exo_outfit,up_sect_thirda_exolight_1,st_prop_weight:0.2:kg|ui_inv_outfit_power_restore:60:microg
ecolog_exo_outfit,up_sect_thirdc_exolight_1,st_prop_artefact:1:num|st_prop_weight:0.4:kg
ecolog_exo_outfit,up_sect_thirde_exolight_1,st_prop_weight:-3:kg
ecolog_exo_outfit,up_sect_fourta_exolight_1,ui_inv_outfit_additional_weight:5:kg
ecolog_exo_outfit,up_sect_fourtc_exolight_1,ui_inv_outfit_fire_wound_protection:3.2:pct|ui_inv_outfit_explosion_protection:2.25:pct|st_prop_weight:1:kg
ecolog_exo_outfit,up_sect_fourtd_exolight_1,st_prop_durability:-10:pct
ecolog_exo_outfit,up_sect_fourte_exolight_1,st_prop_restore_bleeding:30:mlmin|st_prop_weight:0.5:kg
ecolog_exo_outfit,up_sect_fourtf_exolight_1,st_prop_restore_health:1.5:healpct|st_prop_weight:1:kg
ecolog_exo_outfit,up_sect_fiftha_exo_1,st_prop_weight:3.7:kg
ecolog_exo_outfit,up_sect_fifthc_exo_1,st_prop_weight:0.1:kg|ui_inv_outfit_telepatic_protection:4.25:pct
ecolog_exo_outfit,up_sect_fifthd_exo_1,st_prop_weight:0.05:kg|ui_inv_outfit_radiation_protection:2.75:pct
ecolog_exo_outfit,up_sect_fifthe_exo_1,st_prop_artefact:1:num|st_prop_weight:0.4:kg
ecolog_guard_outfit,up_sect_firsta_sunrise_1,ui_inv_outfit_fire_wound_protection:3.2:pct|ui_inv_outfit_explosion_protection:2.25:pct|st_prop_weight:1:kg
ecolog_guard_outfit,up_sect_firstc_sunrise_1,st_prop_weight:0.7:kg|ui_inv_outfit_wound_protection:3.48:pct
ecolog_guard_outfit,up_sect_firstd_sunrise_1,st_prop_weight:0.2:kg|ui_inv_outfit_power_restore:60:microg
ecolog_guard_outfit,up_sect_firste_sunrise_1,ui_inv_outfit_fire_wound_protection:3.2:pct|ui_inv_outfit_explosion_protection:2.25:pct|st_prop_weight:1:kg
ecolog_guard_outfit,up_sect_secona_sunrise_1,st_prop_weight:-3:kg
ecolog_guard_outfit,up_sect_seconc_sunrise_1,ui_inv_outfit_burn_protection:5.75:pct|st_prop_weight:0.2:kg
ecolog_guard_outfit,up_sect_second_sunrise_1,ui_inv_outfit_chemical_burn_protection:1.65:pct|st_prop_weight:0.2:kg
ecolog_guard_outfit,up_sect_secone_sunrise_1,st_prop_weight:0.2:kg|ui_inv_outfit_shock_protection:4.08:pct
ecolog_guard_outfit,up_sect_seconf_sunrise_1,st_prop_weight:0.15:kg|ui_inv_outfit_radiation_protection:5.5:pct
ecolog_guard_outfit,up_sect_thirda_sunrise_1,st_prop_weight:0.05:kg|ui_inv_outfit_radiation_protection:2.75:pct
ecolog_guard_outfit,up_sect_thirdc_sunrise_1,st_prop_restore_health:1.5:healpct|st_prop_weight:1:kg
ecolog_guard_outfit,up_sect_thirdd_sunrise_1,ui_inv_outfit_additional_weight:5:kg
ecolog_guard_outfit,up_sect_thirde_sunrise_1,st_prop_artefact:1:num|st_prop_weight:0.4:kg
ecolog_outfit_blue,up_sect_firsta_ssp_1,ui_inv_outfit_fire_wound_protection:3.2:pct|ui_inv_outfit_explosion_protection:2.25:pct|st_prop_weight:1:kg
ecolog_outfit_blue,up_sect_firstc_ssp_1,st_prop_weight:1.2:kg|ui_inv_outfit_wound_protection:6.96:pct
ecolog_outfit_blue,up_sect_firste_ssp_1,ui_inv_outfit_fire_wound_protection:3.2:pct|ui_inv_outfit_explosion_protection:4.5:pct|st_prop_weight:1.5:kg
ecolog_outfit_blue,up_sect_secona_ssp_1,st_prop_durability:-10:pct
ecolog_outfit_blue,up_sect_seconc_ssp_1,ui_inv_outfit_burn_protection:11.5:pct|st_prop_weight:0.2:kg
ecolog_outfit_blue,up_sect_second_ssp_1,st_prop_weight:0.2:kg|ui_inv_outfit_shock_protection:4.08:pct
ecolog_outfit_blue,up_sect_secone_ssp_1,ui_inv_outfit_chemical_burn_protection:3.3:pct|st_prop_weight:0.2:kg
ecolog_outfit_blue,up_sect_seconf_ssp_1,st_prop_weight:0.15:kg|ui_inv_outfit_radiation_protection:5.5:pct
ecolog_outfit_blue,up_sect_thirda_ssp_1,st_prop_weight:-5:kg
ecolog_outfit_blue,up_sect_fourta_ssp_1,st_prop_artefact:1:num|st_prop_weight:0.4:kg
ecolog_outfit_blue,up_sect_fourtc_ssp_1,st_prop_artefact:1:num|st_prop_weight:0.4:kg
ecolog_outfit_blue,up_sect_fourtd_ssp_1,st_prop_weight:0.1:kg|ui_inv_outfit_telepatic_protection:4.25:pct
ecolog_outfit_green,up_sect_firsta_ssp_1,ui_inv_outfit_fire_wound_protection:3.2:pct|ui_inv_outfit_explosion_protection:2.25:pct|st_prop_weight:1:kg
ecolog_outfit_green,up_sect_firstc_ssp_1,st_prop_weight:1.2:kg|ui_inv_outfit_wound_protection:6.96:pct
ecolog_outfit_green,up_sect_firste_ssp_1,ui_inv_outfit_fire_wound_protection:3.2:pct|ui_inv_outfit_explosion_protection:4.5:pct|st_prop_weight:1.5:kg
ecolog_outfit_green,up_sect_secona_ssp_1,st_prop_durability:-10:pct
ecolog_outfit_green,up_sect_seconc_ssp_1,ui_inv_outfit_burn_protection:11.5:pct|st_prop_weight:0.2:kg
ecolog_outfit_green,up_sect_second_ssp_1,st_prop_weight:0.2:kg|ui_inv_outfit_shock_protection:4.08:pct
ecolog_outfit_green,up_sect_secone_ssp_1,ui_inv_outfit_chemical_burn_protection:3.3:pct|st_prop_weight:0.2:kg
ecolog_outfit_green,up_sect_seconf_ssp_1,st_prop_weight:0.15:kg|ui_inv_outfit_radiation_protection:5.5:pct
ecolog_outfit_green,up_sect_thirda_ssp_1,st_prop_weight:-5:kg
ecolog_outfit_green,up_sect_fourta_ssp_1,st_prop_artefact:1:num|st_prop_weight:0.4:kg
ecolog_outfit_green,up_sect_fourtc_ssp_1,st_prop_artefact:1:num|st_prop_weight:0.4:kg
ecolog_outfit_green,up_sect_fourtd_ssp_1,st_prop_weight:0.1:kg|ui_inv_outfit_telepatic_protection:4.25:pct
ecolog_outfit_orange,up_sect_firsta_ssp_1,ui_inv_outfit_fire_wound_protection:3.2:pct|ui_inv_outfit_explosion_protection:2.25:pct|st_prop_weight:1:kg
ecolog_outfit_orange,up_sect_firstc_ssp_1,st_prop_weight:1.2:kg|ui_inv_outfit_wound_protection:6.96:pct
ecolog_outfit_orange,up_sect_firste_ssp_1,ui_inv_outfit_fire_wound_protection:3.2:pct|ui_inv_outfit_explosion_protection:4.5:pct|st_prop_weight:1.5:kg
ecolog_outfit_orange,up_sect_secona_ssp_1,st_prop_durability:-10:pct
ecolog_outfit_orange,up_sect_seconc_ssp_1,ui_inv_outfit_burn_protection:11.5:pct|st_prop_weight:0.2:kg
ecolog_outfit_orange,up_sect_second_ssp_1,st_prop_weight:0.2:kg|ui_inv_outfit_shock_protection:4.08:pct
ecolog_outfit_orange,up_sect_secone_ssp_1,ui_inv_outfit_chemical_burn_protection:3.3:pct|st_prop_weight:0.2:kg
ecolog_outfit_orange,up_sect_seconf_ssp_1,st_prop_weight:0.15:kg|ui_inv_outfit_radiation_protection:5.5:pct
ecolog_outfit_orange,up_sect_thirda_ssp_1,st_prop_weight:-5:kg
ecolog_outfit_orange,up_sect_fourta_ssp_1,st_prop_artefact:1:num|st_prop_weight:0.4:kg
ecolog_outfit_orange,up_sect_fourtc_ssp_1,st_prop_artefact:1:num|st_prop_weight:0.4:kg
ecolog_outfit_orange,up_sect_fourtd_ssp_1,st_prop_weight:0.1:kg|ui_inv_outfit_telepatic_protection:4.25:pct
ecolog_outfit_red,up_sect_firsta_ssp_1,ui_inv_outfit_fire_wound_protection:3.2:pct|ui_inv_outfit_explosion_protection:2.25:pct|st_prop_weight:1:kg
ecolog_outfit_red,up_sect_firstc_ssp_1,st_prop_weight:1.2:kg|ui_inv_outfit_wound_protection:6.96:pct
ecolog_outfit_red,up_sect_firste_ssp_1,ui_inv_outfit_fire_wound_protection:3.2:pct|ui_inv_outfit_explosion_protection:4.5:pct|st_prop_weight:1.5:kg
ecolog_outfit_red,up_sect_secona_ssp_1,st_prop_durability:-10:pct
ecolog_outfit_red,up_sect_seconc_ssp_1,ui_inv_outfit_burn_protection:11.5:pct|st_prop_weight:0.2:kg
ecolog_outfit_red,up_sect_second_ssp_1,st_prop_weight:0.2:kg|ui_inv_outfit_shock_protection:4.08:pct
ecolog_outfit_red,up_sect_secone_ssp_1,ui_inv_outfit_chemical_burn_protection:3.3:pct|st_prop_weight:0.2:kg
ecolog_outfit_red,up_sect_seconf_ssp_1,st_prop_weight:0.15:kg|ui_inv_outfit_radiation_protection:5.5:pct
ecolog_outfit_red,up_sect_thirda_ssp_1,st_prop_weight:-5:kg
ecolog_outfit_red,up_sect_fourta_ssp_1,st_prop_artefact:1:num|st_prop_weight:0.4:kg
ecolog_outfit_red,up_sect_fourtc_ssp_1,st_prop_artefact:1:num|st_prop_weight:0.4:kg
ecolog_outfit_red,up_sect_fourtd_ssp_1,st_prop_weight:0.1:kg|ui_inv_outfit_telepatic_protection:4.25:pct
ecolog_outfit_white,up_sect_firsta_ssp_1,ui_inv_outfit_fire_wound_protection:3.2:pct|ui_inv_outfit_explosion_protection:2.25:pct|st_prop_weight:1:kg
ecolog_outfit_white,up_sect_firstc_ssp_1,st_prop_weight:1.2:kg|ui_inv_outfit_wound_protection:6.96:pct
ecolog_outfit_white,up_sect_firste_ssp_1,ui_inv_outfit_fire_wound_protection:3.2:pct|ui_inv_outfit_explosion_protection:4.5:pct|st_prop_weight:1.5:kg
ecolog_outfit_white,up_sect_secona_ssp_1,st_prop_durability:-10:pct
ecolog_outfit_white,up_sect_seconc_ssp_1,ui_inv_outfit_burn_protection:11.5:pct|st_prop_weight:0.2:kg
ecolog_outfit_white,up_sect_second_ssp_1,st_prop_weight:0.2:kg|ui_inv_outfit_shock_protection:4.08:pct
ecolog_outfit_white,up_sect_secone_ssp_1,ui_inv_outfit_chemical_burn_protection:3.3:pct|st_prop_weight:0.2:kg
ecolog_outfit_white,up_sect_seconf_ssp_1,st_prop_weight:0.15:kg|ui_inv_outfit_radiation_protection:5.5:pct
ecolog_outfit_white,up_sect_thirda_ssp_1,st_prop_weight:-5:kg
ecolog_outfit_white,up_sect_fourta_ssp_1,st_prop_artefact:1:num|st_prop_weight:0.4:kg
ecolog_outfit_white,up_sect_fourtc_ssp_1,st_prop_artefact:1:num|st_prop_weight:0.4:kg
ecolog_outfit_white,up_sect_fourtd_ssp_1,st_prop_weight:0.1:kg|ui_inv_outfit_telepatic_protection:4.25:pct
ecolog_outfit_yello,up_sect_firsta_ssp_1,ui_inv_outfit_fire_wound_protection:3.2:pct|ui_inv_outfit_explosion_protection:2.25:pct|st_prop_weight:1:kg
ecolog_outfit_yello,up_sect_firstc_ssp_1,st_prop_weight:1.2:kg|ui_inv_outfit_wound_protection:6.96:pct
ecolog_outfit_yello,up_sect_firste_ssp_1,ui_inv_outfit_fire_wound_protection:3.2:pct|ui_inv_outfit_explosion_protection:4.5:pct|st_prop_weight:1.5:kg
ecolog_outfit_yello,up_sect_secona_ssp_1,st_prop_durability:-10:pct
ecolog_outfit_yello,up_sect_seconc_ssp_1,ui_inv_outfit_burn_protection:11.5:pct|st_prop_weight:0.2:kg
ecolog_outfit_yello,up_sect_second_ssp_1,st_prop_weight:0.2:kg|ui_inv_outfit_shock_protection:4.08:pct
ecolog_outfit_yello,up_sect_secone_ssp_1,ui_inv_outfit_chemical_burn_protection:3.3:pct|st_prop_weight:0.2:kg
ecolog_outfit_yello,up_sect_seconf_ssp_1,st_prop_weight:0.15:kg|ui_inv_outfit_radiation_protection:5.5:pct
ecolog_outfit_yello,up_sect_thirda_ssp_1,st_prop_weight:-5:kg
ecolog_outfit_yello,up_sect_fourta_ssp_1,st_prop_artefact:1:num|st_prop_weight:0.4:kg
ecolog_outfit_yello,up_sect_fourtc_ssp_1,st_prop_artefact:1:num|st_prop_weight:0.4:kg
ecolog_outfit_yello,up_sect_fourtd_ssp_1,st_prop_weight:0.1:kg|ui_inv_outfit_telepatic_protection:4.25:pct
ecolog_proto_exo_outfit,up_sect_firsta_exolight_1,st_prop_weight:0.7:kg|ui_inv_outfit_wound_protection:3.48:pct
ecolog_proto_exo_outfit,up_sect_firstc_exolight_1,ui_inv_outfit_fire_wound_protection:3.2:pct|ui_inv_outfit_explosion_protection:2.25:pct|st_prop_weight:1:kg
ecolog_proto_exo_outfit,up_sect_firstd_exolight_1,st_prop_durability:-10:pct
ecolog_proto_exo_outfit,up_sect_firste_exolight_1,ui_inv_outfit_fire_wound_protection:3.2:pct|ui_inv_outfit_explosion_protection:2.25:pct|st_prop_weight:1:kg
ecolog_proto_exo_outfit,up_sect_firstf_exolight_1,st_prop_weight:0.7:kg|ui_inv_outfit_wound_protection:3.48:pct
ecolog_proto_exo_outfit,up_sect_secona_exolight_1,st_prop_weight:0.05:kg|ui_inv_outfit_telepatic_protection:2.12:pct
ecolog_proto_exo_outfit,up_sect_seconc_exolight_1,st_prop_weight:0.1:kg|ui_inv_outfit_shock_protection:2.04:pct
ecolog_proto_exo_outfit,up_sect_second_exolight_1,ui_inv_outfit_burn_protection:5.75:pct|st_prop_weight:0.2:kg
ecolog_proto_exo_outfit,up_sect_secone_exolight_1,ui_inv_outfit_chemical_burn_protection:3.3:pct|st_prop_weight:0.2:kg
ecolog_proto_exo_outfit,up_sect_seconf_exolight_1,st_prop_weight:0.15:kg|ui_inv_outfit_radiation_protection:5.5:pct
ecolog_proto_exo_outfit,up_sect_thirda_exolight_1,st_prop_weight:0.2:kg|ui_inv_outfit_power_restore:60:microg
ecolog_proto_exo_outfit,up_sect_thirdc_exolight_1,st_prop_artefact:1:num|st_prop_weight:0.4:kg
ecolog_proto_exo_outfit,up_sect_thirde_exolight_1,st_prop_weight:-3:kg
ecolog_proto_exo_outfit,up_sect_fourta_exolight_1,ui_inv_outfit_additional_weight:5:kg
ecolog_proto_exo_outfit,up_sect_fourtc_exolight_1,ui_inv_outfit_fire_wound_protection:3.2:pct|ui_inv_outfit_explosion_protection:2.25:pct|st_prop_weight:1:kg
ecolog_proto_exo_outfit,up_sect_fourtd_exolight_1,st_prop_durability:-10:pct
ecolog_proto_exo_outfit,up_sect_fourte_exolight_1,st_prop_restore_bleeding:30:mlmin|st_prop_weight:0.5:kg
ecolog_proto_exo_outfit,up_sect_fourtf_exolight_1,st_prop_restore_health:1.5:healpct|st_prop_weight:1:kg
ecolog_proto_exo_outfit,up_sect_fiftha_exo_1,st_prop_weight:3.7:kg
ecolog_proto_exo_outfit,up_sect_fifthc_exo_1,st_prop_weight:0.1:kg|ui_inv_outfit_telepatic_protection:4.25:pct
ecolog_proto_exo_outfit,up_sect_fifthd_exo_1,st_prop_weight:0.05:kg|ui_inv_outfit_radiation_protection:2.75:pct
ecolog_proto_exo_outfit,up_sect_fifthe_exo_1,st_prop_artefact:1:num|st_prop_weight:0.4:kg
exo_dolg_outfit,up_sect_firsta_exolight_1,st_prop_weight:0.7:kg|ui_inv_outfit_wound_protection:3.48:pct
exo_dolg_outfit,up_sect_firstc_exolight_1,ui_inv_outfit_fire_wound_protection:3.2:pct|ui_inv_outfit_explosion_protection:2.25:pct|st_prop_weight:1:kg
exo_dolg_outfit,up_sect_firstd_exolight_1,st_prop_durability:-10:pct
exo_dolg_outfit,up_sect_firste_exolight_1,ui_inv_outfit_fire_wound_protection:3.2:pct|ui_inv_outfit_explosion_protection:2.25:pct|st_prop_weight:1:kg
exo_dolg_outfit,up_sect_firstf_exolight_1,st_prop_weight:0.7:kg|ui_inv_outfit_wound_protection:3.48:pct
exo_dolg_outfit,up_sect_secona_exolight_1,st_prop_weight:0.05:kg|ui_inv_outfit_telepatic_protection:2.12:pct
exo_dolg_outfit,up_sect_seconc_exolight_1,st_prop_weight:0.1:kg|ui_inv_outfit_shock_protection:2.04:pct
exo_dolg_outfit,up_sect_second_exolight_1,ui_inv_outfit_burn_protection:5.75:pct|st_prop_weight:0.2:kg
exo_dolg_outfit,up_sect_secone_exolight_1,ui_inv_outfit_chemical_burn_protection:3.3:pct|st_prop_weight:0.2:kg
exo_dolg_outfit,up_sect_seconf_exolight_1,st_prop_weight:0.15:kg|ui_inv_outfit_radiation_protection:5.5:pct
exo_dolg_outfit,up_sect_thirda_exolight_1,st_prop_weight:0.2:kg|ui_inv_outfit_power_restore:60:microg
exo_dolg_outfit,up_sect_thirdc_exolight_1,st_prop_artefact:1:num|st_prop_weight:0.4:kg
exo_dolg_outfit,up_sect_thirde_exolight_1,st_prop_weight:-3:kg
exo_dolg_outfit,up_sect_fourta_exolight_1,ui_inv_outfit_additional_weight:5:kg
exo_dolg_outfit,up_sect_fourtc_exolight_1,ui_inv_outfit_fire_wound_protection:3.2:pct|ui_inv_outfit_explosion_protection:2.25:pct|st_prop_weight:1:kg
exo_dolg_outfit,up_sect_fourtd_exolight_1,st_prop_durability:-10:pct
exo_dolg_outfit,up_sect_fourte_exolight_1,st_prop_restore_bleeding:30:mlmin|st_prop_weight:0.5:kg
exo_dolg_outfit,up_sect_fourtf_exolight_1,st_prop_restore_health:1.5:healpct|st_prop_weight:1:kg
exo_dolg_red_outfit,up_sect_firsta_exolight_1,st_prop_weight:0.7:kg|ui_inv_outfit_wound_protection:3.48:pct
exo_dolg_red_outfit,up_sect_firstc_exolight_1,ui_inv_outfit_fire_wound_protection:3.2:pct|ui_inv_outfit_explosion_protection:2.25:pct|st_prop_weight:1:kg
exo_dolg_red_outfit,up_sect_firstd_exolight_1,st_prop_durability:-10:pct
exo_dolg_red_outfit,up_sect_firste_exolight_1,ui_inv_outfit_fire_wound_protection:3.2:pct|ui_inv_outfit_explosion_protection:2.25:pct|st_prop_weight:1:kg
exo_dolg_red_outfit,up_sect_firstf_exolight_1,st_prop_weight:0.7:kg|ui_inv_outfit_wound_protection:3.48:pct
exo_dolg_red_outfit,up_sect_secona_exolight_1,st_prop_weight:0.05:kg|ui_inv_outfit_telepatic_protection:2.12:pct
exo_dolg_red_outfit,up_sect_seconc_exolight_1,st_prop_weight:0.1:kg|ui_inv_outfit_shock_protection:2.04:pct
exo_dolg_red_outfit,up_sect_second_exolight_1,ui_inv_outfit_burn_protection:5.75:pct|st_prop_weight:0.2:kg
exo_dolg_red_outfit,up_sect_secone_exolight_1,ui_inv_outfit_chemical_burn_protection:3.3:pct|st_prop_weight:0.2:kg
exo_dolg_red_outfit,up_sect_seconf_exolight_1,st_prop_weight:0.15:kg|ui_inv_outfit_radiation_protection:5.5:pct
exo_dolg_red_outfit,up_sect_thirda_exolight_1,st_prop_weight:0.2:kg|ui_inv_outfit_power_restore:60:microg
exo_dolg_red_outfit,up_sect_thirdc_exolight_1,st_prop_artefact:1:num|st_prop_weight:0.4:kg
exo_dolg_red_outfit,up_sect_thirde_exolight_1,st_prop_weight:-3:kg
exo_dolg_red_outfit,up_sect_fourta_exolight_1,ui_inv_outfit_additional_weight:5:kg
exo_dolg_red_outfit,up_sect_fourtc_exolight_1,ui_inv_outfit_fire_wound_protection:3.2:pct|ui_inv_outfit_explosion_protection:2.25:pct|st_prop_weight:1:kg
exo_dolg_red_outfit,up_sect_fourtd_exolight_1,st_prop_durability:-10:pct
exo_dolg_red_outfit,up_sect_fourte_exolight_1,st_prop_restore_bleeding:30:mlmin|st_prop_weight:0.5:kg
exo_dolg_red_outfit,up_sect_fourtf_exolight_1,st_prop_restore_health:1.5:healpct|st_prop_weight:1:kg
exo_dolg_urban_outfit,up_sect_firsta_exolight_2,st_prop_durability:-10:pct
exo_dolg_urban_outfit,up_sect_firstc_exolight_2,st_prop_weight:0.7:kg|ui_inv_outfit_wound_protection:3.48:pct
exo_dolg_urban_outfit,up_sect_firstd_exolight_2,ui_inv_outfit_fire_wound_protection:3.2:pct|ui_inv_outfit_explosion_protection:2.25:pct|st_prop_weight:1:kg
exo_dolg_urban_outfit,up_sect_firste_exolight_2,ui_inv_outfit_fire_wound_protection:3.2:pct|ui_inv_outfit_explosion_protection:2.25:pct|st_prop_weight:1:kg
exo_dolg_urban_outfit,up_sect_firstf_exolight_2,st_prop_weight:0.7:kg|ui_inv_outfit_wound_protection:3.48:pct
exo_dolg_urban_outfit,up_sect_secona_exolight_2,ui_inv_outfit_chemical_burn_protection:1.65:pct|st_prop_weight:0.2:kg
exo_dolg_urban_outfit,up_sect_seconc_exolight_2,st_prop_weight:0.05:kg|ui_inv_outfit_radiation_protection:2.75:pct
exo_dolg_urban_outfit,up_sect_second_exolight_2,st_prop_weight:0.05:kg|ui_inv_outfit_telepatic_protection:2.12:pct
exo_dolg_urban_outfit,up_sect_secone_exolight_2,st_prop_weight:0.2:kg|ui_inv_outfit_shock_protection:4.08:pct
exo_dolg_urban_outfit,up_sect_seconf_exolight_2,ui_inv_outfit_burn_protection:11.5:pct|st_prop_weight:0.2:kg
exo_dolg_urban_outfit,up_sect_thirda_exolight_2,st_prop_artefact:1:num|st_prop_weight:0.4:kg
exo_dolg_urban_outfit,up_sect_thirdc_exolight_2,ui_inv_outfit_additional_weight:5:kg
exo_dolg_urban_outfit,up_sect_thirde_exolight_2,st_prop_durability:-10:pct
exo_dolg_urban_outfit,up_sect_fourta_exolight_2,st_prop_restore_bleeding:30:mlmin|st_prop_weight:0.5:kg
exo_dolg_urban_outfit,up_sect_fourtc_exolight_2,st_prop_weight:-3:kg
exo_dolg_urban_outfit,up_sect_fourtd_exolight_2,st_prop_restore_health:1.5:healpct|st_prop_weight:1:kg
exo_dolg_urban_outfit,up_sect_fourte_exolight_2,st_prop_weight:0.2:kg|ui_inv_outfit_power_restore:120:microg
exo_dolg_urban_outfit,up_sect_fourtf_exolight_2,ui_inv_outfit_chemical_burn_protection:3.3:pct|st_prop_weight:0.2:kg
exo_dolg_wood_outfit,up_sect_firsta_exolight_2,st_prop_durability:-10:pct
exo_dolg_wood_outfit,up_sect_firstc_exolight_2,st_prop_weight:0.7:kg|ui_inv_outfit_wound_protection:3.48:pct
exo_dolg_wood_outfit,up_sect_firstd_exolight_2,ui_inv_outfit_fire_wound_protection:3.2:pct|ui_inv_outfit_explosion_protection:2.25:pct|st_prop_weight:1:kg
exo_dolg_wood_outfit,up_sect_firste_exolight_2,ui_inv_outfit_fire_wound_protection:3.2:pct|ui_inv_outfit_explosion_protection:2.25:pct|st_prop_weight:1:kg
exo_dolg_wood_outfit,up_sect_firstf_exolight_2,st_prop_weight:0.7:kg|ui_inv_outfit_wound_protection:3.48:pct
exo_dolg_wood_outfit,up_sect_secona_exolight_2,ui_inv_outfit_chemical_burn_protection:1.65:pct|st_prop_weight:0.2:kg
exo_dolg_wood_outfit,up_sect_seconc_exolight_2,st_prop_weight:0.05:kg|ui_inv_outfit_radiation_protection:2.75:pct
exo_dolg_wood_outfit,up_sect_second_exolight_2,st_prop_weight:0.05:kg|ui_inv_outfit_telepatic_protection:2.12:pct
exo_dolg_wood_outfit,up_sect_secone_exolight_2,st_prop_weight:0.2:kg|ui_inv_outfit_shock_protection:4.08:pct
exo_dolg_wood_outfit,up_sect_seconf_exolight_2,ui_inv_outfit_burn_protection:11.5:pct|st_prop_weight:0.2:kg
exo_dolg_wood_outfit,up_sect_thirda_exolight_2,st_prop_artefact:1:num|st_prop_weight:0.4:kg
exo_dolg_wood_outfit,up_sect_thirdc_exolight_2,ui_inv_outfit_additional_weight:5:kg
exo_dolg_wood_outfit,up_sect_thirde_exolight_2,st_prop_durability:-10:pct
exo_dolg_wood_outfit,up_sect_fourta_exolight_2,st_prop_restore_bleeding:30:mlmin|st_prop_weight:0.5:kg
exo_dolg_wood_outfit,up_sect_fourtc_exolight_2,st_prop_weight:-3:kg
exo_dolg_wood_outfit,up_sect_fourtd_exolight_2,st_prop_restore_health:1.5:healpct|st_prop_weight:1:kg
exo_dolg_wood_outfit,up_sect_fourte_exolight_2,st_prop_weight:0.2:kg|ui_inv_outfit_power_restore:120:microg
exo_dolg_wood_outfit,up_sect_fourtf_exolight_2,ui_inv_outfit_chemical_burn_protection:3.3:pct|st_prop_weight:0.2:kg
exo_merc_grass_outfit,up_sect_firsta_exolight_1,st_prop_weight:0.7:kg|ui_inv_outfit_wound_protection:3.48:pct
exo_merc_grass_outfit,up_sect_firstc_exolight_1,ui_inv_outfit_fire_wound_protection:3.2:pct|ui_inv_outfit_explosion_protection:2.25:pct|st_prop_weight:1:kg
exo_merc_grass_outfit,up_sect_firstd_exolight_1,st_prop_durability:-10:pct
exo_merc_grass_outfit,up_sect_firste_exolight_1,ui_inv_outfit_fire_wound_protection:3.2:pct|ui_inv_outfit_explosion_protection:2.25:pct|st_prop_weight:1:kg
exo_merc_grass_outfit,up_sect_firstf_exolight_1,st_prop_weight:0.7:kg|ui_inv_outfit_wound_protection:3.48:pct
exo_merc_grass_outfit,up_sect_secona_exolight_1,st_prop_weight:0.05:kg|ui_inv_outfit_telepatic_protection:2.12:pct
exo_merc_grass_outfit,up_sect_seconc_exolight_1,st_prop_weight:0.1:kg|ui_inv_outfit_shock_protection:2.04:pct
exo_merc_grass_outfit,up_sect_second_exolight_1,ui_inv_outfit_burn_protection:5.75:pct|st_prop_weight:0.2:kg
exo_merc_grass_outfit,up_sect_secone_exolight_1,ui_inv_outfit_chemical_burn_protection:3.3:pct|st_prop_weight:0.2:kg
exo_merc_grass_outfit,up_sect_seconf_exolight_1,st_prop_weight:0.15:kg|ui_inv_outfit_radiation_protection:5.5:pct
exo_merc_grass_outfit,up_sect_thirda_exolight_1,st_prop_weight:0.2:kg|ui_inv_outfit_power_restore:60:microg
exo_merc_grass_outfit,up_sect_thirdc_exolight_1,st_prop_artefact:1:num|st_prop_weight:0.4:kg
exo_merc_grass_outfit,up_sect_thirde_exolight_1,st_prop_weight:-3:kg
exo_merc_grass_outfit,up_sect_fourta_exolight_1,ui_inv_outfit_additional_weight:5:kg
exo_merc_grass_outfit,up_sect_fourtc_exolight_1,ui_inv_outfit_fire_wound_protection:3.2:pct|ui_inv_outfit_explosion_protection:2.25:pct|st_prop_weight:1:kg
exo_merc_grass_outfit,up_sect_fourtd_exolight_1,st_prop_durability:-10:pct
exo_merc_grass_outfit,up_sect_fourte_exolight_1,st_prop_restore_bleeding:30:mlmin|st_prop_weight:0.5:kg
exo_merc_grass_outfit,up_sect_fourtf_exolight_1,st_prop_restore_health:1.5:healpct|st_prop_weight:1:kg
exo_merc_urban_outfit,up_sect_firsta_exolight_2,st_prop_durability:-10:pct
exo_merc_urban_outfit,up_sect_firstc_exolight_2,st_prop_weight:0.7:kg|ui_inv_outfit_wound_protection:3.48:pct
exo_merc_urban_outfit,up_sect_firstd_exolight_2,ui_inv_outfit_fire_wound_protection:3.2:pct|ui_inv_outfit_explosion_protection:2.25:pct|st_prop_weight:1:kg
exo_merc_urban_outfit,up_sect_firste_exolight_2,ui_inv_outfit_fire_wound_protection:3.2:pct|ui_inv_outfit_explosion_protection:2.25:pct|st_prop_weight:1:kg
exo_merc_urban_outfit,up_sect_firstf_exolight_2,st_prop_weight:0.7:kg|ui_inv_outfit_wound_protection:3.48:pct
exo_merc_urban_outfit,up_sect_secona_exolight_2,ui_inv_outfit_chemical_burn_protection:1.65:pct|st_prop_weight:0.2:kg
exo_merc_urban_outfit,up_sect_seconc_exolight_2,st_prop_weight:0.05:kg|ui_inv_outfit_radiation_protection:2.75:pct
exo_merc_urban_outfit,up_sect_second_exolight_2,st_prop_weight:0.05:kg|ui_inv_outfit_telepatic_protection:2.12:pct
exo_merc_urban_outfit,up_sect_secone_exolight_2,st_prop_weight:0.2:kg|ui_inv_outfit_shock_protection:4.08:pct
exo_merc_urban_outfit,up_sect_seconf_exolight_2,ui_inv_outfit_burn_protection:11.5:pct|st_prop_weight:0.2:kg
exo_merc_urban_outfit,up_sect_thirda_exolight_2,st_prop_artefact:1:num|st_prop_weight:0.4:kg
exo_merc_urban_outfit,up_sect_thirdc_exolight_2,ui_inv_outfit_additional_weight:5:kg
exo_merc_urban_outfit,up_sect_thirde_exolight_2,st_prop_durability:-10:pct
exo_merc_urban_outfit,up_sect_fourta_exolight_2,st_prop_restore_bleeding:30:mlmin|st_prop_weight:0.5:kg
exo_merc_urban_outfit,up_sect_fourtc_exolight_2,st_prop_weight:-3:kg
exo_merc_urban_outfit,up_sect_fourtd_exolight_2,st_prop_restore_health:1.5:healpct|st_prop_weight:1:kg
exo_merc_urban_outfit,up_sect_fourte_exolight_2,st_prop_weight:0.2:kg|ui_inv_outfit_power_restore:120:microg
exo_merc_urban_outfit,up_sect_fourtf_exolight_2,ui_inv_outfit_chemical_burn_protection:3.3:pct|st_prop_weight:0.2:kg
exo_merc_wood_outfit,up_sect_firsta_exolight_2,st_prop_durability:-10:pct
exo_merc_wood_outfit,up_sect_firstc_exolight_2,st_prop_weight:0.7:kg|ui_inv_outfit_wound_protection:3.48:pct
exo_merc_wood_outfit,up_sect_firstd_exolight_2,ui_inv_outfit_fire_wound_protection:3.2:pct|ui_inv_outfit_explosion_protection:2.25:pct|st_prop_weight:1:kg
exo_merc_wood_outfit,up_sect_firste_exolight_2,ui_inv_outfit_fire_wound_protection:3.2:pct|ui_inv_outfit_explosion_protection:2.25:pct|st_prop_weight:1:kg
exo_merc_wood_outfit,up_sect_firstf_exolight_2,st_prop_weight:0.7:kg|ui_inv_outfit_wound_protection:3.48:pct
exo_merc_wood_outfit,up_sect_secona_exolight_2,ui_inv_outfit_chemical_burn_protection:1.65:pct|st_prop_weight:0.2:kg
exo_merc_wood_outfit,up_sect_seconc_exolight_2,st_prop_weight:0.05:kg|ui_inv_outfit_radiation_protection:2.75:pct
exo_merc_wood_outfit,up_sect_second_exolight_2,st_prop_weight:0.05:kg|ui_inv_outfit_telepatic_protection:2.12:pct
exo_merc_wood_outfit,up_sect_secone_exolight_2,st_prop_weight:0.2:kg|ui_inv_outfit_shock_protection:4.08:pct
exo_merc_wood_outfit,up_sect_seconf_exolight_2,ui_inv_outfit_burn_protection:11.5:pct|st_prop_weight:0.2:kg
exo_merc_wood_outfit,up_sect_thirda_exolight_2,st_prop_artefact:1:num|st_prop_weight:0.4:kg
exo_merc_wood_outfit,up_sect_thirdc_exolight_2,ui_inv_outfit_additional_weight:5:kg
exo_merc_wood_outfit,up_sect_thirde_exolight_2,st_prop_durability:-10:pct
exo_merc_wood_outfit,up_sect_fourta_exolight_2,st_prop_restore_bleeding:30:mlmin|st_prop_weight:0.5:kg
exo_merc_wood_outfit,up_sect_fourtc_exolight_2,st_prop_weight:-3:kg
exo_merc_wood_outfit,up_sect_fourtd_exolight_2,st_prop_restore_health:1.5:healpct|st_prop_weight:1:kg
exo_merc_wood_outfit,up_sect_fourte_exolight_2,st_prop_weight:0.2:kg|ui_inv_outfit_power_restore:120:microg
exo_merc_wood_outfit,up_sect_fourtf_exolight_2,ui_inv_outfit_chemical_burn_protection:3.3:pct|st_prop_weight:0.2:kg
exo_outfit,up_sect_firsta_exolight_1,st_prop_weight:0.7:kg|ui_inv_outfit_wound_protection:3.48:pct
exo_outfit,up_sect_firstc_exolight_1,ui_inv_outfit_fire_wound_protection:3.2:pct|ui_inv_outfit_explosion_protection:2.25:pct|st_prop_weight:1:kg
exo_outfit,up_sect_firstd_exolight_1,st_prop_durability:-10:pct
exo_outfit,up_sect_firste_exolight_1,ui_inv_outfit_fire_wound_protection:3.2:pct|ui_inv_outfit_explosion_protection:2.25:pct|st_prop_weight:1:kg
exo_outfit,up_sect_firstf_exolight_1,st_prop_weight:0.7:kg|ui_inv_outfit_wound_protection:3.48:pct
exo_outfit,up_sect_secona_exolight_1,st_prop_weight:0.05:kg|ui_inv_outfit_telepatic_protection:2.12:pct
exo_outfit,up_sect_seconc_exolight_1,st_prop_weight:0.1:kg|ui_inv_outfit_shock_protection:2.04:pct
exo_outfit,up_sect_second_exolight_1,ui_inv_outfit_burn_protection:5.75:pct|st_prop_weight:0.2:kg
exo_outfit,up_sect_secone_exolight_1,ui_inv_outfit_chemical_burn_protection:3.3:pct|st_prop_weight:0.2:kg
exo_outfit,up_sect_seconf_exolight_1,st_prop_weight:0.15:kg|ui_inv_outfit_radiation_protection:5.5:pct
exo_outfit,up_sect_thirda_exolight_1,st_prop_weight:0.2:kg|ui_inv_outfit_power_restore:60:microg
exo_outfit,up_sect_thirdc_exolight_1,st_prop_artefact:1:num|st_prop_weight:0.4:kg
exo_outfit,up_sect_thirde_exolight_1,st_prop_weight:-3:kg
exo_outfit,up_sect_fourta_exolight_1,ui_inv_outfit_additional_weight:5:kg
exo_outfit,up_sect_fourtc_exolight_1,ui_inv_outfit_fire_wound_protection:3.2:pct|ui_inv_outfit_explosion_protection:2.25:pct|st_prop_weight:1:kg
exo_outfit,up_sect_fourtd_exolight_1,st_prop_durability:-10:pct
exo_outfit,up_sect_fourte_exolight_1,st_prop_restore_bleeding:30:mlmin|st_prop_weight:0.5:kg
exo_outfit,up_sect_fourtf_exolight_1,st_prop_restore_health:1.5:healpct|st_prop_weight:1:kg
exo_outfit,up_sect_fiftha_exo_1,st_prop_weight:3.7:kg
exo_outfit,up_sect_fifthc_exo_1,st_prop_weight:0.1:kg|ui_inv_outfit_telepatic_protection:4.25:pct
exo_outfit,up_sect_fifthd_exo_1,st_prop_weight:0.05:kg|ui_inv_outfit_radiation_protection:2.75:pct
exo_outfit,up_sect_fifthe_exo_1,st_prop_artefact:1:num|st_prop_weight:0.4:kg
exo_wood_outfit,up_sect_firsta_exolight_2,st_prop_durability:-10:pct
exo_wood_outfit,up_sect_firstc_exolight_2,st_prop_weight:0.7:kg|ui_inv_outfit_wound_protection:3.48:pct
exo_wood_outfit,up_sect_firstd_exolight_2,ui_inv_outfit_fire_wound_protection:3.2:pct|ui_inv_outfit_explosion_protection:2.25:pct|st_prop_weight:1:kg
exo_wood_outfit,up_sect_firste_exolight_2,ui_inv_outfit_fire_wound_protection:3.2:pct|ui_inv_outfit_explosion_protection:2.25:pct|st_prop_weight:1:kg
exo_wood_outfit,up_sect_firstf_exolight_2,st_prop_weight:0.7:kg|ui_inv_outfit_wound_protection:3.48:pct
exo_wood_outfit,up_sect_secona_exolight_2,ui_inv_outfit_chemical_burn_protection:1.65:pct|st_prop_weight:0.2:kg
exo_wood_outfit,up_sect_seconc_exolight_2,st_prop_weight:0.05:kg|ui_inv_outfit_radiation_protection:2.75:pct
exo_wood_outfit,up_sect_second_exolight_2,st_prop_weight:0.05:kg|ui_inv_outfit_telepatic_protection:2.12:pct
exo_wood_outfit,up_sect_secone_exolight_2,st_prop_weight:0.2:kg|ui_inv_outfit_shock_protection:4.08:pct
exo_wood_outfit,up_sect_seconf_exolight_2,ui_inv_outfit_burn_protection:11.5:pct|st_prop_weight:0.2:kg
exo_wood_outfit,up_sect_thirda_exolight_2,st_prop_artefact:1:num|st_prop_weight:0.4:kg
exo_wood_outfit,up_sect_thirdc_exolight_2,ui_inv_outfit_additional_weight:5:kg
exo_wood_outfit,up_sect_thirde_exolight_2,st_prop_durability:-10:pct
exo_wood_outfit,up_sect_fourta_exolight_2,st_prop_restore_bleeding:30:mlmin|st_prop_weight:0.5:kg
exo_wood_outfit,up_sect_fourtc_exolight_2,st_prop_weight:-3:kg
exo_wood_outfit,up_sect_fourtd_exolight_2,st_prop_restore_health:1.5:healpct|st_prop_weight:1:kg
exo_wood_outfit,up_sect_fourte_exolight_2,st_prop_weight:0.2:kg|ui_inv_outfit_power_restore:120:microg
exo_wood_outfit,up_sect_fourtf_exolight_2,ui_inv_outfit_chemical_burn_protection:3.3:pct|st_prop_weight:0.2:kg
exolight_outfit,up_sect_firsta_exolight_1,st_prop_weight:0.7:kg|ui_inv_outfit_wound_protection:3.48:pct
exolight_outfit,up_sect_firstc_exolight_1,ui_inv_outfit_fire_wound_protection:3.2:pct|ui_inv_outfit_explosion_protection:2.25:pct|st_prop_weight:1:kg
exolight_outfit,up_sect_firstd_exolight_1,st_prop_durability:-10:pct
exolight_outfit,up_sect_firste_exolight_1,ui_inv_outfit_fire_wound_protection:3.2:pct|ui_inv_outfit_explosion_protection:2.25:pct|st_prop_weight:1:kg
exolight_outfit,up_sect_firstf_exolight_1,st_prop_weight:0.7:kg|ui_inv_outfit_wound_protection:3.48:pct
exolight_outfit,up_sect_secona_exolight_1,st_prop_weight:0.05:kg|ui_inv_outfit_telepatic_protection:2.12:pct
exolight_outfit,up_sect_seconc_exolight_1,st_prop_weight:0.1:kg|ui_inv_outfit_shock_protection:2.04:pct
exolight_outfit,up_sect_second_exolight_1,ui_inv_outfit_burn_protection:5.75:pct|st_prop_weight:0.2:kg
exolight_outfit,up_sect_secone_exolight_1,ui_inv_outfit_chemical_burn_protection:3.3:pct|st_prop_weight:0.2:kg
exolight_outfit,up_sect_seconf_exolight_1,st_prop_weight:0.15:kg|ui_inv_outfit_radiation_protection:5.5:pct
exolight_outfit,up_sect_thirda_exolight_1,st_prop_weight:0.2:kg|ui_inv_outfit_power_restore:60:microg
exolight_outfit,up_sect_thirdc_exolight_1,st_prop_artefact:1:num|st_prop_weight:0.4:kg
exolight_outfit,up_sect_thirde_exolight_1,st_prop_weight:-3:kg
exolight_outfit,up_sect_fourta_exolight_1,ui_inv_outfit_additional_weight:5:kg
exolight_outfit,up_sect_fourtc_exolight_1,ui_inv_outfit_fire_wound_protection:3.2:pct|ui_inv_outfit_explosion_protection:2.25:pct|st_prop_weight:1:kg
exolight_outfit,up_sect_fourtd_exolight_1,st_prop_durability:-10:pct
exolight_outfit,up_sect_fourte_exolight_1,st_prop_restore_bleeding:30:mlmin|st_prop_weight:0.5:kg
exolight_outfit,up_sect_fourtf_exolight_1,st_prop_restore_health:1.5:healpct|st_prop_weight:1:kg
freedom_exo_vineleaf_outfit,up_sect_firsta_exolight_1,st_prop_weight:0.7:kg|ui_inv_outfit_wound_protection:3.48:pct
freedom_exo_vineleaf_outfit,up_sect_firstc_exolight_1,ui_inv_outfit_fire_wound_protection:3.2:pct|ui_inv_outfit_explosion_protection:2.25:pct|st_prop_weight:1:kg
freedom_exo_vineleaf_outfit,up_sect_firstd_exolight_1,st_prop_durability:-10:pct
freedom_exo_vineleaf_outfit,up_sect_firste_exolight_1,ui_inv_outfit_fire_wound_protection:3.2:pct|ui_inv_outfit_explosion_protection:2.25:pct|st_prop_weight:1:kg
freedom_exo_vineleaf_outfit,up_sect_firstf_exolight_1,st_prop_weight:0.7:kg|ui_inv_outfit_wound_protection:3.48:pct
freedom_exo_vineleaf_outfit,up_sect_secona_exolight_1,st_prop_weight:0.05:kg|ui_inv_outfit_telepatic_protection:2.12:pct
freedom_exo_vineleaf_outfit,up_sect_seconc_exolight_1,st_prop_weight:0.1:kg|ui_inv_outfit_shock_protection:2.04:pct
freedom_exo_vineleaf_outfit,up_sect_second_exolight_1,ui_inv_outfit_burn_protection:5.75:pct|st_prop_weight:0.2:kg
freedom_exo_vineleaf_outfit,up_sect_secone_exolight_1,ui_inv_outfit_chemical_burn_protection:3.3:pct|st_prop_weight:0.2:kg
freedom_exo_vineleaf_outfit,up_sect_seconf_exolight_1,st_prop_weight:0.15:kg|ui_inv_outfit_radiation_protection:5.5:pct
freedom_exo_vineleaf_outfit,up_sect_thirda_exolight_1,st_prop_weight:0.2:kg|ui_inv_outfit_power_restore:60:microg
freedom_exo_vineleaf_outfit,up_sect_thirdc_exolight_1,st_prop_artefact:1:num|st_prop_weight:0.4:kg
freedom_exo_vineleaf_outfit,up_sect_thirde_exolight_1,st_prop_weight:-3:kg
freedom_exo_vineleaf_outfit,up_sect_fourta_exolight_1,ui_inv_outfit_additional_weight:5:kg
freedom_exo_vineleaf_outfit,up_sect_fourtc_exolight_1,ui_inv_outfit_fire_wound_protection:3.2:pct|ui_inv_outfit_explosion_protection:2.25:pct|st_prop_weight:1:kg
freedom_exo_vineleaf_outfit,up_sect_fourtd_exolight_1,st_prop_durability:-10:pct
freedom_exo_vineleaf_outfit,up_sect_fourte_exolight_1,st_prop_restore_bleeding:30:mlmin|st_prop_weight:0.5:kg
freedom_exo_vineleaf_outfit,up_sect_fourtf_exolight_1,st_prop_restore_health:1.5:healpct|st_prop_weight:1:kg
freedom_nosorog_outfit,up_sect_firsta_exolight_2,st_prop_durability:-10:pct
freedom_nosorog_outfit,up_sect_firstc_exolight_2,st_prop_weight:0.7:kg|ui_inv_outfit_wound_protection:3.48:pct
freedom_nosorog_outfit,up_sect_firstd_exolight_2,ui_inv_outfit_fire_wound_protection:3.2:pct|ui_inv_outfit_explosion_protection:2.25:pct|st_prop_weight:1:kg
freedom_nosorog_outfit,up_sect_firste_exolight_2,ui_inv_outfit_fire_wound_protection:3.2:pct|ui_inv_outfit_explosion_protection:2.25:pct|st_prop_weight:1:kg
freedom_nosorog_outfit,up_sect_firstf_exolight_2,st_prop_weight:0.7:kg|ui_inv_outfit_wound_protection:3.48:pct
freedom_nosorog_outfit,up_sect_secona_exolight_2,ui_inv_outfit_chemical_burn_protection:1.65:pct|st_prop_weight:0.2:kg
freedom_nosorog_outfit,up_sect_seconc_exolight_2,st_prop_weight:0.05:kg|ui_inv_outfit_radiation_protection:2.75:pct
freedom_nosorog_outfit,up_sect_second_exolight_2,st_prop_weight:0.05:kg|ui_inv_outfit_telepatic_protection:2.12:pct
freedom_nosorog_outfit,up_sect_secone_exolight_2,st_prop_weight:0.2:kg|ui_inv_outfit_shock_protection:4.08:pct
freedom_nosorog_outfit,up_sect_seconf_exolight_2,ui_inv_outfit_burn_protection:11.5:pct|st_prop_weight:0.2:kg
freedom_nosorog_outfit,up_sect_thirda_exolight_2,st_prop_artefact:1:num|st_prop_weight:0.4:kg
freedom_nosorog_outfit,up_sect_thirdc_exolight_2,ui_inv_outfit_additional_weight:5:kg
freedom_nosorog_outfit,up_sect_thirde_exolight_2,st_prop_durability:-10:pct
freedom_nosorog_outfit,up_sect_fourta_exolight_2,st_prop_restore_bleeding:30:mlmin|st_prop_weight:0.5:kg
freedom_nosorog_outfit,up_sect_fourtc_exolight_2,st_prop_weight:-3:kg
freedom_nosorog_outfit,up_sect_fourtd_exolight_2,st_prop_restore_health:1.5:healpct|st_prop_weight:1:kg
freedom_nosorog_outfit,up_sect_fourte_exolight_2,st_prop_weight:0.2:kg|ui_inv_outfit_power_restore:120:microg
freedom_nosorog_outfit,up_sect_fourtf_exolight_2,ui_inv_outfit_chemical_burn_protection:3.3:pct|st_prop_weight:0.2:kg
freedom_nosorog_outfit,up_sect_fiftha_nosorog_2,st_prop_artefact:1:num|st_prop_weight:0.4:kg
freedom_nosorog_outfit,up_sect_fifthc_nosorog_2,st_prop_weight:0.1:kg|ui_inv_outfit_telepatic_protection:4.25:pct
freedom_nosorog_outfit,up_sect_fifthd_nosorog_2,st_prop_weight:3.7:kg
freedom_nosorog_outfit,up_sect_fifthe_nosorog_2,st_prop_weight:0.05:kg|ui_inv_outfit_radiation_protection:2.75:pct
ghillie_outfit,up_sect_firsta_lcs_1,st_prop_weight:0.7:kg|ui_inv_outfit_wound_protection:3.48:pct
ghillie_outfit,up_sect_firstc_lcs_1,st_prop_weight:-5:kg
ghillie_outfit,up_sect_firstd_lcs_1,st_prop_durability:-10:pct
ghillie_outfit,up_sect_firste_lcs_1,ui_inv_outfit_fire_wound_protection:3.2:pct|ui_inv_outfit_explosion_protection:4.5:pct|st_prop_weight:1.5:kg
ghillie_outfit,up_sect_firstf_lcs_1,st_prop_weight:1.2:kg|ui_inv_outfit_wound_protection:6.96:pct
ghillie_outfit,up_sect_secona_lcs_1,st_prop_durability:-10:pct
ghillie_outfit,up_sect_seconc_lcs_1,st_prop_weight:0.2:kg|ui_inv_outfit_power_restore:60:microg
ghillie_outfit,up_sect_second_lcs_1,ui_inv_outfit_burn_protection:5.75:pct|st_prop_weight:0.2:kg
ghillie_outfit,up_sect_secone_lcs_1,ui_inv_outfit_chemical_burn_protection:1.65:pct|st_prop_weight:0.2:kg
ghillie_outfit,up_sect_thirda_lcs_1,ui_inv_outfit_additional_weight:5:kg
ghillie_outfit,up_sect_thirdc_lcs_1,st_prop_restore_bleeding:30:mlmin|st_prop_weight:0.5:kg
ghillie_outfit,up_sect_thirde_lcs_1,st_prop_artefact:1:num|st_prop_weight:0.4:kg
ghillie_outfit,up_sect_fourta_lcs_1,st_prop_weight:0.05:kg|ui_inv_outfit_radiation_protection:2.75:pct
ghillie_outfit,up_sect_fourtc_lcs_1,st_prop_restore_health:1.5:healpct|st_prop_weight:1:kg
greh_armored_camo_outfit,up_sect_firsta_lcs_2,st_prop_durability:-10:pct
greh_armored_camo_outfit,up_sect_firstc_lcs_2,st_prop_weight:0.7:kg|ui_inv_outfit_wound_protection:3.48:pct
greh_armored_camo_outfit,up_sect_firstd_lcs_2,ui_inv_outfit_fire_wound_protection:3.2:pct|ui_inv_outfit_explosion_protection:2.25:pct|st_prop_weight:1:kg
greh_armored_camo_outfit,up_sect_firste_lcs_2,ui_inv_outfit_fire_wound_protection:3.2:pct|ui_inv_outfit_explosion_protection:2.25:pct|st_prop_weight:1:kg
greh_armored_camo_outfit,up_sect_firstf_lcs_2,st_prop_weight:0.7:kg|ui_inv_outfit_wound_protection:3.48:pct
greh_armored_camo_outfit,up_sect_secona_lcs_2,st_prop_weight:-3:kg
greh_armored_camo_outfit,up_sect_seconc_lcs_2,st_prop_weight:0.2:kg|ui_inv_outfit_shock_protection:4.08:pct
greh_armored_camo_outfit,up_sect_second_lcs_2,ui_inv_outfit_chemical_burn_protection:1.65:pct|st_prop_weight:0.2:kg
greh_armored_camo_outfit,up_sect_secone_lcs_2,st_prop_weight:0.2:kg|ui_inv_outfit_power_restore:120:microg
greh_armored_camo_outfit,up_sect_thirda_lcs_2,st_prop_artefact:1:num|st_prop_weight:0.4:kg
greh_armored_camo_outfit,up_sect_thirdc_lcs_2,st_prop_restore_bleeding:30:mlmin|st_prop_weight:0.5:kg
greh_armored_camo_outfit,up_sect_thirde_lcs_2,st_prop_artefact:1:num|st_prop_weight:0.4:kg
greh_armored_camo_outfit,up_sect_fourta_lcs_2,st_prop_weight:0.05:kg|ui_inv_outfit_radiation_protection:2.75:pct
greh_armored_camo_outfit,up_sect_fourtc_lcs_2,ui_inv_outfit_additional_weight:7:kg
greh_armored_outfit,up_sect_firsta_lcs_1,st_prop_weight:0.7:kg|ui_inv_outfit_wound_protection:3.48:pct
greh_armored_outfit,up_sect_firstc_lcs_1,st_prop_weight:-5:kg
greh_armored_outfit,up_sect_firstd_lcs_1,st_prop_durability:-10:pct
greh_armored_outfit,up_sect_firste_lcs_1,ui_inv_outfit_fire_wound_protection:3.2:pct|ui_inv_outfit_explosion_protection:4.5:pct|st_prop_weight:1.5:kg
greh_armored_outfit,up_sect_firstf_lcs_1,st_prop_weight:1.2:kg|ui_inv_outfit_wound_protection:6.96:pct
greh_armored_outfit,up_sect_secona_lcs_1,st_prop_durability:-10:pct
greh_armored_outfit,up_sect_seconc_lcs_1,st_prop_weight:0.2:kg|ui_inv_outfit_power_restore:60:microg
greh_armored_outfit,up_sect_second_lcs_1,ui_inv_outfit_burn_protection:5.75:pct|st_prop_weight:0.2:kg
greh_armored_outfit,up_sect_secone_lcs_1,ui_inv_outfit_chemical_burn_protection:1.65:pct|st_prop_weight:0.2:kg
greh_armored_outfit,up_sect_thirda_lcs_1,ui_inv_outfit_additional_weight:5:kg
greh_armored_outfit,up_sect_thirdc_lcs_1,st_prop_restore_bleeding:30:mlmin|st_prop_weight:0.5:kg
greh_armored_outfit,up_sect_thirde_lcs_1,st_prop_artefact:1:num|st_prop_weight:0.4:kg
greh_armored_outfit,up_sect_fourta_lcs_1,st_prop_weight:0.05:kg|ui_inv_outfit_radiation_protection:2.75:pct
greh_armored_outfit,up_sect_fourtc_lcs_1,st_prop_restore_health:1.5:healpct|st_prop_weight:1:kg
greh_exo_outfit,up_sect_firsta_exolight_1,st_prop_weight:0.7:kg|ui_inv_outfit_wound_protection:3.48:pct
greh_exo_outfit,up_sect_firstc_exolight_1,ui_inv_outfit_fire_wound_protection:3.2:pct|ui_inv_outfit_explosion_protection:2.25:pct|st_prop_weight:1:kg
greh_exo_outfit,up_sect_firstd_exolight_1,st_prop_durability:-10:pct
greh_exo_outfit,up_sect_firste_exolight_1,ui_inv_outfit_fire_wound_protection:3.2:pct|ui_inv_outfit_explosion_protection:2.25:pct|st_prop_weight:1:kg
greh_exo_outfit,up_sect_firstf_exolight_1,st_prop_weight:0.7:kg|ui_inv_outfit_wound_protection:3.48:pct
greh_exo_outfit,up_sect_secona_exolight_1,st_prop_weight:0.05:kg|ui_inv_outfit_telepatic_protection:2.12:pct
greh_exo_outfit,up_sect_seconc_exolight_1,st_prop_weight:0.1:kg|ui_inv_outfit_shock_protection:2.04:pct
greh_exo_outfit,up_sect_second_exolight_1,ui_inv_outfit_burn_protection:5.75:pct|st_prop_weight:0.2:kg
greh_exo_outfit,up_sect_secone_exolight_1,ui_inv_outfit_chemical_burn_protection:3.3:pct|st_prop_weight:0.2:kg
greh_exo_outfit,up_sect_seconf_exolight_1,st_prop_weight:0.15:kg|ui_inv_outfit_radiation_protection:5.5:pct
greh_exo_outfit,up_sect_thirda_exolight_1,st_prop_weight:0.2:kg|ui_inv_outfit_power_restore:60:microg
greh_exo_outfit,up_sect_thirdc_exolight_1,st_prop_artefact:1:num|st_prop_weight:0.4:kg
greh_exo_outfit,up_sect_thirde_exolight_1,st_prop_weight:-3:kg
greh_exo_outfit,up_sect_fourta_exolight_1,ui_inv_outfit_additional_weight:5:kg
greh_exo_outfit,up_sect_fourtc_exolight_1,ui_inv_outfit_fire_wound_protection:3.2:pct|ui_inv_outfit_explosion_protection:2.25:pct|st_prop_weight:1:kg
greh_exo_outfit,up_sect_fourtd_exolight_1,st_prop_durability:-10:pct
greh_exo_outfit,up_sect_fourte_exolight_1,st_prop_restore_bleeding:30:mlmin|st_prop_weight:0.5:kg
greh_exo_outfit,up_sect_fourtf_exolight_1,st_prop_restore_health:1.5:healpct|st_prop_weight:1:kg
greh_exo_outfit,up_sect_fiftha_exo_1,st_prop_weight:3.7:kg
greh_exo_outfit,up_sect_fifthc_exo_1,st_prop_weight:0.1:kg|ui_inv_outfit_telepatic_protection:4.25:pct
greh_exo_outfit,up_sect_fifthd_exo_1,st_prop_weight:0.05:kg|ui_inv_outfit_radiation_protection:2.75:pct
greh_exo_outfit,up_sect_fifthe_exo_1,st_prop_artefact:1:num|st_prop_weight:0.4:kg
greh_ps5_outfit,up_sect_firsta_ps5_1,ui_inv_outfit_fire_wound_protection:3.2:pct|ui_inv_outfit_explosion_protection:2.25:pct|st_prop_weight:1:kg
greh_ps5_outfit,up_sect_firstc_ps5_1,st_prop_durability:-10:pct
greh_ps5_outfit,up_sect_firste_ps5_1,ui_inv_outfit_fire_wound_protection:3.2:pct|ui_inv_outfit_explosion_protection:4.5:pct|st_prop_weight:1.5:kg
greh_ps5_outfit,up_sect_firstf_ps5_1,st_prop_weight:1.2:kg|ui_inv_outfit_wound_protection:6.96:pct
greh_ps5_outfit,up_sect_secona_ps5_1,st_prop_weight:0.7:kg|ui_inv_outfit_wound_protection:3.48:pct
greh_ps5_outfit,up_sect_seconc_ps5_1,st_prop_weight:-3:kg
greh_ps5_outfit,up_sect_second_ps5_1,st_prop_weight:0.2:kg|ui_inv_outfit_power_restore:60:microg
greh_ps5_outfit,up_sect_secone_ps5_1,ui_inv_outfit_fire_wound_protection:3.2:pct|ui_inv_outfit_explosion_protection:2.25:pct|st_prop_weight:1:kg
greh_ps5_outfit,up_sect_thirda_ps5_1,ui_inv_outfit_additional_weight:5:kg
greh_ps5_outfit,up_sect_thirdc_ps5_1,st_prop_restore_health:1.5:healpct|st_prop_weight:1:kg
greh_ps5_outfit,up_sect_thirde_ps5_1,st_prop_restore_bleeding:30:mlmin|st_prop_weight:0.5:kg
greh_trenchcoat_outfit,up_sect_firsta_ps5_1,ui_inv_outfit_fire_wound_protection:3.2:pct|ui_inv_outfit_explosion_protection:2.25:pct|st_prop_weight:1:kg
greh_trenchcoat_outfit,up_sect_firstc_ps5_1,st_prop_durability:-10:pct
greh_trenchcoat_outfit,up_sect_firste_ps5_1,ui_inv_outfit_fire_wound_protection:3.2:pct|ui_inv_outfit_explosion_protection:4.5:pct|st_prop_weight:1.5:kg
greh_trenchcoat_outfit,up_sect_firstf_ps5_1,st_prop_weight:1.2:kg|ui_inv_outfit_wound_protection:6.96:pct
greh_trenchcoat_outfit,up_sect_secona_ps5_1,st_prop_weight:0.7:kg|ui_inv_outfit_wound_protection:3.48:pct
greh_trenchcoat_outfit,up_sect_seconc_ps5_1,st_prop_weight:-3:kg
greh_trenchcoat_outfit,up_sect_second_ps5_1,st_prop_weight:0.2:kg|ui_inv_outfit_power_restore:60:microg
greh_trenchcoat_outfit,up_sect_secone_ps5_1,ui_inv_outfit_fire_wound_protection:3.2:pct|ui_inv_outfit_explosion_protection:2.25:pct|st_prop_weight:1:kg
greh_trenchcoat_outfit,up_sect_thirda_ps5_1,ui_inv_outfit_additional_weight:5:kg
greh_trenchcoat_outfit,up_sect_thirdc_ps5_1,st_prop_restore_health:1.5:healpct|st_prop_weight:1:kg
greh_trenchcoat_outfit,up_sect_thirde_ps5_1,st_prop_restore_bleeding:30:mlmin|st_prop_weight:0.5:kg
helm_ach7,up_sect_firsta_helm_resp_3,ui_inv_outfit_burn_protection:11.5:pct|st_prop_weight:0.2:kg
helm_ach7,up_sect_firstc_helm_resp_3,st_prop_weight:0.1:kg|ui_inv_outfit_telepatic_protection:4.25:pct
helm_ach7ex,up_sect_firsta_helm_resp_4,st_prop_weight:0.2:kg|ui_inv_outfit_power_restore:120:microg
helm_ach7ex,up_sect_firstc_helm_resp_4,ui_inv_outfit_chemical_burn_protection:3.3:pct|st_prop_weight:0.2:kg
helm_ach7ex,up_sect_firstd_helm_resp_4,st_prop_weight:0.15:kg|ui_inv_outfit_radiation_protection:5.5:pct
helm_ach7ex,up_sect_firste_helm_resp_4,st_prop_weight:0.1:kg|ui_inv_outfit_telepatic_protection:4.25:pct
helm_ach7ex,up_sect_firstf_helm_resp_4,ui_inv_outfit_burn_protection:11.5:pct|st_prop_weight:0.2:kg
helm_battle,up_sect_firsta_helm_resp_4,st_prop_weight:0.2:kg|ui_inv_outfit_power_restore:120:microg
helm_battle,up_sect_firstc_helm_resp_4,ui_inv_outfit_chemical_burn_protection:3.3:pct|st_prop_weight:0.2:kg
helm_battle,up_sect_firstd_helm_resp_4,st_prop_weight:0.15:kg|ui_inv_outfit_radiation_protection:5.5:pct
helm_battle,up_sect_firste_helm_resp_4,st_prop_weight:0.1:kg|ui_inv_outfit_telepatic_protection:4.25:pct
helm_battle,up_sect_firstf_helm_resp_4,ui_inv_outfit_burn_protection:11.5:pct|st_prop_weight:0.2:kg
helm_exo,up_sect_firsta_helm_resp_4,st_prop_weight:0.2:kg|ui_inv_outfit_power_restore:120:microg
helm_exo,up_sect_firstc_helm_resp_4,ui_inv_outfit_chemical_burn_protection:3.3:pct|st_prop_weight:0.2:kg
helm_exo,up_sect_firstd_helm_resp_4,st_prop_weight:0.15:kg|ui_inv_outfit_radiation_protection:5.5:pct
helm_exo,up_sect_firste_helm_resp_4,st_prop_weight:0.1:kg|ui_inv_outfit_telepatic_protection:4.25:pct
helm_exo,up_sect_firstf_helm_resp_4,ui_inv_outfit_burn_protection:11.5:pct|st_prop_weight:0.2:kg
helm_hardhat,up_sect_firsta_helm_resp_3,ui_inv_outfit_burn_protection:11.5:pct|st_prop_weight:0.2:kg
helm_hardhat,up_sect_firstc_helm_resp_3,st_prop_weight:0.1:kg|ui_inv_outfit_telepatic_protection:4.25:pct
helm_hardhat_snag,up_sect_firsta_helm_resp_3,ui_inv_outfit_burn_protection:11.5:pct|st_prop_weight:0.2:kg
helm_hardhat_snag,up_sect_firstc_helm_resp_3,st_prop_weight:0.1:kg|ui_inv_outfit_telepatic_protection:4.25:pct
helm_m40,up_sect_firsta_helm_resp_2,st_prop_weight:0.2:kg|ui_inv_outfit_power_restore:120:microg
helm_m40,up_sect_firstc_helm_resp_2,ui_inv_outfit_chemical_burn_protection:3.3:pct|st_prop_weight:0.2:kg
helm_m40,up_sect_firstd_helm_resp_2,st_prop_weight:0.15:kg|ui_inv_outfit_radiation_protection:5.5:pct
helm_m40,up_sect_firste_helm_resp_2,st_prop_weight:0.1:kg|ui_inv_outfit_telepatic_protection:4.25:pct
helm_m50,up_sect_firsta_helm_resp_2,st_prop_weight:0.2:kg|ui_inv_outfit_power_restore:120:microg
helm_m50,up_sect_firstc_helm_resp_2,ui_inv_outfit_chemical_burn_protection:3.3:pct|st_prop_weight:0.2:kg
helm_m50,up_sect_firstd_helm_resp_2,st_prop_weight:0.15:kg|ui_inv_outfit_radiation_protection:5.5:pct
helm_m50,up_sect_firste_helm_resp_2,st_prop_weight:0.1:kg|ui_inv_outfit_telepatic_protection:4.25:pct
helm_metro,up_sect_firsta_helm_resp_4,st_prop_weight:0.2:kg|ui_inv_outfit_power_restore:120:microg
helm_metro,up_sect_firstc_helm_resp_4,ui_inv_outfit_chemical_burn_protection:3.3:pct|st_prop_weight:0.2:kg
helm_metro,up_sect_firstd_helm_resp_4,st_prop_weight:0.15:kg|ui_inv_outfit_radiation_protection:5.5:pct
helm_metro,up_sect_firste_helm_resp_4,st_prop_weight:0.1:kg|ui_inv_outfit_telepatic_protection:4.25:pct
helm_metro,up_sect_firstf_helm_resp_4,ui_inv_outfit_burn_protection:11.5:pct|st_prop_weight:0.2:kg
helm_ppm88,up_sect_firsta_helm_resp_2,st_prop_weight:0.2:kg|ui_inv_outfit_power_restore:120:microg
helm_ppm88,up_sect_firstc_helm_resp_2,ui_inv_outfit_chemical_burn_protection:3.3:pct|st_prop_weight:0.2:kg
helm_ppm88,up_sect_firstd_helm_resp_2,st_prop_weight:0.15:kg|ui_inv_outfit_radiation_protection:5.5:pct
helm_ppm88,up_sect_firste_helm_resp_2,st_prop_weight:0.1:kg|ui_inv_outfit_telepatic_protection:4.25:pct
helm_protective,up_sect_firsta_helm_resp_2,st_prop_weight:0.2:kg|ui_inv_outfit_power_restore:120:microg
helm_protective,up_sect_firstc_helm_resp_2,ui_inv_outfit_chemical_burn_protection:3.3:pct|st_prop_weight:0.2:kg
helm_protective,up_sect_firstd_helm_resp_2,st_prop_weight:0.15:kg|ui_inv_outfit_radiation_protection:5.5:pct
helm_protective,up_sect_firste_helm_resp_2,st_prop_weight:0.1:kg|ui_inv_outfit_telepatic_protection:4.25:pct
helm_ranger,up_sect_firsta_helm_resp_2,st_prop_weight:0.2:kg|ui_inv_outfit_power_restore:120:microg
helm_ranger,up_sect_firstc_helm_resp_2,ui_inv_outfit_chemical_burn_protection:3.3:pct|st_prop_weight:0.2:kg
helm_ranger,up_sect_firstd_helm_resp_2,st_prop_weight:0.15:kg|ui_inv_outfit_radiation_protection:5.5:pct
helm_ranger,up_sect_firste_helm_resp_2,st_prop_weight:0.1:kg|ui_inv_outfit_telepatic_protection:4.25:pct
helm_resp,up_sect_firsta_helm_resp_1,st_prop_weight:0.2:kg|ui_inv_outfit_power_restore:120:microg
helm_resp,up_sect_firstc_helm_resp_1,st_prop_weight:0.15:kg|ui_inv_outfit_radiation_protection:5.5:pct
helm_respirator,up_sect_firsta_helm_resp_2,st_prop_weight:0.2:kg|ui_inv_outfit_power_restore:120:microg
helm_respirator,up_sect_firstc_helm_resp_2,ui_inv_outfit_chemical_burn_protection:3.3:pct|st_prop_weight:0.2:kg
helm_respirator,up_sect_firstd_helm_resp_2,st_prop_weight:0.15:kg|ui_inv_outfit_radiation_protection:5.5:pct
helm_respirator,up_sect_firste_helm_resp_2,st_prop_weight:0.1:kg|ui_inv_outfit_telepatic_protection:4.25:pct
helm_respirator_gp5,up_sect_firsta_helm_resp_2,st_prop_weight:0.2:kg|ui_inv_outfit_power_restore:120:microg
helm_respirator_gp5,up_sect_firstc_helm_resp_2,ui_inv_outfit_chemical_burn_protection:3.3:pct|st_prop_weight:0.2:kg
helm_respirator_gp5,up_sect_firstd_helm_resp_2,st_prop_weight:0.15:kg|ui_inv_outfit_radiation_protection:5.5:pct
helm_respirator_gp5,up_sect_firste_helm_resp_2,st_prop_weight:0.1:kg|ui_inv_outfit_telepatic_protection:4.25:pct
helm_respirator_old,up_sect_firsta_helm_resp_2,st_prop_weight:0.2:kg|ui_inv_outfit_power_restore:120:microg
helm_respirator_old,up_sect_firstc_helm_resp_2,ui_inv_outfit_chemical_burn_protection:3.3:pct|st_prop_weight:0.2:kg
helm_respirator_old,up_sect_firstd_helm_resp_2,st_prop_weight:0.15:kg|ui_inv_outfit_radiation_protection:5.5:pct
helm_respirator_old,up_sect_firste_helm_resp_2,st_prop_weight:0.1:kg|ui_inv_outfit_telepatic_protection:4.25:pct
helm_spartan,up_sect_firsta_helm_resp_4,st_prop_weight:0.2:kg|ui_inv_outfit_power_restore:120:microg
helm_spartan,up_sect_firstc_helm_resp_4,ui_inv_outfit_chemical_burn_protection:3.3:pct|st_prop_weight:0.2:kg
helm_spartan,up_sect_firstd_helm_resp_4,st_prop_weight:0.15:kg|ui_inv_outfit_radiation_protection:5.5:pct
helm_spartan,up_sect_firste_helm_resp_4,st_prop_weight:0.1:kg|ui_inv_outfit_telepatic_protection:4.25:pct
helm_spartan,up_sect_firstf_helm_resp_4,ui_inv_outfit_burn_protection:11.5:pct|st_prop_weight:0.2:kg
helm_tactic,up_sect_firsta_helm_resp_4,st_prop_weight:0.2:kg|ui_inv_outfit_power_restore:120:microg
helm_tactic,up_sect_firstc_helm_resp_4,ui_inv_outfit_chemical_burn_protection:3.3:pct|st_prop_weight:0.2:kg
helm_tactic,up_sect_firstd_helm_resp_4,st_prop_weight:0.15:kg|ui_inv_outfit_radiation_protection:5.5:pct
helm_tactic,up_sect_firste_helm_resp_4,st_prop_weight:0.1:kg|ui_inv_outfit_telepatic_protection:4.25:pct
helm_tactic,up_sect_firstf_helm_resp_4,ui_inv_outfit_burn_protection:11.5:pct|st_prop_weight:0.2:kg
hybrid_outfit,up_sect_firsta_seva_1,ui_inv_outfit_fire_wound_protection:3.2:pct|ui_inv_outfit_explosion_protection:2.25:pct|st_prop_weight:1:kg
hybrid_outfit,up_sect_firstc_seva_1,st_prop_weight:0.7:kg|ui_inv_outfit_wound_protection:3.48:pct
hybrid_outfit,up_sect_firstd_seva_1,st_prop_durability:-10:pct
hybrid_outfit,up_sect_firste_seva_1,ui_inv_outfit_fire_wound_protection:3.2:pct|ui_inv_outfit_explosion_protection:4.5:pct|st_prop_weight:1.5:kg
hybrid_outfit,up_sect_firstf_seva_1,st_prop_weight:-5:kg
hybrid_outfit,up_sect_secona_seva_1,st_prop_durability:-10:pct
hybrid_outfit,up_sect_seconc_seva_1,st_prop_weight:0.2:kg|ui_inv_outfit_shock_protection:4.08:pct
hybrid_outfit,up_sect_second_seva_1,ui_inv_outfit_burn_protection:5.75:pct|st_prop_weight:0.2:kg
hybrid_outfit,up_sect_secone_seva_1,ui_inv_outfit_chemical_burn_protection:3.3:pct|st_prop_weight:0.2:kg
hybrid_outfit,up_sect_seconf_seva_1,st_prop_weight:0.15:kg|ui_inv_outfit_radiation_protection:5.5:pct
hybrid_outfit,up_sect_thirda_seva_1,st_prop_weight:0.2:kg|ui_inv_outfit_power_restore:60:microg
hybrid_outfit,up_sect_thirdc_seva_1,ui_inv_outfit_additional_weight:7:kg
hybrid_outfit,up_sect_thirdd_seva_1,st_prop_artefact:1:num|st_prop_weight:0.4:kg
hybrid_outfit,up_sect_thirde_seva_1,st_prop_artefact:1:num|st_prop_weight:0.4:kg
hybrid_outfit,up_sect_fourta_seva_1,st_prop_weight:0.05:kg|ui_inv_outfit_radiation_protection:2.75:pct
hybrid_outfit,up_sect_fourtc_seva_1,st_prop_weight:0.05:kg|ui_inv_outfit_telepatic_protection:2.12:pct
hybrid_outfit,up_sect_fourte_seva_1,st_prop_restore_bleeding:60:mlmin|st_prop_weight:1.5:kg
isg_camo_outfit,up_sect_firsta_sts_2,ui_inv_outfit_fire_wound_protection:3.2:pct|ui_inv_outfit_explosion_protection:2.25:pct|st_prop_weight:1:kg
isg_camo_outfit,up_sect_firstc_sts_2,st_prop_weight:0.7:kg|ui_inv_outfit_wound_protection:3.48:pct
isg_camo_outfit,up_sect_firste_sts_2,ui_inv_outfit_fire_wound_protection:3.2:pct|ui_inv_outfit_explosion_protection:2.25:pct|st_prop_weight:1:kg
isg_camo_outfit,up_sect_firstf_sts_2,st_prop_weight:0.7:kg|ui_inv_outfit_wound_protection:3.48:pct
isg_camo_outfit,up_sect_secona_sts_2,st_prop_weight:0.1:kg|ui_inv_outfit_shock_protection:2.04:pct
isg_camo_outfit,up_sect_seconc_sts_2,st_prop_weight:0.15:kg|ui_inv_outfit_radiation_protection:5.5:pct
isg_camo_outfit,up_sect_second_sts_2,ui_inv_outfit_burn_protection:11.5:pct|st_prop_weight:0.2:kg
isg_camo_outfit,up_sect_secone_sts_2,ui_inv_outfit_chemical_burn_protection:3.3:pct|st_prop_weight:0.2:kg
isg_camo_outfit,up_sect_seconf_sts_2,st_prop_weight:0.2:kg|ui_inv_outfit_shock_protection:4.08:pct
isg_camo_outfit,up_sect_thirda_sts_2,st_prop_weight:-3:kg
isg_camo_outfit,up_sect_thirdc_sts_2,ui_inv_outfit_additional_weight:7:kg
isg_camo_outfit,up_sect_thirdd_sts_2,st_prop_durability:-10:pct
isg_camo_outfit,up_sect_thirde_sts_2,st_prop_artefact:2:num|st_prop_weight:0.9:kg
isg_exo_outfit,up_sect_firsta_exolight_1,st_prop_weight:0.7:kg|ui_inv_outfit_wound_protection:3.48:pct
isg_exo_outfit,up_sect_firstc_exolight_1,ui_inv_outfit_fire_wound_protection:3.2:pct|ui_inv_outfit_explosion_protection:2.25:pct|st_prop_weight:1:kg
isg_exo_outfit,up_sect_firstd_exolight_1,st_prop_durability:-10:pct
isg_exo_outfit,up_sect_firste_exolight_1,ui_inv_outfit_fire_wound_protection:3.2:pct|ui_inv_outfit_explosion_protection:2.25:pct|st_prop_weight:1:kg
isg_exo_outfit,up_sect_firstf_exolight_1,st_prop_weight:0.7:kg|ui_inv_outfit_wound_protection:3.48:pct
isg_exo_outfit,up_sect_secona_exolight_1,st_prop_weight:0.05:kg|ui_inv_outfit_telepatic_protection:2.12:pct
isg_exo_outfit,up_sect_seconc_exolight_1,st_prop_weight:0.1:kg|ui_inv_outfit_shock_protection:2.04:pct
isg_exo_outfit,up_sect_second_exolight_1,ui_inv_outfit_burn_protection:5.75:pct|st_prop_weight:0.2:kg
isg_exo_outfit,up_sect_secone_exolight_1,ui_inv_outfit_chemical_burn_protection:3.3:pct|st_prop_weight:0.2:kg
isg_exo_outfit,up_sect_seconf_exolight_1,st_prop_weight:0.15:kg|ui_inv_outfit_radiation_protection:5.5:pct
isg_exo_outfit,up_sect_thirda_exolight_1,st_prop_weight:0.2:kg|ui_inv_outfit_power_restore:60:microg
isg_exo_outfit,up_sect_thirdc_exolight_1,st_prop_artefact:1:num|st_prop_weight:0.4:kg
isg_exo_outfit,up_sect_thirde_exolight_1,st_prop_weight:-3:kg
isg_exo_outfit,up_sect_fourta_exolight_1,ui_inv_outfit_additional_weight:5:kg
isg_exo_outfit,up_sect_fourtc_exolight_1,ui_inv_outfit_fire_wound_protection:3.2:pct|ui_inv_outfit_explosion_protection:2.25:pct|st_prop_weight:1:kg
isg_exo_outfit,up_sect_fourtd_exolight_1,st_prop_durability:-10:pct
isg_exo_outfit,up_sect_fourte_exolight_1,st_prop_restore_bleeding:30:mlmin|st_prop_weight:0.5:kg
isg_exo_outfit,up_sect_fourtf_exolight_1,st_prop_restore_health:1.5:healpct|st_prop_weight:1:kg
isg_exo_outfit,up_sect_fiftha_exo_1,st_prop_weight:3.7:kg
isg_exo_outfit,up_sect_fifthc_exo_1,st_prop_weight:0.1:kg|ui_inv_outfit_telepatic_protection:4.25:pct
isg_exo_outfit,up_sect_fifthd_exo_1,st_prop_weight:0.05:kg|ui_inv_outfit_radiation_protection:2.75:pct
isg_exo_outfit,up_sect_fifthe_exo_1,st_prop_artefact:1:num|st_prop_weight:0.4:kg
isg_exolight_outfit,up_sect_firsta_exolight_1,st_prop_weight:0.7:kg|ui_inv_outfit_wound_protection:3.48:pct
isg_exolight_outfit,up_sect_firstc_exolight_1,ui_inv_outfit_fire_wound_protection:3.2:pct|ui_inv_outfit_explosion_protection:2.25:pct|st_prop_weight:1:kg
isg_exolight_outfit,up_sect_firstd_exolight_1,st_prop_durability:-10:pct
isg_exolight_outfit,up_sect_firste_exolight_1,ui_inv_outfit_fire_wound_protection:3.2:pct|ui_inv_outfit_explosion_protection:2.25:pct|st_prop_weight:1:kg
isg_exolight_outfit,up_sect_firstf_exolight_1,st_prop_weight:0.7:kg|ui_inv_outfit_wound_protection:3.48:pct
isg_exolight_outfit,up_sect_secona_exolight_1,st_prop_weight:0.05:kg|ui_inv_outfit_telepatic_protection:2.12:pct
isg_exolight_outfit,up_sect_seconc_exolight_1,st_prop_weight:0.1:kg|ui_inv_outfit_shock_protection:2.04:pct
isg_exolight_outfit,up_sect_second_exolight_1,ui_inv_outfit_burn_protection:5.75:pct|st_prop_weight:0.2:kg
isg_exolight_outfit,up_sect_secone_exolight_1,ui_inv_outfit_chemical_burn_protection:3.3:pct|st_prop_weight:0.2:kg
isg_exolight_outfit,up_sect_seconf_exolight_1,st_prop_weight:0.15:kg|ui_inv_outfit_radiation_protection:5.5:pct
isg_exolight_outfit,up_sect_thirda_exolight_1,st_prop_weight:0.2:kg|ui_inv_outfit_power_restore:60:microg
isg_exolight_outfit,up_sect_thirdc_exolight_1,st_prop_artefact:1:num|st_prop_weight:0.4:kg
isg_exolight_outfit,up_sect_thirde_exolight_1,st_prop_weight:-3:kg
isg_exolight_outfit,up_sect_fourta_exolight_1,ui_inv_outfit_additional_weight:5:kg
isg_exolight_outfit,up_sect_fourtc_exolight_1,ui_inv_outfit_fire_wound_protection:3.2:pct|ui_inv_outfit_explosion_protection:2.25:pct|st_prop_weight:1:kg
isg_exolight_outfit,up_sect_fourtd_exolight_1,st_prop_durability:-10:pct
isg_exolight_outfit,up_sect_fourte_exolight_1,st_prop_restore_bleeding:30:mlmin|st_prop_weight:0.5:kg
isg_exolight_outfit,up_sect_fourtf_exolight_1,st_prop_restore_health:1.5:healpct|st_prop_weight:1:kg
isg_lcs_camo_outfit,up_sect_firsta_lcs_2,st_prop_durability:-10:pct
isg_lcs_camo_outfit,up_sect_firstc_lcs_2,st_prop_weight:0.7:kg|ui_inv_outfit_wound_protection:3.48:pct
isg_lcs_camo_outfit,up_sect_firstd_lcs_2,ui_inv_outfit_fire_wound_protection:3.2:pct|ui_inv_outfit_explosion_protection:2.25:pct|st_prop_weight:1:kg
isg_lcs_camo_outfit,up_sect_firste_lcs_2,ui_inv_outfit_fire_wound_protection:3.2:pct|ui_inv_outfit_explosion_protection:2.25:pct|st_prop_weight:1:kg
isg_lcs_camo_outfit,up_sect_firstf_lcs_2,st_prop_weight:0.7:kg|ui_inv_outfit_wound_protection:3.48:pct
isg_lcs_camo_outfit,up_sect_secona_lcs_2,st_prop_weight:-3:kg
isg_lcs_camo_outfit,up_sect_seconc_lcs_2,st_prop_weight:0.2:kg|ui_inv_outfit_shock_protection:4.08:pct
isg_lcs_camo_outfit,up_sect_second_lcs_2,ui_inv_outfit_chemical_burn_protection:1.65:pct|st_prop_weight:0.2:kg
isg_lcs_camo_outfit,up_sect_secone_lcs_2,st_prop_weight:0.2:kg|ui_inv_outfit_power_restore:120:microg
isg_lcs_camo_outfit,up_sect_thirda_lcs_2,st_prop_artefact:1:num|st_prop_weight:0.4:kg
isg_lcs_camo_outfit,up_sect_thirdc_lcs_2,st_prop_restore_bleeding:30:mlmin|st_prop_weight:0.5:kg
isg_lcs_camo_outfit,up_sect_thirde_lcs_2,st_prop_artefact:1:num|st_prop_weight:0.4:kg
isg_lcs_camo_outfit,up_sect_fourta_lcs_2,st_prop_weight:0.05:kg|ui_inv_outfit_radiation_protection:2.75:pct
isg_lcs_camo_outfit,up_sect_fourtc_lcs_2,ui_inv_outfit_additional_weight:7:kg
isg_lcs_outfit,up_sect_firsta_lcs_1,st_prop_weight:0.7:kg|ui_inv_outfit_wound_protection:3.48:pct
isg_lcs_outfit,up_sect_firstc_lcs_1,st_prop_weight:-5:kg
isg_lcs_outfit,up_sect_firstd_lcs_1,st_prop_durability:-10:pct
isg_lcs_outfit,up_sect_firste_lcs_1,ui_inv_outfit_fire_wound_protection:3.2:pct|ui_inv_outfit_explosion_protection:4.5:pct|st_prop_weight:1.5:kg
isg_lcs_outfit,up_sect_firstf_lcs_1,st_prop_weight:1.2:kg|ui_inv_outfit_wound_protection:6.96:pct
isg_lcs_outfit,up_sect_secona_lcs_1,st_prop_durability:-10:pct
isg_lcs_outfit,up_sect_seconc_lcs_1,st_prop_weight:0.2:kg|ui_inv_outfit_power_restore:60:microg
isg_lcs_outfit,up_sect_second_lcs_1,ui_inv_outfit_burn_protection:5.75:pct|st_prop_weight:0.2:kg
isg_lcs_outfit,up_sect_secone_lcs_1,ui_inv_outfit_chemical_burn_protection:1.65:pct|st_prop_weight:0.2:kg
isg_lcs_outfit,up_sect_thirda_lcs_1,ui_inv_outfit_additional_weight:5:kg
isg_lcs_outfit,up_sect_thirdc_lcs_1,st_prop_restore_bleeding:30:mlmin|st_prop_weight:0.5:kg
isg_lcs_outfit,up_sect_thirde_lcs_1,st_prop_artefact:1:num|st_prop_weight:0.4:kg
isg_lcs_outfit,up_sect_fourta_lcs_1,st_prop_weight:0.05:kg|ui_inv_outfit_radiation_protection:2.75:pct
isg_lcs_outfit,up_sect_fourtc_lcs_1,st_prop_restore_health:1.5:healpct|st_prop_weight:1:kg
isg_lcs_urban_outfit,up_sect_firsta_lcs_3,st_prop_durability:-10:pct
isg_lcs_urban_outfit,up_sect_firstc_lcs_3,st_prop_weight:0.7:kg|ui_inv_outfit_wound_protection:3.48:pct
isg_lcs_urban_outfit,up_sect_firstd_lcs_3,ui_inv_outfit_fire_wound_protection:3.2:pct|ui_inv_outfit_explosion_protection:2.25:pct|st_prop_weight:1:kg
isg_lcs_urban_outfit,up_sect_firste_lcs_3,ui_inv_outfit_fire_wound_protection:3.2:pct|ui_inv_outfit_explosion_protection:4.5:pct|st_prop_weight:1.5:kg
isg_lcs_urban_outfit,up_sect_firstf_lcs_3,st_prop_weight:1.2:kg|ui_inv_outfit_wound_protection:6.96:pct
isg_lcs_urban_outfit,up_sect_secona_lcs_3,st_prop_weight:-3:kg
isg_lcs_urban_outfit,up_sect_seconc_lcs_3,st_prop_weight:0.05:kg|ui_inv_outfit_radiation_protection:2.75:pct
isg_lcs_urban_outfit,up_sect_second_lcs_3,st_prop_weight:0.1:kg|ui_inv_outfit_shock_protection:2.04:pct
isg_lcs_urban_outfit,up_sect_secone_lcs_3,st_prop_durability:-10:pct
isg_lcs_urban_outfit,up_sect_thirda_lcs_3,st_prop_artefact:1:num|st_prop_weight:0.4:kg
isg_lcs_urban_outfit,up_sect_thirdc_lcs_3,ui_inv_outfit_burn_protection:5.75:pct|st_prop_weight:0.2:kg
isg_lcs_urban_outfit,up_sect_thirde_lcs_3,st_prop_restore_health:1.5:healpct|st_prop_weight:1:kg
isg_lcs_urban_outfit,up_sect_fourta_lcs_3,st_prop_weight:0.2:kg|ui_inv_outfit_power_restore:60:microg
isg_lcs_urban_outfit,up_sect_fourtc_lcs_3,st_prop_weight:-3:kg
isg_nosorog_outfit,up_sect_firsta_exolight_1,st_prop_weight:0.7:kg|ui_inv_outfit_wound_protection:3.48:pct
isg_nosorog_outfit,up_sect_firstc_exolight_1,ui_inv_outfit_fire_wound_protection:3.2:pct|ui_inv_outfit_explosion_protection:2.25:pct|st_prop_weight:1:kg
isg_nosorog_outfit,up_sect_firstd_exolight_1,st_prop_durability:-10:pct
isg_nosorog_outfit,up_sect_firste_exolight_1,ui_inv_outfit_fire_wound_protection:3.2:pct|ui_inv_outfit_explosion_protection:2.25:pct|st_prop_weight:1:kg
isg_nosorog_outfit,up_sect_firstf_exolight_1,st_prop_weight:0.7:kg|ui_inv_outfit_wound_protection:3.48:pct
isg_nosorog_outfit,up_sect_secona_exolight_1,st_prop_weight:0.05:kg|ui_inv_outfit_telepatic_protection:2.12:pct
isg_nosorog_outfit,up_sect_seconc_exolight_1,st_prop_weight:0.1:kg|ui_inv_outfit_shock_protection:2.04:pct
isg_nosorog_outfit,up_sect_second_exolight_1,ui_inv_outfit_burn_protection:5.75:pct|st_prop_weight:0.2:kg
isg_nosorog_outfit,up_sect_secone_exolight_1,ui_inv_outfit_chemical_burn_protection:3.3:pct|st_prop_weight:0.2:kg
isg_nosorog_outfit,up_sect_seconf_exolight_1,st_prop_weight:0.15:kg|ui_inv_outfit_radiation_protection:5.5:pct
isg_nosorog_outfit,up_sect_thirda_exolight_1,st_prop_weight:0.2:kg|ui_inv_outfit_power_restore:60:microg
isg_nosorog_outfit,up_sect_thirdc_exolight_1,st_prop_artefact:1:num|st_prop_weight:0.4:kg
isg_nosorog_outfit,up_sect_thirde_exolight_1,st_prop_weight:-3:kg
isg_nosorog_outfit,up_sect_fourta_exolight_1,ui_inv_outfit_additional_weight:5:kg
isg_nosorog_outfit,up_sect_fourtc_exolight_1,ui_inv_outfit_fire_wound_protection:3.2:pct|ui_inv_outfit_explosion_protection:2.25:pct|st_prop_weight:1:kg
isg_nosorog_outfit,up_sect_fourtd_exolight_1,st_prop_durability:-10:pct
isg_nosorog_outfit,up_sect_fourte_exolight_1,st_prop_restore_bleeding:30:mlmin|st_prop_weight:0.5:kg
isg_nosorog_outfit,up_sect_fourtf_exolight_1,st_prop_restore_health:1.5:healpct|st_prop_weight:1:kg
isg_nosorog_outfit,up_sect_fiftha_nosorog_1,st_prop_artefact:1:num|st_prop_weight:0.4:kg
isg_nosorog_outfit,up_sect_fifthc_nosorog_1,st_prop_weight:0.1:kg|ui_inv_outfit_telepatic_protection:4.25:pct
isg_nosorog_outfit,up_sect_fifthd_nosorog_1,st_prop_weight:0.05:kg|ui_inv_outfit_radiation_protection:2.75:pct
isg_nosorog_outfit,up_sect_fifthe_nosorog_1,st_prop_weight:3.7:kg
isg_outfit,up_sect_firsta_sts_1,st_prop_durability:-10:pct
isg_outfit,up_sect_firstc_sts_1,st_prop_weight:0.7:kg|ui_inv_outfit_wound_protection:3.48:pct
isg_outfit,up_sect_firste_sts_1,ui_inv_outfit_fire_wound_protection:3.2:pct|ui_inv_outfit_explosion_protection:2.25:pct|st_prop_weight:1:kg
isg_outfit,up_sect_firstf_sts_1,st_prop_weight:0.7:kg|ui_inv_outfit_wound_protection:3.48:pct
isg_outfit,up_sect_secona_sts_1,st_prop_weight:-3:kg
isg_outfit,up_sect_seconc_sts_1,ui_inv_outfit_burn_protection:11.5:pct|st_prop_weight:0.2:kg
isg_outfit,up_sect_second_sts_1,st_prop_weight:0.2:kg|ui_inv_outfit_shock_protection:4.08:pct
isg_outfit,up_sect_secone_sts_1,ui_inv_outfit_chemical_burn_protection:3.3:pct|st_prop_weight:0.2:kg
isg_outfit,up_sect_seconf_sts_1,st_prop_weight:0.15:kg|ui_inv_outfit_radiation_protection:5.5:pct
isg_outfit,up_sect_thirda_sts_1,ui_inv_outfit_chemical_burn_protection:1.65:pct|st_prop_weight:0.2:kg
isg_outfit,up_sect_thirdc_sts_1,ui_inv_outfit_additional_weight:7:kg
isg_outfit,up_sect_thirdd_sts_1,st_prop_artefact:1:num|st_prop_weight:0.4:kg
isg_outfit,up_sect_thirde_sts_1,st_prop_artefact:1:num|st_prop_weight:0.4:kg
isg_proto_exo_outfit,up_sect_firsta_sts_1,st_prop_durability:-10:pct
isg_proto_exo_outfit,up_sect_firstc_sts_1,st_prop_weight:0.7:kg|ui_inv_outfit_wound_protection:3.48:pct
isg_proto_exo_outfit,up_sect_firste_sts_1,ui_inv_outfit_fire_wound_protection:3.2:pct|ui_inv_outfit_explosion_protection:2.25:pct|st_prop_weight:1:kg
isg_proto_exo_outfit,up_sect_firstf_sts_1,st_prop_weight:0.7:kg|ui_inv_outfit_wound_protection:3.48:pct
isg_proto_exo_outfit,up_sect_secona_sts_1,st_prop_weight:-3:kg
isg_proto_exo_outfit,up_sect_seconc_sts_1,ui_inv_outfit_burn_protection:11.5:pct|st_prop_weight:0.2:kg
isg_proto_exo_outfit,up_sect_second_sts_1,st_prop_weight:0.2:kg|ui_inv_outfit_shock_protection:4.08:pct
isg_proto_exo_outfit,up_sect_secone_sts_1,ui_inv_outfit_chemical_burn_protection:3.3:pct|st_prop_weight:0.2:kg
isg_proto_exo_outfit,up_sect_seconf_sts_1,st_prop_weight:0.15:kg|ui_inv_outfit_radiation_protection:5.5:pct
isg_proto_exo_outfit,up_sect_thirda_sts_1,ui_inv_outfit_chemical_burn_protection:1.65:pct|st_prop_weight:0.2:kg
isg_proto_exo_outfit,up_sect_thirdc_sts_1,ui_inv_outfit_additional_weight:7:kg
isg_proto_exo_outfit,up_sect_thirdd_sts_1,st_prop_artefact:1:num|st_prop_weight:0.4:kg
isg_proto_exo_outfit,up_sect_thirde_sts_1,st_prop_artefact:1:num|st_prop_weight:0.4:kg
isg_proto_exo_outfit,up_sect_fourta_sts_proto_1,st_prop_artefact:1:num|st_prop_weight:0.4:kg
isg_proto_exo_outfit,up_sect_fourtc_sts_proto_1,st_prop_weight:3.7:kg
isg_scientific_outfit,up_sect_firsta_seva_2,st_prop_weight:0.7:kg|ui_inv_outfit_wound_protection:3.48:pct
isg_scientific_outfit,up_sect_firstc_seva_2,ui_inv_outfit_fire_wound_protection:3.2:pct|ui_inv_outfit_explosion_protection:2.25:pct|st_prop_weight:1:kg
isg_scientific_outfit,up_sect_firstd_seva_2,st_prop_weight:0.7:kg|ui_inv_outfit_wound_protection:3.48:pct
isg_scientific_outfit,up_sect_firste_seva_2,ui_inv_outfit_fire_wound_protection:3.2:pct|ui_inv_outfit_explosion_protection:4.5:pct|st_prop_weight:1.5:kg
isg_scientific_outfit,up_sect_firstf_seva_2,st_prop_durability:-10:pct
isg_scientific_outfit,up_sect_secona_seva_2,ui_inv_outfit_chemical_burn_protection:1.65:pct|st_prop_weight:0.2:kg
isg_scientific_outfit,up_sect_seconc_seva_2,st_prop_weight:0.05:kg|ui_inv_outfit_radiation_protection:2.75:pct
isg_scientific_outfit,up_sect_second_seva_2,st_prop_weight:0.05:kg|ui_inv_outfit_telepatic_protection:2.12:pct
isg_scientific_outfit,up_sect_secone_seva_2,ui_inv_outfit_burn_protection:11.5:pct|st_prop_weight:0.2:kg
isg_scientific_outfit,up_sect_seconf_seva_2,st_prop_weight:0.2:kg|ui_inv_outfit_shock_protection:4.08:pct
isg_scientific_outfit,up_sect_thirda_seva_2,st_prop_artefact:1:num|st_prop_weight:0.4:kg
isg_scientific_outfit,up_sect_thirdc_seva_2,ui_inv_outfit_chemical_burn_protection:1.65:pct|st_prop_weight:0.2:kg
isg_scientific_outfit,up_sect_thirdd_seva_2,st_prop_artefact:1:num|st_prop_weight:0.4:kg
isg_scientific_outfit,up_sect_thirde_seva_2,st_prop_restore_health:1.5:healpct|st_prop_weight:1:kg
isg_scientific_outfit,up_sect_fourta_seva_2,st_prop_weight:0.05:kg|ui_inv_outfit_radiation_protection:2.75:pct
isg_scientific_outfit,up_sect_fourtc_seva_2,st_prop_weight:0.05:kg|ui_inv_outfit_telepatic_protection:2.12:pct
isg_scientific_outfit,up_sect_fourte_seva_2,ui_inv_outfit_additional_weight:10:kg
light_dolg_outfit,up_sect_firsta_assault_vest_1,st_prop_weight:0.7:kg|ui_inv_outfit_wound_protection:3.48:pct
light_dolg_outfit,up_sect_firstc_assault_vest_1,st_prop_weight:-5:kg
light_dolg_outfit,up_sect_firstd_assault_vest_1,st_prop_durability:-10:pct
light_dolg_outfit,up_sect_firste_assault_vest_1,ui_inv_outfit_fire_wound_protection:3.2:pct|ui_inv_outfit_explosion_protection:4.5:pct|st_prop_weight:1.5:kg
light_dolg_outfit,up_sect_firstf_assault_vest_1,st_prop_weight:0.7:kg|ui_inv_outfit_wound_protection:3.48:pct
light_dolg_outfit,up_sect_secona_assault_vest_1,st_prop_durability:-10:pct
light_dolg_outfit,up_sect_seconc_assault_vest_1,st_prop_weight:0.15:kg|ui_inv_outfit_radiation_protection:5.5:pct
light_dolg_outfit,up_sect_second_assault_vest_1,ui_inv_outfit_chemical_burn_protection:3.3:pct|st_prop_weight:0.2:kg
light_dolg_outfit,up_sect_secone_assault_vest_1,ui_inv_outfit_burn_protection:11.5:pct|st_prop_weight:0.2:kg
light_dolg_outfit,up_sect_seconf_assault_vest_1,st_prop_weight:0.1:kg|ui_inv_outfit_shock_protection:2.04:pct
light_dolg_outfit,up_sect_thirda_assault_vest_1,st_prop_weight:0.2:kg|ui_inv_outfit_power_restore:60:microg
light_dolg_outfit,up_sect_thirdc_assault_vest_1,st_prop_weight:0.1:kg|ui_inv_outfit_shock_protection:2.04:pct
light_dolg_outfit,up_sect_thirdd_assault_vest_1,st_prop_artefact:1:num|st_prop_weight:0.4:kg
light_dolg_outfit,up_sect_thirde_assault_vest_1,st_prop_artefact:1:num|st_prop_weight:0.4:kg
light_dolg_outfit,up_sect_fourta_assault_vest_1,st_prop_restore_bleeding:30:mlmin|st_prop_weight:0.5:kg
light_dolg_outfit,up_sect_fourtc_assault_vest_1,st_prop_restore_health:1.5:healpct|st_prop_weight:1:kg
light_dolg_outfit,up_sect_fourte_assault_vest_1,st_prop_weight:0.1:kg|ui_inv_outfit_telepatic_protection:4.25:pct
light_freedom_outfit,up_sect_firsta_assault_vest_1,st_prop_weight:0.7:kg|ui_inv_outfit_wound_protection:3.48:pct
light_freedom_outfit,up_sect_firstc_assault_vest_1,st_prop_weight:-5:kg
light_freedom_outfit,up_sect_firstd_assault_vest_1,st_prop_durability:-10:pct
light_freedom_outfit,up_sect_firste_assault_vest_1,ui_inv_outfit_fire_wound_protection:3.2:pct|ui_inv_outfit_explosion_protection:4.5:pct|st_prop_weight:1.5:kg
light_freedom_outfit,up_sect_firstf_assault_vest_1,st_prop_weight:0.7:kg|ui_inv_outfit_wound_protection:3.48:pct
light_freedom_outfit,up_sect_secona_assault_vest_1,st_prop_durability:-10:pct
light_freedom_outfit,up_sect_seconc_assault_vest_1,st_prop_weight:0.15:kg|ui_inv_outfit_radiation_protection:5.5:pct
light_freedom_outfit,up_sect_second_assault_vest_1,ui_inv_outfit_chemical_burn_protection:3.3:pct|st_prop_weight:0.2:kg
light_freedom_outfit,up_sect_secone_assault_vest_1,ui_inv_outfit_burn_protection:11.5:pct|st_prop_weight:0.2:kg
light_freedom_outfit,up_sect_seconf_assault_vest_1,st_prop_weight:0.1:kg|ui_inv_outfit_shock_protection:2.04:pct
light_freedom_outfit,up_sect_thirda_assault_vest_1,st_prop_weight:0.2:kg|ui_inv_outfit_power_restore:60:microg
light_freedom_outfit,up_sect_thirdc_assault_vest_1,st_prop_weight:0.1:kg|ui_inv_outfit_shock_protection:2.04:pct
light_freedom_outfit,up_sect_thirdd_assault_vest_1,st_prop_artefact:1:num|st_prop_weight:0.4:kg
light_freedom_outfit,up_sect_thirde_assault_vest_1,st_prop_artefact:1:num|st_prop_weight:0.4:kg
light_freedom_outfit,up_sect_fourta_assault_vest_1,st_prop_restore_bleeding:30:mlmin|st_prop_weight:0.5:kg
light_freedom_outfit,up_sect_fourtc_assault_vest_1,st_prop_restore_health:1.5:healpct|st_prop_weight:1:kg
light_freedom_outfit,up_sect_fourte_assault_vest_1,st_prop_weight:0.1:kg|ui_inv_outfit_telepatic_protection:4.25:pct
light_isg_outfit,up_sect_firsta_assault_vest_1,st_prop_weight:0.7:kg|ui_inv_outfit_wound_protection:3.48:pct
light_isg_outfit,up_sect_firstc_assault_vest_1,st_prop_weight:-5:kg
light_isg_outfit,up_sect_firstd_assault_vest_1,st_prop_durability:-10:pct
light_isg_outfit,up_sect_firste_assault_vest_1,ui_inv_outfit_fire_wound_protection:3.2:pct|ui_inv_outfit_explosion_protection:4.5:pct|st_prop_weight:1.5:kg
light_isg_outfit,up_sect_firstf_assault_vest_1,st_prop_weight:0.7:kg|ui_inv_outfit_wound_protection:3.48:pct
light_isg_outfit,up_sect_secona_assault_vest_1,st_prop_durability:-10:pct
light_isg_outfit,up_sect_seconc_assault_vest_1,st_prop_weight:0.15:kg|ui_inv_outfit_radiation_protection:5.5:pct
light_isg_outfit,up_sect_second_assault_vest_1,ui_inv_outfit_chemical_burn_protection:3.3:pct|st_prop_weight:0.2:kg
light_isg_outfit,up_sect_secone_assault_vest_1,ui_inv_outfit_burn_protection:11.5:pct|st_prop_weight:0.2:kg
light_isg_outfit,up_sect_seconf_assault_vest_1,st_prop_weight:0.1:kg|ui_inv_outfit_shock_protection:2.04:pct
light_isg_outfit,up_sect_thirda_assault_vest_1,st_prop_weight:0.2:kg|ui_inv_outfit_power_restore:60:microg
light_isg_outfit,up_sect_thirdc_assault_vest_1,st_prop_weight:0.1:kg|ui_inv_outfit_shock_protection:2.04:pct
light_isg_outfit,up_sect_thirdd_assault_vest_1,st_prop_artefact:1:num|st_prop_weight:0.4:kg
light_isg_outfit,up_sect_thirde_assault_vest_1,st_prop_artefact:1:num|st_prop_weight:0.4:kg
light_isg_outfit,up_sect_fourta_assault_vest_1,st_prop_restore_bleeding:30:mlmin|st_prop_weight:0.5:kg
light_isg_outfit,up_sect_fourtc_assault_vest_1,st_prop_restore_health:1.5:healpct|st_prop_weight:1:kg
light_isg_outfit,up_sect_fourte_assault_vest_1,st_prop_weight:0.1:kg|ui_inv_outfit_telepatic_protection:4.25:pct
light_loner_outfit,up_sect_firsta_assault_vest_1,st_prop_weight:0.7:kg|ui_inv_outfit_wound_protection:3.48:pct
light_loner_outfit,up_sect_firstc_assault_vest_1,st_prop_weight:-5:kg
light_loner_outfit,up_sect_firstd_assault_vest_1,st_prop_durability:-10:pct
light_loner_outfit,up_sect_firste_assault_vest_1,ui_inv_outfit_fire_wound_protection:3.2:pct|ui_inv_outfit_explosion_protection:4.5:pct|st_prop_weight:1.5:kg
light_loner_outfit,up_sect_firstf_assault_vest_1,st_prop_weight:0.7:kg|ui_inv_outfit_wound_protection:3.48:pct
light_loner_outfit,up_sect_secona_assault_vest_1,st_prop_durability:-10:pct
light_loner_outfit,up_sect_seconc_assault_vest_1,st_prop_weight:0.15:kg|ui_inv_outfit_radiation_protection:5.5:pct
light_loner_outfit,up_sect_second_assault_vest_1,ui_inv_outfit_chemical_burn_protection:3.3:pct|st_prop_weight:0.2:kg
light_loner_outfit,up_sect_secone_assault_vest_1,ui_inv_outfit_burn_protection:11.5:pct|st_prop_weight:0.2:kg
light_loner_outfit,up_sect_seconf_assault_vest_1,st_prop_weight:0.1:kg|ui_inv_outfit_shock_protection:2.04:pct
light_loner_outfit,up_sect_thirda_assault_vest_1,st_prop_weight:0.2:kg|ui_inv_outfit_power_restore:60:microg
light_loner_outfit,up_sect_thirdc_assault_vest_1,st_prop_weight:0.1:kg|ui_inv_outfit_shock_protection:2.04:pct
light_loner_outfit,up_sect_thirdd_assault_vest_1,st_prop_artefact:1:num|st_prop_weight:0.4:kg
light_loner_outfit,up_sect_thirde_assault_vest_1,st_prop_artefact:1:num|st_prop_weight:0.4:kg
light_loner_outfit,up_sect_fourta_assault_vest_1,st_prop_restore_bleeding:30:mlmin|st_prop_weight:0.5:kg
light_loner_outfit,up_sect_fourtc_assault_vest_1,st_prop_restore_health:1.5:healpct|st_prop_weight:1:kg
light_loner_outfit,up_sect_fourte_assault_vest_1,st_prop_weight:0.1:kg|ui_inv_outfit_telepatic_protection:4.25:pct
light_merc_outfit,up_sect_firsta_assault_vest_1,st_prop_weight:0.7:kg|ui_inv_outfit_wound_protection:3.48:pct
light_merc_outfit,up_sect_firstc_assault_vest_1,st_prop_weight:-5:kg
light_merc_outfit,up_sect_firstd_assault_vest_1,st_prop_durability:-10:pct
light_merc_outfit,up_sect_firste_assault_vest_1,ui_inv_outfit_fire_wound_protection:3.2:pct|ui_inv_outfit_explosion_protection:4.5:pct|st_prop_weight:1.5:kg
light_merc_outfit,up_sect_firstf_assault_vest_1,st_prop_weight:0.7:kg|ui_inv_outfit_wound_protection:3.48:pct
light_merc_outfit,up_sect_secona_assault_vest_1,st_prop_durability:-10:pct
light_merc_outfit,up_sect_seconc_assault_vest_1,st_prop_weight:0.15:kg|ui_inv_outfit_radiation_protection:5.5:pct
light_merc_outfit,up_sect_second_assault_vest_1,ui_inv_outfit_chemical_burn_protection:3.3:pct|st_prop_weight:0.2:kg
light_merc_outfit,up_sect_secone_assault_vest_1,ui_inv_outfit_burn_protection:11.5:pct|st_prop_weight:0.2:kg
light_merc_outfit,up_sect_seconf_assault_vest_1,st_prop_weight:0.1:kg|ui_inv_outfit_shock_protection:2.04:pct
light_merc_outfit,up_sect_thirda_assault_vest_1,st_prop_weight:0.2:kg|ui_inv_outfit_power_restore:60:microg
light_merc_outfit,up_sect_thirdc_assault_vest_1,st_prop_weight:0.1:kg|ui_inv_outfit_shock_protection:2.04:pct
light_merc_outfit,up_sect_thirdd_assault_vest_1,st_prop_artefact:1:num|st_prop_weight:0.4:kg
light_merc_outfit,up_sect_thirde_assault_vest_1,st_prop_artefact:1:num|st_prop_weight:0.4:kg
light_merc_outfit,up_sect_fourta_assault_vest_1,st_prop_restore_bleeding:30:mlmin|st_prop_weight:0.5:kg
light_merc_outfit,up_sect_fourtc_assault_vest_1,st_prop_restore_health:1.5:healpct|st_prop_weight:1:kg
light_merc_outfit,up_sect_fourte_assault_vest_1,st_prop_weight:0.1:kg|ui_inv_outfit_telepatic_protection:4.25:pct
light_monolit_outfit,up_sect_firsta_assault_vest_1,st_prop_weight:0.7:kg|ui_inv_outfit_wound_protection:3.48:pct
light_monolit_outfit,up_sect_firstc_assault_vest_1,st_prop_weight:-5:kg
light_monolit_outfit,up_sect_firstd_assault_vest_1,st_prop_durability:-10:pct
light_monolit_outfit,up_sect_firste_assault_vest_1,ui_inv_outfit_fire_wound_protection:3.2:pct|ui_inv_outfit_explosion_protection:4.5:pct|st_prop_weight:1.5:kg
light_monolit_outfit,up_sect_firstf_assault_vest_1,st_prop_weight:0.7:kg|ui_inv_outfit_wound_protection:3.48:pct
light_monolit_outfit,up_sect_secona_assault_vest_1,st_prop_durability:-10:pct
light_monolit_outfit,up_sect_seconc_assault_vest_1,st_prop_weight:0.15:kg|ui_inv_outfit_radiation_protection:5.5:pct
light_monolit_outfit,up_sect_second_assault_vest_1,ui_inv_outfit_chemical_burn_protection:3.3:pct|st_prop_weight:0.2:kg
light_monolit_outfit,up_sect_secone_assault_vest_1,ui_inv_outfit_burn_protection:11.5:pct|st_prop_weight:0.2:kg
light_monolit_outfit,up_sect_seconf_assault_vest_1,st_prop_weight:0.1:kg|ui_inv_outfit_shock_protection:2.04:pct
light_monolit_outfit,up_sect_thirda_assault_vest_1,st_prop_weight:0.2:kg|ui_inv_outfit_power_restore:60:microg
light_monolit_outfit,up_sect_thirdc_assault_vest_1,st_prop_weight:0.1:kg|ui_inv_outfit_shock_protection:2.04:pct
light_monolit_outfit,up_sect_thirdd_assault_vest_1,st_prop_artefact:1:num|st_prop_weight:0.4:kg
light_monolit_outfit,up_sect_thirde_assault_vest_1,st_prop_artefact:1:num|st_prop_weight:0.4:kg
light_monolit_outfit,up_sect_fourta_assault_vest_1,st_prop_restore_bleeding:30:mlmin|st_prop_weight:0.5:kg
light_monolit_outfit,up_sect_fourtc_assault_vest_1,st_prop_restore_health:1.5:healpct|st_prop_weight:1:kg
light_monolit_outfit,up_sect_fourte_assault_vest_1,st_prop_weight:0.1:kg|ui_inv_outfit_telepatic_protection:4.25:pct
light_voen_outfit,up_sect_firsta_assault_vest_1,st_prop_weight:0.7:kg|ui_inv_outfit_wound_protection:3.48:pct
light_voen_outfit,up_sect_firstc_assault_vest_1,st_prop_weight:-5:kg
light_voen_outfit,up_sect_firstd_assault_vest_1,st_prop_durability:-10:pct
light_voen_outfit,up_sect_firste_assault_vest_1,ui_inv_outfit_fire_wound_protection:3.2:pct|ui_inv_outfit_explosion_protection:4.5:pct|st_prop_weight:1.5:kg
light_voen_outfit,up_sect_firstf_assault_vest_1,st_prop_weight:0.7:kg|ui_inv_outfit_wound_protection:3.48:pct
light_voen_outfit,up_sect_secona_assault_vest_1,st_prop_durability:-10:pct
light_voen_outfit,up_sect_seconc_assault_vest_1,st_prop_weight:0.15:kg|ui_inv_outfit_radiation_protection:5.5:pct
light_voen_outfit,up_sect_second_assault_vest_1,ui_inv_outfit_chemical_burn_protection:3.3:pct|st_prop_weight:0.2:kg
light_voen_outfit,up_sect_secone_assault_vest_1,ui_inv_outfit_burn_protection:11.5:pct|st_prop_weight:0.2:kg
light_voen_outfit,up_sect_seconf_assault_vest_1,st_prop_weight:0.1:kg|ui_inv_outfit_shock_protection:2.04:pct
light_voen_outfit,up_sect_thirda_assault_vest_1,st_prop_weight:0.2:kg|ui_inv_outfit_power_restore:60:microg
light_voen_outfit,up_sect_thirdc_assault_vest_1,st_prop_weight:0.1:kg|ui_inv_outfit_shock_protection:2.04:pct
light_voen_outfit,up_sect_thirdd_assault_vest_1,st_prop_artefact:1:num|st_prop_weight:0.4:kg
light_voen_outfit,up_sect_thirde_assault_vest_1,st_prop_artefact:1:num|st_prop_weight:0.4:kg
light_voen_outfit,up_sect_fourta_assault_vest_1,st_prop_restore_bleeding:30:mlmin|st_prop_weight:0.5:kg
light_voen_outfit,up_sect_fourtc_assault_vest_1,st_prop_restore_health:1.5:healpct|st_prop_weight:1:kg
light_voen_outfit,up_sect_fourte_assault_vest_1,st_prop_weight:0.1:kg|ui_inv_outfit_telepatic_protection:4.25:pct
merc_ace_outfit,up_sect_firsta_seva_1,ui_inv_outfit_fire_wound_protection:3.2:pct|ui_inv_outfit_explosion_protection:2.25:pct|st_prop_weight:1:kg
merc_ace_outfit,up_sect_firstc_seva_1,st_prop_weight:0.7:kg|ui_inv_outfit_wound_protection:3.48:pct
merc_ace_outfit,up_sect_firstd_seva_1,st_prop_durability:-10:pct
merc_ace_outfit,up_sect_firste_seva_1,ui_inv_outfit_fire_wound_protection:3.2:pct|ui_inv_outfit_explosion_protection:4.5:pct|st_prop_weight:1.5:kg
merc_ace_outfit,up_sect_firstf_seva_1,st_prop_weight:-5:kg
merc_ace_outfit,up_sect_secona_seva_1,st_prop_durability:-10:pct
merc_ace_outfit,up_sect_seconc_seva_1,st_prop_weight:0.2:kg|ui_inv_outfit_shock_protection:4.08:pct
merc_ace_outfit,up_sect_second_seva_1,ui_inv_outfit_burn_protection:5.75:pct|st_prop_weight:0.2:kg
merc_ace_outfit,up_sect_secone_seva_1,ui_inv_outfit_chemical_burn_protection:3.3:pct|st_prop_weight:0.2:kg
merc_ace_outfit,up_sect_seconf_seva_1,st_prop_weight:0.15:kg|ui_inv_outfit_radiation_protection:5.5:pct
merc_ace_outfit,up_sect_thirda_seva_1,st_prop_weight:0.2:kg|ui_inv_outfit_power_restore:60:microg
merc_ace_outfit,up_sect_thirdc_seva_1,ui_inv_outfit_additional_weight:7:kg
merc_ace_outfit,up_sect_thirdd_seva_1,st_prop_artefact:1:num|st_prop_weight:0.4:kg
merc_ace_outfit,up_sect_thirde_seva_1,st_prop_artefact:1:num|st_prop_weight:0.4:kg
merc_ace_outfit,up_sect_fourta_seva_1,st_prop_weight:0.05:kg|ui_inv_outfit_radiation_protection:2.75:pct
merc_ace_outfit,up_sect_fourtc_seva_1,st_prop_weight:0.05:kg|ui_inv_outfit_telepatic_protection:2.12:pct
merc_ace_outfit,up_sect_fourte_seva_1,st_prop_restore_bleeding:60:mlmin|st_prop_weight:1.5:kg
merc_combat_scientific_outfit,up_sect_firsta_seva_2,st_prop_weight:0.7:kg|ui_inv_outfit_wound_protection:3.48:pct
merc_combat_scientific_outfit,up_sect_firstc_seva_2,ui_inv_outfit_fire_wound_protection:3.2:pct|ui_inv_outfit_explosion_protection:2.25:pct|st_prop_weight:1:kg
merc_combat_scientific_outfit,up_sect_firstd_seva_2,st_prop_weight:0.7:kg|ui_inv_outfit_wound_protection:3.48:pct
merc_combat_scientific_outfit,up_sect_firste_seva_2,ui_inv_outfit_fire_wound_protection:3.2:pct|ui_inv_outfit_explosion_protection:4.5:pct|st_prop_weight:1.5:kg
merc_combat_scientific_outfit,up_sect_firstf_seva_2,st_prop_durability:-10:pct
merc_combat_scientific_outfit,up_sect_secona_seva_2,ui_inv_outfit_chemical_burn_protection:1.65:pct|st_prop_weight:0.2:kg
merc_combat_scientific_outfit,up_sect_seconc_seva_2,st_prop_weight:0.05:kg|ui_inv_outfit_radiation_protection:2.75:pct
merc_combat_scientific_outfit,up_sect_second_seva_2,st_prop_weight:0.05:kg|ui_inv_outfit_telepatic_protection:2.12:pct
merc_combat_scientific_outfit,up_sect_secone_seva_2,ui_inv_outfit_burn_protection:11.5:pct|st_prop_weight:0.2:kg
merc_combat_scientific_outfit,up_sect_seconf_seva_2,st_prop_weight:0.2:kg|ui_inv_outfit_shock_protection:4.08:pct
merc_combat_scientific_outfit,up_sect_thirda_seva_2,st_prop_artefact:1:num|st_prop_weight:0.4:kg
merc_combat_scientific_outfit,up_sect_thirdc_seva_2,ui_inv_outfit_chemical_burn_protection:1.65:pct|st_prop_weight:0.2:kg
merc_combat_scientific_outfit,up_sect_thirdd_seva_2,st_prop_artefact:1:num|st_prop_weight:0.4:kg
merc_combat_scientific_outfit,up_sect_thirde_seva_2,st_prop_restore_health:1.5:healpct|st_prop_weight:1:kg
merc_combat_scientific_outfit,up_sect_fourta_seva_2,st_prop_weight:0.05:kg|ui_inv_outfit_radiation_protection:2.75:pct
merc_combat_scientific_outfit,up_sect_fourtc_seva_2,st_prop_weight:0.05:kg|ui_inv_outfit_telepatic_protection:2.12:pct
merc_combat_scientific_outfit,up_sect_fourte_seva_2,ui_inv_outfit_additional_weight:10:kg
merc_coyote_outfit,up_sect_firsta_lcs_3,st_prop_durability:-10:pct
merc_coyote_outfit,up_sect_firstc_lcs_3,st_prop_weight:0.7:kg|ui_inv_outfit_wound_protection:3.48:pct
merc_coyote_outfit,up_sect_firstd_lcs_3,ui_inv_outfit_fire_wound_protection:3.2:pct|ui_inv_outfit_explosion_protection:2.25:pct|st_prop_weight:1:kg
merc_coyote_outfit,up_sect_firste_lcs_3,ui_inv_outfit_fire_wound_protection:3.2:pct|ui_inv_outfit_explosion_protection:4.5:pct|st_prop_weight:1.5:kg
merc_coyote_outfit,up_sect_firstf_lcs_3,st_prop_weight:1.2:kg|ui_inv_outfit_wound_protection:6.96:pct
merc_coyote_outfit,up_sect_secona_lcs_3,st_prop_weight:-3:kg
merc_coyote_outfit,up_sect_seconc_lcs_3,st_prop_weight:0.05:kg|ui_inv_outfit_radiation_protection:2.75:pct
merc_coyote_outfit,up_sect_second_lcs_3,st_prop_weight:0.1:kg|ui_inv_outfit_shock_protection:2.04:pct
merc_coyote_outfit,up_sect_secone_lcs_3,st_prop_durability:-10:pct
merc_coyote_outfit,up_sect_thirda_lcs_3,st_prop_artefact:1:num|st_prop_weight:0.4:kg
merc_coyote_outfit,up_sect_thirdc_lcs_3,ui_inv_outfit_burn_protection:5.75:pct|st_prop_weight:0.2:kg
merc_coyote_outfit,up_sect_thirde_lcs_3,st_prop_restore_health:1.5:healpct|st_prop_weight:1:kg
merc_coyote_outfit,up_sect_fourta_lcs_3,st_prop_weight:0.2:kg|ui_inv_outfit_power_restore:60:microg
merc_coyote_outfit,up_sect_fourtc_lcs_3,st_prop_weight:-3:kg
merc_exo_outfit,up_sect_firsta_exolight_1,st_prop_weight:0.7:kg|ui_inv_outfit_wound_protection:3.48:pct
merc_exo_outfit,up_sect_firstc_exolight_1,ui_inv_outfit_fire_wound_protection:3.2:pct|ui_inv_outfit_explosion_protection:2.25:pct|st_prop_weight:1:kg
merc_exo_outfit,up_sect_firstd_exolight_1,st_prop_durability:-10:pct
merc_exo_outfit,up_sect_firste_exolight_1,ui_inv_outfit_fire_wound_protection:3.2:pct|ui_inv_outfit_explosion_protection:2.25:pct|st_prop_weight:1:kg
merc_exo_outfit,up_sect_firstf_exolight_1,st_prop_weight:0.7:kg|ui_inv_outfit_wound_protection:3.48:pct
merc_exo_outfit,up_sect_secona_exolight_1,st_prop_weight:0.05:kg|ui_inv_outfit_telepatic_protection:2.12:pct
merc_exo_outfit,up_sect_seconc_exolight_1,st_prop_weight:0.1:kg|ui_inv_outfit_shock_protection:2.04:pct
merc_exo_outfit,up_sect_second_exolight_1,ui_inv_outfit_burn_protection:5.75:pct|st_prop_weight:0.2:kg
merc_exo_outfit,up_sect_secone_exolight_1,ui_inv_outfit_chemical_burn_protection:3.3:pct|st_prop_weight:0.2:kg
merc_exo_outfit,up_sect_seconf_exolight_1,st_prop_weight:0.15:kg|ui_inv_outfit_radiation_protection:5.5:pct
merc_exo_outfit,up_sect_thirda_exolight_1,st_prop_weight:0.2:kg|ui_inv_outfit_power_restore:60:microg
merc_exo_outfit,up_sect_thirdc_exolight_1,st_prop_artefact:1:num|st_prop_weight:0.4:kg
merc_exo_outfit,up_sect_thirde_exolight_1,st_prop_weight:-3:kg
merc_exo_outfit,up_sect_fourta_exolight_1,ui_inv_outfit_additional_weight:5:kg
merc_exo_outfit,up_sect_fourtc_exolight_1,ui_inv_outfit_fire_wound_protection:3.2:pct|ui_inv_outfit_explosion_protection:2.25:pct|st_prop_weight:1:kg
merc_exo_outfit,up_sect_fourtd_exolight_1,st_prop_durability:-10:pct
merc_exo_outfit,up_sect_fourte_exolight_1,st_prop_restore_bleeding:30:mlmin|st_prop_weight:0.5:kg
merc_exo_outfit,up_sect_fourtf_exolight_1,st_prop_restore_health:1.5:healpct|st_prop_weight:1:kg
merc_exo_outfit,up_sect_fiftha_exo_1,st_prop_weight:3.7:kg
merc_exo_outfit,up_sect_fifthc_exo_1,st_prop_weight:0.1:kg|ui_inv_outfit_telepatic_protection:4.25:pct
merc_exo_outfit,up_sect_fifthd_exo_1,st_prop_weight:0.05:kg|ui_inv_outfit_radiation_protection:2.75:pct
merc_exo_outfit,up_sect_fifthe_exo_1,st_prop_artefact:1:num|st_prop_weight:0.4:kg
merc_exolight_outfit,up_sect_firsta_exolight_1,st_prop_weight:0.7:kg|ui_inv_outfit_wound_protection:3.48:pct
merc_exolight_outfit,up_sect_firstc_exolight_1,ui_inv_outfit_fire_wound_protection:3.2:pct|ui_inv_outfit_explosion_protection:2.25:pct|st_prop_weight:1:kg
merc_exolight_outfit,up_sect_firstd_exolight_1,st_prop_durability:-10:pct
merc_exolight_outfit,up_sect_firste_exolight_1,ui_inv_outfit_fire_wound_protection:3.2:pct|ui_inv_outfit_explosion_protection:2.25:pct|st_prop_weight:1:kg
merc_exolight_outfit,up_sect_firstf_exolight_1,st_prop_weight:0.7:kg|ui_inv_outfit_wound_protection:3.48:pct
merc_exolight_outfit,up_sect_secona_exolight_1,st_prop_weight:0.05:kg|ui_inv_outfit_telepatic_protection:2.12:pct
merc_exolight_outfit,up_sect_seconc_exolight_1,st_prop_weight:0.1:kg|ui_inv_outfit_shock_protection:2.04:pct
merc_exolight_outfit,up_sect_second_exolight_1,ui_inv_outfit_burn_protection:5.75:pct|st_prop_weight:0.2:kg
merc_exolight_outfit,up_sect_secone_exolight_1,ui_inv_outfit_chemical_burn_protection:3.3:pct|st_prop_weight:0.2:kg
merc_exolight_outfit,up_sect_seconf_exolight_1,st_prop_weight:0.15:kg|ui_inv_outfit_radiation_protection:5.5:pct
merc_exolight_outfit,up_sect_thirda_exolight_1,st_prop_weight:0.2:kg|ui_inv_outfit_power_restore:60:microg
merc_exolight_outfit,up_sect_thirdc_exolight_1,st_prop_artefact:1:num|st_prop_weight:0.4:kg
merc_exolight_outfit,up_sect_thirde_exolight_1,st_prop_weight:-3:kg
merc_exolight_outfit,up_sect_fourta_exolight_1,ui_inv_outfit_additional_weight:5:kg
merc_exolight_outfit,up_sect_fourtc_exolight_1,ui_inv_outfit_fire_wound_protection:3.2:pct|ui_inv_outfit_explosion_protection:2.25:pct|st_prop_weight:1:kg
merc_exolight_outfit,up_sect_fourtd_exolight_1,st_prop_durability:-10:pct
merc_exolight_outfit,up_sect_fourte_exolight_1,st_prop_restore_bleeding:30:mlmin|st_prop_weight:0.5:kg
merc_exolight_outfit,up_sect_fourtf_exolight_1,st_prop_restore_health:1.5:healpct|st_prop_weight:1:kg
merc_fighter_outfit,up_sect_firsta_lcs_2,st_prop_durability:-10:pct
merc_fighter_outfit,up_sect_firstc_lcs_2,st_prop_weight:0.7:kg|ui_inv_outfit_wound_protection:3.48:pct
merc_fighter_outfit,up_sect_firstd_lcs_2,ui_inv_outfit_fire_wound_protection:3.2:pct|ui_inv_outfit_explosion_protection:2.25:pct|st_prop_weight:1:kg
merc_fighter_outfit,up_sect_firste_lcs_2,ui_inv_outfit_fire_wound_protection:3.2:pct|ui_inv_outfit_explosion_protection:2.25:pct|st_prop_weight:1:kg
merc_fighter_outfit,up_sect_firstf_lcs_2,st_prop_weight:0.7:kg|ui_inv_outfit_wound_protection:3.48:pct
merc_fighter_outfit,up_sect_secona_lcs_2,st_prop_weight:-3:kg
merc_fighter_outfit,up_sect_seconc_lcs_2,st_prop_weight:0.2:kg|ui_inv_outfit_shock_protection:4.08:pct
merc_fighter_outfit,up_sect_second_lcs_2,ui_inv_outfit_chemical_burn_protection:1.65:pct|st_prop_weight:0.2:kg
merc_fighter_outfit,up_sect_secone_lcs_2,st_prop_weight:0.2:kg|ui_inv_outfit_power_restore:120:microg
merc_fighter_outfit,up_sect_thirda_lcs_2,st_prop_artefact:1:num|st_prop_weight:0.4:kg
merc_fighter_outfit,up_sect_thirdc_lcs_2,st_prop_restore_bleeding:30:mlmin|st_prop_weight:0.5:kg
merc_fighter_outfit,up_sect_thirde_lcs_2,st_prop_artefact:1:num|st_prop_weight:0.4:kg
merc_fighter_outfit,up_sect_fourta_lcs_2,st_prop_weight:0.05:kg|ui_inv_outfit_radiation_protection:2.75:pct
merc_fighter_outfit,up_sect_fourtc_lcs_2,ui_inv_outfit_additional_weight:7:kg
merc_jackal_outfit,up_sect_firsta_lcs_3,st_prop_durability:-10:pct
merc_jackal_outfit,up_sect_firstc_lcs_3,st_prop_weight:0.7:kg|ui_inv_outfit_wound_protection:3.48:pct
merc_jackal_outfit,up_sect_firstd_lcs_3,ui_inv_outfit_fire_wound_protection:3.2:pct|ui_inv_outfit_explosion_protection:2.25:pct|st_prop_weight:1:kg
merc_jackal_outfit,up_sect_firste_lcs_3,ui_inv_outfit_fire_wound_protection:3.2:pct|ui_inv_outfit_explosion_protection:4.5:pct|st_prop_weight:1.5:kg
merc_jackal_outfit,up_sect_firstf_lcs_3,st_prop_weight:1.2:kg|ui_inv_outfit_wound_protection:6.96:pct
merc_jackal_outfit,up_sect_secona_lcs_3,st_prop_weight:-3:kg
merc_jackal_outfit,up_sect_seconc_lcs_3,st_prop_weight:0.05:kg|ui_inv_outfit_radiation_protection:2.75:pct
merc_jackal_outfit,up_sect_second_lcs_3,st_prop_weight:0.1:kg|ui_inv_outfit_shock_protection:2.04:pct
merc_jackal_outfit,up_sect_secone_lcs_3,st_prop_durability:-10:pct
merc_jackal_outfit,up_sect_thirda_lcs_3,st_prop_artefact:1:num|st_prop_weight:0.4:kg
merc_jackal_outfit,up_sect_thirdc_lcs_3,ui_inv_outfit_burn_protection:5.75:pct|st_prop_weight:0.2:kg
merc_jackal_outfit,up_sect_thirde_lcs_3,st_prop_restore_health:1.5:healpct|st_prop_weight:1:kg
merc_jackal_outfit,up_sect_fourta_lcs_3,st_prop_weight:0.2:kg|ui_inv_outfit_power_restore:60:microg
merc_jackal_outfit,up_sect_fourtc_lcs_3,st_prop_weight:-3:kg
merc_nighthunter_outfit,up_sect_firsta_sts_3,ui_inv_outfit_fire_wound_protection:3.2:pct|ui_inv_outfit_explosion_protection:2.25:pct|st_prop_weight:1:kg
merc_nighthunter_outfit,up_sect_firstc_sts_3,st_prop_weight:0.7:kg|ui_inv_outfit_wound_protection:3.48:pct
merc_nighthunter_outfit,up_sect_firste_sts_3,ui_inv_outfit_fire_wound_protection:3.2:pct|ui_inv_outfit_explosion_protection:4.5:pct|st_prop_weight:1.5:kg
merc_nighthunter_outfit,up_sect_firstf_sts_3,st_prop_weight:1.2:kg|ui_inv_outfit_wound_protection:6.96:pct
merc_nighthunter_outfit,up_sect_secona_sts_3,st_prop_weight:0.05:kg|ui_inv_outfit_radiation_protection:2.75:pct
merc_nighthunter_outfit,up_sect_seconc_sts_3,ui_inv_outfit_chemical_burn_protection:1.65:pct|st_prop_weight:0.2:kg
merc_nighthunter_outfit,up_sect_second_sts_3,st_prop_weight:0.1:kg|ui_inv_outfit_shock_protection:2.04:pct
merc_nighthunter_outfit,up_sect_secone_sts_3,ui_inv_outfit_burn_protection:11.5:pct|st_prop_weight:0.2:kg
merc_nighthunter_outfit,up_sect_seconf_sts_3,ui_inv_outfit_chemical_burn_protection:3.3:pct|st_prop_weight:0.2:kg
merc_nighthunter_outfit,up_sect_thirda_sts_3,ui_inv_outfit_additional_weight:3:kg
merc_nighthunter_outfit,up_sect_thirdc_sts_3,st_prop_weight:-3:kg
merc_nighthunter_outfit,up_sect_thirdd_sts_3,st_prop_artefact:1:num|st_prop_weight:0.4:kg
merc_nighthunter_outfit,up_sect_thirde_sts_3,st_prop_durability:-10:pct
merc_nosorog_outfit,up_sect_firsta_exolight_1,st_prop_weight:0.7:kg|ui_inv_outfit_wound_protection:3.48:pct
merc_nosorog_outfit,up_sect_firstc_exolight_1,ui_inv_outfit_fire_wound_protection:3.2:pct|ui_inv_outfit_explosion_protection:2.25:pct|st_prop_weight:1:kg
merc_nosorog_outfit,up_sect_firstd_exolight_1,st_prop_durability:-10:pct
merc_nosorog_outfit,up_sect_firste_exolight_1,ui_inv_outfit_fire_wound_protection:3.2:pct|ui_inv_outfit_explosion_protection:2.25:pct|st_prop_weight:1:kg
merc_nosorog_outfit,up_sect_firstf_exolight_1,st_prop_weight:0.7:kg|ui_inv_outfit_wound_protection:3.48:pct
merc_nosorog_outfit,up_sect_secona_exolight_1,st_prop_weight:0.05:kg|ui_inv_outfit_telepatic_protection:2.12:pct
merc_nosorog_outfit,up_sect_seconc_exolight_1,st_prop_weight:0.1:kg|ui_inv_outfit_shock_protection:2.04:pct
merc_nosorog_outfit,up_sect_second_exolight_1,ui_inv_outfit_burn_protection:5.75:pct|st_prop_weight:0.2:kg
merc_nosorog_outfit,up_sect_secone_exolight_1,ui_inv_outfit_chemical_burn_protection:3.3:pct|st_prop_weight:0.2:kg
merc_nosorog_outfit,up_sect_seconf_exolight_1,st_prop_weight:0.15:kg|ui_inv_outfit_radiation_protection:5.5:pct
merc_nosorog_outfit,up_sect_thirda_exolight_1,st_prop_weight:0.2:kg|ui_inv_outfit_power_restore:60:microg
merc_nosorog_outfit,up_sect_thirdc_exolight_1,st_prop_artefact:1:num|st_prop_weight:0.4:kg
merc_nosorog_outfit,up_sect_thirde_exolight_1,st_prop_weight:-3:kg
merc_nosorog_outfit,up_sect_fourta_exolight_1,ui_inv_outfit_additional_weight:5:kg
merc_nosorog_outfit,up_sect_fourtc_exolight_1,ui_inv_outfit_fire_wound_protection:3.2:pct|ui_inv_outfit_explosion_protection:2.25:pct|st_prop_weight:1:kg
merc_nosorog_outfit,up_sect_fourtd_exolight_1,st_prop_durability:-10:pct
merc_nosorog_outfit,up_sect_fourte_exolight_1,st_prop_restore_bleeding:30:mlmin|st_prop_weight:0.5:kg
merc_nosorog_outfit,up_sect_fourtf_exolight_1,st_prop_restore_health:1.5:healpct|st_prop_weight:1:kg
merc_nosorog_outfit,up_sect_fiftha_nosorog_1,st_prop_artefact:1:num|st_prop_weight:0.4:kg
merc_nosorog_outfit,up_sect_fifthc_nosorog_1,st_prop_weight:0.1:kg|ui_inv_outfit_telepatic_protection:4.25:pct
merc_nosorog_outfit,up_sect_fifthd_nosorog_1,st_prop_weight:0.05:kg|ui_inv_outfit_radiation_protection:2.75:pct
merc_nosorog_outfit,up_sect_fifthe_nosorog_1,st_prop_weight:3.7:kg
merc_outfit,up_sect_firsta_lcs_1,st_prop_weight:0.7:kg|ui_inv_outfit_wound_protection:3.48:pct
merc_outfit,up_sect_firstc_lcs_1,st_prop_weight:-5:kg
merc_outfit,up_sect_firstd_lcs_1,st_prop_durability:-10:pct
merc_outfit,up_sect_firste_lcs_1,ui_inv_outfit_fire_wound_protection:3.2:pct|ui_inv_outfit_explosion_protection:4.5:pct|st_prop_weight:1.5:kg
merc_outfit,up_sect_firstf_lcs_1,st_prop_weight:1.2:kg|ui_inv_outfit_wound_protection:6.96:pct
merc_outfit,up_sect_secona_lcs_1,st_prop_durability:-10:pct
merc_outfit,up_sect_seconc_lcs_1,st_prop_weight:0.2:kg|ui_inv_outfit_power_restore:60:microg
merc_outfit,up_sect_second_lcs_1,ui_inv_outfit_burn_protection:5.75:pct|st_prop_weight:0.2:kg
merc_outfit,up_sect_secone_lcs_1,ui_inv_outfit_chemical_burn_protection:1.65:pct|st_prop_weight:0.2:kg
merc_outfit,up_sect_thirda_lcs_1,ui_inv_outfit_additional_weight:5:kg
merc_outfit,up_sect_thirdc_lcs_1,st_prop_restore_bleeding:30:mlmin|st_prop_weight:0.5:kg
merc_outfit,up_sect_thirde_lcs_1,st_prop_artefact:1:num|st_prop_weight:0.4:kg
merc_outfit,up_sect_fourta_lcs_1,st_prop_weight:0.05:kg|ui_inv_outfit_radiation_protection:2.75:pct
merc_outfit,up_sect_fourtc_lcs_1,st_prop_restore_health:1.5:healpct|st_prop_weight:1:kg
merc_scientific_armored_outfit,up_sect_firsta_seva_2,st_prop_weight:0.7:kg|ui_inv_outfit_wound_protection:3.48:pct
merc_scientific_armored_outfit,up_sect_firstc_seva_2,ui_inv_outfit_fire_wound_protection:3.2:pct|ui_inv_outfit_explosion_protection:2.25:pct|st_prop_weight:1:kg
merc_scientific_armored_outfit,up_sect_firstd_seva_2,st_prop_weight:0.7:kg|ui_inv_outfit_wound_protection:3.48:pct
merc_scientific_armored_outfit,up_sect_firste_seva_2,ui_inv_outfit_fire_wound_protection:3.2:pct|ui_inv_outfit_explosion_protection:4.5:pct|st_prop_weight:1.5:kg
merc_scientific_armored_outfit,up_sect_firstf_seva_2,st_prop_durability:-10:pct
merc_scientific_armored_outfit,up_sect_secona_seva_2,ui_inv_outfit_chemical_burn_protection:1.65:pct|st_prop_weight:0.2:kg
merc_scientific_armored_outfit,up_sect_seconc_seva_2,st_prop_weight:0.05:kg|ui_inv_outfit_radiation_protection:2.75:pct
merc_scientific_armored_outfit,up_sect_second_seva_2,st_prop_weight:0.05:kg|ui_inv_outfit_telepatic_protection:2.12:pct
merc_scientific_armored_outfit,up_sect_secone_seva_2,ui_inv_outfit_burn_protection:11.5:pct|st_prop_weight:0.2:kg
merc_scientific_armored_outfit,up_sect_seconf_seva_2,st_prop_weight:0.2:kg|ui_inv_outfit_shock_protection:4.08:pct
merc_scientific_armored_outfit,up_sect_thirda_seva_2,st_prop_artefact:1:num|st_prop_weight:0.4:kg
merc_scientific_armored_outfit,up_sect_thirdc_seva_2,ui_inv_outfit_chemical_burn_protection:1.65:pct|st_prop_weight:0.2:kg
merc_scientific_armored_outfit,up_sect_thirdd_seva_2,st_prop_artefact:1:num|st_prop_weight:0.4:kg
merc_scientific_armored_outfit,up_sect_thirde_seva_2,st_prop_restore_health:1.5:healpct|st_prop_weight:1:kg
merc_scientific_armored_outfit,up_sect_fourta_seva_2,st_prop_weight:0.05:kg|ui_inv_outfit_radiation_protection:2.75:pct
merc_scientific_armored_outfit,up_sect_fourtc_seva_2,st_prop_weight:0.05:kg|ui_inv_outfit_telepatic_protection:2.12:pct
merc_scientific_armored_outfit,up_sect_fourte_seva_2,ui_inv_outfit_additional_weight:10:kg
merc_scientific_outfit,up_sect_firsta_seva_1,ui_inv_outfit_fire_wound_protection:3.2:pct|ui_inv_outfit_explosion_protection:2.25:pct|st_prop_weight:1:kg
merc_scientific_outfit,up_sect_firstc_seva_1,st_prop_weight:0.7:kg|ui_inv_outfit_wound_protection:3.48:pct
merc_scientific_outfit,up_sect_firstd_seva_1,st_prop_durability:-10:pct
merc_scientific_outfit,up_sect_firste_seva_1,ui_inv_outfit_fire_wound_protection:3.2:pct|ui_inv_outfit_explosion_protection:4.5:pct|st_prop_weight:1.5:kg
merc_scientific_outfit,up_sect_firstf_seva_1,st_prop_weight:-5:kg
merc_scientific_outfit,up_sect_secona_seva_1,st_prop_durability:-10:pct
merc_scientific_outfit,up_sect_seconc_seva_1,st_prop_weight:0.2:kg|ui_inv_outfit_shock_protection:4.08:pct
merc_scientific_outfit,up_sect_second_seva_1,ui_inv_outfit_burn_protection:5.75:pct|st_prop_weight:0.2:kg
merc_scientific_outfit,up_sect_secone_seva_1,ui_inv_outfit_chemical_burn_protection:3.3:pct|st_prop_weight:0.2:kg
merc_scientific_outfit,up_sect_seconf_seva_1,st_prop_weight:0.15:kg|ui_inv_outfit_radiation_protection:5.5:pct
merc_scientific_outfit,up_sect_thirda_seva_1,st_prop_weight:0.2:kg|ui_inv_outfit_power_restore:60:microg
merc_scientific_outfit,up_sect_thirdc_seva_1,ui_inv_outfit_additional_weight:7:kg
merc_scientific_outfit,up_sect_thirdd_seva_1,st_prop_artefact:1:num|st_prop_weight:0.4:kg
merc_scientific_outfit,up_sect_thirde_seva_1,st_prop_artefact:1:num|st_prop_weight:0.4:kg
merc_scientific_outfit,up_sect_fourta_seva_1,st_prop_weight:0.05:kg|ui_inv_outfit_radiation_protection:2.75:pct
merc_scientific_outfit,up_sect_fourtc_seva_1,st_prop_weight:0.05:kg|ui_inv_outfit_telepatic_protection:2.12:pct
merc_scientific_outfit,up_sect_fourte_seva_1,st_prop_restore_bleeding:60:mlmin|st_prop_weight:1.5:kg
merc_scout_outfit,up_sect_firsta_lcs_2,st_prop_durability:-10:pct
merc_scout_outfit,up_sect_firstc_lcs_2,st_prop_weight:0.7:kg|ui_inv_outfit_wound_protection:3.48:pct
merc_scout_outfit,up_sect_firstd_lcs_2,ui_inv_outfit_fire_wound_protection:3.2:pct|ui_inv_outfit_explosion_protection:2.25:pct|st_prop_weight:1:kg
merc_scout_outfit,up_sect_firste_lcs_2,ui_inv_outfit_fire_wound_protection:3.2:pct|ui_inv_outfit_explosion_protection:2.25:pct|st_prop_weight:1:kg
merc_scout_outfit,up_sect_firstf_lcs_2,st_prop_weight:0.7:kg|ui_inv_outfit_wound_protection:3.48:pct
merc_scout_outfit,up_sect_secona_lcs_2,st_prop_weight:-3:kg
merc_scout_outfit,up_sect_seconc_lcs_2,st_prop_weight:0.2:kg|ui_inv_outfit_shock_protection:4.08:pct
merc_scout_outfit,up_sect_second_lcs_2,ui_inv_outfit_chemical_burn_protection:1.65:pct|st_prop_weight:0.2:kg
merc_scout_outfit,up_sect_secone_lcs_2,st_prop_weight:0.2:kg|ui_inv_outfit_power_restore:120:microg
merc_scout_outfit,up_sect_thirda_lcs_2,st_prop_artefact:1:num|st_prop_weight:0.4:kg
merc_scout_outfit,up_sect_thirdc_lcs_2,st_prop_restore_bleeding:30:mlmin|st_prop_weight:0.5:kg
merc_scout_outfit,up_sect_thirde_lcs_2,st_prop_artefact:1:num|st_prop_weight:0.4:kg
merc_scout_outfit,up_sect_fourta_lcs_2,st_prop_weight:0.05:kg|ui_inv_outfit_radiation_protection:2.75:pct
merc_scout_outfit,up_sect_fourtc_lcs_2,ui_inv_outfit_additional_weight:7:kg
merc_sun_outfit,up_sect_firsta_sts_2,ui_inv_outfit_fire_wound_protection:3.2:pct|ui_inv_outfit_explosion_protection:2.25:pct|st_prop_weight:1:kg
merc_sun_outfit,up_sect_firstc_sts_2,st_prop_weight:0.7:kg|ui_inv_outfit_wound_protection:3.48:pct
merc_sun_outfit,up_sect_firste_sts_2,ui_inv_outfit_fire_wound_protection:3.2:pct|ui_inv_outfit_explosion_protection:2.25:pct|st_prop_weight:1:kg
merc_sun_outfit,up_sect_firstf_sts_2,st_prop_weight:0.7:kg|ui_inv_outfit_wound_protection:3.48:pct
merc_sun_outfit,up_sect_secona_sts_2,st_prop_weight:0.1:kg|ui_inv_outfit_shock_protection:2.04:pct
merc_sun_outfit,up_sect_seconc_sts_2,st_prop_weight:0.15:kg|ui_inv_outfit_radiation_protection:5.5:pct
merc_sun_outfit,up_sect_second_sts_2,ui_inv_outfit_burn_protection:11.5:pct|st_prop_weight:0.2:kg
merc_sun_outfit,up_sect_secone_sts_2,ui_inv_outfit_chemical_burn_protection:3.3:pct|st_prop_weight:0.2:kg
merc_sun_outfit,up_sect_seconf_sts_2,st_prop_weight:0.2:kg|ui_inv_outfit_shock_protection:4.08:pct
merc_sun_outfit,up_sect_thirda_sts_2,st_prop_weight:-3:kg
merc_sun_outfit,up_sect_thirdc_sts_2,ui_inv_outfit_additional_weight:7:kg
merc_sun_outfit,up_sect_thirdd_sts_2,st_prop_durability:-10:pct
merc_sun_outfit,up_sect_thirde_sts_2,st_prop_artefact:2:num|st_prop_weight:0.9:kg
merc_sunset_outfit,up_sect_firsta_lcs_1,st_prop_weight:0.7:kg|ui_inv_outfit_wound_protection:3.48:pct
merc_sunset_outfit,up_sect_firstc_lcs_1,st_prop_weight:-5:kg
merc_sunset_outfit,up_sect_firstd_lcs_1,st_prop_durability:-10:pct
merc_sunset_outfit,up_sect_firste_lcs_1,ui_inv_outfit_fire_wound_protection:3.2:pct|ui_inv_outfit_explosion_protection:4.5:pct|st_prop_weight:1.5:kg
merc_sunset_outfit,up_sect_firstf_lcs_1,st_prop_weight:1.2:kg|ui_inv_outfit_wound_protection:6.96:pct
merc_sunset_outfit,up_sect_secona_lcs_1,st_prop_durability:-10:pct
merc_sunset_outfit,up_sect_seconc_lcs_1,st_prop_weight:0.2:kg|ui_inv_outfit_power_restore:60:microg
merc_sunset_outfit,up_sect_second_lcs_1,ui_inv_outfit_burn_protection:5.75:pct|st_prop_weight:0.2:kg
merc_sunset_outfit,up_sect_secone_lcs_1,ui_inv_outfit_chemical_burn_protection:1.65:pct|st_prop_weight:0.2:kg
merc_sunset_outfit,up_sect_thirda_lcs_1,ui_inv_outfit_additional_weight:5:kg
merc_sunset_outfit,up_sect_thirdc_lcs_1,st_prop_restore_bleeding:30:mlmin|st_prop_weight:0.5:kg
merc_sunset_outfit,up_sect_thirde_lcs_1,st_prop_artefact:1:num|st_prop_weight:0.4:kg
merc_sunset_outfit,up_sect_fourta_lcs_1,st_prop_weight:0.05:kg|ui_inv_outfit_radiation_protection:2.75:pct
merc_sunset_outfit,up_sect_fourtc_lcs_1,st_prop_restore_health:1.5:healpct|st_prop_weight:1:kg
merc_wolven_outfit,up_sect_firsta_sts_1,st_prop_durability:-10:pct
merc_wolven_outfit,up_sect_firstc_sts_1,st_prop_weight:0.7:kg|ui_inv_outfit_wound_protection:3.48:pct
merc_wolven_outfit,up_sect_firste_sts_1,ui_inv_outfit_fire_wound_protection:3.2:pct|ui_inv_outfit_explosion_protection:2.25:pct|st_prop_weight:1:kg
merc_wolven_outfit,up_sect_firstf_sts_1,st_prop_weight:0.7:kg|ui_inv_outfit_wound_protection:3.48:pct
merc_wolven_outfit,up_sect_secona_sts_1,st_prop_weight:-3:kg
merc_wolven_outfit,up_sect_seconc_sts_1,ui_inv_outfit_burn_protection:11.5:pct|st_prop_weight:0.2:kg
merc_wolven_outfit,up_sect_second_sts_1,st_prop_weight:0.2:kg|ui_inv_outfit_shock_protection:4.08:pct
merc_wolven_outfit,up_sect_secone_sts_1,ui_inv_outfit_chemical_burn_protection:3.3:pct|st_prop_weight:0.2:kg
merc_wolven_outfit,up_sect_seconf_sts_1,st_prop_weight:0.15:kg|ui_inv_outfit_radiation_protection:5.5:pct
merc_wolven_outfit,up_sect_thirda_sts_1,ui_inv_outfit_chemical_burn_protection:1.65:pct|st_prop_weight:0.2:kg
merc_wolven_outfit,up_sect_thirdc_sts_1,ui_inv_outfit_additional_weight:7:kg
merc_wolven_outfit,up_sect_thirdd_sts_1,st_prop_artefact:1:num|st_prop_weight:0.4:kg
merc_wolven_outfit,up_sect_thirde_sts_1,st_prop_artefact:1:num|st_prop_weight:0.4:kg
military_bandit_outfit,up_sect_firsta_skat_1,st_prop_weight:-5:kg
military_bandit_outfit,up_sect_firstc_skat_1,st_prop_durability:-10:pct
military_bandit_outfit,up_sect_firstd_skat_1,ui_inv_outfit_fire_wound_protection:3.2:pct|ui_inv_outfit_explosion_protection:2.25:pct|st_prop_weight:1:kg
military_bandit_outfit,up_sect_firste_skat_1,st_prop_weight:0.7:kg|ui_inv_outfit_wound_protection:3.48:pct
military_bandit_outfit,up_sect_firstf_skat_1,ui_inv_outfit_fire_wound_protection:3.2:pct|ui_inv_outfit_explosion_protection:2.25:pct|st_prop_weight:1:kg
military_bandit_outfit,up_sect_secona_skat_1,st_prop_weight:0.7:kg|ui_inv_outfit_wound_protection:3.48:pct
military_bandit_outfit,up_sect_seconc_skat_1,st_prop_weight:0.1:kg|ui_inv_outfit_shock_protection:2.04:pct
military_bandit_outfit,up_sect_second_skat_1,ui_inv_outfit_burn_protection:5.75:pct|st_prop_weight:0.2:kg
military_bandit_outfit,up_sect_secone_skat_1,ui_inv_outfit_chemical_burn_protection:3.3:pct|st_prop_weight:0.2:kg
military_bandit_outfit,up_sect_seconf_skat_1,st_prop_weight:0.15:kg|ui_inv_outfit_radiation_protection:5.5:pct
military_bandit_outfit,up_sect_thirda_skat_1,st_prop_restore_bleeding:30:mlmin|st_prop_weight:0.5:kg
military_bandit_outfit,up_sect_thirdc_skat_1,ui_inv_outfit_chemical_burn_protection:1.65:pct|st_prop_weight:0.2:kg
military_bandit_outfit,up_sect_thirdd_skat_1,ui_inv_outfit_additional_weight:7:kg
military_bandit_outfit,up_sect_thirde_skat_1,st_prop_artefact:1:num|st_prop_weight:0.4:kg
military_bandit_outfit,up_sect_fourta_skat_1,st_prop_weight:0.2:kg|ui_inv_outfit_power_restore:60:microg
military_bandit_outfit,up_sect_fourtc_skat_1,st_prop_restore_bleeding:60:mlmin|st_prop_weight:1.5:kg
military_bandit_outfit,up_sect_fourte_skat_1,st_prop_restore_health:3:healpct|st_prop_weight:2:kg
military_exo_outfit,up_sect_firsta_exolight_1,st_prop_weight:0.7:kg|ui_inv_outfit_wound_protection:3.48:pct
military_exo_outfit,up_sect_firstc_exolight_1,ui_inv_outfit_fire_wound_protection:3.2:pct|ui_inv_outfit_explosion_protection:2.25:pct|st_prop_weight:1:kg
military_exo_outfit,up_sect_firstd_exolight_1,st_prop_durability:-10:pct
military_exo_outfit,up_sect_firste_exolight_1,ui_inv_outfit_fire_wound_protection:3.2:pct|ui_inv_outfit_explosion_protection:2.25:pct|st_prop_weight:1:kg
military_exo_outfit,up_sect_firstf_exolight_1,st_prop_weight:0.7:kg|ui_inv_outfit_wound_protection:3.48:pct
military_exo_outfit,up_sect_secona_exolight_1,st_prop_weight:0.05:kg|ui_inv_outfit_telepatic_protection:2.12:pct
military_exo_outfit,up_sect_seconc_exolight_1,st_prop_weight:0.1:kg|ui_inv_outfit_shock_protection:2.04:pct
military_exo_outfit,up_sect_second_exolight_1,ui_inv_outfit_burn_protection:5.75:pct|st_prop_weight:0.2:kg
military_exo_outfit,up_sect_secone_exolight_1,ui_inv_outfit_chemical_burn_protection:3.3:pct|st_prop_weight:0.2:kg
military_exo_outfit,up_sect_seconf_exolight_1,st_prop_weight:0.15:kg|ui_inv_outfit_radiation_protection:5.5:pct
military_exo_outfit,up_sect_thirda_exolight_1,st_prop_weight:0.2:kg|ui_inv_outfit_power_restore:60:microg
military_exo_outfit,up_sect_thirdc_exolight_1,st_prop_artefact:1:num|st_prop_weight:0.4:kg
military_exo_outfit,up_sect_thirde_exolight_1,st_prop_weight:-3:kg
military_exo_outfit,up_sect_fourta_exolight_1,ui_inv_outfit_additional_weight:5:kg
military_exo_outfit,up_sect_fourtc_exolight_1,ui_inv_outfit_fire_wound_protection:3.2:pct|ui_inv_outfit_explosion_protection:2.25:pct|st_prop_weight:1:kg
military_exo_outfit,up_sect_fourtd_exolight_1,st_prop_durability:-10:pct
military_exo_outfit,up_sect_fourte_exolight_1,st_prop_restore_bleeding:30:mlmin|st_prop_weight:0.5:kg
military_exo_outfit,up_sect_fourtf_exolight_1,st_prop_restore_health:1.5:healpct|st_prop_weight:1:kg
military_exo_outfit,up_sect_fiftha_exo_1,st_prop_weight:3.7:kg
military_exo_outfit,up_sect_fifthc_exo_1,st_prop_weight:0.1:kg|ui_inv_outfit_telepatic_protection:4.25:pct
military_exo_outfit,up_sect_fifthd_exo_1,st_prop_weight:0.05:kg|ui_inv_outfit_radiation_protection:2.75:pct
military_exo_outfit,up_sect_fifthe_exo_1,st_prop_artefact:1:num|st_prop_weight:0.4:kg
military_exolight_outfit,up_sect_firsta_exolight_1,st_prop_weight:0.7:kg|ui_inv_outfit_wound_protection:3.48:pct
military_exolight_outfit,up_sect_firstc_exolight_1,ui_inv_outfit_fire_wound_protection:3.2:pct|ui_inv_outfit_explosion_protection:2.25:pct|st_prop_weight:1:kg
military_exolight_outfit,up_sect_firstd_exolight_1,st_prop_durability:-10:pct
military_exolight_outfit,up_sect_firste_exolight_1,ui_inv_outfit_fire_wound_protection:3.2:pct|ui_inv_outfit_explosion_protection:2.25:pct|st_prop_weight:1:kg
military_exolight_outfit,up_sect_firstf_exolight_1,st_prop_weight:0.7:kg|ui_inv_outfit_wound_protection:3.48:pct
military_exolight_outfit,up_sect_secona_exolight_1,st_prop_weight:0.05:kg|ui_inv_outfit_telepatic_protection:2.12:pct
military_exolight_outfit,up_sect_seconc_exolight_1,st_prop_weight:0.1:kg|ui_inv_outfit_shock_protection:2.04:pct
military_exolight_outfit,up_sect_second_exolight_1,ui_inv_outfit_burn_protection:5.75:pct|st_prop_weight:0.2:kg
military_exolight_outfit,up_sect_secone_exolight_1,ui_inv_outfit_chemical_burn_protection:3.3:pct|st_prop_weight:0.2:kg
military_exolight_outfit,up_sect_seconf_exolight_1,st_prop_weight:0.15:kg|ui_inv_outfit_radiation_protection:5.5:pct
military_exolight_outfit,up_sect_thirda_exolight_1,st_prop_weight:0.2:kg|ui_inv_outfit_power_restore:60:microg
military_exolight_outfit,up_sect_thirdc_exolight_1,st_prop_artefact:1:num|st_prop_weight:0.4:kg
military_exolight_outfit,up_sect_thirde_exolight_1,st_prop_weight:-3:kg
military_exolight_outfit,up_sect_fourta_exolight_1,ui_inv_outfit_additional_weight:5:kg
military_exolight_outfit,up_sect_fourtc_exolight_1,ui_inv_outfit_fire_wound_protection:3.2:pct|ui_inv_outfit_explosion_protection:2.25:pct|st_prop_weight:1:kg
military_exolight_outfit,up_sect_fourtd_exolight_1,st_prop_durability:-10:pct
military_exolight_outfit,up_sect_fourte_exolight_1,st_prop_restore_bleeding:30:mlmin|st_prop_weight:0.5:kg
military_exolight_outfit,up_sect_fourtf_exolight_1,st_prop_restore_health:1.5:healpct|st_prop_weight:1:kg
military_freedom_outfit,up_sect_firsta_skat_1,st_prop_weight:-5:kg
military_freedom_outfit,up_sect_firstc_skat_1,st_prop_durability:-10:pct
military_freedom_outfit,up_sect_firstd_skat_1,ui_inv_outfit_fire_wound_protection:3.2:pct|ui_inv_outfit_explosion_protection:2.25:pct|st_prop_weight:1:kg
military_freedom_outfit,up_sect_firste_skat_1,st_prop_weight:0.7:kg|ui_inv_outfit_wound_protection:3.48:pct
military_freedom_outfit,up_sect_firstf_skat_1,ui_inv_outfit_fire_wound_protection:3.2:pct|ui_inv_outfit_explosion_protection:2.25:pct|st_prop_weight:1:kg
military_freedom_outfit,up_sect_secona_skat_1,st_prop_weight:0.7:kg|ui_inv_outfit_wound_protection:3.48:pct
military_freedom_outfit,up_sect_seconc_skat_1,st_prop_weight:0.1:kg|ui_inv_outfit_shock_protection:2.04:pct
military_freedom_outfit,up_sect_second_skat_1,ui_inv_outfit_burn_protection:5.75:pct|st_prop_weight:0.2:kg
military_freedom_outfit,up_sect_secone_skat_1,ui_inv_outfit_chemical_burn_protection:3.3:pct|st_prop_weight:0.2:kg
military_freedom_outfit,up_sect_seconf_skat_1,st_prop_weight:0.15:kg|ui_inv_outfit_radiation_protection:5.5:pct
military_freedom_outfit,up_sect_thirda_skat_1,st_prop_restore_bleeding:30:mlmin|st_prop_weight:0.5:kg
military_freedom_outfit,up_sect_thirdc_skat_1,ui_inv_outfit_chemical_burn_protection:1.65:pct|st_prop_weight:0.2:kg
military_freedom_outfit,up_sect_thirdd_skat_1,ui_inv_outfit_additional_weight:7:kg
military_freedom_outfit,up_sect_thirde_skat_1,st_prop_artefact:1:num|st_prop_weight:0.4:kg
military_freedom_outfit,up_sect_fourta_skat_1,st_prop_weight:0.2:kg|ui_inv_outfit_power_restore:60:microg
military_freedom_outfit,up_sect_fourtc_skat_1,st_prop_restore_bleeding:60:mlmin|st_prop_weight:1.5:kg
military_freedom_outfit,up_sect_fourte_skat_1,st_prop_restore_health:3:healpct|st_prop_weight:2:kg
military_merc_outfit,up_sect_firsta_skat_1,st_prop_weight:-5:kg
military_merc_outfit,up_sect_firstc_skat_1,st_prop_durability:-10:pct
military_merc_outfit,up_sect_firstd_skat_1,ui_inv_outfit_fire_wound_protection:3.2:pct|ui_inv_outfit_explosion_protection:2.25:pct|st_prop_weight:1:kg
military_merc_outfit,up_sect_firste_skat_1,st_prop_weight:0.7:kg|ui_inv_outfit_wound_protection:3.48:pct
military_merc_outfit,up_sect_firstf_skat_1,ui_inv_outfit_fire_wound_protection:3.2:pct|ui_inv_outfit_explosion_protection:2.25:pct|st_prop_weight:1:kg
military_merc_outfit,up_sect_secona_skat_1,st_prop_weight:0.7:kg|ui_inv_outfit_wound_protection:3.48:pct
military_merc_outfit,up_sect_seconc_skat_1,st_prop_weight:0.1:kg|ui_inv_outfit_shock_protection:2.04:pct
military_merc_outfit,up_sect_second_skat_1,ui_inv_outfit_burn_protection:5.75:pct|st_prop_weight:0.2:kg
military_merc_outfit,up_sect_secone_skat_1,ui_inv_outfit_chemical_burn_protection:3.3:pct|st_prop_weight:0.2:kg
military_merc_outfit,up_sect_seconf_skat_1,st_prop_weight:0.15:kg|ui_inv_outfit_radiation_protection:5.5:pct
military_merc_outfit,up_sect_thirda_skat_1,st_prop_restore_bleeding:30:mlmin|st_prop_weight:0.5:kg
military_merc_outfit,up_sect_thirdc_skat_1,ui_inv_outfit_chemical_burn_protection:1.65:pct|st_prop_weight:0.2:kg
military_merc_outfit,up_sect_thirdd_skat_1,ui_inv_outfit_additional_weight:7:kg
military_merc_outfit,up_sect_thirde_skat_1,st_prop_artefact:1:num|st_prop_weight:0.4:kg
military_merc_outfit,up_sect_fourta_skat_1,st_prop_weight:0.2:kg|ui_inv_outfit_power_restore:60:microg
military_merc_outfit,up_sect_fourtc_skat_1,st_prop_restore_bleeding:60:mlmin|st_prop_weight:1.5:kg
military_merc_outfit,up_sect_fourte_skat_1,st_prop_restore_health:3:healpct|st_prop_weight:2:kg
military_monolit_outfit,up_sect_firsta_skat_1,st_prop_weight:-5:kg
military_monolit_outfit,up_sect_firstc_skat_1,st_prop_durability:-10:pct
military_monolit_outfit,up_sect_firstd_skat_1,ui_inv_outfit_fire_wound_protection:3.2:pct|ui_inv_outfit_explosion_protection:2.25:pct|st_prop_weight:1:kg
military_monolit_outfit,up_sect_firste_skat_1,st_prop_weight:0.7:kg|ui_inv_outfit_wound_protection:3.48:pct
military_monolit_outfit,up_sect_firstf_skat_1,ui_inv_outfit_fire_wound_protection:3.2:pct|ui_inv_outfit_explosion_protection:2.25:pct|st_prop_weight:1:kg
military_monolit_outfit,up_sect_secona_skat_1,st_prop_weight:0.7:kg|ui_inv_outfit_wound_protection:3.48:pct
military_monolit_outfit,up_sect_seconc_skat_1,st_prop_weight:0.1:kg|ui_inv_outfit_shock_protection:2.04:pct
military_monolit_outfit,up_sect_second_skat_1,ui_inv_outfit_burn_protection:5.75:pct|st_prop_weight:0.2:kg
military_monolit_outfit,up_sect_secone_skat_1,ui_inv_outfit_chemical_burn_protection:3.3:pct|st_prop_weight:0.2:kg
military_monolit_outfit,up_sect_seconf_skat_1,st_prop_weight:0.15:kg|ui_inv_outfit_radiation_protection:5.5:pct
military_monolit_outfit,up_sect_thirda_skat_1,st_prop_restore_bleeding:30:mlmin|st_prop_weight:0.5:kg
military_monolit_outfit,up_sect_thirdc_skat_1,ui_inv_outfit_chemical_burn_protection:1.65:pct|st_prop_weight:0.2:kg
military_monolit_outfit,up_sect_thirdd_skat_1,ui_inv_outfit_additional_weight:7:kg
military_monolit_outfit,up_sect_thirde_skat_1,st_prop_artefact:1:num|st_prop_weight:0.4:kg
military_monolit_outfit,up_sect_fourta_skat_1,st_prop_weight:0.2:kg|ui_inv_outfit_power_restore:60:microg
military_monolit_outfit,up_sect_fourtc_skat_1,st_prop_restore_bleeding:60:mlmin|st_prop_weight:1.5:kg
military_monolit_outfit,up_sect_fourte_skat_1,st_prop_restore_health:3:healpct|st_prop_weight:2:kg
military_outfit,up_sect_firsta_skat_1,st_prop_weight:-5:kg
military_outfit,up_sect_firstc_skat_1,st_prop_durability:-10:pct
military_outfit,up_sect_firstd_skat_1,ui_inv_outfit_fire_wound_protection:3.2:pct|ui_inv_outfit_explosion_protection:2.25:pct|st_prop_weight:1:kg
military_outfit,up_sect_firste_skat_1,st_prop_weight:0.7:kg|ui_inv_outfit_wound_protection:3.48:pct
military_outfit,up_sect_firstf_skat_1,ui_inv_outfit_fire_wound_protection:3.2:pct|ui_inv_outfit_explosion_protection:2.25:pct|st_prop_weight:1:kg
military_outfit,up_sect_secona_skat_1,st_prop_weight:0.7:kg|ui_inv_outfit_wound_protection:3.48:pct
military_outfit,up_sect_seconc_skat_1,st_prop_weight:0.1:kg|ui_inv_outfit_shock_protection:2.04:pct
military_outfit,up_sect_second_skat_1,ui_inv_outfit_burn_protection:5.75:pct|st_prop_weight:0.2:kg
military_outfit,up_sect_secone_skat_1,ui_inv_outfit_chemical_burn_protection:3.3:pct|st_prop_weight:0.2:kg
military_outfit,up_sect_seconf_skat_1,st_prop_weight:0.15:kg|ui_inv_outfit_radiation_protection:5.5:pct
military_outfit,up_sect_thirda_skat_1,st_prop_restore_bleeding:30:mlmin|st_prop_weight:0.5:kg
military_outfit,up_sect_thirdc_skat_1,ui_inv_outfit_chemical_burn_protection:1.65:pct|st_prop_weight:0.2:kg
military_outfit,up_sect_thirdd_skat_1,ui_inv_outfit_additional_weight:7:kg
military_outfit,up_sect_thirde_skat_1,st_prop_artefact:1:num|st_prop_weight:0.4:kg
military_outfit,up_sect_fourta_skat_1,st_prop_weight:0.2:kg|ui_inv_outfit_power_restore:60:microg
military_outfit,up_sect_fourtc_skat_1,st_prop_restore_bleeding:60:mlmin|st_prop_weight:1.5:kg
military_outfit,up_sect_fourte_skat_1,st_prop_restore_health:3:healpct|st_prop_weight:2:kg
military_proto_exo_outfit,up_sect_firsta_sunrise_1,ui_inv_outfit_fire_wound_protection:3.2:pct|ui_inv_outfit_explosion_protection:2.25:pct|st_prop_weight:1:kg
military_proto_exo_outfit,up_sect_firstc_sunrise_1,st_prop_weight:0.7:kg|ui_inv_outfit_wound_protection:3.48:pct
military_proto_exo_outfit,up_sect_firstd_sunrise_1,st_prop_weight:0.2:kg|ui_inv_outfit_power_restore:60:microg
military_proto_exo_outfit,up_sect_firste_sunrise_1,ui_inv_outfit_fire_wound_protection:3.2:pct|ui_inv_outfit_explosion_protection:2.25:pct|st_prop_weight:1:kg
military_proto_exo_outfit,up_sect_secona_sts_1,st_prop_weight:-3:kg
military_proto_exo_outfit,up_sect_seconc_sts_1,ui_inv_outfit_burn_protection:11.5:pct|st_prop_weight:0.2:kg
military_proto_exo_outfit,up_sect_second_sts_1,st_prop_weight:0.2:kg|ui_inv_outfit_shock_protection:4.08:pct
military_proto_exo_outfit,up_sect_secone_sts_1,ui_inv_outfit_chemical_burn_protection:3.3:pct|st_prop_weight:0.2:kg
military_proto_exo_outfit,up_sect_seconf_sts_1,st_prop_weight:0.15:kg|ui_inv_outfit_radiation_protection:5.5:pct
military_proto_exo_outfit,up_sect_thirda_sunrise_3,st_prop_artefact:1:num|st_prop_weight:0.4:kg
military_proto_exo_outfit,up_sect_thirdc_sunrise_3,st_prop_restore_bleeding:30:mlmin|st_prop_weight:0.5:kg
military_proto_exo_outfit,up_sect_thirdd_sunrise_3,st_prop_weight:0.2:kg|ui_inv_outfit_power_restore:60:microg
military_proto_exo_outfit,up_sect_thirde_sunrise_3,ui_inv_outfit_additional_weight:10:kg
military_proto_exo_outfit,up_sect_fourta_sunrise_proto_1,st_prop_artefact:1:num|st_prop_weight:0.4:kg
military_proto_exo_outfit,up_sect_fourtc_sunrise_proto_1,st_prop_weight:3.7:kg
military_sky_outfit,up_sect_firsta_skat_1,st_prop_weight:-5:kg
military_sky_outfit,up_sect_firstc_skat_1,st_prop_durability:-10:pct
military_sky_outfit,up_sect_firstd_skat_1,ui_inv_outfit_fire_wound_protection:3.2:pct|ui_inv_outfit_explosion_protection:2.25:pct|st_prop_weight:1:kg
military_sky_outfit,up_sect_firste_skat_1,st_prop_weight:0.7:kg|ui_inv_outfit_wound_protection:3.48:pct
military_sky_outfit,up_sect_firstf_skat_1,ui_inv_outfit_fire_wound_protection:3.2:pct|ui_inv_outfit_explosion_protection:2.25:pct|st_prop_weight:1:kg
military_sky_outfit,up_sect_secona_skat_1,st_prop_weight:0.7:kg|ui_inv_outfit_wound_protection:3.48:pct
military_sky_outfit,up_sect_seconc_skat_1,st_prop_weight:0.1:kg|ui_inv_outfit_shock_protection:2.04:pct
military_sky_outfit,up_sect_second_skat_1,ui_inv_outfit_burn_protection:5.75:pct|st_prop_weight:0.2:kg
military_sky_outfit,up_sect_secone_skat_1,ui_inv_outfit_chemical_burn_protection:3.3:pct|st_prop_weight:0.2:kg
military_sky_outfit,up_sect_seconf_skat_1,st_prop_weight:0.15:kg|ui_inv_outfit_radiation_protection:5.5:pct
military_sky_outfit,up_sect_thirda_skat_1,st_prop_restore_bleeding:30:mlmin|st_prop_weight:0.5:kg
military_sky_outfit,up_sect_thirdc_skat_1,ui_inv_outfit_chemical_burn_protection:1.65:pct|st_prop_weight:0.2:kg
military_sky_outfit,up_sect_thirdd_skat_1,ui_inv_outfit_additional_weight:7:kg
military_sky_outfit,up_sect_thirde_skat_1,st_prop_artefact:1:num|st_prop_weight:0.4:kg
military_sky_outfit,up_sect_fourta_skat_1,st_prop_weight:0.2:kg|ui_inv_outfit_power_restore:60:microg
military_sky_outfit,up_sect_fourtc_skat_1,st_prop_restore_bleeding:60:mlmin|st_prop_weight:1.5:kg
military_sky_outfit,up_sect_fourte_skat_1,st_prop_restore_health:3:healpct|st_prop_weight:2:kg
monolith_exo_outfit,up_sect_firsta_exolight_2,st_prop_durability:-10:pct
monolith_exo_outfit,up_sect_firstc_exolight_2,st_prop_weight:0.7:kg|ui_inv_outfit_wound_protection:3.48:pct
monolith_exo_outfit,up_sect_firstd_exolight_2,ui_inv_outfit_fire_wound_protection:3.2:pct|ui_inv_outfit_explosion_protection:2.25:pct|st_prop_weight:1:kg
monolith_exo_outfit,up_sect_firste_exolight_2,ui_inv_outfit_fire_wound_protection:3.2:pct|ui_inv_outfit_explosion_protection:2.25:pct|st_prop_weight:1:kg
monolith_exo_outfit,up_sect_firstf_exolight_2,st_prop_weight:0.7:kg|ui_inv_outfit_wound_protection:3.48:pct
monolith_exo_outfit,up_sect_secona_exolight_2,ui_inv_outfit_chemical_burn_protection:1.65:pct|st_prop_weight:0.2:kg
monolith_exo_outfit,up_sect_seconc_exolight_2,st_prop_weight:0.05:kg|ui_inv_outfit_radiation_protection:2.75:pct
monolith_exo_outfit,up_sect_second_exolight_2,st_prop_weight:0.05:kg|ui_inv_outfit_telepatic_protection:2.12:pct
monolith_exo_outfit,up_sect_secone_exolight_2,st_prop_weight:0.2:kg|ui_inv_outfit_shock_protection:4.08:pct
monolith_exo_outfit,up_sect_seconf_exolight_2,ui_inv_outfit_burn_protection:11.5:pct|st_prop_weight:0.2:kg
monolith_exo_outfit,up_sect_thirda_exolight_2,st_prop_artefact:1:num|st_prop_weight:0.4:kg
monolith_exo_outfit,up_sect_thirdc_exolight_2,ui_inv_outfit_additional_weight:5:kg
monolith_exo_outfit,up_sect_thirde_exolight_2,st_prop_durability:-10:pct
monolith_exo_outfit,up_sect_fourta_exolight_2,st_prop_restore_bleeding:30:mlmin|st_prop_weight:0.5:kg
monolith_exo_outfit,up_sect_fourtc_exolight_2,st_prop_weight:-3:kg
monolith_exo_outfit,up_sect_fourtd_exolight_2,st_prop_restore_health:1.5:healpct|st_prop_weight:1:kg
monolith_exo_outfit,up_sect_fourte_exolight_2,st_prop_weight:0.2:kg|ui_inv_outfit_power_restore:120:microg
monolith_exo_outfit,up_sect_fourtf_exolight_2,ui_inv_outfit_chemical_burn_protection:3.3:pct|st_prop_weight:0.2:kg
monolith_exo_outfit,up_sect_fiftha_exo_2,st_prop_weight:0.05:kg|ui_inv_outfit_telepatic_protection:2.12:pct
monolith_exo_outfit,up_sect_fifthc_exo_2,st_prop_weight:3.7:kg
monolith_exo_outfit,up_sect_fifthd_exo_2,st_prop_weight:0.05:kg|ui_inv_outfit_radiation_protection:2.75:pct
monolith_exo_outfit,up_sect_fifthe_exo_2,st_prop_artefact:1:num|st_prop_weight:0.4:kg
monolith_exolight_outfit,up_sect_firsta_exolight_2,st_prop_durability:-10:pct
monolith_exolight_outfit,up_sect_firstc_exolight_2,st_prop_weight:0.7:kg|ui_inv_outfit_wound_protection:3.48:pct
monolith_exolight_outfit,up_sect_firstd_exolight_2,ui_inv_outfit_fire_wound_protection:3.2:pct|ui_inv_outfit_explosion_protection:2.25:pct|st_prop_weight:1:kg
monolith_exolight_outfit,up_sect_firste_exolight_2,ui_inv_outfit_fire_wound_protection:3.2:pct|ui_inv_outfit_explosion_protection:2.25:pct|st_prop_weight:1:kg
monolith_exolight_outfit,up_sect_firstf_exolight_2,st_prop_weight:0.7:kg|ui_inv_outfit_wound_protection:3.48:pct
monolith_exolight_outfit,up_sect_secona_exolight_2,ui_inv_outfit_chemical_burn_protection:1.65:pct|st_prop_weight:0.2:kg
monolith_exolight_outfit,up_sect_seconc_exolight_2,st_prop_weight:0.05:kg|ui_inv_outfit_radiation_protection:2.75:pct
monolith_exolight_outfit,up_sect_second_exolight_2,st_prop_weight:0.05:kg|ui_inv_outfit_telepatic_protection:2.12:pct
monolith_exolight_outfit,up_sect_secone_exolight_2,st_prop_weight:0.2:kg|ui_inv_outfit_shock_protection:4.08:pct
monolith_exolight_outfit,up_sect_seconf_exolight_2,ui_inv_outfit_burn_protection:11.5:pct|st_prop_weight:0.2:kg
monolith_exolight_outfit,up_sect_thirda_exolight_2,st_prop_artefact:1:num|st_prop_weight:0.4:kg
monolith_exolight_outfit,up_sect_thirdc_exolight_2,ui_inv_outfit_additional_weight:5:kg
monolith_exolight_outfit,up_sect_thirde_exolight_2,st_prop_durability:-10:pct
monolith_exolight_outfit,up_sect_fourta_exolight_2,st_prop_restore_bleeding:30:mlmin|st_prop_weight:0.5:kg
monolith_exolight_outfit,up_sect_fourtc_exolight_2,st_prop_weight:-3:kg
monolith_exolight_outfit,up_sect_fourtd_exolight_2,st_prop_restore_health:1.5:healpct|st_prop_weight:1:kg
monolith_exolight_outfit,up_sect_fourte_exolight_2,st_prop_weight:0.2:kg|ui_inv_outfit_power_restore:120:microg
monolith_exolight_outfit,up_sect_fourtf_exolight_2,ui_inv_outfit_chemical_burn_protection:3.3:pct|st_prop_weight:0.2:kg
monolith_nbc_outfit,up_sect_firsta_sts_1,st_prop_durability:-10:pct
monolith_nbc_outfit,up_sect_firstc_sts_1,st_prop_weight:0.7:kg|ui_inv_outfit_wound_protection:3.48:pct
monolith_nbc_outfit,up_sect_firste_sts_1,ui_inv_outfit_fire_wound_protection:3.2:pct|ui_inv_outfit_explosion_protection:2.25:pct|st_prop_weight:1:kg
monolith_nbc_outfit,up_sect_firstf_sts_1,st_prop_weight:0.7:kg|ui_inv_outfit_wound_protection:3.48:pct
monolith_nbc_outfit,up_sect_secona_sts_1,st_prop_weight:-3:kg
monolith_nbc_outfit,up_sect_seconc_sts_1,ui_inv_outfit_burn_protection:11.5:pct|st_prop_weight:0.2:kg
monolith_nbc_outfit,up_sect_second_sts_1,st_prop_weight:0.2:kg|ui_inv_outfit_shock_protection:4.08:pct
monolith_nbc_outfit,up_sect_secone_sts_1,ui_inv_outfit_chemical_burn_protection:3.3:pct|st_prop_weight:0.2:kg
monolith_nbc_outfit,up_sect_seconf_sts_1,st_prop_weight:0.15:kg|ui_inv_outfit_radiation_protection:5.5:pct
monolith_nbc_outfit,up_sect_thirda_sts_1,ui_inv_outfit_chemical_burn_protection:1.65:pct|st_prop_weight:0.2:kg
monolith_nbc_outfit,up_sect_thirdc_sts_1,ui_inv_outfit_additional_weight:7:kg
monolith_nbc_outfit,up_sect_thirdd_sts_1,st_prop_artefact:1:num|st_prop_weight:0.4:kg
monolith_nbc_outfit,up_sect_thirde_sts_1,st_prop_artefact:1:num|st_prop_weight:0.4:kg
monolith_nbc_outfit,up_sect_fourta_sts_nbc_1,st_prop_weight:0.05:kg|ui_inv_outfit_radiation_protection:2.75:pct
monolith_nbc_outfit,up_sect_fourtc_sts_nbc_1,ui_inv_outfit_additional_weight:5:kg
monolith_nosorog_outfit,up_sect_firsta_exolight_2,st_prop_durability:-10:pct
monolith_nosorog_outfit,up_sect_firstc_exolight_2,st_prop_weight:0.7:kg|ui_inv_outfit_wound_protection:3.48:pct
monolith_nosorog_outfit,up_sect_firstd_exolight_2,ui_inv_outfit_fire_wound_protection:3.2:pct|ui_inv_outfit_explosion_protection:2.25:pct|st_prop_weight:1:kg
monolith_nosorog_outfit,up_sect_firste_exolight_2,ui_inv_outfit_fire_wound_protection:3.2:pct|ui_inv_outfit_explosion_protection:2.25:pct|st_prop_weight:1:kg
monolith_nosorog_outfit,up_sect_firstf_exolight_2,st_prop_weight:0.7:kg|ui_inv_outfit_wound_protection:3.48:pct
monolith_nosorog_outfit,up_sect_secona_exolight_2,ui_inv_outfit_chemical_burn_protection:1.65:pct|st_prop_weight:0.2:kg
monolith_nosorog_outfit,up_sect_seconc_exolight_2,st_prop_weight:0.05:kg|ui_inv_outfit_radiation_protection:2.75:pct
monolith_nosorog_outfit,up_sect_second_exolight_2,st_prop_weight:0.05:kg|ui_inv_outfit_telepatic_protection:2.12:pct
monolith_nosorog_outfit,up_sect_secone_exolight_2,st_prop_weight:0.2:kg|ui_inv_outfit_shock_protection:4.08:pct
monolith_nosorog_outfit,up_sect_seconf_exolight_2,ui_inv_outfit_burn_protection:11.5:pct|st_prop_weight:0.2:kg
monolith_nosorog_outfit,up_sect_thirda_exolight_2,st_prop_artefact:1:num|st_prop_weight:0.4:kg
monolith_nosorog_outfit,up_sect_thirdc_exolight_2,ui_inv_outfit_additional_weight:5:kg
monolith_nosorog_outfit,up_sect_thirde_exolight_2,st_prop_durability:-10:pct
monolith_nosorog_outfit,up_sect_fourta_exolight_2,st_prop_restore_bleeding:30:mlmin|st_prop_weight:0.5:kg
monolith_nosorog_outfit,up_sect_fourtc_exolight_2,st_prop_weight:-3:kg
monolith_nosorog_outfit,up_sect_fourtd_exolight_2,st_prop_restore_health:1.5:healpct|st_prop_weight:1:kg
monolith_nosorog_outfit,up_sect_fourte_exolight_2,st_prop_weight:0.2:kg|ui_inv_outfit_power_restore:120:microg
monolith_nosorog_outfit,up_sect_fourtf_exolight_2,ui_inv_outfit_chemical_burn_protection:3.3:pct|st_prop_weight:0.2:kg
monolith_nosorog_outfit,up_sect_fiftha_nosorog_2,st_prop_artefact:1:num|st_prop_weight:0.4:kg
monolith_nosorog_outfit,up_sect_fifthc_nosorog_2,st_prop_weight:0.1:kg|ui_inv_outfit_telepatic_protection:4.25:pct
monolith_nosorog_outfit,up_sect_fifthd_nosorog_2,st_prop_weight:3.7:kg
monolith_nosorog_outfit,up_sect_fifthe_nosorog_2,st_prop_weight:0.05:kg|ui_inv_outfit_radiation_protection:2.75:pct
monolith_outfit,up_sect_firsta_sts_1,st_prop_durability:-10:pct
monolith_outfit,up_sect_firstc_sts_1,st_prop_weight:0.7:kg|ui_inv_outfit_wound_protection:3.48:pct
monolith_outfit,up_sect_firste_sts_1,ui_inv_outfit_fire_wound_protection:3.2:pct|ui_inv_outfit_explosion_protection:2.25:pct|st_prop_weight:1:kg
monolith_outfit,up_sect_firstf_sts_1,st_prop_weight:0.7:kg|ui_inv_outfit_wound_protection:3.48:pct
monolith_outfit,up_sect_secona_sts_1,st_prop_weight:-3:kg
monolith_outfit,up_sect_seconc_sts_1,ui_inv_outfit_burn_protection:11.5:pct|st_prop_weight:0.2:kg
monolith_outfit,up_sect_second_sts_1,st_prop_weight:0.2:kg|ui_inv_outfit_shock_protection:4.08:pct
monolith_outfit,up_sect_secone_sts_1,ui_inv_outfit_chemical_burn_protection:3.3:pct|st_prop_weight:0.2:kg
monolith_outfit,up_sect_seconf_sts_1,st_prop_weight:0.15:kg|ui_inv_outfit_radiation_protection:5.5:pct
monolith_outfit,up_sect_thirda_sts_1,ui_inv_outfit_chemical_burn_protection:1.65:pct|st_prop_weight:0.2:kg
monolith_outfit,up_sect_thirdc_sts_1,ui_inv_outfit_additional_weight:7:kg
monolith_outfit,up_sect_thirdd_sts_1,st_prop_artefact:1:num|st_prop_weight:0.4:kg
monolith_outfit,up_sect_thirde_sts_1,st_prop_artefact:1:num|st_prop_weight:0.4:kg
monolith_proto_exo_outfit,up_sect_firsta_sts_1,st_prop_durability:-10:pct
monolith_proto_exo_outfit,up_sect_firstc_sts_1,st_prop_weight:0.7:kg|ui_inv_outfit_wound_protection:3.48:pct
monolith_proto_exo_outfit,up_sect_firste_sts_1,ui_inv_outfit_fire_wound_protection:3.2:pct|ui_inv_outfit_explosion_protection:2.25:pct|st_prop_weight:1:kg
monolith_proto_exo_outfit,up_sect_firstf_sts_1,st_prop_weight:0.7:kg|ui_inv_outfit_wound_protection:3.48:pct
monolith_proto_exo_outfit,up_sect_secona_sts_1,st_prop_weight:-3:kg
monolith_proto_exo_outfit,up_sect_seconc_sts_1,ui_inv_outfit_burn_protection:11.5:pct|st_prop_weight:0.2:kg
monolith_proto_exo_outfit,up_sect_second_sts_1,st_prop_weight:0.2:kg|ui_inv_outfit_shock_protection:4.08:pct
monolith_proto_exo_outfit,up_sect_secone_sts_1,ui_inv_outfit_chemical_burn_protection:3.3:pct|st_prop_weight:0.2:kg
monolith_proto_exo_outfit,up_sect_seconf_sts_1,st_prop_weight:0.15:kg|ui_inv_outfit_radiation_protection:5.5:pct
monolith_proto_exo_outfit,up_sect_thirda_sts_1,ui_inv_outfit_chemical_burn_protection:1.65:pct|st_prop_weight:0.2:kg
monolith_proto_exo_outfit,up_sect_thirdc_sts_1,ui_inv_outfit_additional_weight:7:kg
monolith_proto_exo_outfit,up_sect_thirdd_sts_1,st_prop_artefact:1:num|st_prop_weight:0.4:kg
monolith_proto_exo_outfit,up_sect_thirde_sts_1,st_prop_artefact:1:num|st_prop_weight:0.4:kg
monolith_proto_exo_outfit,up_sect_fourta_sts_proto_1,st_prop_artefact:1:num|st_prop_weight:0.4:kg
monolith_proto_exo_outfit,up_sect_fourtc_sts_proto_1,st_prop_weight:3.7:kg
monolith_scientific_light_outfit,up_sect_firsta_seva_1,ui_inv_outfit_fire_wound_protection:3.2:pct|ui_inv_outfit_explosion_protection:2.25:pct|st_prop_weight:1:kg
monolith_scientific_light_outfit,up_sect_firstc_seva_1,st_prop_weight:0.7:kg|ui_inv_outfit_wound_protection:3.48:pct
monolith_scientific_light_outfit,up_sect_firstd_seva_1,st_prop_durability:-10:pct
monolith_scientific_light_outfit,up_sect_firste_seva_1,ui_inv_outfit_fire_wound_protection:3.2:pct|ui_inv_outfit_explosion_protection:4.5:pct|st_prop_weight:1.5:kg
monolith_scientific_light_outfit,up_sect_firstf_seva_1,st_prop_weight:-5:kg
monolith_scientific_light_outfit,up_sect_secona_seva_1,st_prop_durability:-10:pct
monolith_scientific_light_outfit,up_sect_seconc_seva_1,st_prop_weight:0.2:kg|ui_inv_outfit_shock_protection:4.08:pct
monolith_scientific_light_outfit,up_sect_second_seva_1,ui_inv_outfit_burn_protection:5.75:pct|st_prop_weight:0.2:kg
monolith_scientific_light_outfit,up_sect_secone_seva_1,ui_inv_outfit_chemical_burn_protection:3.3:pct|st_prop_weight:0.2:kg
monolith_scientific_light_outfit,up_sect_seconf_seva_1,st_prop_weight:0.15:kg|ui_inv_outfit_radiation_protection:5.5:pct
monolith_scientific_light_outfit,up_sect_thirda_seva_1,st_prop_weight:0.2:kg|ui_inv_outfit_power_restore:60:microg
monolith_scientific_light_outfit,up_sect_thirdc_seva_1,ui_inv_outfit_additional_weight:7:kg
monolith_scientific_light_outfit,up_sect_thirdd_seva_1,st_prop_artefact:1:num|st_prop_weight:0.4:kg
monolith_scientific_light_outfit,up_sect_thirde_seva_1,st_prop_artefact:1:num|st_prop_weight:0.4:kg
monolith_scientific_light_outfit,up_sect_fourta_seva_1,st_prop_weight:0.05:kg|ui_inv_outfit_radiation_protection:2.75:pct
monolith_scientific_light_outfit,up_sect_fourtc_seva_1,st_prop_weight:0.05:kg|ui_inv_outfit_telepatic_protection:2.12:pct
monolith_scientific_light_outfit,up_sect_fourte_seva_1,st_prop_restore_bleeding:60:mlmin|st_prop_weight:1.5:kg
monolith_scientific_outfit,up_sect_firsta_seva_1,ui_inv_outfit_fire_wound_protection:3.2:pct|ui_inv_outfit_explosion_protection:2.25:pct|st_prop_weight:1:kg
monolith_scientific_outfit,up_sect_firstc_seva_1,st_prop_weight:0.7:kg|ui_inv_outfit_wound_protection:3.48:pct
monolith_scientific_outfit,up_sect_firstd_seva_1,st_prop_durability:-10:pct
monolith_scientific_outfit,up_sect_firste_seva_1,ui_inv_outfit_fire_wound_protection:3.2:pct|ui_inv_outfit_explosion_protection:4.5:pct|st_prop_weight:1.5:kg
monolith_scientific_outfit,up_sect_firstf_seva_1,st_prop_weight:-5:kg
monolith_scientific_outfit,up_sect_secona_seva_1,st_prop_durability:-10:pct
monolith_scientific_outfit,up_sect_seconc_seva_1,st_prop_weight:0.2:kg|ui_inv_outfit_shock_protection:4.08:pct
monolith_scientific_outfit,up_sect_second_seva_1,ui_inv_outfit_burn_protection:5.75:pct|st_prop_weight:0.2:kg
monolith_scientific_outfit,up_sect_secone_seva_1,ui_inv_outfit_chemical_burn_protection:3.3:pct|st_prop_weight:0.2:kg
monolith_scientific_outfit,up_sect_seconf_seva_1,st_prop_weight:0.15:kg|ui_inv_outfit_radiation_protection:5.5:pct
monolith_scientific_outfit,up_sect_thirda_seva_1,st_prop_weight:0.2:kg|ui_inv_outfit_power_restore:60:microg
monolith_scientific_outfit,up_sect_thirdc_seva_1,ui_inv_outfit_additional_weight:7:kg
monolith_scientific_outfit,up_sect_thirdd_seva_1,st_prop_artefact:1:num|st_prop_weight:0.4:kg
monolith_scientific_outfit,up_sect_thirde_seva_1,st_prop_artefact:1:num|st_prop_weight:0.4:kg
monolith_scientific_outfit,up_sect_fourta_seva_1,st_prop_weight:0.05:kg|ui_inv_outfit_radiation_protection:2.75:pct
monolith_scientific_outfit,up_sect_fourtc_seva_1,st_prop_weight:0.05:kg|ui_inv_outfit_telepatic_protection:2.12:pct
monolith_scientific_outfit,up_sect_fourte_seva_1,st_prop_restore_bleeding:60:mlmin|st_prop_weight:1.5:kg
monolith_trenchcoat_outfit,up_sect_firsta_sts_1,st_prop_durability:-10:pct
monolith_trenchcoat_outfit,up_sect_firstc_sts_1,st_prop_weight:0.7:kg|ui_inv_outfit_wound_protection:3.48:pct
monolith_trenchcoat_outfit,up_sect_firste_sts_1,ui_inv_outfit_fire_wound_protection:3.2:pct|ui_inv_outfit_explosion_protection:2.25:pct|st_prop_weight:1:kg
monolith_trenchcoat_outfit,up_sect_firstf_sts_1,st_prop_weight:0.7:kg|ui_inv_outfit_wound_protection:3.48:pct
monolith_trenchcoat_outfit,up_sect_secona_sts_1,st_prop_weight:-3:kg
monolith_trenchcoat_outfit,up_sect_seconc_sts_1,ui_inv_outfit_burn_protection:11.5:pct|st_prop_weight:0.2:kg
monolith_trenchcoat_outfit,up_sect_second_sts_1,st_prop_weight:0.2:kg|ui_inv_outfit_shock_protection:4.08:pct
monolith_trenchcoat_outfit,up_sect_secone_sts_1,ui_inv_outfit_chemical_burn_protection:3.3:pct|st_prop_weight:0.2:kg
monolith_trenchcoat_outfit,up_sect_seconf_sts_1,st_prop_weight:0.15:kg|ui_inv_outfit_radiation_protection:5.5:pct
monolith_trenchcoat_outfit,up_sect_thirda_sts_1,ui_inv_outfit_chemical_burn_protection:1.65:pct|st_prop_weight:0.2:kg
monolith_trenchcoat_outfit,up_sect_thirdc_sts_1,ui_inv_outfit_additional_weight:7:kg
monolith_trenchcoat_outfit,up_sect_thirdd_sts_1,st_prop_artefact:1:num|st_prop_weight:0.4:kg
monolith_trenchcoat_outfit,up_sect_thirde_sts_1,st_prop_artefact:1:num|st_prop_weight:0.4:kg
nbc_dolg_outfit,up_sect_firsta_ps5_1,ui_inv_outfit_fire_wound_protection:3.2:pct|ui_inv_outfit_explosion_protection:2.25:pct|st_prop_weight:1:kg
nbc_dolg_outfit,up_sect_firstc_ps5_1,st_prop_durability:-10:pct
nbc_dolg_outfit,up_sect_firste_ps5_1,ui_inv_outfit_fire_wound_protection:3.2:pct|ui_inv_outfit_explosion_protection:4.5:pct|st_prop_weight:1.5:kg
nbc_dolg_outfit,up_sect_firstf_ps5_1,st_prop_weight:1.2:kg|ui_inv_outfit_wound_protection:6.96:pct
nbc_dolg_outfit,up_sect_secona_ps5_1,st_prop_weight:0.7:kg|ui_inv_outfit_wound_protection:3.48:pct
nbc_dolg_outfit,up_sect_seconc_ps5_1,st_prop_weight:-3:kg
nbc_dolg_outfit,up_sect_second_ps5_1,st_prop_weight:0.2:kg|ui_inv_outfit_power_restore:60:microg
nbc_dolg_outfit,up_sect_secone_ps5_1,ui_inv_outfit_fire_wound_protection:3.2:pct|ui_inv_outfit_explosion_protection:2.25:pct|st_prop_weight:1:kg
nbc_dolg_outfit,up_sect_thirda_ps5_1,ui_inv_outfit_additional_weight:5:kg
nbc_dolg_outfit,up_sect_thirdc_ps5_1,st_prop_restore_health:1.5:healpct|st_prop_weight:1:kg
nbc_dolg_outfit,up_sect_thirde_ps5_1,st_prop_restore_bleeding:30:mlmin|st_prop_weight:0.5:kg
nbc_dolg_outfit,up_sect_fourta_ps5_nbc_1,st_prop_weight:0.05:kg|ui_inv_outfit_radiation_protection:2.75:pct
nbc_dolg_outfit,up_sect_fourtc_ps5_nbc_1,ui_inv_outfit_additional_weight:5:kg
nbc_freedom_outfit,up_sect_firsta_sts_1,st_prop_durability:-10:pct
nbc_freedom_outfit,up_sect_firstc_sts_1,st_prop_weight:0.7:kg|ui_inv_outfit_wound_protection:3.48:pct
nbc_freedom_outfit,up_sect_firste_sts_1,ui_inv_outfit_fire_wound_protection:3.2:pct|ui_inv_outfit_explosion_protection:2.25:pct|st_prop_weight:1:kg
nbc_freedom_outfit,up_sect_firstf_sts_1,st_prop_weight:0.7:kg|ui_inv_outfit_wound_protection:3.48:pct
nbc_freedom_outfit,up_sect_secona_sts_1,st_prop_weight:-3:kg
nbc_freedom_outfit,up_sect_seconc_sts_1,ui_inv_outfit_burn_protection:11.5:pct|st_prop_weight:0.2:kg
nbc_freedom_outfit,up_sect_second_sts_1,st_prop_weight:0.2:kg|ui_inv_outfit_shock_protection:4.08:pct
nbc_freedom_outfit,up_sect_secone_sts_1,ui_inv_outfit_chemical_burn_protection:3.3:pct|st_prop_weight:0.2:kg
nbc_freedom_outfit,up_sect_seconf_sts_1,st_prop_weight:0.15:kg|ui_inv_outfit_radiation_protection:5.5:pct
nbc_freedom_outfit,up_sect_thirda_sts_1,ui_inv_outfit_chemical_burn_protection:1.65:pct|st_prop_weight:0.2:kg
nbc_freedom_outfit,up_sect_thirdc_sts_1,ui_inv_outfit_additional_weight:7:kg
nbc_freedom_outfit,up_sect_thirdd_sts_1,st_prop_artefact:1:num|st_prop_weight:0.4:kg
nbc_freedom_outfit,up_sect_thirde_sts_1,st_prop_artefact:1:num|st_prop_weight:0.4:kg
nbc_freedom_outfit,up_sect_fourta_sts_nbc_1,st_prop_weight:0.05:kg|ui_inv_outfit_radiation_protection:2.75:pct
nbc_freedom_outfit,up_sect_fourtc_sts_nbc_1,ui_inv_outfit_additional_weight:5:kg
nbc_merc_outfit,up_sect_firsta_ps5_1,ui_inv_outfit_fire_wound_protection:3.2:pct|ui_inv_outfit_explosion_protection:2.25:pct|st_prop_weight:1:kg
nbc_merc_outfit,up_sect_firstc_ps5_1,st_prop_durability:-10:pct
nbc_merc_outfit,up_sect_firste_ps5_1,ui_inv_outfit_fire_wound_protection:3.2:pct|ui_inv_outfit_explosion_protection:4.5:pct|st_prop_weight:1.5:kg
nbc_merc_outfit,up_sect_firstf_ps5_1,st_prop_weight:1.2:kg|ui_inv_outfit_wound_protection:6.96:pct
nbc_merc_outfit,up_sect_secona_ps5_1,st_prop_weight:0.7:kg|ui_inv_outfit_wound_protection:3.48:pct
nbc_merc_outfit,up_sect_seconc_ps5_1,st_prop_weight:-3:kg
nbc_merc_outfit,up_sect_second_ps5_1,st_prop_weight:0.2:kg|ui_inv_outfit_power_restore:60:microg
nbc_merc_outfit,up_sect_secone_ps5_1,ui_inv_outfit_fire_wound_protection:3.2:pct|ui_inv_outfit_explosion_protection:2.25:pct|st_prop_weight:1:kg
nbc_merc_outfit,up_sect_thirda_ps5_1,ui_inv_outfit_additional_weight:5:kg
nbc_merc_outfit,up_sect_thirdc_ps5_1,st_prop_restore_health:1.5:healpct|st_prop_weight:1:kg
nbc_merc_outfit,up_sect_thirde_ps5_1,st_prop_restore_bleeding:30:mlmin|st_prop_weight:0.5:kg
nbc_merc_outfit,up_sect_fourta_ps5_nbc_1,st_prop_weight:0.05:kg|ui_inv_outfit_radiation_protection:2.75:pct
nbc_merc_outfit,up_sect_fourtc_ps5_nbc_1,ui_inv_outfit_additional_weight:5:kg
nbc_outfit,up_sect_firsta_sunrise_3,st_prop_weight:0.2:kg|ui_inv_outfit_power_restore:60:microg
nbc_outfit,up_sect_firstc_sunrise_3,st_prop_weight:0.7:kg|ui_inv_outfit_wound_protection:3.48:pct
nbc_outfit,up_sect_firstd_sunrise_3,st_prop_weight:-3:kg
nbc_outfit,up_sect_firste_sunrise_3,st_prop_weight:1.2:kg|ui_inv_outfit_wound_protection:6.96:pct
nbc_outfit,up_sect_secona_sunrise_3,st_prop_weight:0.05:kg|ui_inv_outfit_telepatic_protection:2.12:pct
nbc_outfit,up_sect_seconc_sunrise_3,st_prop_weight:0.1:kg|ui_inv_outfit_shock_protection:2.04:pct
nbc_outfit,up_sect_second_sunrise_3,st_prop_weight:0.05:kg|ui_inv_outfit_radiation_protection:2.75:pct
nbc_outfit,up_sect_secone_sunrise_3,ui_inv_outfit_burn_protection:17.25:pct|st_prop_weight:0.2:kg
nbc_outfit,up_sect_seconf_sunrise_3,ui_inv_outfit_chemical_burn_protection:4.95:pct|st_prop_weight:0.2:kg
nbc_outfit,up_sect_thirda_sunrise_3,st_prop_artefact:1:num|st_prop_weight:0.4:kg
nbc_outfit,up_sect_thirdc_sunrise_3,st_prop_restore_bleeding:30:mlmin|st_prop_weight:0.5:kg
nbc_outfit,up_sect_thirdd_sunrise_3,st_prop_weight:0.2:kg|ui_inv_outfit_power_restore:60:microg
nbc_outfit,up_sect_thirde_sunrise_3,ui_inv_outfit_additional_weight:10:kg
nbc_outfit,up_sect_fourta_sunrise_nbc_1,st_prop_weight:0.05:kg|ui_inv_outfit_radiation_protection:2.75:pct
nbc_outfit,up_sect_fourtc_sunrise_nbc_1,ui_inv_outfit_additional_weight:5:kg
nomad_outfit,up_sect_firsta_sunrise_1,ui_inv_outfit_fire_wound_protection:3.2:pct|ui_inv_outfit_explosion_protection:2.25:pct|st_prop_weight:1:kg
nomad_outfit,up_sect_firstc_sunrise_1,st_prop_weight:0.7:kg|ui_inv_outfit_wound_protection:3.48:pct
nomad_outfit,up_sect_firstd_sunrise_1,st_prop_weight:0.2:kg|ui_inv_outfit_power_restore:60:microg
nomad_outfit,up_sect_firste_sunrise_1,ui_inv_outfit_fire_wound_protection:3.2:pct|ui_inv_outfit_explosion_protection:2.25:pct|st_prop_weight:1:kg
nomad_outfit,up_sect_secona_sunrise_1,st_prop_weight:-3:kg
nomad_outfit,up_sect_seconc_sunrise_1,ui_inv_outfit_burn_protection:5.75:pct|st_prop_weight:0.2:kg
nomad_outfit,up_sect_second_sunrise_1,ui_inv_outfit_chemical_burn_protection:1.65:pct|st_prop_weight:0.2:kg
nomad_outfit,up_sect_secone_sunrise_1,st_prop_weight:0.2:kg|ui_inv_outfit_shock_protection:4.08:pct
nomad_outfit,up_sect_seconf_sunrise_1,st_prop_weight:0.15:kg|ui_inv_outfit_radiation_protection:5.5:pct
nomad_outfit,up_sect_thirda_sunrise_1,st_prop_weight:0.05:kg|ui_inv_outfit_radiation_protection:2.75:pct
nomad_outfit,up_sect_thirdc_sunrise_1,st_prop_restore_health:1.5:healpct|st_prop_weight:1:kg
nomad_outfit,up_sect_thirdd_sunrise_1,ui_inv_outfit_additional_weight:5:kg
nomad_outfit,up_sect_thirde_sunrise_1,st_prop_artefact:1:num|st_prop_weight:0.4:kg
novice_outfit,up_sect_firsta_novice_1,ui_inv_outfit_fire_wound_protection:3.2:pct|ui_inv_outfit_explosion_protection:2.25:pct|st_prop_weight:1:kg
novice_outfit,up_sect_firstc_novice_1,st_prop_weight:0.7:kg|ui_inv_outfit_wound_protection:3.48:pct
novice_outfit,up_sect_firste_novice_1,ui_inv_outfit_fire_wound_protection:3.2:pct|ui_inv_outfit_explosion_protection:2.25:pct|st_prop_weight:1:kg
novice_outfit,up_sect_secona_novice_1,ui_inv_outfit_chemical_burn_protection:1.65:pct|st_prop_weight:0.2:kg
novice_outfit,up_sect_seconc_novice_1,st_prop_weight:0.2:kg|ui_inv_outfit_shock_protection:4.08:pct
novice_outfit,up_sect_second_novice_1,ui_inv_outfit_burn_protection:11.5:pct|st_prop_weight:0.2:kg
novice_outfit,up_sect_thirda_novice_1,ui_inv_outfit_additional_weight:5:kg
novice_outfit_camo,up_sect_firsta_novice_1,ui_inv_outfit_fire_wound_protection:3.2:pct|ui_inv_outfit_explosion_protection:2.25:pct|st_prop_weight:1:kg
novice_outfit_camo,up_sect_firstc_novice_1,st_prop_weight:0.7:kg|ui_inv_outfit_wound_protection:3.48:pct
novice_outfit_camo,up_sect_firste_novice_1,ui_inv_outfit_fire_wound_protection:3.2:pct|ui_inv_outfit_explosion_protection:2.25:pct|st_prop_weight:1:kg
novice_outfit_camo,up_sect_secona_novice_1,ui_inv_outfit_chemical_burn_protection:1.65:pct|st_prop_weight:0.2:kg
novice_outfit_camo,up_sect_seconc_novice_1,st_prop_weight:0.2:kg|ui_inv_outfit_shock_protection:4.08:pct
novice_outfit_camo,up_sect_second_novice_1,ui_inv_outfit_burn_protection:11.5:pct|st_prop_weight:0.2:kg
novice_outfit_camo,up_sect_thirda_novice_1,ui_inv_outfit_additional_weight:5:kg
novice_outfit_tourist,up_sect_firsta_novice_1,ui_inv_outfit_fire_wound_protection:3.2:pct|ui_inv_outfit_explosion_protection:2.25:pct|st_prop_weight:1:kg
novice_outfit_tourist,up_sect_firstc_novice_1,st_prop_weight:0.7:kg|ui_inv_outfit_wound_protection:3.48:pct
novice_outfit_tourist,up_sect_firste_novice_1,ui_inv_outfit_fire_wound_protection:3.2:pct|ui_inv_outfit_explosion_protection:2.25:pct|st_prop_weight:1:kg
novice_outfit_tourist,up_sect_secona_novice_1,ui_inv_outfit_chemical_burn_protection:1.65:pct|st_prop_weight:0.2:kg
novice_outfit_tourist,up_sect_seconc_novice_1,st_prop_weight:0.2:kg|ui_inv_outfit_shock_protection:4.08:pct
novice_outfit_tourist,up_sect_second_novice_1,ui_inv_outfit_burn_protection:11.5:pct|st_prop_weight:0.2:kg
novice_outfit_tourist,up_sect_thirda_novice_1,ui_inv_outfit_additional_weight:5:kg
pri_a17_gauss_rifle,up_sect_firsta_svd,ui_inv_handling:4.76:pct|st_prop_weight:-0.24:kg
pri_a17_gauss_rifle,up_sect_firstc_svd,ui_inv_accuracy:1.33:pct|st_prop_weight:0.15:kg
pri_a17_gauss_rifle,up_sect_firstd_svd,ui_inv_handling:4.76:pct|st_prop_weight:-0.23:kg
pri_a17_gauss_rifle,up_sect_firste_svd,app_upgrade_bullet_speed:200:speed|ui_inv_accuracy:1.07:pct|st_prop_weight:0.16:kg
pri_a17_gauss_rifle,up_sect_firstf_svd,st_prop_weight:0.12:kg|ui_inv_rate_of_fire:35:rpm
pri_a17_gauss_rifle,up_sect_secona_svd,st_prop_reliability:7:pct
pri_a17_gauss_rifle,up_sect_seconc_svd,st_prop_weight:0.22:kg|st_prop_recoil:-1427.57:pct
pri_a17_gauss_rifle,up_sect_second_svd,ui_inv_accuracy:1.33:pct|st_prop_weight:0.16:kg
pri_a17_gauss_rifle,up_sect_thirda_svd,st_prop_weight:0.18:kg|st_prop_recoil:-1427.57:pct
pri_a17_gauss_rifle,up_sect_thirdc_svd,ui_inv_handling:7.14:pct|st_prop_weight:-0.24:kg
pri_a17_gauss_rifle,up_sect_thirde_svd,st_prop_weight:0.16:kg|st_prop_recoil:-1427.57:pct
redline_novice_outfit,up_sect_firsta_novice_1,ui_inv_outfit_fire_wound_protection:3.2:pct|ui_inv_outfit_explosion_protection:2.25:pct|st_prop_weight:1:kg
redline_novice_outfit,up_sect_firstc_novice_1,st_prop_weight:0.7:kg|ui_inv_outfit_wound_protection:3.48:pct
redline_novice_outfit,up_sect_firste_novice_1,ui_inv_outfit_fire_wound_protection:3.2:pct|ui_inv_outfit_explosion_protection:2.25:pct|st_prop_weight:1:kg
redline_novice_outfit,up_sect_secona_novice_1,ui_inv_outfit_chemical_burn_protection:1.65:pct|st_prop_weight:0.2:kg
redline_novice_outfit,up_sect_seconc_novice_1,st_prop_weight:0.2:kg|ui_inv_outfit_shock_protection:4.08:pct
redline_novice_outfit,up_sect_second_novice_1,ui_inv_outfit_burn_protection:11.5:pct|st_prop_weight:0.2:kg
redline_novice_outfit,up_sect_thirda_novice_1,ui_inv_outfit_additional_weight:5:kg
renegade_exo_outfit,up_sect_firsta_exolight_1,st_prop_weight:0.7:kg|ui_inv_outfit_wound_protection:3.48:pct
renegade_exo_outfit,up_sect_firstc_exolight_1,ui_inv_outfit_fire_wound_protection:3.2:pct|ui_inv_outfit_explosion_protection:2.25:pct|st_prop_weight:1:kg
renegade_exo_outfit,up_sect_firstd_exolight_1,st_prop_durability:-10:pct
renegade_exo_outfit,up_sect_firste_exolight_1,ui_inv_outfit_fire_wound_protection:3.2:pct|ui_inv_outfit_explosion_protection:2.25:pct|st_prop_weight:1:kg
renegade_exo_outfit,up_sect_firstf_exolight_1,st_prop_weight:0.7:kg|ui_inv_outfit_wound_protection:3.48:pct
renegade_exo_outfit,up_sect_secona_exolight_1,st_prop_weight:0.05:kg|ui_inv_outfit_telepatic_protection:2.12:pct
renegade_exo_outfit,up_sect_seconc_exolight_1,st_prop_weight:0.1:kg|ui_inv_outfit_shock_protection:2.04:pct
renegade_exo_outfit,up_sect_second_exolight_1,ui_inv_outfit_burn_protection:5.75:pct|st_prop_weight:0.2:kg
renegade_exo_outfit,up_sect_secone_exolight_1,ui_inv_outfit_chemical_burn_protection:3.3:pct|st_prop_weight:0.2:kg
renegade_exo_outfit,up_sect_seconf_exolight_1,st_prop_weight:0.15:kg|ui_inv_outfit_radiation_protection:5.5:pct
renegade_exo_outfit,up_sect_thirda_exolight_1,st_prop_weight:0.2:kg|ui_inv_outfit_power_restore:60:microg
renegade_exo_outfit,up_sect_thirdc_exolight_1,st_prop_artefact:1:num|st_prop_weight:0.4:kg
renegade_exo_outfit,up_sect_thirde_exolight_1,st_prop_weight:-3:kg
renegade_exo_outfit,up_sect_fourta_exolight_1,ui_inv_outfit_additional_weight:5:kg
renegade_exo_outfit,up_sect_fourtc_exolight_1,ui_inv_outfit_fire_wound_protection:3.2:pct|ui_inv_outfit_explosion_protection:2.25:pct|st_prop_weight:1:kg
renegade_exo_outfit,up_sect_fourtd_exolight_1,st_prop_durability:-10:pct
renegade_exo_outfit,up_sect_fourte_exolight_1,st_prop_restore_bleeding:30:mlmin|st_prop_weight:0.5:kg
renegade_exo_outfit,up_sect_fourtf_exolight_1,st_prop_restore_health:1.5:healpct|st_prop_weight:1:kg
renegade_exo_outfit,up_sect_fiftha_exo_1,st_prop_weight:3.7:kg
renegade_exo_outfit,up_sect_fifthc_exo_1,st_prop_weight:0.1:kg|ui_inv_outfit_telepatic_protection:4.25:pct
renegade_exo_outfit,up_sect_fifthd_exo_1,st_prop_weight:0.05:kg|ui_inv_outfit_radiation_protection:2.75:pct
renegade_exo_outfit,up_sect_fifthe_exo_1,st_prop_artefact:1:num|st_prop_weight:0.4:kg
renegade_scientific_outfit,up_sect_firsta_seva_2,st_prop_weight:0.7:kg|ui_inv_outfit_wound_protection:3.48:pct
renegade_scientific_outfit,up_sect_firstc_seva_2,ui_inv_outfit_fire_wound_protection:3.2:pct|ui_inv_outfit_explosion_protection:2.25:pct|st_prop_weight:1:kg
renegade_scientific_outfit,up_sect_firstd_seva_2,st_prop_weight:0.7:kg|ui_inv_outfit_wound_protection:3.48:pct
renegade_scientific_outfit,up_sect_firste_seva_2,ui_inv_outfit_fire_wound_protection:3.2:pct|ui_inv_outfit_explosion_protection:4.5:pct|st_prop_weight:1.5:kg
renegade_scientific_outfit,up_sect_firstf_seva_2,st_prop_durability:-10:pct
renegade_scientific_outfit,up_sect_secona_seva_2,ui_inv_outfit_chemical_burn_protection:1.65:pct|st_prop_weight:0.2:kg
renegade_scientific_outfit,up_sect_seconc_seva_2,st_prop_weight:0.05:kg|ui_inv_outfit_radiation_protection:2.75:pct
renegade_scientific_outfit,up_sect_second_seva_2,st_prop_weight:0.05:kg|ui_inv_outfit_telepatic_protection:2.12:pct
renegade_scientific_outfit,up_sect_secone_seva_2,ui_inv_outfit_burn_protection:11.5:pct|st_prop_weight:0.2:kg
renegade_scientific_outfit,up_sect_seconf_seva_2,st_prop_weight:0.2:kg|ui_inv_outfit_shock_protection:4.08:pct
renegade_scientific_outfit,up_sect_thirda_seva_2,st_prop_artefact:1:num|st_prop_weight:0.4:kg
renegade_scientific_outfit,up_sect_thirdc_seva_2,ui_inv_outfit_chemical_burn_protection:1.65:pct|st_prop_weight:0.2:kg
renegade_scientific_outfit,up_sect_thirdd_seva_2,st_prop_artefact:1:num|st_prop_weight:0.4:kg
renegade_scientific_outfit,up_sect_thirde_seva_2,st_prop_restore_health:1.5:healpct|st_prop_weight:1:kg
renegade_scientific_outfit,up_sect_fourta_seva_2,st_prop_weight:0.05:kg|ui_inv_outfit_radiation_protection:2.75:pct
renegade_scientific_outfit,up_sect_fourtc_seva_2,st_prop_weight:0.05:kg|ui_inv_outfit_telepatic_protection:2.12:pct
renegade_scientific_outfit,up_sect_fourte_seva_2,ui_inv_outfit_additional_weight:10:kg
renegademerc_outfit,up_sect_firsta_lcs_3,st_prop_durability:-10:pct
renegademerc_outfit,up_sect_firstc_lcs_3,st_prop_weight:0.7:kg|ui_inv_outfit_wound_protection:3.48:pct
renegademerc_outfit,up_sect_firstd_lcs_3,ui_inv_outfit_fire_wound_protection:3.2:pct|ui_inv_outfit_explosion_protection:2.25:pct|st_prop_weight:1:kg
renegademerc_outfit,up_sect_firste_lcs_3,ui_inv_outfit_fire_wound_protection:3.2:pct|ui_inv_outfit_explosion_protection:4.5:pct|st_prop_weight:1.5:kg
renegademerc_outfit,up_sect_firstf_lcs_3,st_prop_weight:1.2:kg|ui_inv_outfit_wound_protection:6.96:pct
renegademerc_outfit,up_sect_secona_lcs_3,st_prop_weight:-3:kg
renegademerc_outfit,up_sect_seconc_lcs_3,st_prop_weight:0.05:kg|ui_inv_outfit_radiation_protection:2.75:pct
renegademerc_outfit,up_sect_second_lcs_3,st_prop_weight:0.1:kg|ui_inv_outfit_shock_protection:2.04:pct
renegademerc_outfit,up_sect_secone_lcs_3,st_prop_durability:-10:pct
renegademerc_outfit,up_sect_thirda_lcs_3,st_prop_artefact:1:num|st_prop_weight:0.4:kg
renegademerc_outfit,up_sect_thirdc_lcs_3,ui_inv_outfit_burn_protection:5.75:pct|st_prop_weight:0.2:kg
renegademerc_outfit,up_sect_thirde_lcs_3,st_prop_restore_health:1.5:healpct|st_prop_weight:1:kg
renegademerc_outfit,up_sect_fourta_lcs_3,st_prop_weight:0.2:kg|ui_inv_outfit_power_restore:60:microg
renegademerc_outfit,up_sect_fourtc_lcs_3,st_prop_weight:-3:kg
scientific_outfit,up_sect_firsta_seva_1,ui_inv_outfit_fire_wound_protection:3.2:pct|ui_inv_outfit_explosion_protection:2.25:pct|st_prop_weight:1:kg
scientific_outfit,up_sect_firstc_seva_1,st_prop_weight:0.7:kg|ui_inv_outfit_wound_protection:3.48:pct
scientific_outfit,up_sect_firstd_seva_1,st_prop_durability:-10:pct
scientific_outfit,up_sect_firste_seva_1,ui_inv_outfit_fire_wound_protection:3.2:pct|ui_inv_outfit_explosion_protection:4.5:pct|st_prop_weight:1.5:kg
scientific_outfit,up_sect_firstf_seva_1,st_prop_weight:-5:kg
scientific_outfit,up_sect_secona_seva_1,st_prop_durability:-10:pct
scientific_outfit,up_sect_seconc_seva_1,st_prop_weight:0.2:kg|ui_inv_outfit_shock_protection:4.08:pct
scientific_outfit,up_sect_second_seva_1,ui_inv_outfit_burn_protection:5.75:pct|st_prop_weight:0.2:kg
scientific_outfit,up_sect_secone_seva_1,ui_inv_outfit_chemical_burn_protection:3.3:pct|st_prop_weight:0.2:kg
scientific_outfit,up_sect_seconf_seva_1,st_prop_weight:0.15:kg|ui_inv_outfit_radiation_protection:5.5:pct
scientific_outfit,up_sect_thirda_seva_1,st_prop_weight:0.2:kg|ui_inv_outfit_power_restore:60:microg
scientific_outfit,up_sect_thirdc_seva_1,ui_inv_outfit_additional_weight:7:kg
scientific_outfit,up_sect_thirdd_seva_1,st_prop_artefact:1:num|st_prop_weight:0.4:kg
scientific_outfit,up_sect_thirde_seva_1,st_prop_artefact:1:num|st_prop_weight:0.4:kg
scientific_outfit,up_sect_fourta_seva_1,st_prop_weight:0.05:kg|ui_inv_outfit_radiation_protection:2.75:pct
scientific_outfit,up_sect_fourtc_seva_1,st_prop_weight:0.05:kg|ui_inv_outfit_telepatic_protection:2.12:pct
scientific_outfit,up_sect_fourte_seva_1,st_prop_restore_bleeding:60:mlmin|st_prop_weight:1.5:kg
specops_bandit_outfit,up_sect_firsta_berill_1,st_prop_weight:0.7:kg|ui_inv_outfit_wound_protection:3.48:pct
specops_bandit_outfit,up_sect_firstc_berill_1,st_prop_weight:-3:kg
specops_bandit_outfit,up_sect_firstd_berill_1,st_prop_durability:-10:pct
specops_bandit_outfit,up_sect_firste_berill_1,ui_inv_outfit_fire_wound_protection:3.2:pct|ui_inv_outfit_explosion_protection:4.5:pct|st_prop_weight:1.5:kg
specops_bandit_outfit,up_sect_firstf_berill_1,st_prop_weight:1.2:kg|ui_inv_outfit_wound_protection:6.96:pct
specops_bandit_outfit,up_sect_secona_berill_1,st_prop_durability:-10:pct
specops_bandit_outfit,up_sect_seconc_berill_1,st_prop_weight:0.2:kg|ui_inv_outfit_power_restore:60:microg
specops_bandit_outfit,up_sect_second_berill_1,ui_inv_outfit_burn_protection:11.5:pct|st_prop_weight:0.2:kg
specops_bandit_outfit,up_sect_secone_berill_1,ui_inv_outfit_chemical_burn_protection:3.3:pct|st_prop_weight:0.2:kg
specops_bandit_outfit,up_sect_thirda_berill_1,st_prop_restore_bleeding:45:mlmin|st_prop_weight:1:kg
specops_bandit_outfit,up_sect_thirdc_berill_1,ui_inv_outfit_additional_weight:5:kg
specops_bandit_outfit,up_sect_thirde_berill_1,st_prop_artefact:1:num|st_prop_weight:0.4:kg
specops_dolg_outfit,up_sect_firsta_berill_3,st_prop_weight:-3:kg
specops_dolg_outfit,up_sect_firstc_berill_3,ui_inv_outfit_fire_wound_protection:3.2:pct|ui_inv_outfit_explosion_protection:4.5:pct|st_prop_weight:1.5:kg
specops_dolg_outfit,up_sect_firstd_berill_3,st_prop_weight:0.7:kg|ui_inv_outfit_wound_protection:3.48:pct
specops_dolg_outfit,up_sect_firstf_berill_3,st_prop_weight:1.2:kg|ui_inv_outfit_wound_protection:6.96:pct
specops_dolg_outfit,up_sect_secona_berill_3,st_prop_weight:0.1:kg|ui_inv_outfit_shock_protection:2.04:pct
specops_dolg_outfit,up_sect_seconc_berill_3,ui_inv_outfit_chemical_burn_protection:1.65:pct|st_prop_weight:0.2:kg
specops_dolg_outfit,up_sect_second_berill_3,ui_inv_outfit_burn_protection:11.5:pct|st_prop_weight:0.2:kg
specops_dolg_outfit,up_sect_secone_berill_3,st_prop_weight:0.2:kg|ui_inv_outfit_power_restore:120:microg
specops_dolg_outfit,up_sect_thirda_berill_3,ui_inv_outfit_additional_weight:3:kg
specops_dolg_outfit,up_sect_thirdc_berill_3,st_prop_weight:0.05:kg|ui_inv_outfit_radiation_protection:2.75:pct
specops_dolg_outfit,up_sect_thirde_berill_3,st_prop_restore_health:1.5:healpct|st_prop_weight:1:kg
specops_merc_outfit,up_sect_firsta_berill_2,ui_inv_outfit_fire_wound_protection:3.2:pct|ui_inv_outfit_explosion_protection:2.25:pct|st_prop_weight:1:kg
specops_merc_outfit,up_sect_firstc_berill_2,st_prop_weight:0.7:kg|ui_inv_outfit_wound_protection:3.48:pct
specops_merc_outfit,up_sect_firstd_berill_2,ui_inv_outfit_fire_wound_protection:3.2:pct|ui_inv_outfit_explosion_protection:2.25:pct|st_prop_weight:1:kg
specops_merc_outfit,up_sect_firste_berill_2,st_prop_weight:-3:kg
specops_merc_outfit,up_sect_firstf_berill_2,st_prop_durability:-10:pct
specops_merc_outfit,up_sect_secona_berill_2,ui_inv_outfit_chemical_burn_protection:1.65:pct|st_prop_weight:0.2:kg
specops_merc_outfit,up_sect_seconc_berill_2,st_prop_weight:0.2:kg|ui_inv_outfit_shock_protection:4.08:pct
specops_merc_outfit,up_sect_second_berill_2,st_prop_weight:0.15:kg|ui_inv_outfit_radiation_protection:5.5:pct
specops_merc_outfit,up_sect_secone_berill_2,ui_inv_outfit_burn_protection:11.5:pct|st_prop_weight:0.2:kg
specops_merc_outfit,up_sect_thirda_berill_2,st_prop_artefact:1:num|st_prop_weight:0.4:kg
specops_merc_outfit,up_sect_thirdc_berill_2,st_prop_artefact:1:num|st_prop_weight:0.4:kg
specops_merc_outfit,up_sect_thirde_berill_2,ui_inv_outfit_additional_weight:7:kg
specops_outfit,up_sect_firsta_berill_1,st_prop_weight:0.7:kg|ui_inv_outfit_wound_protection:3.48:pct
specops_outfit,up_sect_firstc_berill_1,st_prop_weight:-3:kg
specops_outfit,up_sect_firstd_berill_1,st_prop_durability:-10:pct
specops_outfit,up_sect_firste_berill_1,ui_inv_outfit_fire_wound_protection:3.2:pct|ui_inv_outfit_explosion_protection:4.5:pct|st_prop_weight:1.5:kg
specops_outfit,up_sect_firstf_berill_1,st_prop_weight:1.2:kg|ui_inv_outfit_wound_protection:6.96:pct
specops_outfit,up_sect_secona_berill_1,st_prop_durability:-10:pct
specops_outfit,up_sect_seconc_berill_1,st_prop_weight:0.2:kg|ui_inv_outfit_power_restore:60:microg
specops_outfit,up_sect_second_berill_1,ui_inv_outfit_burn_protection:11.5:pct|st_prop_weight:0.2:kg
specops_outfit,up_sect_secone_berill_1,ui_inv_outfit_chemical_burn_protection:3.3:pct|st_prop_weight:0.2:kg
specops_outfit,up_sect_thirda_berill_1,st_prop_restore_bleeding:45:mlmin|st_prop_weight:1:kg
specops_outfit,up_sect_thirdc_berill_1,ui_inv_outfit_additional_weight:5:kg
specops_outfit,up_sect_thirde_berill_1,st_prop_artefact:1:num|st_prop_weight:0.4:kg
stalker_autumn_outfit,up_sect_firsta_sunrise_2,st_prop_weight:0.2:kg|ui_inv_outfit_power_restore:60:microg
stalker_autumn_outfit,up_sect_firstc_sunrise_2,st_prop_weight:0.7:kg|ui_inv_outfit_wound_protection:3.48:pct
stalker_autumn_outfit,up_sect_firstd_sunrise_2,ui_inv_outfit_fire_wound_protection:3.2:pct|ui_inv_outfit_explosion_protection:2.25:pct|st_prop_weight:1:kg
stalker_autumn_outfit,up_sect_firste_sunrise_2,ui_inv_outfit_fire_wound_protection:3.2:pct|ui_inv_outfit_explosion_protection:4.5:pct|st_prop_weight:1.5:kg
stalker_autumn_outfit,up_sect_secona_sunrise_2,ui_inv_outfit_burn_protection:5.75:pct|st_prop_weight:0.2:kg
stalker_autumn_outfit,up_sect_seconc_sunrise_2,ui_inv_outfit_chemical_burn_protection:1.65:pct|st_prop_weight:0.2:kg
stalker_autumn_outfit,up_sect_second_sunrise_2,st_prop_weight:0.1:kg|ui_inv_outfit_telepatic_protection:4.25:pct
stalker_autumn_outfit,up_sect_secone_sunrise_2,st_prop_weight:0.2:kg|ui_inv_outfit_shock_protection:4.08:pct
stalker_autumn_outfit,up_sect_seconf_sunrise_2,st_prop_weight:0.15:kg|ui_inv_outfit_radiation_protection:5.5:pct
stalker_autumn_outfit,up_sect_thirda_sunrise_2,ui_inv_outfit_additional_weight:3:kg
stalker_autumn_outfit,up_sect_thirdc_sunrise_2,st_prop_restore_bleeding:30:mlmin|st_prop_weight:0.5:kg
stalker_autumn_outfit,up_sect_thirdd_sunrise_2,st_prop_weight:-3:kg
stalker_autumn_outfit,up_sect_thirde_sunrise_2,st_prop_artefact:1:num|st_prop_weight:0.4:kg
stalker_bear_outfit,up_sect_firsta_sunrise_2,st_prop_weight:0.2:kg|ui_inv_outfit_power_restore:60:microg
stalker_bear_outfit,up_sect_firstc_sunrise_2,st_prop_weight:0.7:kg|ui_inv_outfit_wound_protection:3.48:pct
stalker_bear_outfit,up_sect_firstd_sunrise_2,ui_inv_outfit_fire_wound_protection:3.2:pct|ui_inv_outfit_explosion_protection:2.25:pct|st_prop_weight:1:kg
stalker_bear_outfit,up_sect_firste_sunrise_2,ui_inv_outfit_fire_wound_protection:3.2:pct|ui_inv_outfit_explosion_protection:4.5:pct|st_prop_weight:1.5:kg
stalker_bear_outfit,up_sect_secona_sunrise_2,ui_inv_outfit_burn_protection:5.75:pct|st_prop_weight:0.2:kg
stalker_bear_outfit,up_sect_seconc_sunrise_2,ui_inv_outfit_chemical_burn_protection:1.65:pct|st_prop_weight:0.2:kg
stalker_bear_outfit,up_sect_second_sunrise_2,st_prop_weight:0.1:kg|ui_inv_outfit_telepatic_protection:4.25:pct
stalker_bear_outfit,up_sect_secone_sunrise_2,st_prop_weight:0.2:kg|ui_inv_outfit_shock_protection:4.08:pct
stalker_bear_outfit,up_sect_seconf_sunrise_2,st_prop_weight:0.15:kg|ui_inv_outfit_radiation_protection:5.5:pct
stalker_bear_outfit,up_sect_thirda_sunrise_2,ui_inv_outfit_additional_weight:3:kg
stalker_bear_outfit,up_sect_thirdc_sunrise_2,st_prop_restore_bleeding:30:mlmin|st_prop_weight:0.5:kg
stalker_bear_outfit,up_sect_thirdd_sunrise_2,st_prop_weight:-3:kg
stalker_bear_outfit,up_sect_thirde_sunrise_2,st_prop_artefact:1:num|st_prop_weight:0.4:kg
stalker_drought_outfit,up_sect_firsta_sunrise_1,ui_inv_outfit_fire_wound_protection:3.2:pct|ui_inv_outfit_explosion_protection:2.25:pct|st_prop_weight:1:kg
stalker_drought_outfit,up_sect_firstc_sunrise_1,st_prop_weight:0.7:kg|ui_inv_outfit_wound_protection:3.48:pct
stalker_drought_outfit,up_sect_firstd_sunrise_1,st_prop_weight:0.2:kg|ui_inv_outfit_power_restore:60:microg
stalker_drought_outfit,up_sect_firste_sunrise_1,ui_inv_outfit_fire_wound_protection:3.2:pct|ui_inv_outfit_explosion_protection:2.25:pct|st_prop_weight:1:kg
stalker_drought_outfit,up_sect_secona_sunrise_1,st_prop_weight:-3:kg
stalker_drought_outfit,up_sect_seconc_sunrise_1,ui_inv_outfit_burn_protection:5.75:pct|st_prop_weight:0.2:kg
stalker_drought_outfit,up_sect_second_sunrise_1,ui_inv_outfit_chemical_burn_protection:1.65:pct|st_prop_weight:0.2:kg
stalker_drought_outfit,up_sect_secone_sunrise_1,st_prop_weight:0.2:kg|ui_inv_outfit_shock_protection:4.08:pct
stalker_drought_outfit,up_sect_seconf_sunrise_1,st_prop_weight:0.15:kg|ui_inv_outfit_radiation_protection:5.5:pct
stalker_drought_outfit,up_sect_thirda_sunrise_1,st_prop_weight:0.05:kg|ui_inv_outfit_radiation_protection:2.75:pct
stalker_drought_outfit,up_sect_thirdc_sunrise_1,st_prop_restore_health:1.5:healpct|st_prop_weight:1:kg
stalker_drought_outfit,up_sect_thirdd_sunrise_1,ui_inv_outfit_additional_weight:5:kg
stalker_drought_outfit,up_sect_thirde_sunrise_1,st_prop_artefact:1:num|st_prop_weight:0.4:kg
stalker_graphite_outfit,up_sect_firsta_sunrise_1,ui_inv_outfit_fire_wound_protection:3.2:pct|ui_inv_outfit_explosion_protection:2.25:pct|st_prop_weight:1:kg
stalker_graphite_outfit,up_sect_firstc_sunrise_1,st_prop_weight:0.7:kg|ui_inv_outfit_wound_protection:3.48:pct
stalker_graphite_outfit,up_sect_firstd_sunrise_1,st_prop_weight:0.2:kg|ui_inv_outfit_power_restore:60:microg
stalker_graphite_outfit,up_sect_firste_sunrise_1,ui_inv_outfit_fire_wound_protection:3.2:pct|ui_inv_outfit_explosion_protection:2.25:pct|st_prop_weight:1:kg
stalker_graphite_outfit,up_sect_secona_sunrise_1,st_prop_weight:-3:kg
stalker_graphite_outfit,up_sect_seconc_sunrise_1,ui_inv_outfit_burn_protection:5.75:pct|st_prop_weight:0.2:kg
stalker_graphite_outfit,up_sect_second_sunrise_1,ui_inv_outfit_chemical_burn_protection:1.65:pct|st_prop_weight:0.2:kg
stalker_graphite_outfit,up_sect_secone_sunrise_1,st_prop_weight:0.2:kg|ui_inv_outfit_shock_protection:4.08:pct
stalker_graphite_outfit,up_sect_seconf_sunrise_1,st_prop_weight:0.15:kg|ui_inv_outfit_radiation_protection:5.5:pct
stalker_graphite_outfit,up_sect_thirda_sunrise_1,st_prop_weight:0.05:kg|ui_inv_outfit_radiation_protection:2.75:pct
stalker_graphite_outfit,up_sect_thirdc_sunrise_1,st_prop_restore_health:1.5:healpct|st_prop_weight:1:kg
stalker_graphite_outfit,up_sect_thirdd_sunrise_1,ui_inv_outfit_additional_weight:5:kg
stalker_graphite_outfit,up_sect_thirde_sunrise_1,st_prop_artefact:1:num|st_prop_weight:0.4:kg
stalker_outfit,up_sect_firsta_sunrise_3,st_prop_weight:0.2:kg|ui_inv_outfit_power_restore:60:microg
stalker_outfit,up_sect_firstc_sunrise_3,st_prop_weight:0.7:kg|ui_inv_outfit_wound_protection:3.48:pct
stalker_outfit,up_sect_firstd_sunrise_3,st_prop_weight:-3:kg
stalker_outfit,up_sect_firste_sunrise_3,st_prop_weight:1.2:kg|ui_inv_outfit_wound_protection:6.96:pct
stalker_outfit,up_sect_secona_sunrise_3,st_prop_weight:0.05:kg|ui_inv_outfit_telepatic_protection:2.12:pct
stalker_outfit,up_sect_seconc_sunrise_3,st_prop_weight:0.1:kg|ui_inv_outfit_shock_protection:2.04:pct
stalker_outfit,up_sect_second_sunrise_3,st_prop_weight:0.05:kg|ui_inv_outfit_radiation_protection:2.75:pct
stalker_outfit,up_sect_secone_sunrise_3,ui_inv_outfit_burn_protection:17.25:pct|st_prop_weight:0.2:kg
stalker_outfit,up_sect_seconf_sunrise_3,ui_inv_outfit_chemical_burn_protection:4.95:pct|st_prop_weight:0.2:kg
stalker_outfit,up_sect_thirda_sunrise_3,st_prop_artefact:1:num|st_prop_weight:0.4:kg
stalker_outfit,up_sect_thirdc_sunrise_3,st_prop_restore_bleeding:30:mlmin|st_prop_weight:0.5:kg
stalker_outfit,up_sect_thirdd_sunrise_3,st_prop_weight:0.2:kg|ui_inv_outfit_power_restore:60:microg
stalker_outfit,up_sect_thirde_sunrise_3,ui_inv_outfit_additional_weight:10:kg
stalker_predator_outfit,up_sect_firsta_sunrise_3,st_prop_weight:0.2:kg|ui_inv_outfit_power_restore:60:microg
stalker_predator_outfit,up_sect_firstc_sunrise_3,st_prop_weight:0.7:kg|ui_inv_outfit_wound_protection:3.48:pct
stalker_predator_outfit,up_sect_firstd_sunrise_3,st_prop_weight:-3:kg
stalker_predator_outfit,up_sect_firste_sunrise_3,st_prop_weight:1.2:kg|ui_inv_outfit_wound_protection:6.96:pct
stalker_predator_outfit,up_sect_secona_sunrise_3,st_prop_weight:0.05:kg|ui_inv_outfit_telepatic_protection:2.12:pct
stalker_predator_outfit,up_sect_seconc_sunrise_3,st_prop_weight:0.1:kg|ui_inv_outfit_shock_protection:2.04:pct
stalker_predator_outfit,up_sect_second_sunrise_3,st_prop_weight:0.05:kg|ui_inv_outfit_radiation_protection:2.75:pct
stalker_predator_outfit,up_sect_secone_sunrise_3,ui_inv_outfit_burn_protection:17.25:pct|st_prop_weight:0.2:kg
stalker_predator_outfit,up_sect_seconf_sunrise_3,ui_inv_outfit_chemical_burn_protection:4.95:pct|st_prop_weight:0.2:kg
stalker_predator_outfit,up_sect_thirda_sunrise_3,st_prop_artefact:1:num|st_prop_weight:0.4:kg
stalker_predator_outfit,up_sect_thirdc_sunrise_3,st_prop_restore_bleeding:30:mlmin|st_prop_weight:0.5:kg
stalker_predator_outfit,up_sect_thirdd_sunrise_3,st_prop_weight:0.2:kg|ui_inv_outfit_power_restore:60:microg
stalker_predator_outfit,up_sect_thirde_sunrise_3,ui_inv_outfit_additional_weight:10:kg
stalker_proto_exo_outfit,up_sect_firsta_sunrise_3,st_prop_weight:0.2:kg|ui_inv_outfit_power_restore:60:microg
stalker_proto_exo_outfit,up_sect_firstc_sunrise_3,st_prop_weight:0.7:kg|ui_inv_outfit_wound_protection:3.48:pct
stalker_proto_exo_outfit,up_sect_firstd_sunrise_3,st_prop_weight:-3:kg
stalker_proto_exo_outfit,up_sect_firste_sunrise_3,st_prop_weight:1.2:kg|ui_inv_outfit_wound_protection:6.96:pct
stalker_proto_exo_outfit,up_sect_secona_sunrise_3,st_prop_weight:0.05:kg|ui_inv_outfit_telepatic_protection:2.12:pct
stalker_proto_exo_outfit,up_sect_seconc_sunrise_3,st_prop_weight:0.1:kg|ui_inv_outfit_shock_protection:2.04:pct
stalker_proto_exo_outfit,up_sect_second_sunrise_3,st_prop_weight:0.05:kg|ui_inv_outfit_radiation_protection:2.75:pct
stalker_proto_exo_outfit,up_sect_secone_sunrise_3,ui_inv_outfit_burn_protection:17.25:pct|st_prop_weight:0.2:kg
stalker_proto_exo_outfit,up_sect_seconf_sunrise_3,ui_inv_outfit_chemical_burn_protection:4.95:pct|st_prop_weight:0.2:kg
stalker_proto_exo_outfit,up_sect_thirda_sunrise_3,st_prop_artefact:1:num|st_prop_weight:0.4:kg
stalker_proto_exo_outfit,up_sect_thirdc_sunrise_3,st_prop_restore_bleeding:30:mlmin|st_prop_weight:0.5:kg
stalker_proto_exo_outfit,up_sect_thirdd_sunrise_3,st_prop_weight:0.2:kg|ui_inv_outfit_power_restore:60:microg
stalker_proto_exo_outfit,up_sect_thirde_sunrise_3,ui_inv_outfit_additional_weight:10:kg
stalker_proto_exo_outfit,up_sect_fourta_sunrise_proto_1,st_prop_artefact:1:num|st_prop_weight:0.4:kg
stalker_proto_exo_outfit,up_sect_fourtc_sunrise_proto_1,st_prop_weight:3.7:kg
stalker_salamander_outfit,up_sect_firsta_sunrise_3,st_prop_weight:0.2:kg|ui_inv_outfit_power_restore:60:microg
stalker_salamander_outfit,up_sect_firstc_sunrise_3,st_prop_weight:0.7:kg|ui_inv_outfit_wound_protection:3.48:pct
stalker_salamander_outfit,up_sect_firstd_sunrise_3,st_prop_weight:-3:kg
stalker_salamander_outfit,up_sect_firste_sunrise_3,st_prop_weight:1.2:kg|ui_inv_outfit_wound_protection:6.96:pct
stalker_salamander_outfit,up_sect_secona_sunrise_3,st_prop_weight:0.05:kg|ui_inv_outfit_telepatic_protection:2.12:pct
stalker_salamander_outfit,up_sect_seconc_sunrise_3,st_prop_weight:0.1:kg|ui_inv_outfit_shock_protection:2.04:pct
stalker_salamander_outfit,up_sect_second_sunrise_3,st_prop_weight:0.05:kg|ui_inv_outfit_radiation_protection:2.75:pct
stalker_salamander_outfit,up_sect_secone_sunrise_3,ui_inv_outfit_burn_protection:17.25:pct|st_prop_weight:0.2:kg
stalker_salamander_outfit,up_sect_seconf_sunrise_3,ui_inv_outfit_chemical_burn_protection:4.95:pct|st_prop_weight:0.2:kg
stalker_salamander_outfit,up_sect_thirda_sunrise_3,st_prop_artefact:1:num|st_prop_weight:0.4:kg
stalker_salamander_outfit,up_sect_thirdc_sunrise_3,st_prop_restore_bleeding:30:mlmin|st_prop_weight:0.5:kg
stalker_salamander_outfit,up_sect_thirdd_sunrise_3,st_prop_weight:0.2:kg|ui_inv_outfit_power_restore:60:microg
stalker_salamander_outfit,up_sect_thirde_sunrise_3,ui_inv_outfit_additional_weight:10:kg
stalker_tigerstripe_outfit,up_sect_firsta_sunrise_1,ui_inv_outfit_fire_wound_protection:3.2:pct|ui_inv_outfit_explosion_protection:2.25:pct|st_prop_weight:1:kg
stalker_tigerstripe_outfit,up_sect_firstc_sunrise_1,st_prop_weight:0.7:kg|ui_inv_outfit_wound_protection:3.48:pct
stalker_tigerstripe_outfit,up_sect_firstd_sunrise_1,st_prop_weight:0.2:kg|ui_inv_outfit_power_restore:60:microg
stalker_tigerstripe_outfit,up_sect_firste_sunrise_1,ui_inv_outfit_fire_wound_protection:3.2:pct|ui_inv_outfit_explosion_protection:2.25:pct|st_prop_weight:1:kg
stalker_tigerstripe_outfit,up_sect_secona_sunrise_1,st_prop_weight:-3:kg
stalker_tigerstripe_outfit,up_sect_seconc_sunrise_1,ui_inv_outfit_burn_protection:5.75:pct|st_prop_weight:0.2:kg
stalker_tigerstripe_outfit,up_sect_second_sunrise_1,ui_inv_outfit_chemical_burn_protection:1.65:pct|st_prop_weight:0.2:kg
stalker_tigerstripe_outfit,up_sect_secone_sunrise_1,st_prop_weight:0.2:kg|ui_inv_outfit_shock_protection:4.08:pct
stalker_tigerstripe_outfit,up_sect_seconf_sunrise_1,st_prop_weight:0.15:kg|ui_inv_outfit_radiation_protection:5.5:pct
stalker_tigerstripe_outfit,up_sect_thirda_sunrise_1,st_prop_weight:0.05:kg|ui_inv_outfit_radiation_protection:2.75:pct
stalker_tigerstripe_outfit,up_sect_thirdc_sunrise_1,st_prop_restore_health:1.5:healpct|st_prop_weight:1:kg
stalker_tigerstripe_outfit,up_sect_thirdd_sunrise_1,ui_inv_outfit_additional_weight:5:kg
stalker_tigerstripe_outfit,up_sect_thirde_sunrise_1,st_prop_artefact:1:num|st_prop_weight:0.4:kg
svoboda_exo_outfit,up_sect_firsta_exolight_2,st_prop_durability:-10:pct
svoboda_exo_outfit,up_sect_firstc_exolight_2,st_prop_weight:0.7:kg|ui_inv_outfit_wound_protection:3.48:pct
svoboda_exo_outfit,up_sect_firstd_exolight_2,ui_inv_outfit_fire_wound_protection:3.2:pct|ui_inv_outfit_explosion_protection:2.25:pct|st_prop_weight:1:kg
svoboda_exo_outfit,up_sect_firste_exolight_2,ui_inv_outfit_fire_wound_protection:3.2:pct|ui_inv_outfit_explosion_protection:2.25:pct|st_prop_weight:1:kg
svoboda_exo_outfit,up_sect_firstf_exolight_2,st_prop_weight:0.7:kg|ui_inv_outfit_wound_protection:3.48:pct
svoboda_exo_outfit,up_sect_secona_exolight_2,ui_inv_outfit_chemical_burn_protection:1.65:pct|st_prop_weight:0.2:kg
svoboda_exo_outfit,up_sect_seconc_exolight_2,st_prop_weight:0.05:kg|ui_inv_outfit_radiation_protection:2.75:pct
svoboda_exo_outfit,up_sect_second_exolight_2,st_prop_weight:0.05:kg|ui_inv_outfit_telepatic_protection:2.12:pct
svoboda_exo_outfit,up_sect_secone_exolight_2,st_prop_weight:0.2:kg|ui_inv_outfit_shock_protection:4.08:pct
svoboda_exo_outfit,up_sect_seconf_exolight_2,ui_inv_outfit_burn_protection:11.5:pct|st_prop_weight:0.2:kg
svoboda_exo_outfit,up_sect_thirda_exolight_2,st_prop_artefact:1:num|st_prop_weight:0.4:kg
svoboda_exo_outfit,up_sect_thirdc_exolight_2,ui_inv_outfit_additional_weight:5:kg
svoboda_exo_outfit,up_sect_thirde_exolight_2,st_prop_durability:-10:pct
svoboda_exo_outfit,up_sect_fourta_exolight_2,st_prop_restore_bleeding:30:mlmin|st_prop_weight:0.5:kg
svoboda_exo_outfit,up_sect_fourtc_exolight_2,st_prop_weight:-3:kg
svoboda_exo_outfit,up_sect_fourtd_exolight_2,st_prop_restore_health:1.5:healpct|st_prop_weight:1:kg
svoboda_exo_outfit,up_sect_fourte_exolight_2,st_prop_weight:0.2:kg|ui_inv_outfit_power_restore:120:microg
svoboda_exo_outfit,up_sect_fourtf_exolight_2,ui_inv_outfit_chemical_burn_protection:3.3:pct|st_prop_weight:0.2:kg
svoboda_exo_outfit,up_sect_fiftha_exo_2,st_prop_weight:0.05:kg|ui_inv_outfit_telepatic_protection:2.12:pct
svoboda_exo_outfit,up_sect_fifthc_exo_2,st_prop_weight:3.7:kg
svoboda_exo_outfit,up_sect_fifthd_exo_2,st_prop_weight:0.05:kg|ui_inv_outfit_radiation_protection:2.75:pct
svoboda_exo_outfit,up_sect_fifthe_exo_2,st_prop_artefact:1:num|st_prop_weight:0.4:kg
svoboda_exolight_outfit,up_sect_firsta_exolight_2,st_prop_durability:-10:pct
svoboda_exolight_outfit,up_sect_firstc_exolight_2,st_prop_weight:0.7:kg|ui_inv_outfit_wound_protection:3.48:pct
svoboda_exolight_outfit,up_sect_firstd_exolight_2,ui_inv_outfit_fire_wound_protection:3.2:pct|ui_inv_outfit_explosion_protection:2.25:pct|st_prop_weight:1:kg
svoboda_exolight_outfit,up_sect_firste_exolight_2,ui_inv_outfit_fire_wound_protection:3.2:pct|ui_inv_outfit_explosion_protection:2.25:pct|st_prop_weight:1:kg
svoboda_exolight_outfit,up_sect_firstf_exolight_2,st_prop_weight:0.7:kg|ui_inv_outfit_wound_protection:3.48:pct
svoboda_exolight_outfit,up_sect_secona_exolight_2,ui_inv_outfit_chemical_burn_protection:1.65:pct|st_prop_weight:0.2:kg
svoboda_exolight_outfit,up_sect_seconc_exolight_2,st_prop_weight:0.05:kg|ui_inv_outfit_radiation_protection:2.75:pct
svoboda_exolight_outfit,up_sect_second_exolight_2,st_prop_weight:0.05:kg|ui_inv_outfit_telepatic_protection:2.12:pct
svoboda_exolight_outfit,up_sect_secone_exolight_2,st_prop_weight:0.2:kg|ui_inv_outfit_shock_protection:4.08:pct
svoboda_exolight_outfit,up_sect_seconf_exolight_2,ui_inv_outfit_burn_protection:11.5:pct|st_prop_weight:0.2:kg
svoboda_exolight_outfit,up_sect_thirda_exolight_2,st_prop_artefact:1:num|st_prop_weight:0.4:kg
svoboda_exolight_outfit,up_sect_thirdc_exolight_2,ui_inv_outfit_additional_weight:5:kg
svoboda_exolight_outfit,up_sect_thirde_exolight_2,st_prop_durability:-10:pct
svoboda_exolight_outfit,up_sect_fourta_exolight_2,st_prop_restore_bleeding:30:mlmin|st_prop_weight:0.5:kg
svoboda_exolight_outfit,up_sect_fourtc_exolight_2,st_prop_weight:-3:kg
svoboda_exolight_outfit,up_sect_fourtd_exolight_2,st_prop_restore_health:1.5:healpct|st_prop_weight:1:kg
svoboda_exolight_outfit,up_sect_fourte_exolight_2,st_prop_weight:0.2:kg|ui_inv_outfit_power_restore:120:microg
svoboda_exolight_outfit,up_sect_fourtf_exolight_2,ui_inv_outfit_chemical_burn_protection:3.3:pct|st_prop_weight:0.2:kg
svoboda_heavy_outfit,up_sect_firsta_berill_3,st_prop_weight:-3:kg
svoboda_heavy_outfit,up_sect_firstc_berill_3,ui_inv_outfit_fire_wound_protection:3.2:pct|ui_inv_outfit_explosion_protection:4.5:pct|st_prop_weight:1.5:kg
svoboda_heavy_outfit,up_sect_firstd_berill_3,st_prop_weight:0.7:kg|ui_inv_outfit_wound_protection:3.48:pct
svoboda_heavy_outfit,up_sect_firstf_berill_3,st_prop_weight:1.2:kg|ui_inv_outfit_wound_protection:6.96:pct
svoboda_heavy_outfit,up_sect_secona_berill_3,st_prop_weight:0.1:kg|ui_inv_outfit_shock_protection:2.04:pct
svoboda_heavy_outfit,up_sect_seconc_berill_3,ui_inv_outfit_chemical_burn_protection:1.65:pct|st_prop_weight:0.2:kg
svoboda_heavy_outfit,up_sect_second_berill_3,ui_inv_outfit_burn_protection:11.5:pct|st_prop_weight:0.2:kg
svoboda_heavy_outfit,up_sect_secone_berill_3,st_prop_weight:0.2:kg|ui_inv_outfit_power_restore:120:microg
svoboda_heavy_outfit,up_sect_thirda_berill_3,ui_inv_outfit_additional_weight:3:kg
svoboda_heavy_outfit,up_sect_thirdc_berill_3,st_prop_weight:0.05:kg|ui_inv_outfit_radiation_protection:2.75:pct
svoboda_heavy_outfit,up_sect_thirde_berill_3,st_prop_restore_health:1.5:healpct|st_prop_weight:1:kg
svoboda_heavy_outfit_2,up_sect_firsta_ps5_3,ui_inv_outfit_fire_wound_protection:3.2:pct|ui_inv_outfit_explosion_protection:2.25:pct|st_prop_weight:1:kg
svoboda_heavy_outfit_2,up_sect_firstc_ps5_3,st_prop_weight:0.7:kg|ui_inv_outfit_wound_protection:3.48:pct
svoboda_heavy_outfit_2,up_sect_firste_ps5_3,ui_inv_outfit_fire_wound_protection:3.2:pct|ui_inv_outfit_explosion_protection:4.5:pct|st_prop_weight:1.5:kg
svoboda_heavy_outfit_2,up_sect_firstf_ps5_3,st_prop_weight:1.2:kg|ui_inv_outfit_wound_protection:6.96:pct
svoboda_heavy_outfit_2,up_sect_secona_ps5_3,st_prop_weight:-3:kg
svoboda_heavy_outfit_2,up_sect_seconc_ps5_3,ui_inv_outfit_fire_wound_protection:3.2:pct|ui_inv_outfit_explosion_protection:2.25:pct|st_prop_weight:1:kg
svoboda_heavy_outfit_2,up_sect_second_ps5_3,st_prop_weight:0.2:kg|ui_inv_outfit_power_restore:60:microg
svoboda_heavy_outfit_2,up_sect_secone_ps5_3,st_prop_durability:-10:pct
svoboda_heavy_outfit_2,up_sect_thirda_ps5_3,st_prop_weight:0.2:kg|ui_inv_outfit_power_restore:60:microg
svoboda_heavy_outfit_2,up_sect_thirdc_ps5_3,ui_inv_outfit_additional_weight:5:kg
svoboda_heavy_outfit_2,up_sect_thirde_ps5_3,st_prop_restore_bleeding:45:mlmin|st_prop_weight:1:kg
svoboda_light_outfit,up_sect_firsta_sts_2,ui_inv_outfit_fire_wound_protection:3.2:pct|ui_inv_outfit_explosion_protection:2.25:pct|st_prop_weight:1:kg
svoboda_light_outfit,up_sect_firstc_sts_2,st_prop_weight:0.7:kg|ui_inv_outfit_wound_protection:3.48:pct
svoboda_light_outfit,up_sect_firste_sts_2,ui_inv_outfit_fire_wound_protection:3.2:pct|ui_inv_outfit_explosion_protection:2.25:pct|st_prop_weight:1:kg
svoboda_light_outfit,up_sect_firstf_sts_2,st_prop_weight:0.7:kg|ui_inv_outfit_wound_protection:3.48:pct
svoboda_light_outfit,up_sect_secona_sts_2,st_prop_weight:0.1:kg|ui_inv_outfit_shock_protection:2.04:pct
svoboda_light_outfit,up_sect_seconc_sts_2,st_prop_weight:0.15:kg|ui_inv_outfit_radiation_protection:5.5:pct
svoboda_light_outfit,up_sect_second_sts_2,ui_inv_outfit_burn_protection:11.5:pct|st_prop_weight:0.2:kg
svoboda_light_outfit,up_sect_secone_sts_2,ui_inv_outfit_chemical_burn_protection:3.3:pct|st_prop_weight:0.2:kg
svoboda_light_outfit,up_sect_seconf_sts_2,st_prop_weight:0.2:kg|ui_inv_outfit_shock_protection:4.08:pct
svoboda_light_outfit,up_sect_thirda_sts_2,st_prop_weight:-3:kg
svoboda_light_outfit,up_sect_thirdc_sts_2,ui_inv_outfit_additional_weight:7:kg
svoboda_light_outfit,up_sect_thirdd_sts_2,st_prop_durability:-10:pct
svoboda_light_outfit,up_sect_thirde_sts_2,st_prop_artefact:2:num|st_prop_weight:0.9:kg
svoboda_light_proto_exo_outfit,up_sect_firsta_sts_1,st_prop_durability:-10:pct
svoboda_light_proto_exo_outfit,up_sect_firstc_sts_1,st_prop_weight:0.7:kg|ui_inv_outfit_wound_protection:3.48:pct
svoboda_light_proto_exo_outfit,up_sect_firste_sts_1,ui_inv_outfit_fire_wound_protection:3.2:pct|ui_inv_outfit_explosion_protection:2.25:pct|st_prop_weight:1:kg
svoboda_light_proto_exo_outfit,up_sect_firstf_sts_1,st_prop_weight:0.7:kg|ui_inv_outfit_wound_protection:3.48:pct
svoboda_light_proto_exo_outfit,up_sect_secona_sts_1,st_prop_weight:-3:kg
svoboda_light_proto_exo_outfit,up_sect_seconc_sts_1,ui_inv_outfit_burn_protection:11.5:pct|st_prop_weight:0.2:kg
svoboda_light_proto_exo_outfit,up_sect_second_sts_1,st_prop_weight:0.2:kg|ui_inv_outfit_shock_protection:4.08:pct
svoboda_light_proto_exo_outfit,up_sect_secone_sts_1,ui_inv_outfit_chemical_burn_protection:3.3:pct|st_prop_weight:0.2:kg
svoboda_light_proto_exo_outfit,up_sect_seconf_sts_1,st_prop_weight:0.15:kg|ui_inv_outfit_radiation_protection:5.5:pct
svoboda_light_proto_exo_outfit,up_sect_thirda_sts_1,ui_inv_outfit_chemical_burn_protection:1.65:pct|st_prop_weight:0.2:kg
svoboda_light_proto_exo_outfit,up_sect_thirdc_sts_1,ui_inv_outfit_additional_weight:7:kg
svoboda_light_proto_exo_outfit,up_sect_thirdd_sts_1,st_prop_artefact:1:num|st_prop_weight:0.4:kg
svoboda_light_proto_exo_outfit,up_sect_thirde_sts_1,st_prop_artefact:1:num|st_prop_weight:0.4:kg
svoboda_light_proto_exo_outfit,up_sect_fourta_sts_proto_1,st_prop_artefact:1:num|st_prop_weight:0.4:kg
svoboda_light_proto_exo_outfit,up_sect_fourtc_sts_proto_1,st_prop_weight:3.7:kg
svoboda_novice_outfit,up_sect_firsta_novice_1,ui_inv_outfit_fire_wound_protection:3.2:pct|ui_inv_outfit_explosion_protection:2.25:pct|st_prop_weight:1:kg
svoboda_novice_outfit,up_sect_firstc_novice_1,st_prop_weight:0.7:kg|ui_inv_outfit_wound_protection:3.48:pct
svoboda_novice_outfit,up_sect_firste_novice_1,ui_inv_outfit_fire_wound_protection:3.2:pct|ui_inv_outfit_explosion_protection:2.25:pct|st_prop_weight:1:kg
svoboda_novice_outfit,up_sect_secona_novice_1,ui_inv_outfit_chemical_burn_protection:1.65:pct|st_prop_weight:0.2:kg
svoboda_novice_outfit,up_sect_seconc_novice_1,st_prop_weight:0.2:kg|ui_inv_outfit_shock_protection:4.08:pct
svoboda_novice_outfit,up_sect_second_novice_1,ui_inv_outfit_burn_protection:11.5:pct|st_prop_weight:0.2:kg
svoboda_novice_outfit,up_sect_thirda_novice_1,ui_inv_outfit_additional_weight:5:kg
svoboda_scientific_outfit,up_sect_firsta_seva_2,st_prop_weight:0.7:kg|ui_inv_outfit_wound_protection:3.48:pct
svoboda_scientific_outfit,up_sect_firstc_seva_2,ui_inv_outfit_fire_wound_protection:3.2:pct|ui_inv_outfit_explosion_protection:2.25:pct|st_prop_weight:1:kg
svoboda_scientific_outfit,up_sect_firstd_seva_2,st_prop_weight:0.7:kg|ui_inv_outfit_wound_protection:3.48:pct
svoboda_scientific_outfit,up_sect_firste_seva_2,ui_inv_outfit_fire_wound_protection:3.2:pct|ui_inv_outfit_explosion_protection:4.5:pct|st_prop_weight:1.5:kg
svoboda_scientific_outfit,up_sect_firstf_seva_2,st_prop_durability:-10:pct
svoboda_scientific_outfit,up_sect_secona_seva_2,ui_inv_outfit_chemical_burn_protection:1.65:pct|st_prop_weight:0.2:kg
svoboda_scientific_outfit,up_sect_seconc_seva_2,st_prop_weight:0.05:kg|ui_inv_outfit_radiation_protection:2.75:pct
svoboda_scientific_outfit,up_sect_second_seva_2,st_prop_weight:0.05:kg|ui_inv_outfit_telepatic_protection:2.12:pct
svoboda_scientific_outfit,up_sect_secone_seva_2,ui_inv_outfit_burn_protection:11.5:pct|st_prop_weight:0.2:kg
svoboda_scientific_outfit,up_sect_seconf_seva_2,st_prop_weight:0.2:kg|ui_inv_outfit_shock_protection:4.08:pct
svoboda_scientific_outfit,up_sect_thirda_seva_2,st_prop_artefact:1:num|st_prop_weight:0.4:kg
svoboda_scientific_outfit,up_sect_thirdc_seva_2,ui_inv_outfit_chemical_burn_protection:1.65:pct|st_prop_weight:0.2:kg
svoboda_scientific_outfit,up_sect_thirdd_seva_2,st_prop_artefact:1:num|st_prop_weight:0.4:kg
svoboda_scientific_outfit,up_sect_thirde_seva_2,st_prop_restore_health:1.5:healpct|st_prop_weight:1:kg
svoboda_scientific_outfit,up_sect_fourta_seva_2,st_prop_weight:0.05:kg|ui_inv_outfit_radiation_protection:2.75:pct
svoboda_scientific_outfit,up_sect_fourtc_seva_2,st_prop_weight:0.05:kg|ui_inv_outfit_telepatic_protection:2.12:pct
svoboda_scientific_outfit,up_sect_fourte_seva_2,ui_inv_outfit_additional_weight:10:kg
travel_outfit,up_sect_firsta_novice_1,ui_inv_outfit_fire_wound_protection:3.2:pct|ui_inv_outfit_explosion_protection:2.25:pct|st_prop_weight:1:kg
travel_outfit,up_sect_firstc_novice_1,st_prop_weight:0.7:kg|ui_inv_outfit_wound_protection:3.48:pct
travel_outfit,up_sect_firste_novice_1,ui_inv_outfit_fire_wound_protection:3.2:pct|ui_inv_outfit_explosion_protection:2.25:pct|st_prop_weight:1:kg
travel_outfit,up_sect_secona_novice_1,ui_inv_outfit_chemical_burn_protection:1.65:pct|st_prop_weight:0.2:kg
travel_outfit,up_sect_seconc_novice_1,st_prop_weight:0.2:kg|ui_inv_outfit_shock_protection:4.08:pct
travel_outfit,up_sect_second_novice_1,ui_inv_outfit_burn_protection:11.5:pct|st_prop_weight:0.2:kg
travel_outfit,up_sect_thirda_novice_1,ui_inv_outfit_additional_weight:5:kg
trenchcoat_brown_outfit,up_sect_firsta_ps5_1,ui_inv_outfit_fire_wound_protection:3.2:pct|ui_inv_outfit_explosion_protection:2.25:pct|st_prop_weight:1:kg
trenchcoat_brown_outfit,up_sect_firstc_ps5_1,st_prop_durability:-10:pct
trenchcoat_brown_outfit,up_sect_firste_ps5_1,ui_inv_outfit_fire_wound_protection:3.2:pct|ui_inv_outfit_explosion_protection:4.5:pct|st_prop_weight:1.5:kg
trenchcoat_brown_outfit,up_sect_firstf_ps5_1,st_prop_weight:1.2:kg|ui_inv_outfit_wound_protection:6.96:pct
trenchcoat_brown_outfit,up_sect_secona_ps5_1,st_prop_weight:0.7:kg|ui_inv_outfit_wound_protection:3.48:pct
trenchcoat_brown_outfit,up_sect_seconc_ps5_1,st_prop_weight:-3:kg
trenchcoat_brown_outfit,up_sect_second_ps5_1,st_prop_weight:0.2:kg|ui_inv_outfit_power_restore:60:microg
trenchcoat_brown_outfit,up_sect_secone_ps5_1,ui_inv_outfit_fire_wound_protection:3.2:pct|ui_inv_outfit_explosion_protection:2.25:pct|st_prop_weight:1:kg
trenchcoat_brown_outfit,up_sect_thirda_ps5_1,ui_inv_outfit_additional_weight:5:kg
trenchcoat_brown_outfit,up_sect_thirdc_ps5_1,st_prop_restore_health:1.5:healpct|st_prop_weight:1:kg
trenchcoat_brown_outfit,up_sect_thirde_ps5_1,st_prop_restore_bleeding:30:mlmin|st_prop_weight:0.5:kg
trenchcoat_dolg_brown_outfit,up_sect_firsta_ps5_1,ui_inv_outfit_fire_wound_protection:3.2:pct|ui_inv_outfit_explosion_protection:2.25:pct|st_prop_weight:1:kg
trenchcoat_dolg_brown_outfit,up_sect_firstc_ps5_1,st_prop_durability:-10:pct
trenchcoat_dolg_brown_outfit,up_sect_firste_ps5_1,ui_inv_outfit_fire_wound_protection:3.2:pct|ui_inv_outfit_explosion_protection:4.5:pct|st_prop_weight:1.5:kg
trenchcoat_dolg_brown_outfit,up_sect_firstf_ps5_1,st_prop_weight:1.2:kg|ui_inv_outfit_wound_protection:6.96:pct
trenchcoat_dolg_brown_outfit,up_sect_secona_ps5_1,st_prop_weight:0.7:kg|ui_inv_outfit_wound_protection:3.48:pct
trenchcoat_dolg_brown_outfit,up_sect_seconc_ps5_1,st_prop_weight:-3:kg
trenchcoat_dolg_brown_outfit,up_sect_second_ps5_1,st_prop_weight:0.2:kg|ui_inv_outfit_power_restore:60:microg
trenchcoat_dolg_brown_outfit,up_sect_secone_ps5_1,ui_inv_outfit_fire_wound_protection:3.2:pct|ui_inv_outfit_explosion_protection:2.25:pct|st_prop_weight:1:kg
trenchcoat_dolg_brown_outfit,up_sect_thirda_ps5_1,ui_inv_outfit_additional_weight:5:kg
trenchcoat_dolg_brown_outfit,up_sect_thirdc_ps5_1,st_prop_restore_health:1.5:healpct|st_prop_weight:1:kg
trenchcoat_dolg_brown_outfit,up_sect_thirde_ps5_1,st_prop_restore_bleeding:30:mlmin|st_prop_weight:0.5:kg
trenchcoat_freedom_brown_outfit,up_sect_firsta_sts_1,st_prop_durability:-10:pct
trenchcoat_freedom_brown_outfit,up_sect_firstc_sts_1,st_prop_weight:0.7:kg|ui_inv_outfit_wound_protection:3.48:pct
trenchcoat_freedom_brown_outfit,up_sect_firste_sts_1,ui_inv_outfit_fire_wound_protection:3.2:pct|ui_inv_outfit_explosion_protection:2.25:pct|st_prop_weight:1:kg
trenchcoat_freedom_brown_outfit,up_sect_firstf_sts_1,st_prop_weight:0.7:kg|ui_inv_outfit_wound_protection:3.48:pct
trenchcoat_freedom_brown_outfit,up_sect_secona_sts_1,st_prop_weight:-3:kg
trenchcoat_freedom_brown_outfit,up_sect_seconc_sts_1,ui_inv_outfit_burn_protection:11.5:pct|st_prop_weight:0.2:kg
trenchcoat_freedom_brown_outfit,up_sect_second_sts_1,st_prop_weight:0.2:kg|ui_inv_outfit_shock_protection:4.08:pct
trenchcoat_freedom_brown_outfit,up_sect_secone_sts_1,ui_inv_outfit_chemical_burn_protection:3.3:pct|st_prop_weight:0.2:kg
trenchcoat_freedom_brown_outfit,up_sect_seconf_sts_1,st_prop_weight:0.15:kg|ui_inv_outfit_radiation_protection:5.5:pct
trenchcoat_freedom_brown_outfit,up_sect_thirda_sts_1,ui_inv_outfit_chemical_burn_protection:1.65:pct|st_prop_weight:0.2:kg
trenchcoat_freedom_brown_outfit,up_sect_thirdc_sts_1,ui_inv_outfit_additional_weight:7:kg
trenchcoat_freedom_brown_outfit,up_sect_thirdd_sts_1,st_prop_artefact:1:num|st_prop_weight:0.4:kg
trenchcoat_freedom_brown_outfit,up_sect_thirde_sts_1,st_prop_artefact:1:num|st_prop_weight:0.4:kg
trenchcoat_green_outfit,up_sect_firsta_ps5_1,ui_inv_outfit_fire_wound_protection:3.2:pct|ui_inv_outfit_explosion_protection:2.25:pct|st_prop_weight:1:kg
trenchcoat_green_outfit,up_sect_firstc_ps5_1,st_prop_durability:-10:pct
trenchcoat_green_outfit,up_sect_firste_ps5_1,ui_inv_outfit_fire_wound_protection:3.2:pct|ui_inv_outfit_explosion_protection:4.5:pct|st_prop_weight:1.5:kg
trenchcoat_green_outfit,up_sect_firstf_ps5_1,st_prop_weight:1.2:kg|ui_inv_outfit_wound_protection:6.96:pct
trenchcoat_green_outfit,up_sect_secona_ps5_1,st_prop_weight:0.7:kg|ui_inv_outfit_wound_protection:3.48:pct
trenchcoat_green_outfit,up_sect_seconc_ps5_1,st_prop_weight:-3:kg
trenchcoat_green_outfit,up_sect_second_ps5_1,st_prop_weight:0.2:kg|ui_inv_outfit_power_restore:60:microg
trenchcoat_green_outfit,up_sect_secone_ps5_1,ui_inv_outfit_fire_wound_protection:3.2:pct|ui_inv_outfit_explosion_protection:2.25:pct|st_prop_weight:1:kg
trenchcoat_green_outfit,up_sect_thirda_ps5_1,ui_inv_outfit_additional_weight:5:kg
trenchcoat_green_outfit,up_sect_thirdc_ps5_1,st_prop_restore_health:1.5:healpct|st_prop_weight:1:kg
trenchcoat_green_outfit,up_sect_thirde_ps5_1,st_prop_restore_bleeding:30:mlmin|st_prop_weight:0.5:kg
trenchcoat_outfit,up_sect_firsta_novice_1,ui_inv_outfit_fire_wound_protection:3.2:pct|ui_inv_outfit_explosion_protection:2.25:pct|st_prop_weight:1:kg
trenchcoat_outfit,up_sect_firstc_novice_1,st_prop_weight:0.7:kg|ui_inv_outfit_wound_protection:3.48:pct
trenchcoat_outfit,up_sect_firste_novice_1,ui_inv_outfit_fire_wound_protection:3.2:pct|ui_inv_outfit_explosion_protection:2.25:pct|st_prop_weight:1:kg
trenchcoat_outfit,up_sect_secona_novice_1,ui_inv_outfit_chemical_burn_protection:1.65:pct|st_prop_weight:0.2:kg
trenchcoat_outfit,up_sect_seconc_novice_1,st_prop_weight:0.2:kg|ui_inv_outfit_shock_protection:4.08:pct
trenchcoat_outfit,up_sect_second_novice_1,ui_inv_outfit_burn_protection:11.5:pct|st_prop_weight:0.2:kg
trenchcoat_outfit,up_sect_thirda_novice_1,ui_inv_outfit_additional_weight:5:kg
wastelander_outfit,up_sect_firsta_sunrise_2,st_prop_weight:0.2:kg|ui_inv_outfit_power_restore:60:microg
wastelander_outfit,up_sect_firstc_sunrise_2,st_prop_weight:0.7:kg|ui_inv_outfit_wound_protection:3.48:pct
wastelander_outfit,up_sect_firstd_sunrise_2,ui_inv_outfit_fire_wound_protection:3.2:pct|ui_inv_outfit_explosion_protection:2.25:pct|st_prop_weight:1:kg
wastelander_outfit,up_sect_firste_sunrise_2,ui_inv_outfit_fire_wound_protection:3.2:pct|ui_inv_outfit_explosion_protection:4.5:pct|st_prop_weight:1.5:kg
wastelander_outfit,up_sect_secona_sunrise_2,ui_inv_outfit_burn_protection:5.75:pct|st_prop_weight:0.2:kg
wastelander_outfit,up_sect_seconc_sunrise_2,ui_inv_outfit_chemical_burn_protection:1.65:pct|st_prop_weight:0.2:kg
wastelander_outfit,up_sect_second_sunrise_2,st_prop_weight:0.1:kg|ui_inv_outfit_telepatic_protection:4.25:pct
wastelander_outfit,up_sect_secone_sunrise_2,st_prop_weight:0.2:kg|ui_inv_outfit_shock_protection:4.08:pct
wastelander_outfit,up_sect_seconf_sunrise_2,st_prop_weight:0.15:kg|ui_inv_outfit_radiation_protection:5.5:pct
wastelander_outfit,up_sect_thirda_sunrise_2,ui_inv_outfit_additional_weight:3:kg
wastelander_outfit,up_sect_thirdc_sunrise_2,st_prop_restore_bleeding:30:mlmin|st_prop_weight:0.5:kg
wastelander_outfit,up_sect_thirdd_sunrise_2,st_prop_weight:-3:kg
wastelander_outfit,up_sect_thirde_sunrise_2,st_prop_artefact:1:num|st_prop_weight:0.4:kg
wpn_9a91,up_sect_firsta_9a91,ui_inv_handling:2.38:pct|st_prop_weight:0.05:kg
wpn_9a91,up_sect_firstc_9a91,st_prop_weight:0.03:kg|st_prop_recoil:6.07:pct
wpn_9a91,up_sect_firstd_9a91,app_upgrade_bullet_speed:40:speed|ui_inv_accuracy:0.67:pct|st_prop_weight:0.1:kg
wpn_9a91,up_sect_firste_9a91,st_prop_weight:0.1:kg|ui_inv_rate_of_fire:45:rpm
wpn_9a91,up_sect_firstf_9a91,ui_inv_accuracy:2.67:pct|st_prop_weight:0.07:kg
wpn_9a91,up_sect_secona_9a91,st_prop_weight:0.05:kg|st_prop_recoil:6.25:pct
wpn_9a91,up_sect_seconc_9a91,ui_inv_handling:2.38:pct|st_prop_weight:0.03:kg
wpn_9a91,up_sect_secone_9a91,ui_inv_handling:3.57:pct|st_prop_weight:0.03:kg
wpn_9a91,up_sect_seconf_9a91,st_prop_weight:0.1:kg|st_prop_recoil:13.96:pct
wpn_9a91,up_sect_thirda_9a91,app_upgrade_bullet_speed:60:speed|ui_inv_accuracy:0.67:pct|st_prop_weight:0.05:kg
wpn_9a91,up_sect_thirdc_9a91,st_prop_reliability:2:pct|st_prop_weight:0.1:kg
wpn_9a91,up_sect_thirdd_9a91,ui_inv_accuracy:4:pct|st_prop_weight:0.05:kg
wpn_9a91,up_sect_thirde_9a91,st_prop_weight:0.1:kg|ui_inv_rate_of_fire:45:rpm
wpn_9a91,up_sect_fourta_9a91,st_prop_weight:0.15:kg|ui_inv_rate_of_fire:45:rpm
wpn_9a91,up_sect_fourtc_9a91,st_prop_reliability:1.5:pct|st_prop_weight:0.1:kg
wpn_9a91,up_sect_fourte_9a91,ui_inv_accuracy:4:pct|st_prop_weight:0.05:kg
wpn_9a91,up_sect_fourtf_9a91,st_prop_weight:0.1:kg|st_prop_recoil:13.96:pct
wpn_9a91,up_sect_fiftha_9a91,st_prop_reliability:1:pct|st_prop_weight:0.1:kg
wpn_abakan,up_sect_firsta_abakan,st_prop_recoil:11.87:pct
wpn_abakan,up_sect_firstc_abakan,st_prop_reliability:2:pct
wpn_abakan,up_sect_firste_abakan,st_prop_weight:0.1:kg|ui_inv_rate_of_fire:30:rpm
wpn_abakan,up_sect_firstf_abakan,st_prop_weight:0.15:kg|st_prop_recoil:11.87:pct
wpn_abakan,up_sect_secona_abakan,app_upgrade_bullet_speed:90:speed|ui_inv_accuracy:0.33:pct|st_prop_weight:0.2:kg
wpn_abakan,up_sect_seconc_abakan,ui_inv_accuracy:0.87:pct
wpn_abakan,up_sect_second_abakan,st_prop_weight:0.1:kg|ui_inv_rate_of_fire:30:rpm
wpn_abakan,up_sect_secone_abakan,app_upgrade_bullet_speed:90:speed|ui_inv_accuracy:0.67:pct|st_prop_weight:0.2:kg
wpn_abakan,up_sect_thirda_abakan,st_prop_reliability:1:pct|st_prop_weight:0.2:kg
wpn_abakan,up_sect_thirdc_abakan,app_upgrade_bullet_speed:90:speed|ui_inv_accuracy:0.67:pct|st_prop_weight:0.15:kg
wpn_abakan,up_sect_thirdd_abakan,st_prop_weight:0.2:kg|st_prop_recoil:11.87:pct
wpn_abakan,up_sect_thirde_abakan,ui_inv_accuracy:2.67:pct|st_prop_weight:0.15:kg
wpn_abakan,up_sect_fourta_abakan,st_prop_weight:-0.98:kg
wpn_abakan,up_sect_fourtc_abakan,ui_inv_handling:2.38:pct|st_prop_weight:0.1:kg
wpn_abakan,up_sect_fourte_abakan,ui_inv_handling:2.38:pct|st_prop_weight:0.25:kg|st_prop_recoil:4.42:pct
wpn_abakan,up_sect_fourtf_abakan,app_upgrade_bullet_speed:90:speed|ui_inv_accuracy:0.67:pct|st_prop_weight:0.1:kg
wpn_abakan_n,up_sect_firsta_abakan,st_prop_recoil:11.87:pct
wpn_abakan_n,up_sect_firstc_abakan,st_prop_reliability:2:pct
wpn_abakan_n,up_sect_firste_abakan,st_prop_weight:0.1:kg|ui_inv_rate_of_fire:30:rpm
wpn_abakan_n,up_sect_firstf_abakan,st_prop_weight:0.15:kg|st_prop_recoil:11.87:pct
wpn_abakan_n,up_sect_secona_abakan,app_upgrade_bullet_speed:90:speed|ui_inv_accuracy:0.33:pct|st_prop_weight:0.2:kg
wpn_abakan_n,up_sect_seconc_abakan,ui_inv_accuracy:0.87:pct
wpn_abakan_n,up_sect_second_abakan,st_prop_weight:0.1:kg|ui_inv_rate_of_fire:30:rpm
wpn_abakan_n,up_sect_secone_abakan,app_upgrade_bullet_speed:90:speed|ui_inv_accuracy:0.67:pct|st_prop_weight:0.2:kg
wpn_abakan_n,up_sect_thirda_abakan,st_prop_reliability:1:pct|st_prop_weight:0.2:kg
wpn_abakan_n,up_sect_thirdc_abakan,app_upgrade_bullet_speed:90:speed|ui_inv_accuracy:0.67:pct|st_prop_weight:0.15:kg
wpn_abakan_n,up_sect_thirdd_abakan,st_prop_weight:0.2:kg|st_prop_recoil:11.87:pct
wpn_abakan_n,up_sect_thirde_abakan,ui_inv_accuracy:2.67:pct|st_prop_weight:0.15:kg
wpn_abakan_n,up_sect_fourta_abakan,st_prop_weight:-0.98:kg
wpn_abakan_n,up_sect_fourtc_abakan,ui_inv_handling:2.38:pct|st_prop_weight:0.1:kg
wpn_abakan_n,up_sect_fourte_abakan,ui_inv_handling:2.38:pct|st_prop_weight:0.25:kg|st_prop_recoil:4.42:pct
wpn_abakan_n,up_sect_fourtf_abakan,app_upgrade_bullet_speed:90:speed|ui_inv_accuracy:0.67:pct|st_prop_weight:0.1:kg
wpn_ace21,up_sect_firsta_ace52,st_prop_weight:0.08:kg|ui_inv_rate_of_fire:38:rpm
wpn_ace21,up_sect_firstc_ace52,st_prop_reliability:2:pct|st_prop_weight:0.03:kg
wpn_ace21,up_sect_firstd_ace52,st_prop_weight:0.03:kg|st_prop_recoil:1.15:pct
wpn_ace21,up_sect_firste_ace52,st_prop_weight:0.08:kg|st_prop_recoil:5.15:pct
wpn_ace21,up_sect_seconc_ace52,st_prop_reliability:-2:pct|st_prop_weight:0.07:kg|ui_inv_rate_of_fire:-30:rpm
wpn_ace21,up_sect_second_ace52,st_prop_reliability:2:pct|st_prop_weight:0.08:kg|ui_inv_rate_of_fire:60:rpm
wpn_ace21,up_sect_secone_ace52,app_upgrade_bullet_speed:70:speed|ui_inv_accuracy:2.33:pct|st_prop_weight:0.08:kg
wpn_ace21,up_sect_firste_ace52,st_prop_weight:0.08:kg|st_prop_recoil:5.15:pct
wpn_ace52,up_sect_firsta_ace52,st_prop_weight:0.08:kg|ui_inv_rate_of_fire:38:rpm
wpn_ace52,up_sect_firstc_ace52,st_prop_reliability:2:pct|st_prop_weight:0.03:kg
wpn_ace52,up_sect_firstd_ace52,st_prop_weight:0.03:kg|st_prop_recoil:0.98:pct
wpn_ace52,up_sect_firste_ace52,st_prop_weight:0.08:kg|st_prop_recoil:4.37:pct
wpn_ace52,up_sect_seconc_ace52,st_prop_reliability:-2:pct|st_prop_weight:0.07:kg|ui_inv_rate_of_fire:-30:rpm
wpn_ace52,up_sect_second_ace52,st_prop_reliability:2:pct|st_prop_weight:0.08:kg|ui_inv_rate_of_fire:60:rpm
wpn_ace52,up_sect_secone_ace52,app_upgrade_bullet_speed:70:speed|ui_inv_accuracy:2.33:pct|st_prop_weight:0.08:kg
wpn_ace52,up_sect_firste_ace52,st_prop_weight:0.08:kg|st_prop_recoil:4.37:pct
wpn_adar2_15,up_sect_firsta_g36,st_prop_reliability:2:pct|st_prop_weight:0.1:kg
wpn_adar2_15,up_sect_firstc_g36,ui_inv_accuracy:1.33:pct|st_prop_weight:0.11:kg
wpn_adar2_15,up_sect_firste_g36,ui_inv_handling:3.57:pct|st_prop_weight:0.05:kg
wpn_adar2_15,up_sect_firstf_g36,ui_inv_accuracy:2.67:pct|st_prop_weight:0.18:kg
wpn_adar2_15,up_sect_secona_g36,st_prop_weight:0.15:kg|st_prop_recoil:5.56:pct
wpn_adar2_15,up_sect_seconc_g36,ui_inv_handling:2.38:pct|st_prop_weight:0.1:kg
wpn_adar2_15,up_sect_second_g36,st_prop_weight:0.15:kg|st_prop_recoil:5.56:pct
wpn_adar2_15,up_sect_secone_g36,app_upgrade_bullet_speed:85:speed|ui_inv_accuracy:0.67:pct|st_prop_weight:0.1:kg
wpn_adar2_15,up_sect_thirda_g36,ui_inv_accuracy:1.33:pct|st_prop_weight:0.05:kg
wpn_adar2_15,up_sect_thirdc_g36,st_prop_weight:0.2:kg|st_prop_recoil:5.56:pct
wpn_adar2_15,up_sect_thirde_g36,app_upgrade_bullet_speed:85:speed|ui_inv_accuracy:0.67:pct|st_prop_weight:0.1:kg
wpn_adar2_15,up_sect_thirdf_g36,ui_inv_accuracy:2:pct|st_prop_weight:0.15:kg
wpn_adar2_15,up_sect_fourta_g36,st_prop_weight:0.1:kg|ui_inv_rate_of_fire:35:rpm
wpn_adar2_15,up_sect_fourtc_g36,ui_inv_handling:1.19:pct|st_prop_weight:-0.4:kg
wpn_adar2_15,up_sect_fourte_g36,st_prop_reliability:1.5:pct|st_prop_weight:0.2:kg
wpn_adar2_15,up_sect_fourtf_g36,ui_inv_handling:1.67:pct|st_prop_weight:-0.06:kg
wpn_aek,up_sect_firsta_aek971,st_prop_reliability:1:pct|st_prop_weight:0.15:kg
wpn_aek,up_sect_firstc_aek971,ui_inv_handling:2.38:pct|st_prop_weight:-0.17:kg
wpn_aek,up_sect_firste_aek971,app_upgrade_bullet_speed:90:speed|ui_inv_accuracy:0.67:pct|st_prop_weight:0.2:kg
wpn_aek,up_sect_firstf_aek971,st_prop_weight:0.15:kg|st_prop_recoil:15.05:pct
wpn_aek,up_sect_secona_aek971,app_upgrade_bullet_speed:50:speed|ui_inv_accuracy:0.33:pct|st_prop_weight:0.2:kg
wpn_aek,up_sect_seconc_aek971,ui_inv_accuracy:0.87:pct
wpn_aek,up_sect_second_aek971,st_prop_weight:0.1:kg|ui_inv_rate_of_fire:30:rpm
wpn_aek,up_sect_secone_aek971,ui_inv_handling:2.38:pct|st_prop_weight:0.15:kg
wpn_aek,up_sect_thirda_aek971,st_prop_reliability:1:pct|st_prop_weight:0.2:kg
wpn_aek,up_sect_thirdc_aek971,app_upgrade_bullet_speed:90:speed|ui_inv_accuracy:0.67:pct|st_prop_weight:0.15:kg
wpn_aek,up_sect_thirdd_aek971,st_prop_weight:0.2:kg|st_prop_recoil:15.05:pct
wpn_aek,up_sect_thirde_aek971,ui_inv_accuracy:2.67:pct|st_prop_weight:0.15:kg
wpn_aek,up_sect_fourta_aek971,st_prop_weight:-0.88:kg
wpn_aek,up_sect_fourtc_aek971,ui_inv_handling:2.38:pct|st_prop_weight:0.1:kg
wpn_aek,up_sect_fourte_aek971,ui_inv_handling:2.38:pct|st_prop_weight:0.25:kg|st_prop_recoil:5.52:pct
wpn_aek,up_sect_fourtf_aek971,app_upgrade_bullet_speed:90:speed|ui_inv_accuracy:0.67:pct|st_prop_weight:0.1:kg
wpn_aek,up_sect_fiftha_aek971,ui_inv_handling:2.38:pct|st_prop_weight:-0.15:kg
wpn_ak,up_sect_firsta_akm,st_prop_weight:0.25:kg|st_prop_recoil:5.62:pct
wpn_ak,up_sect_firstc_ak74,st_prop_reliability:2:pct|st_prop_weight:0.15:kg
wpn_ak,up_sect_secona_akm,ui_inv_handling:1.67:pct|st_prop_weight:0.15:kg|st_prop_recoil:2.58:pct
wpn_ak,up_sect_seconc_ak74,ui_inv_accuracy:2.33:pct
wpn_ak,up_sect_second_ak74,st_prop_weight:0.14:kg|ui_inv_rate_of_fire:95:rpm
wpn_ak,up_sect_thirda_ak74,st_prop_reliability:1.5:pct|st_prop_weight:0.15:kg
wpn_ak,up_sect_thirdc_ak74,app_upgrade_bullet_speed:100:speed|ui_inv_accuracy:1:pct|st_prop_weight:0.15:kg
wpn_ak,up_sect_thirdd_akm,st_prop_weight:0.25:kg|st_prop_recoil:5.62:pct
wpn_ak,up_sect_fourta_ak74,st_prop_weight:-0.84:kg
wpn_ak,up_sect_fourtc_ak74,ui_inv_handling:2.38:pct|st_prop_weight:-0.17:kg
wpn_ak101,up_sect_firsta_ak74m,st_prop_weight:0.1:kg|ui_inv_rate_of_fire:30:rpm
wpn_ak101,up_sect_firstc_ak74m,st_prop_reliability:2:pct|st_prop_weight:0.15:kg
wpn_ak101,up_sect_firste_ak74m,ui_inv_accuracy:2.33:pct|st_prop_weight:0.15:kg
wpn_ak101,up_sect_firstf_ak74m,st_prop_weight:0.2:kg|st_prop_recoil:4.7:pct
wpn_ak101,up_sect_secona_ak74m,ui_inv_handling:1.67:pct|st_prop_weight:0.15:kg|st_prop_recoil:2.82:pct
wpn_ak101,up_sect_seconc_ak74m,ui_inv_accuracy:2.33:pct
wpn_ak101,up_sect_second_ak74m,st_prop_weight:0.14:kg|ui_inv_rate_of_fire:95:rpm
wpn_ak101,up_sect_secone_ak74m,app_upgrade_bullet_speed:200:speed|ui_inv_accuracy:1.33:pct|st_prop_weight:0.2:kg
wpn_ak101,up_sect_thirda_ak74m,st_prop_reliability:1.5:pct|st_prop_weight:0.15:kg
wpn_ak101,up_sect_thirdd_ak74m,st_prop_weight:0.25:kg|st_prop_recoil:4.7:pct
wpn_ak101,up_sect_thirde_ak74m,st_prop_weight:0.1:kg|ui_inv_rate_of_fire:65:rpm
wpn_ak101,up_sect_fourta_ak74m,st_prop_weight:-0.84:kg
wpn_ak101,up_sect_fourtc_ak74m,ui_inv_handling:2.38:pct|st_prop_weight:-0.17:kg
wpn_ak101,up_sect_fourte_ak74m,ui_inv_handling:4.76:pct|st_prop_weight:-0.2:kg
wpn_ak101,up_sect_fifthc_ak101,st_prop_weight:0.1:kg|ui_inv_rate_of_fire:45:rpm
wpn_ak101_camo,up_sect_firsta_ak74m,st_prop_weight:0.1:kg|ui_inv_rate_of_fire:30:rpm
wpn_ak101_camo,up_sect_firstc_ak74m,st_prop_reliability:2:pct|st_prop_weight:0.15:kg
wpn_ak101_camo,up_sect_firste_ak74m,ui_inv_accuracy:2.33:pct|st_prop_weight:0.15:kg
wpn_ak101_camo,up_sect_firstf_ak74m,st_prop_weight:0.2:kg|st_prop_recoil:4.7:pct
wpn_ak101_camo,up_sect_secona_ak74m,ui_inv_handling:1.67:pct|st_prop_weight:0.15:kg|st_prop_recoil:2.82:pct
wpn_ak101_camo,up_sect_seconc_ak74m,ui_inv_accuracy:2.33:pct
wpn_ak101_camo,up_sect_second_ak74m,st_prop_weight:0.14:kg|ui_inv_rate_of_fire:95:rpm
wpn_ak101_camo,up_sect_secone_ak74m,app_upgrade_bullet_speed:200:speed|ui_inv_accuracy:1.33:pct|st_prop_weight:0.2:kg
wpn_ak101_camo,up_sect_thirda_ak74m,st_prop_reliability:1.5:pct|st_prop_weight:0.15:kg
wpn_ak101_camo,up_sect_thirdd_ak74m,st_prop_weight:0.25:kg|st_prop_recoil:4.7:pct
wpn_ak101_camo,up_sect_thirde_ak74m,st_prop_weight:0.1:kg|ui_inv_rate_of_fire:65:rpm
wpn_ak101_camo,up_sect_fourta_ak74m,st_prop_weight:-0.84:kg
wpn_ak101_camo,up_sect_fourtc_ak74m,ui_inv_handling:2.38:pct|st_prop_weight:-0.17:kg
wpn_ak101_camo,up_sect_fourte_ak74m,ui_inv_handling:4.76:pct|st_prop_weight:-0.2:kg
wpn_ak101_camo,up_sect_fifthc_ak101,st_prop_weight:0.1:kg|ui_inv_rate_of_fire:45:rpm
wpn_ak102,up_sect_firsta_ak74m,st_prop_weight:0.1:kg|ui_inv_rate_of_fire:30:rpm
wpn_ak102,up_sect_firstc_ak74m,st_prop_reliability:2:pct|st_prop_weight:0.15:kg
wpn_ak102,up_sect_firste_ak74m,ui_inv_accuracy:2.33:pct|st_prop_weight:0.15:kg
wpn_ak102,up_sect_firstf_ak74m,st_prop_weight:0.2:kg|st_prop_recoil:4.7:pct
wpn_ak102,up_sect_secona_ak74m,ui_inv_handling:1.67:pct|st_prop_weight:0.15:kg|st_prop_recoil:2.82:pct
wpn_ak102,up_sect_seconc_ak74m,ui_inv_accuracy:2.33:pct
wpn_ak102,up_sect_second_ak74m,st_prop_weight:0.14:kg|ui_inv_rate_of_fire:95:rpm
wpn_ak102,up_sect_secone_ak74m,app_upgrade_bullet_speed:200:speed|ui_inv_accuracy:1.33:pct|st_prop_weight:0.2:kg
wpn_ak102,up_sect_thirda_ak74m,st_prop_reliability:1.5:pct|st_prop_weight:0.15:kg
wpn_ak102,up_sect_thirdd_ak74m,st_prop_weight:0.25:kg|st_prop_recoil:4.7:pct
wpn_ak102,up_sect_thirde_ak74m,st_prop_weight:0.1:kg|ui_inv_rate_of_fire:65:rpm
wpn_ak102,up_sect_fourta_ak74m,st_prop_weight:-0.84:kg
wpn_ak102,up_sect_fourtc_ak74m,ui_inv_handling:2.38:pct|st_prop_weight:-0.17:kg
wpn_ak102,up_sect_fourte_ak74m,ui_inv_handling:4.76:pct|st_prop_weight:-0.2:kg
wpn_ak102,up_sect_fifthc_ak101,st_prop_weight:0.1:kg|ui_inv_rate_of_fire:45:rpm
wpn_ak103,up_sect_firsta_ak103,st_prop_weight:0.25:kg|st_prop_recoil:6.12:pct
wpn_ak103,up_sect_firstc_ak74,st_prop_reliability:2:pct|st_prop_weight:0.15:kg
wpn_ak103,up_sect_firste_ak74,ui_inv_accuracy:2.33:pct|st_prop_weight:0.15:kg
wpn_ak103,up_sect_firstf_ak103,st_prop_recoil:6.12:pct
wpn_ak103,up_sect_secona_ak103,ui_inv_handling:1.67:pct|st_prop_weight:0.15:kg|st_prop_recoil:2.81:pct
wpn_ak103,up_sect_seconc_ak74,ui_inv_accuracy:2.33:pct
wpn_ak103,up_sect_second_ak74,st_prop_weight:0.14:kg|ui_inv_rate_of_fire:95:rpm
wpn_ak103,up_sect_secone_ak74,app_upgrade_bullet_speed:200:speed|ui_inv_accuracy:1.33:pct|st_prop_weight:0.2:kg
wpn_ak103,up_sect_thirda_ak74,st_prop_reliability:1.5:pct|st_prop_weight:0.15:kg
wpn_ak103,up_sect_thirdc_ak74,app_upgrade_bullet_speed:100:speed|ui_inv_accuracy:1:pct|st_prop_weight:0.15:kg
wpn_ak103,up_sect_thirdd_ak103,st_prop_weight:0.25:kg|st_prop_recoil:6.12:pct
wpn_ak103,up_sect_thirde_ak74,st_prop_weight:0.1:kg|ui_inv_rate_of_fire:65:rpm
wpn_ak103,up_sect_fourta_ak74,st_prop_weight:-0.84:kg
wpn_ak103,up_sect_fourtc_ak74,ui_inv_handling:2.38:pct|st_prop_weight:-0.17:kg
wpn_ak103,up_sect_firsta_abakan,st_prop_recoil:5.16:pct
wpn_ak103_camo,up_sect_firsta_ak103,st_prop_weight:0.25:kg|st_prop_recoil:6.12:pct
wpn_ak103_camo,up_sect_firstc_ak74,st_prop_reliability:2:pct|st_prop_weight:0.15:kg
wpn_ak103_camo,up_sect_firste_ak74,ui_inv_accuracy:2.33:pct|st_prop_weight:0.15:kg
wpn_ak103_camo,up_sect_firstf_ak103,st_prop_recoil:6.12:pct
wpn_ak103_camo,up_sect_secona_ak103,ui_inv_handling:1.67:pct|st_prop_weight:0.15:kg|st_prop_recoil:2.81:pct
wpn_ak103_camo,up_sect_seconc_ak74,ui_inv_accuracy:2.33:pct
wpn_ak103_camo,up_sect_second_ak74,st_prop_weight:0.14:kg|ui_inv_rate_of_fire:95:rpm
wpn_ak103_camo,up_sect_secone_ak74,app_upgrade_bullet_speed:200:speed|ui_inv_accuracy:1.33:pct|st_prop_weight:0.2:kg
wpn_ak103_camo,up_sect_thirda_ak74,st_prop_reliability:1.5:pct|st_prop_weight:0.15:kg
wpn_ak103_camo,up_sect_thirdc_ak74,app_upgrade_bullet_speed:100:speed|ui_inv_accuracy:1:pct|st_prop_weight:0.15:kg
wpn_ak103_camo,up_sect_thirdd_ak103,st_prop_weight:0.25:kg|st_prop_recoil:6.12:pct
wpn_ak103_camo,up_sect_thirde_ak74,st_prop_weight:0.1:kg|ui_inv_rate_of_fire:65:rpm
wpn_ak103_camo,up_sect_fourta_ak74,st_prop_weight:-0.84:kg
wpn_ak103_camo,up_sect_fourtc_ak74,ui_inv_handling:2.38:pct|st_prop_weight:-0.17:kg
wpn_ak103_camo,up_sect_firsta_abakan,st_prop_recoil:5.16:pct
wpn_ak104,up_sect_firsta_ak104,st_prop_weight:0.1:kg|ui_inv_rate_of_fire:32:rpm
wpn_ak104,up_sect_firstc_ak104,st_prop_reliability:1:pct|st_prop_weight:0.19:kg
wpn_ak104,up_sect_firstd_ak104,st_prop_weight:0.21:kg|st_prop_recoil:4.12:pct
wpn_ak104,up_sect_firste_ak104,st_prop_weight:0.22:kg|st_prop_recoil:4.12:pct
wpn_ak104,up_sect_secona_ak104,st_prop_weight:0.22:kg|st_prop_recoil:4.12:pct
wpn_ak104,up_sect_seconc_ak104,st_prop_reliability:1.5:pct|st_prop_weight:0.21:kg
wpn_ak104,up_sect_secone_ak104,st_prop_weight:0.16:kg|st_prop_recoil:4.12:pct
wpn_ak104,up_sect_seconf_ak104,st_prop_weight:-0.72:kg
wpn_ak104,up_sect_thirda_ak104,st_prop_weight:0.17:kg|st_prop_recoil:2.48:pct
wpn_ak104,up_sect_thirdc_ak104,st_prop_weight:0.12:kg|ui_inv_rate_of_fire:98:rpm
wpn_ak104,up_sect_thirdd_ak104,app_upgrade_bullet_speed:50:speed|ui_inv_accuracy:0.53:pct|st_prop_weight:0.1:kg
wpn_ak104,up_sect_thirde_ak104,ui_inv_handling:4.76:pct|st_prop_weight:-0.21:kg
wpn_ak104,up_sect_fourta_ak104,st_prop_weight:0.16:kg|st_prop_recoil:2.48:pct
wpn_ak104,up_sect_fourtc_ak104,st_prop_weight:0.08:kg|ui_inv_rate_of_fire:90:rpm
wpn_ak104,up_sect_fiftha_ak104,st_prop_reliability:1:pct|st_prop_weight:0.1:kg
wpn_ak104_alfa,up_sect_firsta_ak104,st_prop_weight:0.1:kg|ui_inv_rate_of_fire:32:rpm
wpn_ak104_alfa,up_sect_firstc_ak104,st_prop_reliability:1:pct|st_prop_weight:0.19:kg
wpn_ak104_alfa,up_sect_firstd_ak104,st_prop_weight:0.21:kg|st_prop_recoil:4.46:pct
wpn_ak104_alfa,up_sect_firste_ak104,st_prop_weight:0.22:kg|st_prop_recoil:4.46:pct
wpn_ak104_alfa,up_sect_secona_ak104,st_prop_weight:0.22:kg|st_prop_recoil:4.46:pct
wpn_ak104_alfa,up_sect_seconc_ak104,st_prop_reliability:1.5:pct|st_prop_weight:0.21:kg
wpn_ak104_alfa,up_sect_secone_ak104,st_prop_weight:0.16:kg|st_prop_recoil:4.46:pct
wpn_ak104_alfa,up_sect_seconf_ak104,st_prop_weight:-0.72:kg
wpn_ak104_alfa,up_sect_thirda_ak104,st_prop_weight:0.17:kg|st_prop_recoil:2.69:pct
wpn_ak104_alfa,up_sect_thirdc_ak104,st_prop_weight:0.12:kg|ui_inv_rate_of_fire:98:rpm
wpn_ak104_alfa,up_sect_thirdd_ak104,app_upgrade_bullet_speed:50:speed|ui_inv_accuracy:0.53:pct|st_prop_weight:0.1:kg
wpn_ak104_alfa,up_sect_thirde_ak104,ui_inv_handling:4.76:pct|st_prop_weight:-0.21:kg
wpn_ak104_alfa,up_sect_fourta_ak104,st_prop_weight:0.16:kg|st_prop_recoil:2.69:pct
wpn_ak104_alfa,up_sect_fourtc_ak104,st_prop_weight:0.08:kg|ui_inv_rate_of_fire:90:rpm
wpn_ak104_alfa,up_sect_fiftha_ak104,st_prop_reliability:1:pct|st_prop_weight:0.1:kg
wpn_ak105,up_sect_firsta_ak74u,st_prop_weight:0.1:kg|ui_inv_rate_of_fire:32:rpm
wpn_ak105,up_sect_firstc_ak74u,st_prop_reliability:1:pct|st_prop_weight:0.19:kg
wpn_ak105,up_sect_firstd_ak105,st_prop_weight:0.25:kg|st_prop_recoil:3.71:pct
wpn_ak105,up_sect_firste_ak105,st_prop_weight:0.24:kg|st_prop_recoil:3.71:pct
wpn_ak105,up_sect_secona_ak74u,st_prop_weight:0.22:kg|st_prop_recoil:4.12:pct
wpn_ak105,up_sect_seconc_ak74u,st_prop_reliability:1.5:pct|st_prop_weight:0.21:kg
wpn_ak105,up_sect_secone_ak105,st_prop_weight:0.2:kg|st_prop_recoil:3.71:pct
wpn_ak105,up_sect_seconf_ak74u,st_prop_weight:-0.72:kg
wpn_ak105,up_sect_thirda_ak105,st_prop_recoil:2.27:pct
wpn_ak105,up_sect_thirdc_ak74u,st_prop_weight:0.12:kg|ui_inv_rate_of_fire:98:rpm
wpn_ak105,up_sect_thirdd_ak74u,st_prop_reliability:1:pct|st_prop_weight:0.2:kg
wpn_ak105,up_sect_thirde_ak74u,ui_inv_handling:4.76:pct|st_prop_weight:-0.21:kg
wpn_ak105,up_sect_fourta_ak105,st_prop_recoil:2.27:pct
wpn_ak105,up_sect_fourtc_ak74u,st_prop_weight:0.08:kg|ui_inv_rate_of_fire:65:rpm
wpn_ak105,up_sect_fourte_ak74u,st_prop_weight:0.11:kg|ui_inv_rate_of_fire:65:rpm
wpn_ak105,up_sect_fiftha_ak74u,st_prop_reliability:1:pct|st_prop_weight:0.1:kg
wpn_ak105_shakal,up_sect_firsta_ak74u,st_prop_weight:0.1:kg|ui_inv_rate_of_fire:32:rpm
wpn_ak105_shakal,up_sect_firstc_ak74u,st_prop_reliability:1:pct|st_prop_weight:0.19:kg
wpn_ak105_shakal,up_sect_firstd_ak74u,st_prop_weight:0.21:kg|st_prop_recoil:13.78:pct
wpn_ak105_shakal,up_sect_firste_ak74u,st_prop_weight:0.22:kg|st_prop_recoil:13.78:pct
wpn_ak105_shakal,up_sect_secona_ak74u,st_prop_weight:0.22:kg|st_prop_recoil:13.78:pct
wpn_ak105_shakal,up_sect_seconc_ak74u,st_prop_reliability:1.5:pct|st_prop_weight:0.21:kg
wpn_ak105_shakal,up_sect_secone_ak74u,st_prop_weight:0.16:kg|st_prop_recoil:13.78:pct
wpn_ak105_shakal,up_sect_seconf_ak74u,st_prop_weight:-0.72:kg
wpn_ak105_shakal,up_sect_thirda_ak74u,st_prop_weight:0.17:kg|st_prop_recoil:8:pct
wpn_ak105_shakal,up_sect_thirdc_ak74u,st_prop_weight:0.12:kg|ui_inv_rate_of_fire:98:rpm
wpn_ak105_shakal,up_sect_thirdd_ak74u,st_prop_reliability:1:pct|st_prop_weight:0.2:kg
wpn_ak105_shakal,up_sect_thirde_ak74u,ui_inv_handling:4.76:pct|st_prop_weight:-0.21:kg
wpn_ak105_shakal,up_sect_fourta_ak74u,st_prop_weight:0.16:kg|st_prop_recoil:8:pct
wpn_ak105_shakal,up_sect_fourtc_ak74u,st_prop_weight:0.08:kg|ui_inv_rate_of_fire:65:rpm
wpn_ak105_shakal,up_sect_fourte_ak74u,st_prop_weight:0.11:kg|ui_inv_rate_of_fire:65:rpm
wpn_ak105_shakal,up_sect_fiftha_ak74u,st_prop_reliability:1:pct|st_prop_weight:0.1:kg
wpn_ak105_sp,up_sect_firsta_ak74u,st_prop_weight:0.1:kg|ui_inv_rate_of_fire:32:rpm
wpn_ak105_sp,up_sect_firstc_ak74u,st_prop_reliability:1:pct|st_prop_weight:0.19:kg
wpn_ak105_sp,up_sect_firstd_ak105,st_prop_weight:0.25:kg|st_prop_recoil:11.53:pct
wpn_ak105_sp,up_sect_firste_ak105,st_prop_weight:0.24:kg|st_prop_recoil:11.53:pct
wpn_ak105_sp,up_sect_secona_ak74u,st_prop_weight:0.22:kg|st_prop_recoil:12.91:pct
wpn_ak105_sp,up_sect_seconc_ak74u,st_prop_reliability:1.5:pct|st_prop_weight:0.21:kg
wpn_ak105_sp,up_sect_secone_ak105,st_prop_weight:0.2:kg|st_prop_recoil:11.53:pct
wpn_ak105_sp,up_sect_seconf_ak74u,st_prop_weight:-0.72:kg
wpn_ak105_sp,up_sect_thirda_ak105,st_prop_recoil:6.81:pct
wpn_ak105_sp,up_sect_thirdc_ak74u,st_prop_weight:0.12:kg|ui_inv_rate_of_fire:98:rpm
wpn_ak105_sp,up_sect_thirdd_ak74u,st_prop_reliability:1:pct|st_prop_weight:0.2:kg
wpn_ak105_sp,up_sect_thirde_ak74u,ui_inv_handling:4.76:pct|st_prop_weight:-0.21:kg
wpn_ak105_sp,up_sect_fourta_ak105,st_prop_recoil:6.81:pct
wpn_ak105_sp,up_sect_fourtc_ak74u,st_prop_weight:0.08:kg|ui_inv_rate_of_fire:65:rpm
wpn_ak105_sp,up_sect_fourte_ak74u,st_prop_weight:0.11:kg|ui_inv_rate_of_fire:65:rpm
wpn_ak105_sp,up_sect_fiftha_ak74u,st_prop_reliability:1:pct|st_prop_weight:0.1:kg
wpn_ak105_swamp,up_sect_firsta_g36,st_prop_reliability:2:pct|st_prop_weight:0.1:kg
wpn_ak105_swamp,up_sect_firstc_g36,ui_inv_accuracy:1.33:pct|st_prop_weight:0.11:kg
wpn_ak105_swamp,up_sect_firste_g36,ui_inv_handling:3.57:pct|st_prop_weight:0.05:kg
wpn_ak105_swamp,up_sect_firstf_g36,ui_inv_accuracy:2.67:pct|st_prop_weight:0.18:kg
wpn_ak105_swamp,up_sect_secona_g36,st_prop_weight:0.15:kg|st_prop_recoil:16.46:pct
wpn_ak105_swamp,up_sect_seconc_g36,ui_inv_handling:2.38:pct|st_prop_weight:0.1:kg
wpn_ak105_swamp,up_sect_second_g36,st_prop_weight:0.15:kg|st_prop_recoil:16.46:pct
wpn_ak105_swamp,up_sect_secone_g36,app_upgrade_bullet_speed:85:speed|ui_inv_accuracy:0.67:pct|st_prop_weight:0.1:kg
wpn_ak105_swamp,up_sect_thirda_g36,ui_inv_accuracy:1.33:pct|st_prop_weight:0.05:kg
wpn_ak105_swamp,up_sect_thirdc_g36,st_prop_weight:0.2:kg|st_prop_recoil:16.46:pct
wpn_ak105_swamp,up_sect_thirde_g36,app_upgrade_bullet_speed:85:speed|ui_inv_accuracy:0.67:pct|st_prop_weight:0.1:kg
wpn_ak105_swamp,up_sect_thirdf_g36,ui_inv_accuracy:2:pct|st_prop_weight:0.15:kg
wpn_ak105_swamp,up_sect_fourta_g36,st_prop_weight:0.1:kg|ui_inv_rate_of_fire:35:rpm
wpn_ak105_swamp,up_sect_fourtc_g36,ui_inv_handling:1.19:pct|st_prop_weight:-0.4:kg
wpn_ak105_swamp,up_sect_fourte_g36,st_prop_reliability:1.5:pct|st_prop_weight:0.2:kg
wpn_ak105_swamp,up_sect_fourtf_g36,ui_inv_handling:1.67:pct|st_prop_weight:-0.06:kg
wpn_ak105_swamp_echo1,up_sect_firsta_g36,st_prop_reliability:2:pct|st_prop_weight:0.1:kg
wpn_ak105_swamp_echo1,up_sect_firstc_g36,ui_inv_accuracy:1.33:pct|st_prop_weight:0.11:kg
wpn_ak105_swamp_echo1,up_sect_firste_g36,ui_inv_handling:3.57:pct|st_prop_weight:0.05:kg
wpn_ak105_swamp_echo1,up_sect_firstf_g36,ui_inv_accuracy:2.67:pct|st_prop_weight:0.18:kg
wpn_ak105_swamp_echo1,up_sect_secona_g36,st_prop_weight:0.15:kg|st_prop_recoil:16.46:pct
wpn_ak105_swamp_echo1,up_sect_seconc_g36,ui_inv_handling:2.38:pct|st_prop_weight:0.1:kg
wpn_ak105_swamp_echo1,up_sect_second_g36,st_prop_weight:0.15:kg|st_prop_recoil:16.46:pct
wpn_ak105_swamp_echo1,up_sect_secone_g36,app_upgrade_bullet_speed:85:speed|ui_inv_accuracy:0.67:pct|st_prop_weight:0.1:kg
wpn_ak105_swamp_echo1,up_sect_thirda_g36,ui_inv_accuracy:1.33:pct|st_prop_weight:0.05:kg
wpn_ak105_swamp_echo1,up_sect_thirdc_g36,st_prop_weight:0.2:kg|st_prop_recoil:16.46:pct
wpn_ak105_swamp_echo1,up_sect_thirde_g36,app_upgrade_bullet_speed:85:speed|ui_inv_accuracy:0.67:pct|st_prop_weight:0.1:kg
wpn_ak105_swamp_echo1,up_sect_thirdf_g36,ui_inv_accuracy:2:pct|st_prop_weight:0.15:kg
wpn_ak105_swamp_echo1,up_sect_fourta_g36,st_prop_weight:0.1:kg|ui_inv_rate_of_fire:35:rpm
wpn_ak105_swamp_echo1,up_sect_fourtc_g36,ui_inv_handling:1.19:pct|st_prop_weight:-0.4:kg
wpn_ak105_swamp_echo1,up_sect_fourte_g36,st_prop_reliability:1.5:pct|st_prop_weight:0.2:kg
wpn_ak105_swamp_echo1,up_sect_fourtf_g36,ui_inv_handling:1.67:pct|st_prop_weight:-0.06:kg
wpn_ak12,up_sect_firsta_ak74,st_prop_weight:0.25:kg|st_prop_recoil:9.97:pct
wpn_ak12,up_sect_firstc_ak74,st_prop_reliability:2:pct|st_prop_weight:0.15:kg
wpn_ak12,up_sect_firste_ak74,ui_inv_accuracy:2.33:pct|st_prop_weight:0.15:kg
wpn_ak12,up_sect_firstf_ak74,st_prop_weight:0.2:kg|st_prop_recoil:9.97:pct
wpn_ak12,up_sect_secona_ak74,ui_inv_handling:1.67:pct|st_prop_weight:0.15:kg|st_prop_recoil:5.87:pct
wpn_ak12,up_sect_seconc_ak74,ui_inv_accuracy:2.33:pct
wpn_ak12,up_sect_second_ak74,st_prop_weight:0.14:kg|ui_inv_rate_of_fire:95:rpm
wpn_ak12,up_sect_secone_ak74,app_upgrade_bullet_speed:200:speed|ui_inv_accuracy:1.33:pct|st_prop_weight:0.2:kg
wpn_ak12,up_sect_thirda_ak74,st_prop_reliability:1.5:pct|st_prop_weight:0.15:kg
wpn_ak12,up_sect_thirdc_ak74,app_upgrade_bullet_speed:100:speed|ui_inv_accuracy:1:pct|st_prop_weight:0.15:kg
wpn_ak12,up_sect_thirdd_ak74,st_prop_weight:0.25:kg|st_prop_recoil:9.97:pct
wpn_ak12,up_sect_thirde_ak74,st_prop_weight:0.1:kg|ui_inv_rate_of_fire:65:rpm
wpn_ak12,up_sect_fourta_ak74,st_prop_weight:-0.84:kg
wpn_ak12,up_sect_fourtc_ak74,ui_inv_handling:2.38:pct|st_prop_weight:-0.17:kg
wpn_ak12,up_sect_fourte_ak74,ui_inv_handling:4.76:pct|st_prop_weight:-0.2:kg
wpn_ak12,up_sect_fiftha_ak12,st_prop_reliability:1.2:pct|st_prop_weight:0.1:kg
wpn_ak12,up_sect_fifthc_ak74,st_prop_reliability:-1:pct|st_prop_weight:0.15:kg
wpn_ak12_custom,up_sect_firsta_ak74,st_prop_weight:0.25:kg|st_prop_recoil:8.95:pct
wpn_ak12_custom,up_sect_firstc_ak74,st_prop_reliability:2:pct|st_prop_weight:0.15:kg
wpn_ak12_custom,up_sect_firste_ak74,ui_inv_accuracy:2.33:pct|st_prop_weight:0.15:kg
wpn_ak12_custom,up_sect_firstf_ak74,st_prop_weight:0.2:kg|st_prop_recoil:8.95:pct
wpn_ak12_custom,up_sect_secona_ak74,ui_inv_handling:1.67:pct|st_prop_weight:0.15:kg|st_prop_recoil:5.27:pct
wpn_ak12_custom,up_sect_seconc_ak74,ui_inv_accuracy:2.33:pct
wpn_ak12_custom,up_sect_second_ak74,st_prop_weight:0.14:kg|ui_inv_rate_of_fire:95:rpm
wpn_ak12_custom,up_sect_secone_ak74,app_upgrade_bullet_speed:200:speed|ui_inv_accuracy:1.33:pct|st_prop_weight:0.2:kg
wpn_ak12_custom,up_sect_thirda_ak74,st_prop_reliability:1.5:pct|st_prop_weight:0.15:kg
wpn_ak12_custom,up_sect_thirdc_ak74,app_upgrade_bullet_speed:100:speed|ui_inv_accuracy:1:pct|st_prop_weight:0.15:kg
wpn_ak12_custom,up_sect_thirdd_ak74,st_prop_weight:0.25:kg|st_prop_recoil:8.95:pct
wpn_ak12_custom,up_sect_thirde_ak74,st_prop_weight:0.1:kg|ui_inv_rate_of_fire:65:rpm
wpn_ak12_custom,up_sect_fourta_ak74,st_prop_weight:-0.84:kg
wpn_ak12_custom,up_sect_fourtc_ak74,ui_inv_handling:2.38:pct|st_prop_weight:-0.17:kg
wpn_ak12_custom,up_sect_fourte_ak74,ui_inv_handling:4.76:pct|st_prop_weight:-0.2:kg
wpn_ak12_custom,up_sect_fiftha_ak12,st_prop_reliability:1.2:pct|st_prop_weight:0.1:kg
wpn_ak12_custom,up_sect_fifthc_ak74,st_prop_reliability:-1:pct|st_prop_weight:0.15:kg
wpn_ak12_custom_mono_kit,up_sect_firsta_ak74,st_prop_weight:0.25:kg|st_prop_recoil:8.95:pct
wpn_ak12_custom_mono_kit,up_sect_firstc_ak74,st_prop_reliability:2:pct|st_prop_weight:0.15:kg
wpn_ak12_custom_mono_kit,up_sect_firste_ak74,ui_inv_accuracy:2.33:pct|st_prop_weight:0.15:kg
wpn_ak12_custom_mono_kit,up_sect_firstf_ak74,st_prop_weight:0.2:kg|st_prop_recoil:8.95:pct
wpn_ak12_custom_mono_kit,up_sect_secona_ak74,ui_inv_handling:1.67:pct|st_prop_weight:0.15:kg|st_prop_recoil:5.27:pct
wpn_ak12_custom_mono_kit,up_sect_seconc_ak74,ui_inv_accuracy:2.33:pct
wpn_ak12_custom_mono_kit,up_sect_second_ak74,st_prop_weight:0.14:kg|ui_inv_rate_of_fire:95:rpm
wpn_ak12_custom_mono_kit,up_sect_secone_ak74,app_upgrade_bullet_speed:200:speed|ui_inv_accuracy:1.33:pct|st_prop_weight:0.2:kg
wpn_ak12_custom_mono_kit,up_sect_thirda_ak74,st_prop_reliability:1.5:pct|st_prop_weight:0.15:kg
wpn_ak12_custom_mono_kit,up_sect_thirdc_ak74,app_upgrade_bullet_speed:100:speed|ui_inv_accuracy:1:pct|st_prop_weight:0.15:kg
wpn_ak12_custom_mono_kit,up_sect_thirdd_ak74,st_prop_weight:0.25:kg|st_prop_recoil:8.95:pct
wpn_ak12_custom_mono_kit,up_sect_thirde_ak74,st_prop_weight:0.1:kg|ui_inv_rate_of_fire:65:rpm
wpn_ak12_custom_mono_kit,up_sect_fourta_ak74,st_prop_weight:-0.84:kg
wpn_ak12_custom_mono_kit,up_sect_fourtc_ak74,ui_inv_handling:2.38:pct|st_prop_weight:-0.17:kg
wpn_ak12_custom_mono_kit,up_sect_fourte_ak74,ui_inv_handling:4.76:pct|st_prop_weight:-0.2:kg
wpn_ak12_custom_mono_kit,up_sect_fiftha_ak12,st_prop_reliability:1.2:pct|st_prop_weight:0.1:kg
wpn_ak12_custom_mono_kit,up_sect_fifthc_ak74,st_prop_reliability:-1:pct|st_prop_weight:0.15:kg
wpn_ak12_m1,up_sect_firsta_ak74,st_prop_weight:0.25:kg|st_prop_recoil:8.95:pct
wpn_ak12_m1,up_sect_firstc_ak74,st_prop_reliability:2:pct|st_prop_weight:0.15:kg
wpn_ak12_m1,up_sect_firste_ak74,ui_inv_accuracy:2.33:pct|st_prop_weight:0.15:kg
wpn_ak12_m1,up_sect_firstf_ak74,st_prop_weight:0.2:kg|st_prop_recoil:8.95:pct
wpn_ak12_m1,up_sect_secona_ak74,ui_inv_handling:1.67:pct|st_prop_weight:0.15:kg|st_prop_recoil:5.27:pct
wpn_ak12_m1,up_sect_seconc_ak74,ui_inv_accuracy:2.33:pct
wpn_ak12_m1,up_sect_second_ak74,st_prop_weight:0.14:kg|ui_inv_rate_of_fire:95:rpm
wpn_ak12_m1,up_sect_secone_ak74,app_upgrade_bullet_speed:200:speed|ui_inv_accuracy:1.33:pct|st_prop_weight:0.2:kg
wpn_ak12_m1,up_sect_thirda_ak74,st_prop_reliability:1.5:pct|st_prop_weight:0.15:kg
wpn_ak12_m1,up_sect_thirdc_ak74,app_upgrade_bullet_speed:100:speed|ui_inv_accuracy:1:pct|st_prop_weight:0.15:kg
wpn_ak12_m1,up_sect_thirdd_ak74,st_prop_weight:0.25:kg|st_prop_recoil:8.95:pct
wpn_ak12_m1,up_sect_thirde_ak74,st_prop_weight:0.1:kg|ui_inv_rate_of_fire:65:rpm
wpn_ak12_m1,up_sect_fourta_ak74,st_prop_weight:-0.84:kg
wpn_ak12_m1,up_sect_fourtc_ak74,ui_inv_handling:2.38:pct|st_prop_weight:-0.17:kg
wpn_ak12_m1,up_sect_fourte_ak74,ui_inv_handling:4.76:pct|st_prop_weight:-0.2:kg
wpn_ak12_m1,up_sect_fiftha_ak12,st_prop_reliability:1.2:pct|st_prop_weight:0.1:kg
wpn_ak12_m1,up_sect_fifthc_ak74,st_prop_reliability:-1:pct|st_prop_weight:0.15:kg
wpn_ak5c_bas,up_sect_firsta_g36,st_prop_reliability:2:pct|st_prop_weight:0.1:kg
wpn_ak5c_bas,up_sect_firstc_g36,ui_inv_accuracy:1.33:pct|st_prop_weight:0.11:kg
wpn_ak5c_bas,up_sect_firste_g36,ui_inv_handling:3.57:pct|st_prop_weight:0.05:kg
wpn_ak5c_bas,up_sect_firstf_g36,ui_inv_accuracy:2.67:pct|st_prop_weight:0.18:kg
wpn_ak5c_bas,up_sect_secona_g36,st_prop_weight:0.15:kg|st_prop_recoil:15.47:pct
wpn_ak5c_bas,up_sect_seconc_g36,ui_inv_handling:2.38:pct|st_prop_weight:0.1:kg
wpn_ak5c_bas,up_sect_second_g36,st_prop_weight:0.15:kg|st_prop_recoil:15.47:pct
wpn_ak5c_bas,up_sect_secone_g36,app_upgrade_bullet_speed:85:speed|ui_inv_accuracy:0.67:pct|st_prop_weight:0.1:kg
wpn_ak5c_bas,up_sect_thirda_g36,ui_inv_accuracy:1.33:pct|st_prop_weight:0.05:kg
wpn_ak5c_bas,up_sect_thirdc_g36,st_prop_weight:0.2:kg|st_prop_recoil:15.47:pct
wpn_ak5c_bas,up_sect_thirde_g36,app_upgrade_bullet_speed:85:speed|ui_inv_accuracy:0.67:pct|st_prop_weight:0.1:kg
wpn_ak5c_bas,up_sect_thirdf_g36,ui_inv_accuracy:2:pct|st_prop_weight:0.15:kg
wpn_ak5c_bas,up_sect_fourta_g36,st_prop_weight:0.1:kg|ui_inv_rate_of_fire:35:rpm
wpn_ak5c_bas,up_sect_fourtc_g36,ui_inv_handling:1.19:pct|st_prop_weight:-0.4:kg
wpn_ak5c_bas,up_sect_fourte_g36,st_prop_reliability:1.5:pct|st_prop_weight:0.2:kg
wpn_ak5c_bas,up_sect_fourtf_g36,ui_inv_handling:1.67:pct|st_prop_weight:-0.06:kg
wpn_ak5c_bas_5c_tik,up_sect_firsta_g36,st_prop_reliability:2:pct|st_prop_weight:0.1:kg
wpn_ak5c_bas_5c_tik,up_sect_firstc_g36,ui_inv_accuracy:1.33:pct|st_prop_weight:0.11:kg
wpn_ak5c_bas_5c_tik,up_sect_firste_g36,ui_inv_handling:3.57:pct|st_prop_weight:0.05:kg
wpn_ak5c_bas_5c_tik,up_sect_firstf_g36,ui_inv_accuracy:2.67:pct|st_prop_weight:0.18:kg
wpn_ak5c_bas_5c_tik,up_sect_secona_g36,st_prop_weight:0.15:kg|st_prop_recoil:15.47:pct
wpn_ak5c_bas_5c_tik,up_sect_seconc_g36,ui_inv_handling:2.38:pct|st_prop_weight:0.1:kg
wpn_ak5c_bas_5c_tik,up_sect_second_g36,st_prop_weight:0.15:kg|st_prop_recoil:15.47:pct
wpn_ak5c_bas_5c_tik,up_sect_secone_g36,app_upgrade_bullet_speed:85:speed|ui_inv_accuracy:0.67:pct|st_prop_weight:0.1:kg
wpn_ak5c_bas_5c_tik,up_sect_thirda_g36,ui_inv_accuracy:1.33:pct|st_prop_weight:0.05:kg
wpn_ak5c_bas_5c_tik,up_sect_thirdc_g36,st_prop_weight:0.2:kg|st_prop_recoil:15.47:pct
wpn_ak5c_bas_5c_tik,up_sect_thirde_g36,app_upgrade_bullet_speed:85:speed|ui_inv_accuracy:0.67:pct|st_prop_weight:0.1:kg
wpn_ak5c_bas_5c_tik,up_sect_thirdf_g36,ui_inv_accuracy:2:pct|st_prop_weight:0.15:kg
wpn_ak5c_bas_5c_tik,up_sect_fourta_g36,st_prop_weight:0.1:kg|ui_inv_rate_of_fire:35:rpm
wpn_ak5c_bas_5c_tik,up_sect_fourtc_g36,ui_inv_handling:1.19:pct|st_prop_weight:-0.4:kg
wpn_ak5c_bas_5c_tik,up_sect_fourte_g36,st_prop_reliability:1.5:pct|st_prop_weight:0.2:kg
wpn_ak5c_bas_5c_tik,up_sect_fourtf_g36,ui_inv_handling:1.67:pct|st_prop_weight:-0.06:kg
wpn_ak5c_isg,up_sect_firsta_g36,st_prop_reliability:2:pct|st_prop_weight:0.1:kg
wpn_ak5c_isg,up_sect_firstc_g36,ui_inv_accuracy:1.33:pct|st_prop_weight:0.11:kg
wpn_ak5c_isg,up_sect_firste_g36,ui_inv_handling:3.57:pct|st_prop_weight:0.05:kg
wpn_ak5c_isg,up_sect_firstf_g36,ui_inv_accuracy:2.67:pct|st_prop_weight:0.18:kg
wpn_ak5c_isg,up_sect_secona_g36,st_prop_weight:0.15:kg|st_prop_recoil:15.47:pct
wpn_ak5c_isg,up_sect_seconc_g36,ui_inv_handling:2.38:pct|st_prop_weight:0.1:kg
wpn_ak5c_isg,up_sect_second_g36,st_prop_weight:0.15:kg|st_prop_recoil:15.47:pct
wpn_ak5c_isg,up_sect_secone_g36,app_upgrade_bullet_speed:85:speed|ui_inv_accuracy:0.67:pct|st_prop_weight:0.1:kg
wpn_ak5c_isg,up_sect_thirda_g36,ui_inv_accuracy:1.33:pct|st_prop_weight:0.05:kg
wpn_ak5c_isg,up_sect_thirdc_g36,st_prop_weight:0.2:kg|st_prop_recoil:15.47:pct
wpn_ak5c_isg,up_sect_thirde_g36,app_upgrade_bullet_speed:85:speed|ui_inv_accuracy:0.67:pct|st_prop_weight:0.1:kg
wpn_ak5c_isg,up_sect_thirdf_g36,ui_inv_accuracy:2:pct|st_prop_weight:0.15:kg
wpn_ak5c_isg,up_sect_fourta_g36,st_prop_weight:0.1:kg|ui_inv_rate_of_fire:35:rpm
wpn_ak5c_isg,up_sect_fourtc_g36,ui_inv_handling:1.19:pct|st_prop_weight:-0.4:kg
wpn_ak5c_isg,up_sect_fourte_g36,st_prop_reliability:1.5:pct|st_prop_weight:0.2:kg
wpn_ak5c_isg,up_sect_fourtf_g36,ui_inv_handling:1.67:pct|st_prop_weight:-0.06:kg
wpn_ak74,up_sect_firsta_ak74,st_prop_weight:0.25:kg|st_prop_recoil:8.38:pct
wpn_ak74,up_sect_firstc_ak74,st_prop_reliability:2:pct|st_prop_weight:0.15:kg
wpn_ak74,up_sect_firste_ak74,ui_inv_accuracy:2.33:pct|st_prop_weight:0.15:kg
wpn_ak74,up_sect_firstf_ak74,st_prop_weight:0.2:kg|st_prop_recoil:8.38:pct
wpn_ak74,up_sect_secona_ak74,ui_inv_handling:1.67:pct|st_prop_weight:0.15:kg|st_prop_recoil:4.94:pct
wpn_ak74,up_sect_seconc_ak74,ui_inv_accuracy:2.33:pct
wpn_ak74,up_sect_second_ak74,st_prop_weight:0.14:kg|ui_inv_rate_of_fire:95:rpm
wpn_ak74,up_sect_secone_ak74,app_upgrade_bullet_speed:200:speed|ui_inv_accuracy:1.33:pct|st_prop_weight:0.2:kg
wpn_ak74,up_sect_thirda_ak74,st_prop_reliability:1.5:pct|st_prop_weight:0.15:kg
wpn_ak74,up_sect_thirdc_ak74,app_upgrade_bullet_speed:100:speed|ui_inv_accuracy:1:pct|st_prop_weight:0.15:kg
wpn_ak74,up_sect_thirdd_ak74,st_prop_weight:0.25:kg|st_prop_recoil:8.38:pct
wpn_ak74,up_sect_thirde_ak74,st_prop_weight:0.1:kg|ui_inv_rate_of_fire:65:rpm
wpn_ak74,up_sect_fourta_ak74,st_prop_weight:-0.84:kg
wpn_ak74,up_sect_fourtc_ak74,ui_inv_handling:2.38:pct|st_prop_weight:-0.17:kg
wpn_ak74,up_sect_fourte_ak74,ui_inv_handling:4.76:pct|st_prop_weight:-0.2:kg
wpn_ak74,up_sect_fifthc_ak74,st_prop_reliability:-1:pct|st_prop_weight:0.15:kg
wpn_ak74_isg,up_sect_firsta_ak74,st_prop_weight:0.25:kg|st_prop_recoil:8.27:pct
wpn_ak74_isg,up_sect_firstc_ak74,st_prop_reliability:2:pct|st_prop_weight:0.15:kg
wpn_ak74_isg,up_sect_firste_ak74,ui_inv_accuracy:2.33:pct|st_prop_weight:0.15:kg
wpn_ak74_isg,up_sect_firstf_ak74,st_prop_weight:0.2:kg|st_prop_recoil:8.27:pct
wpn_ak74_isg,up_sect_secona_ak74,ui_inv_handling:1.67:pct|st_prop_weight:0.15:kg|st_prop_recoil:4.88:pct
wpn_ak74_isg,up_sect_seconc_ak74,ui_inv_accuracy:2.33:pct
wpn_ak74_isg,up_sect_second_ak74,st_prop_weight:0.14:kg|ui_inv_rate_of_fire:95:rpm
wpn_ak74_isg,up_sect_secone_ak74,app_upgrade_bullet_speed:200:speed|ui_inv_accuracy:1.33:pct|st_prop_weight:0.2:kg
wpn_ak74_isg,up_sect_thirda_ak74,st_prop_reliability:1.5:pct|st_prop_weight:0.15:kg
wpn_ak74_isg,up_sect_thirdc_ak74,app_upgrade_bullet_speed:100:speed|ui_inv_accuracy:1:pct|st_prop_weight:0.15:kg
wpn_ak74_isg,up_sect_thirdd_ak74,st_prop_weight:0.25:kg|st_prop_recoil:8.27:pct
wpn_ak74_isg,up_sect_thirde_ak74,st_prop_weight:0.1:kg|ui_inv_rate_of_fire:65:rpm
wpn_ak74_isg,up_sect_fourta_ak74,st_prop_weight:-0.84:kg
wpn_ak74_isg,up_sect_fourtc_ak74,ui_inv_handling:2.38:pct|st_prop_weight:-0.17:kg
wpn_ak74_isg,up_sect_fourte_ak74,ui_inv_handling:4.76:pct|st_prop_weight:-0.2:kg
wpn_ak74_isg,up_sect_fiftha_ak12,st_prop_reliability:1.2:pct|st_prop_weight:0.1:kg
wpn_ak74_isg,up_sect_fifthc_ak74,st_prop_reliability:-1:pct|st_prop_weight:0.15:kg
wpn_ak74_n,up_sect_firsta_ak74,st_prop_weight:0.25:kg|st_prop_recoil:7.7:pct
wpn_ak74_n,up_sect_firstc_ak74,st_prop_reliability:2:pct|st_prop_weight:0.15:kg
wpn_ak74_n,up_sect_firste_ak74,ui_inv_accuracy:2.33:pct|st_prop_weight:0.15:kg
wpn_ak74_n,up_sect_firstf_ak74,st_prop_weight:0.2:kg|st_prop_recoil:7.7:pct
wpn_ak74_n,up_sect_secona_ak74,ui_inv_handling:1.67:pct|st_prop_weight:0.15:kg|st_prop_recoil:4.53:pct
wpn_ak74_n,up_sect_seconc_ak74,ui_inv_accuracy:2.33:pct
wpn_ak74_n,up_sect_second_ak74,st_prop_weight:0.14:kg|ui_inv_rate_of_fire:95:rpm
wpn_ak74_n,up_sect_secone_ak74,app_upgrade_bullet_speed:200:speed|ui_inv_accuracy:1.33:pct|st_prop_weight:0.2:kg
wpn_ak74_n,up_sect_thirda_ak74,st_prop_reliability:1.5:pct|st_prop_weight:0.15:kg
wpn_ak74_n,up_sect_thirdc_ak74,app_upgrade_bullet_speed:100:speed|ui_inv_accuracy:1:pct|st_prop_weight:0.15:kg
wpn_ak74_n,up_sect_thirdd_ak74,st_prop_weight:0.25:kg|st_prop_recoil:7.7:pct
wpn_ak74_n,up_sect_thirde_ak74,st_prop_weight:0.1:kg|ui_inv_rate_of_fire:65:rpm
wpn_ak74_n,up_sect_fourta_ak74,st_prop_weight:-0.84:kg
wpn_ak74_n,up_sect_fourtc_ak74,ui_inv_handling:2.38:pct|st_prop_weight:-0.17:kg
wpn_ak74_n,up_sect_fourte_ak74,ui_inv_handling:4.76:pct|st_prop_weight:-0.2:kg
wpn_ak74_n,up_sect_fifthc_ak74,st_prop_reliability:-1:pct|st_prop_weight:0.15:kg
wpn_ak74_pmc,up_sect_firsta_ak74,st_prop_weight:0.25:kg|st_prop_recoil:8.95:pct
wpn_ak74_pmc,up_sect_firstc_ak74,st_prop_reliability:2:pct|st_prop_weight:0.15:kg
wpn_ak74_pmc,up_sect_firste_ak74,ui_inv_accuracy:2.33:pct|st_prop_weight:0.15:kg
wpn_ak74_pmc,up_sect_firstf_ak74,st_prop_weight:0.2:kg|st_prop_recoil:8.95:pct
wpn_ak74_pmc,up_sect_secona_ak74,ui_inv_handling:1.67:pct|st_prop_weight:0.15:kg|st_prop_recoil:5.27:pct
wpn_ak74_pmc,up_sect_seconc_ak74,ui_inv_accuracy:2.33:pct
wpn_ak74_pmc,up_sect_second_ak74,st_prop_weight:0.14:kg|ui_inv_rate_of_fire:95:rpm
wpn_ak74_pmc,up_sect_secone_ak74,app_upgrade_bullet_speed:200:speed|ui_inv_accuracy:1.33:pct|st_prop_weight:0.2:kg
wpn_ak74_pmc,up_sect_thirda_ak74,st_prop_reliability:1.5:pct|st_prop_weight:0.15:kg
wpn_ak74_pmc,up_sect_thirdc_ak74,app_upgrade_bullet_speed:100:speed|ui_inv_accuracy:1:pct|st_prop_weight:0.15:kg
wpn_ak74_pmc,up_sect_thirdd_ak74,st_prop_weight:0.25:kg|st_prop_recoil:8.95:pct
wpn_ak74_pmc,up_sect_thirde_ak74,st_prop_weight:0.1:kg|ui_inv_rate_of_fire:65:rpm
wpn_ak74_pmc,up_sect_fourta_ak74,st_prop_weight:-0.84:kg
wpn_ak74_pmc,up_sect_fourtc_ak74,ui_inv_handling:2.38:pct|st_prop_weight:-0.17:kg
wpn_ak74_pmc,up_sect_fourte_ak74,ui_inv_handling:4.76:pct|st_prop_weight:-0.2:kg
wpn_ak74_pmc,up_sect_fiftha_ak12,st_prop_reliability:1.2:pct|st_prop_weight:0.1:kg
wpn_ak74_pmc,up_sect_fifthc_ak74,st_prop_reliability:-1:pct|st_prop_weight:0.15:kg
wpn_ak74m,up_sect_firsta_ak74m,st_prop_weight:0.1:kg|ui_inv_rate_of_fire:30:rpm
wpn_ak74m,up_sect_firstc_ak74m,st_prop_reliability:2:pct|st_prop_weight:0.15:kg
wpn_ak74m,up_sect_firste_ak74m,ui_inv_accuracy:2.33:pct|st_prop_weight:0.15:kg
wpn_ak74m,up_sect_firstf_ak74m,st_prop_weight:0.2:kg|st_prop_recoil:8.38:pct
wpn_ak74m,up_sect_secona_ak74m,ui_inv_handling:1.67:pct|st_prop_weight:0.15:kg|st_prop_recoil:4.94:pct
wpn_ak74m,up_sect_seconc_ak74m,ui_inv_accuracy:2.33:pct
wpn_ak74m,up_sect_second_ak74m,st_prop_weight:0.14:kg|ui_inv_rate_of_fire:95:rpm
wpn_ak74m,up_sect_secone_ak74m,app_upgrade_bullet_speed:200:speed|ui_inv_accuracy:1.33:pct|st_prop_weight:0.2:kg
wpn_ak74m,up_sect_thirda_ak74m,st_prop_reliability:1.5:pct|st_prop_weight:0.15:kg
wpn_ak74m,up_sect_thirdd_ak74m,st_prop_weight:0.25:kg|st_prop_recoil:8.38:pct
wpn_ak74m,up_sect_thirde_ak74m,st_prop_weight:0.1:kg|ui_inv_rate_of_fire:65:rpm
wpn_ak74m,up_sect_fourta_ak74m,st_prop_weight:-0.84:kg
wpn_ak74m,up_sect_fourtc_ak74m,ui_inv_handling:2.38:pct|st_prop_weight:-0.17:kg
wpn_ak74m,up_sect_fourte_ak74m,ui_inv_handling:4.76:pct|st_prop_weight:-0.2:kg
wpn_ak74m,up_sect_fifthc_ak74m,st_prop_reliability:-1:pct|st_prop_weight:0.15:kg
wpn_ak74m_beard,up_sect_firsta_ak74u,st_prop_weight:0.1:kg|ui_inv_rate_of_fire:32:rpm
wpn_ak74m_beard,up_sect_firstc_ak74u,st_prop_reliability:1:pct|st_prop_weight:0.19:kg
wpn_ak74m_beard,up_sect_firstd_ak74u,st_prop_weight:0.21:kg|st_prop_recoil:9.5:pct
wpn_ak74m_beard,up_sect_firste_ak74u,st_prop_weight:0.22:kg|st_prop_recoil:9.5:pct
wpn_ak74m_beard,up_sect_secona_ak74u,st_prop_weight:0.22:kg|st_prop_recoil:9.5:pct
wpn_ak74m_beard,up_sect_seconc_ak74u,st_prop_reliability:1.5:pct|st_prop_weight:0.21:kg
wpn_ak74m_beard,up_sect_secone_ak74u,st_prop_weight:0.16:kg|st_prop_recoil:9.5:pct
wpn_ak74m_beard,up_sect_seconf_ak74u,st_prop_weight:-0.72:kg
wpn_ak74m_beard,up_sect_thirda_ak74u,st_prop_weight:0.17:kg|st_prop_recoil:5.59:pct
wpn_ak74m_beard,up_sect_thirdc_ak74u,st_prop_weight:0.12:kg|ui_inv_rate_of_fire:98:rpm
wpn_ak74m_beard,up_sect_thirdd_ak74u,st_prop_reliability:1:pct|st_prop_weight:0.2:kg
wpn_ak74m_beard,up_sect_thirde_ak74u,ui_inv_handling:4.76:pct|st_prop_weight:-0.21:kg
wpn_ak74m_beard,up_sect_fourta_ak74u,st_prop_weight:0.16:kg|st_prop_recoil:5.59:pct
wpn_ak74m_beard,up_sect_fourtc_ak74u,st_prop_weight:0.08:kg|ui_inv_rate_of_fire:65:rpm
wpn_ak74m_beard,up_sect_fourte_ak74u,st_prop_weight:0.11:kg|ui_inv_rate_of_fire:65:rpm
wpn_ak74m_beard,up_sect_fifthc_ak74,st_prop_reliability:-1:pct|st_prop_weight:0.15:kg
wpn_ak74m_camo,up_sect_firsta_ak74m,st_prop_weight:0.1:kg|ui_inv_rate_of_fire:30:rpm
wpn_ak74m_camo,up_sect_firstc_ak74m,st_prop_reliability:2:pct|st_prop_weight:0.15:kg
wpn_ak74m_camo,up_sect_firste_ak74m,ui_inv_accuracy:2.33:pct|st_prop_weight:0.15:kg
wpn_ak74m_camo,up_sect_firstf_ak74m,st_prop_weight:0.2:kg|st_prop_recoil:8.38:pct
wpn_ak74m_camo,up_sect_secona_ak74m,ui_inv_handling:1.67:pct|st_prop_weight:0.15:kg|st_prop_recoil:4.94:pct
wpn_ak74m_camo,up_sect_seconc_ak74m,ui_inv_accuracy:2.33:pct
wpn_ak74m_camo,up_sect_second_ak74m,st_prop_weight:0.14:kg|ui_inv_rate_of_fire:95:rpm
wpn_ak74m_camo,up_sect_secone_ak74m,app_upgrade_bullet_speed:200:speed|ui_inv_accuracy:1.33:pct|st_prop_weight:0.2:kg
wpn_ak74m_camo,up_sect_thirda_ak74m,st_prop_reliability:1.5:pct|st_prop_weight:0.15:kg
wpn_ak74m_camo,up_sect_thirdd_ak74m,st_prop_weight:0.25:kg|st_prop_recoil:8.38:pct
wpn_ak74m_camo,up_sect_thirde_ak74m,st_prop_weight:0.1:kg|ui_inv_rate_of_fire:65:rpm
wpn_ak74m_camo,up_sect_fourta_ak74m,st_prop_weight:-0.84:kg
wpn_ak74m_camo,up_sect_fourtc_ak74m,ui_inv_handling:2.38:pct|st_prop_weight:-0.17:kg
wpn_ak74m_camo,up_sect_fourte_ak74m,ui_inv_handling:4.76:pct|st_prop_weight:-0.2:kg
wpn_ak74m_camo,up_sect_fifthc_ak74m,st_prop_reliability:-1:pct|st_prop_weight:0.15:kg
wpn_ak74m_n,up_sect_firsta_ak74m,st_prop_weight:0.1:kg|ui_inv_rate_of_fire:30:rpm
wpn_ak74m_n,up_sect_firstc_ak74m,st_prop_reliability:2:pct|st_prop_weight:0.15:kg
wpn_ak74m_n,up_sect_firste_ak74m,ui_inv_accuracy:2.33:pct|st_prop_weight:0.15:kg
wpn_ak74m_n,up_sect_firstf_ak74m,st_prop_weight:0.2:kg|st_prop_recoil:8.38:pct
wpn_ak74m_n,up_sect_secona_ak74m,ui_inv_handling:1.67:pct|st_prop_weight:0.15:kg|st_prop_recoil:4.94:pct
wpn_ak74m_n,up_sect_seconc_ak74m,ui_inv_accuracy:2.33:pct
wpn_ak74m_n,up_sect_second_ak74m,st_prop_weight:0.14:kg|ui_inv_rate_of_fire:95:rpm
wpn_ak74m_n,up_sect_secone_ak74m,app_upgrade_bullet_speed:200:speed|ui_inv_accuracy:1.33:pct|st_prop_weight:0.2:kg
wpn_ak74m_n,up_sect_thirda_ak74m,st_prop_reliability:1.5:pct|st_prop_weight:0.15:kg
wpn_ak74m_n,up_sect_thirdd_ak74m,st_prop_weight:0.25:kg|st_prop_recoil:8.38:pct
wpn_ak74m_n,up_sect_thirde_ak74m,st_prop_weight:0.1:kg|ui_inv_rate_of_fire:65:rpm
wpn_ak74m_n,up_sect_fourta_ak74m,st_prop_weight:-0.84:kg
wpn_ak74m_n,up_sect_fourtc_ak74m,ui_inv_handling:2.38:pct|st_prop_weight:-0.17:kg
wpn_ak74m_n,up_sect_fourte_ak74m,ui_inv_handling:4.76:pct|st_prop_weight:-0.2:kg
wpn_ak74m_n,up_sect_fifthc_ak74m,st_prop_reliability:-1:pct|st_prop_weight:0.15:kg
wpn_ak74u,up_sect_firsta_ak74u,st_prop_weight:0.1:kg|ui_inv_rate_of_fire:32:rpm
wpn_ak74u,up_sect_firstc_ak74u,st_prop_reliability:1:pct|st_prop_weight:0.19:kg
wpn_ak74u,up_sect_firstd_ak74u,st_prop_weight:0.21:kg|st_prop_recoil:5.6:pct
wpn_ak74u,up_sect_firste_ak74u,st_prop_weight:0.22:kg|st_prop_recoil:5.6:pct
wpn_ak74u,up_sect_secona_ak74u,st_prop_weight:0.22:kg|st_prop_recoil:5.6:pct
wpn_ak74u,up_sect_seconc_ak74u,st_prop_reliability:1.5:pct|st_prop_weight:0.21:kg
wpn_ak74u,up_sect_secone_ak74u,st_prop_weight:0.16:kg|st_prop_recoil:5.6:pct
wpn_ak74u,up_sect_seconf_ak74u,st_prop_weight:-0.72:kg
wpn_ak74u,up_sect_thirda_ak74u,st_prop_weight:0.17:kg|st_prop_recoil:3.34:pct
wpn_ak74u,up_sect_thirdc_ak74u,st_prop_weight:0.12:kg|ui_inv_rate_of_fire:98:rpm
wpn_ak74u,up_sect_thirdd_ak74u,st_prop_reliability:1:pct|st_prop_weight:0.2:kg
wpn_ak74u,up_sect_thirde_ak74u,ui_inv_handling:4.76:pct|st_prop_weight:-0.21:kg
wpn_ak74u,up_sect_fourta_ak74u,st_prop_weight:0.16:kg|st_prop_recoil:3.34:pct
wpn_ak74u,up_sect_fourtc_ak74u,st_prop_weight:0.08:kg|ui_inv_rate_of_fire:65:rpm
wpn_ak74u,up_sect_fourte_ak74u,st_prop_weight:0.11:kg|ui_inv_rate_of_fire:65:rpm
wpn_ak74u,up_sect_fiftha_ak74u,st_prop_reliability:1:pct|st_prop_weight:0.1:kg
wpn_ak74u_isg,up_sect_firsta_ak74u,st_prop_weight:0.1:kg|ui_inv_rate_of_fire:32:rpm
wpn_ak74u_isg,up_sect_firstc_ak74u,st_prop_reliability:1:pct|st_prop_weight:0.19:kg
wpn_ak74u_isg,up_sect_firstd_ak74u,st_prop_weight:0.21:kg|st_prop_recoil:9.5:pct
wpn_ak74u_isg,up_sect_firste_ak74u,st_prop_weight:0.22:kg|st_prop_recoil:9.5:pct
wpn_ak74u_isg,up_sect_secona_ak74u,st_prop_weight:0.22:kg|st_prop_recoil:9.5:pct
wpn_ak74u_isg,up_sect_seconc_ak74u,st_prop_reliability:1.5:pct|st_prop_weight:0.21:kg
wpn_ak74u_isg,up_sect_secone_ak74u,st_prop_weight:0.16:kg|st_prop_recoil:9.5:pct
wpn_ak74u_isg,up_sect_seconf_ak74u,st_prop_weight:-0.72:kg
wpn_ak74u_isg,up_sect_thirda_ak74u,st_prop_weight:0.17:kg|st_prop_recoil:5.59:pct
wpn_ak74u_isg,up_sect_thirdc_ak74u,st_prop_weight:0.12:kg|ui_inv_rate_of_fire:98:rpm
wpn_ak74u_isg,up_sect_thirdd_ak74u,st_prop_reliability:1:pct|st_prop_weight:0.2:kg
wpn_ak74u_isg,up_sect_thirde_ak74u,ui_inv_handling:4.76:pct|st_prop_weight:-0.21:kg
wpn_ak74u_isg,up_sect_fourta_ak74u,st_prop_weight:0.16:kg|st_prop_recoil:5.59:pct
wpn_ak74u_isg,up_sect_fourtc_ak74u,st_prop_weight:0.08:kg|ui_inv_rate_of_fire:65:rpm
wpn_ak74u_isg,up_sect_fourte_ak74u,st_prop_weight:0.11:kg|ui_inv_rate_of_fire:65:rpm
wpn_ak74u_isg,up_sect_fiftha_ak74u,st_prop_reliability:1:pct|st_prop_weight:0.1:kg
wpn_ak74u_m1_isg,up_sect_firsta_ak74u,st_prop_weight:0.1:kg|ui_inv_rate_of_fire:32:rpm
wpn_ak74u_m1_isg,up_sect_firstc_ak74u,st_prop_reliability:1:pct|st_prop_weight:0.19:kg
wpn_ak74u_m1_isg,up_sect_firstd_ak74u,st_prop_weight:0.21:kg|st_prop_recoil:9.5:pct
wpn_ak74u_m1_isg,up_sect_firste_ak74u,st_prop_weight:0.22:kg|st_prop_recoil:9.5:pct
wpn_ak74u_m1_isg,up_sect_secona_ak74u,st_prop_weight:0.22:kg|st_prop_recoil:9.5:pct
wpn_ak74u_m1_isg,up_sect_seconc_ak74u,st_prop_reliability:1.5:pct|st_prop_weight:0.21:kg
wpn_ak74u_m1_isg,up_sect_secone_ak74u,st_prop_weight:0.16:kg|st_prop_recoil:9.5:pct
wpn_ak74u_m1_isg,up_sect_seconf_ak74u,st_prop_weight:-0.72:kg
wpn_ak74u_m1_isg,up_sect_thirda_ak74u,st_prop_weight:0.17:kg|st_prop_recoil:5.59:pct
wpn_ak74u_m1_isg,up_sect_thirdc_ak74u,st_prop_weight:0.12:kg|ui_inv_rate_of_fire:98:rpm
wpn_ak74u_m1_isg,up_sect_thirdd_ak74u,st_prop_reliability:1:pct|st_prop_weight:0.2:kg
wpn_ak74u_m1_isg,up_sect_thirde_ak74u,ui_inv_handling:4.76:pct|st_prop_weight:-0.21:kg
wpn_ak74u_m1_isg,up_sect_fourta_ak74u,st_prop_weight:0.16:kg|st_prop_recoil:5.59:pct
wpn_ak74u_m1_isg,up_sect_fourtc_ak74u,st_prop_weight:0.08:kg|ui_inv_rate_of_fire:65:rpm
wpn_ak74u_m1_isg,up_sect_fourte_ak74u,st_prop_weight:0.11:kg|ui_inv_rate_of_fire:65:rpm
wpn_ak74u_m1_isg,up_sect_fiftha_ak74u,st_prop_reliability:1:pct|st_prop_weight:0.1:kg
wpn_ak74u_n1,up_sect_firsta_ak74u,st_prop_weight:0.1:kg|ui_inv_rate_of_fire:32:rpm
wpn_ak74u_n1,up_sect_firstc_ak74u,st_prop_reliability:1:pct|st_prop_weight:0.19:kg
wpn_ak74u_n1,up_sect_firstd_ak74u,st_prop_weight:0.21:kg|st_prop_recoil:5.47:pct
wpn_ak74u_n1,up_sect_firste_ak74u,st_prop_weight:0.22:kg|st_prop_recoil:5.47:pct
wpn_ak74u_n1,up_sect_secona_ak74u,st_prop_weight:0.22:kg|st_prop_recoil:5.47:pct
wpn_ak74u_n1,up_sect_seconc_ak74u,st_prop_reliability:1.5:pct|st_prop_weight:0.21:kg
wpn_ak74u_n1,up_sect_secone_ak74u,st_prop_weight:0.16:kg|st_prop_recoil:5.47:pct
wpn_ak74u_n1,up_sect_seconf_ak74u,st_prop_weight:-0.72:kg
wpn_ak74u_n1,up_sect_thirda_ak74u,st_prop_weight:0.17:kg|st_prop_recoil:3.26:pct
wpn_ak74u_n1,up_sect_thirdc_ak74u,st_prop_weight:0.12:kg|ui_inv_rate_of_fire:98:rpm
wpn_ak74u_n1,up_sect_thirdd_ak74u,st_prop_reliability:1:pct|st_prop_weight:0.2:kg
wpn_ak74u_n1,up_sect_thirde_ak74u,ui_inv_handling:4.76:pct|st_prop_weight:-0.21:kg
wpn_ak74u_n1,up_sect_fourta_ak74u,st_prop_weight:0.16:kg|st_prop_recoil:3.26:pct
wpn_ak74u_n1,up_sect_fourtc_ak74u,st_prop_weight:0.08:kg|ui_inv_rate_of_fire:65:rpm
wpn_ak74u_n1,up_sect_fourte_ak74u,st_prop_weight:0.11:kg|ui_inv_rate_of_fire:65:rpm
wpn_ak74u_n1,up_sect_fiftha_ak74u,st_prop_reliability:1:pct|st_prop_weight:0.1:kg
wpn_ak74u_tac,up_sect_firsta_ak74,st_prop_weight:0.25:kg|st_prop_recoil:8.38:pct
wpn_ak74u_tac,up_sect_firstc_ak74,st_prop_reliability:2:pct|st_prop_weight:0.15:kg
wpn_ak74u_tac,up_sect_firste_ak74,ui_inv_accuracy:2.33:pct|st_prop_weight:0.15:kg
wpn_ak74u_tac,up_sect_firstf_ak74,st_prop_weight:0.2:kg|st_prop_recoil:8.38:pct
wpn_ak74u_tac,up_sect_secona_ak74,ui_inv_handling:1.67:pct|st_prop_weight:0.15:kg|st_prop_recoil:4.94:pct
wpn_ak74u_tac,up_sect_seconc_ak74,ui_inv_accuracy:2.33:pct
wpn_ak74u_tac,up_sect_second_ak74,st_prop_weight:0.14:kg|ui_inv_rate_of_fire:95:rpm
wpn_ak74u_tac,up_sect_secone_ak74,app_upgrade_bullet_speed:200:speed|ui_inv_accuracy:1.33:pct|st_prop_weight:0.2:kg
wpn_ak74u_tac,up_sect_thirda_ak74,st_prop_reliability:1.5:pct|st_prop_weight:0.15:kg
wpn_ak74u_tac,up_sect_thirdc_ak74,app_upgrade_bullet_speed:100:speed|ui_inv_accuracy:1:pct|st_prop_weight:0.15:kg
wpn_ak74u_tac,up_sect_thirdd_ak74,st_prop_weight:0.25:kg|st_prop_recoil:8.38:pct
wpn_ak74u_tac,up_sect_thirde_ak74,st_prop_weight:0.1:kg|ui_inv_rate_of_fire:65:rpm
wpn_ak74u_tac,up_sect_fourta_ak74,st_prop_weight:-0.84:kg
wpn_ak74u_tac,up_sect_fourtc_ak74,ui_inv_handling:2.38:pct|st_prop_weight:-0.17:kg
wpn_ak74u_tac,up_sect_fourte_ak74,ui_inv_handling:4.76:pct|st_prop_weight:-0.2:kg
wpn_ak74u_tac,up_sect_fiftha_ak12,st_prop_reliability:1.2:pct|st_prop_weight:0.1:kg
wpn_ak74u_tac,up_sect_fifthc_ak74,st_prop_reliability:-1:pct|st_prop_weight:0.15:kg
wpn_akm,up_sect_firsta_akm,st_prop_weight:0.25:kg|st_prop_recoil:5.31:pct
wpn_akm,up_sect_firstc_ak74,st_prop_reliability:2:pct|st_prop_weight:0.15:kg
wpn_akm,up_sect_firste_ak74,ui_inv_accuracy:2.33:pct|st_prop_weight:0.15:kg
wpn_akm,up_sect_firstf_akm,st_prop_recoil:5.31:pct
wpn_akm,up_sect_secona_akm,ui_inv_handling:1.67:pct|st_prop_weight:0.15:kg|st_prop_recoil:2.44:pct
wpn_akm,up_sect_seconc_ak74,ui_inv_accuracy:2.33:pct
wpn_akm,up_sect_second_ak74,st_prop_weight:0.14:kg|ui_inv_rate_of_fire:95:rpm
wpn_akm,up_sect_secone_ak74,app_upgrade_bullet_speed:200:speed|ui_inv_accuracy:1.33:pct|st_prop_weight:0.2:kg
wpn_akm,up_sect_thirda_ak74,st_prop_reliability:1.5:pct|st_prop_weight:0.15:kg
wpn_akm,up_sect_thirdc_ak74,app_upgrade_bullet_speed:100:speed|ui_inv_accuracy:1:pct|st_prop_weight:0.15:kg
wpn_akm,up_sect_thirdd_akm,st_prop_weight:0.25:kg|st_prop_recoil:5.31:pct
wpn_akm,up_sect_thirde_ak74,st_prop_weight:0.1:kg|ui_inv_rate_of_fire:65:rpm
wpn_akm,up_sect_fourta_ak74,st_prop_weight:-0.84:kg
wpn_akm,up_sect_fourtc_ak74,ui_inv_handling:2.38:pct|st_prop_weight:-0.17:kg
wpn_akm,up_sect_fourte_ak74,ui_inv_handling:4.76:pct|st_prop_weight:-0.2:kg
wpn_akm,up_sect_fifthc_akm,st_prop_weight:0.06:kg|ui_inv_rate_of_fire:48:rpm
wpn_akm_alfa,up_sect_firsta_ak74,st_prop_weight:0.25:kg|st_prop_recoil:7.88:pct
wpn_akm_alfa,up_sect_firstc_ak74,st_prop_reliability:2:pct|st_prop_weight:0.15:kg
wpn_akm_alfa,up_sect_firste_ak74,ui_inv_accuracy:2.33:pct|st_prop_weight:0.15:kg
wpn_akm_alfa,up_sect_firstf_ak74,st_prop_weight:0.2:kg|st_prop_recoil:7.88:pct
wpn_akm_alfa,up_sect_secona_ak74,ui_inv_handling:1.67:pct|st_prop_weight:0.15:kg|st_prop_recoil:4.64:pct
wpn_akm_alfa,up_sect_seconc_ak74,ui_inv_accuracy:2.33:pct
wpn_akm_alfa,up_sect_second_ak74,st_prop_weight:0.14:kg|ui_inv_rate_of_fire:95:rpm
wpn_akm_alfa,up_sect_secone_ak74,app_upgrade_bullet_speed:200:speed|ui_inv_accuracy:1.33:pct|st_prop_weight:0.2:kg
wpn_akm_alfa,up_sect_thirda_ak74,st_prop_reliability:1.5:pct|st_prop_weight:0.15:kg
wpn_akm_alfa,up_sect_thirdc_ak74,app_upgrade_bullet_speed:100:speed|ui_inv_accuracy:1:pct|st_prop_weight:0.15:kg
wpn_akm_alfa,up_sect_thirdd_ak74,st_prop_weight:0.25:kg|st_prop_recoil:7.88:pct
wpn_akm_alfa,up_sect_thirde_ak74,st_prop_weight:0.1:kg|ui_inv_rate_of_fire:65:rpm
wpn_akm_alfa,up_sect_fourta_ak74,st_prop_weight:-0.84:kg
wpn_akm_alfa,up_sect_fourtc_ak74,ui_inv_handling:2.38:pct|st_prop_weight:-0.17:kg
wpn_akm_alfa,up_sect_fourte_ak74,ui_inv_handling:4.76:pct|st_prop_weight:-0.2:kg
wpn_akm_alfa,up_sect_fiftha_ak12,st_prop_reliability:1.2:pct|st_prop_weight:0.1:kg
wpn_akm_alfa,up_sect_fifthc_ak74,st_prop_reliability:-1:pct|st_prop_weight:0.15:kg
wpn_akm_bas,up_sect_firsta_akm,st_prop_weight:0.25:kg|st_prop_recoil:0.85:pct
wpn_akm_bas,up_sect_firstc_ak74,st_prop_reliability:2:pct|st_prop_weight:0.15:kg
wpn_akm_bas,up_sect_firste_ak74,ui_inv_accuracy:2.33:pct|st_prop_weight:0.15:kg
wpn_akm_bas,up_sect_firstf_akm,st_prop_recoil:0.85:pct
wpn_akm_bas,up_sect_secona_akm,ui_inv_handling:1.67:pct|st_prop_weight:0.15:kg|st_prop_recoil:0.41:pct
wpn_akm_bas,up_sect_seconc_ak74,ui_inv_accuracy:2.33:pct
wpn_akm_bas,up_sect_second_ak74,st_prop_weight:0.14:kg|ui_inv_rate_of_fire:95:rpm
wpn_akm_bas,up_sect_secone_ak74,app_upgrade_bullet_speed:200:speed|ui_inv_accuracy:1.33:pct|st_prop_weight:0.2:kg
wpn_akm_bas,up_sect_thirda_ak74,st_prop_reliability:1.5:pct|st_prop_weight:0.15:kg
wpn_akm_bas,up_sect_thirdc_ak74,app_upgrade_bullet_speed:100:speed|ui_inv_accuracy:1:pct|st_prop_weight:0.15:kg
wpn_akm_bas,up_sect_thirdd_akm,st_prop_weight:0.25:kg|st_prop_recoil:0.85:pct
wpn_akm_bas,up_sect_thirde_ak74,st_prop_weight:0.1:kg|ui_inv_rate_of_fire:65:rpm
wpn_akm_bas,up_sect_fourta_ak74,st_prop_weight:-0.84:kg
wpn_akm_bas,up_sect_fourtc_ak74,ui_inv_handling:2.38:pct|st_prop_weight:-0.17:kg
wpn_akm_bas,up_sect_fourte_ak74,ui_inv_handling:4.76:pct|st_prop_weight:-0.2:kg
wpn_akm_bas,up_sect_fifthc_akm,st_prop_weight:0.06:kg|ui_inv_rate_of_fire:48:rpm
wpn_akm_isg,up_sect_firsta_ak104,st_prop_weight:0.1:kg|ui_inv_rate_of_fire:32:rpm
wpn_akm_isg,up_sect_firstc_ak104,st_prop_reliability:1:pct|st_prop_weight:0.19:kg
wpn_akm_isg,up_sect_firstd_ak104,st_prop_weight:0.21:kg|st_prop_recoil:9.5:pct
wpn_akm_isg,up_sect_firste_ak104,st_prop_weight:0.22:kg|st_prop_recoil:9.5:pct
wpn_akm_isg,up_sect_secona_ak104,st_prop_weight:0.22:kg|st_prop_recoil:9.5:pct
wpn_akm_isg,up_sect_seconc_ak104,st_prop_reliability:1.5:pct|st_prop_weight:0.21:kg
wpn_akm_isg,up_sect_secone_ak104,st_prop_weight:0.16:kg|st_prop_recoil:9.5:pct
wpn_akm_isg,up_sect_seconf_ak104,st_prop_weight:-0.72:kg
wpn_akm_isg,up_sect_thirda_ak104,st_prop_weight:0.17:kg|st_prop_recoil:5.59:pct
wpn_akm_isg,up_sect_thirdc_ak104,st_prop_weight:0.12:kg|ui_inv_rate_of_fire:98:rpm
wpn_akm_isg,up_sect_thirdd_ak104,app_upgrade_bullet_speed:50:speed|ui_inv_accuracy:0.53:pct|st_prop_weight:0.1:kg
wpn_akm_isg,up_sect_thirde_ak104,ui_inv_handling:4.76:pct|st_prop_weight:-0.21:kg
wpn_akm_isg,up_sect_fourta_ak104,st_prop_weight:0.16:kg|st_prop_recoil:5.59:pct
wpn_akm_isg,up_sect_fourtc_ak104,st_prop_weight:0.08:kg|ui_inv_rate_of_fire:90:rpm
wpn_akm_isg,up_sect_fiftha_ak104,st_prop_reliability:1:pct|st_prop_weight:0.1:kg
wpn_akms,up_sect_firsta_akm,st_prop_weight:0.25:kg|st_prop_recoil:5.31:pct
wpn_akms,up_sect_firstc_ak74,st_prop_reliability:2:pct|st_prop_weight:0.15:kg
wpn_akms,up_sect_firste_ak74,ui_inv_accuracy:2.33:pct|st_prop_weight:0.15:kg
wpn_akms,up_sect_firstf_akm,st_prop_recoil:5.31:pct
wpn_akms,up_sect_secona_akm,ui_inv_handling:1.67:pct|st_prop_weight:0.15:kg|st_prop_recoil:2.44:pct
wpn_akms,up_sect_seconc_ak74,ui_inv_accuracy:2.33:pct
wpn_akms,up_sect_second_ak74,st_prop_weight:0.14:kg|ui_inv_rate_of_fire:95:rpm
wpn_akms,up_sect_secone_ak74,app_upgrade_bullet_speed:200:speed|ui_inv_accuracy:1.33:pct|st_prop_weight:0.2:kg
wpn_akms,up_sect_thirda_ak74,st_prop_reliability:1.5:pct|st_prop_weight:0.15:kg
wpn_akms,up_sect_thirdc_ak74,app_upgrade_bullet_speed:100:speed|ui_inv_accuracy:1:pct|st_prop_weight:0.15:kg
wpn_akms,up_sect_thirdd_akm,st_prop_weight:0.25:kg|st_prop_recoil:5.31:pct
wpn_akms,up_sect_thirde_ak74,st_prop_weight:0.1:kg|ui_inv_rate_of_fire:65:rpm
wpn_akms,up_sect_fourta_ak74,st_prop_weight:-0.84:kg
wpn_akms,up_sect_fourtc_ak74,ui_inv_handling:2.38:pct|st_prop_weight:-0.17:kg
wpn_akms,up_sect_fourte_ak74,ui_inv_handling:4.76:pct|st_prop_weight:-0.2:kg
wpn_akms,up_sect_fifthc_akm,st_prop_weight:0.06:kg|ui_inv_rate_of_fire:48:rpm
wpn_akms_alt,up_sect_firsta_akm,st_prop_weight:0.25:kg|st_prop_recoil:5.31:pct
wpn_akms_alt,up_sect_firstc_ak74,st_prop_reliability:2:pct|st_prop_weight:0.15:kg
wpn_akms_alt,up_sect_firste_ak74,ui_inv_accuracy:2.33:pct|st_prop_weight:0.15:kg
wpn_akms_alt,up_sect_firstf_akm,st_prop_recoil:5.31:pct
wpn_akms_alt,up_sect_secona_akm,ui_inv_handling:1.67:pct|st_prop_weight:0.15:kg|st_prop_recoil:2.44:pct
wpn_akms_alt,up_sect_seconc_ak74,ui_inv_accuracy:2.33:pct
wpn_akms_alt,up_sect_second_ak74,st_prop_weight:0.14:kg|ui_inv_rate_of_fire:95:rpm
wpn_akms_alt,up_sect_secone_ak74,app_upgrade_bullet_speed:200:speed|ui_inv_accuracy:1.33:pct|st_prop_weight:0.2:kg
wpn_akms_alt,up_sect_thirda_ak74,st_prop_reliability:1.5:pct|st_prop_weight:0.15:kg
wpn_akms_alt,up_sect_thirdc_ak74,app_upgrade_bullet_speed:100:speed|ui_inv_accuracy:1:pct|st_prop_weight:0.15:kg
wpn_akms_alt,up_sect_thirdd_akm,st_prop_weight:0.25:kg|st_prop_recoil:5.31:pct
wpn_akms_alt,up_sect_thirde_ak74,st_prop_weight:0.1:kg|ui_inv_rate_of_fire:65:rpm
wpn_akms_alt,up_sect_fourta_ak74,st_prop_weight:-0.84:kg
wpn_akms_alt,up_sect_fourtc_ak74,ui_inv_handling:2.38:pct|st_prop_weight:-0.17:kg
wpn_akms_alt,up_sect_fourte_ak74,ui_inv_handling:4.76:pct|st_prop_weight:-0.2:kg
wpn_akms_alt,up_sect_fifthc_akm,st_prop_weight:0.06:kg|ui_inv_rate_of_fire:48:rpm
wpn_akms_bas,up_sect_firsta_akm,st_prop_weight:0.25:kg|st_prop_recoil:0.85:pct
wpn_akms_bas,up_sect_firstc_ak74,st_prop_reliability:2:pct|st_prop_weight:0.15:kg
wpn_akms_bas,up_sect_firste_ak74,ui_inv_accuracy:2.33:pct|st_prop_weight:0.15:kg
wpn_akms_bas,up_sect_firstf_akm,st_prop_recoil:0.85:pct
wpn_akms_bas,up_sect_secona_akm,ui_inv_handling:1.67:pct|st_prop_weight:0.15:kg|st_prop_recoil:0.41:pct
wpn_akms_bas,up_sect_seconc_ak74,ui_inv_accuracy:2.33:pct
wpn_akms_bas,up_sect_second_ak74,st_prop_weight:0.14:kg|ui_inv_rate_of_fire:95:rpm
wpn_akms_bas,up_sect_secone_ak74,app_upgrade_bullet_speed:200:speed|ui_inv_accuracy:1.33:pct|st_prop_weight:0.2:kg
wpn_akms_bas,up_sect_thirda_ak74,st_prop_reliability:1.5:pct|st_prop_weight:0.15:kg
wpn_akms_bas,up_sect_thirdc_ak74,app_upgrade_bullet_speed:100:speed|ui_inv_accuracy:1:pct|st_prop_weight:0.15:kg
wpn_akms_bas,up_sect_thirdd_akm,st_prop_weight:0.25:kg|st_prop_recoil:0.85:pct
wpn_akms_bas,up_sect_thirde_ak74,st_prop_weight:0.1:kg|ui_inv_rate_of_fire:65:rpm
wpn_akms_bas,up_sect_fourta_ak74,st_prop_weight:-0.84:kg
wpn_akms_bas,up_sect_fourtc_ak74,ui_inv_handling:2.38:pct|st_prop_weight:-0.17:kg
wpn_akms_bas,up_sect_fourte_ak74,ui_inv_handling:4.76:pct|st_prop_weight:-0.2:kg
wpn_akms_bas,up_sect_fifthc_akm,st_prop_weight:0.06:kg|ui_inv_rate_of_fire:48:rpm
wpn_aks,up_sect_firsta_akm,st_prop_weight:0.25:kg|st_prop_recoil:5.62:pct
wpn_aks,up_sect_firstc_ak74,st_prop_reliability:2:pct|st_prop_weight:0.15:kg
wpn_aks,up_sect_secona_akm,ui_inv_handling:1.67:pct|st_prop_weight:0.15:kg|st_prop_recoil:2.58:pct
wpn_aks,up_sect_seconc_ak74,ui_inv_accuracy:2.33:pct
wpn_aks,up_sect_second_ak74,st_prop_weight:0.14:kg|ui_inv_rate_of_fire:95:rpm
wpn_aks,up_sect_thirda_ak74,st_prop_reliability:1.5:pct|st_prop_weight:0.15:kg
wpn_aks,up_sect_thirdc_ak74,app_upgrade_bullet_speed:100:speed|ui_inv_accuracy:1:pct|st_prop_weight:0.15:kg
wpn_aks,up_sect_thirdd_akm,st_prop_weight:0.25:kg|st_prop_recoil:5.62:pct
wpn_aks,up_sect_fourta_ak74,st_prop_weight:-0.84:kg
wpn_aks,up_sect_fourtc_ak74,ui_inv_handling:2.38:pct|st_prop_weight:-0.17:kg
wpn_aks74_new,up_sect_firsta_ak74,st_prop_weight:0.25:kg|st_prop_recoil:7.7:pct
wpn_aks74_new,up_sect_firstc_ak74,st_prop_reliability:2:pct|st_prop_weight:0.15:kg
wpn_aks74_new,up_sect_firste_ak74,ui_inv_accuracy:2.33:pct|st_prop_weight:0.15:kg
wpn_aks74_new,up_sect_firstf_ak74,st_prop_weight:0.2:kg|st_prop_recoil:7.7:pct
wpn_aks74_new,up_sect_secona_ak74,ui_inv_handling:1.67:pct|st_prop_weight:0.15:kg|st_prop_recoil:4.53:pct
wpn_aks74_new,up_sect_seconc_ak74,ui_inv_accuracy:2.33:pct
wpn_aks74_new,up_sect_second_ak74,st_prop_weight:0.14:kg|ui_inv_rate_of_fire:95:rpm
wpn_aks74_new,up_sect_secone_ak74,app_upgrade_bullet_speed:200:speed|ui_inv_accuracy:1.33:pct|st_prop_weight:0.2:kg
wpn_aks74_new,up_sect_thirda_ak74,st_prop_reliability:1.5:pct|st_prop_weight:0.15:kg
wpn_aks74_new,up_sect_thirdc_ak74,app_upgrade_bullet_speed:100:speed|ui_inv_accuracy:1:pct|st_prop_weight:0.15:kg
wpn_aks74_new,up_sect_thirdd_ak74,st_prop_weight:0.25:kg|st_prop_recoil:7.7:pct
wpn_aks74_new,up_sect_thirde_ak74,st_prop_weight:0.1:kg|ui_inv_rate_of_fire:65:rpm
wpn_aks74_new,up_sect_fourta_ak74,st_prop_weight:-0.84:kg
wpn_aks74_new,up_sect_fourtc_ak74,ui_inv_handling:2.38:pct|st_prop_weight:-0.17:kg
wpn_aks74_new,up_sect_fourte_ak74,ui_inv_handling:4.76:pct|st_prop_weight:-0.2:kg
wpn_aks74_new,up_sect_fifthc_ak74,st_prop_reliability:-1:pct|st_prop_weight:0.15:kg
wpn_am17,up_sect_firsta_ak74,st_prop_weight:0.25:kg|st_prop_recoil:13.42:pct
wpn_am17,up_sect_firstc_ak74,st_prop_reliability:2:pct|st_prop_weight:0.15:kg
wpn_am17,up_sect_firste_ak74,ui_inv_accuracy:2.33:pct|st_prop_weight:0.15:kg
wpn_am17,up_sect_firstf_ak74,st_prop_weight:0.2:kg|st_prop_recoil:13.42:pct
wpn_am17,up_sect_secona_ak74,ui_inv_handling:1.67:pct|st_prop_weight:0.15:kg|st_prop_recoil:7.74:pct
wpn_am17,up_sect_seconc_ak74,ui_inv_accuracy:2.33:pct
wpn_am17,up_sect_second_ak74,st_prop_weight:0.14:kg|ui_inv_rate_of_fire:95:rpm
wpn_am17,up_sect_secone_ak74,app_upgrade_bullet_speed:200:speed|ui_inv_accuracy:1.33:pct|st_prop_weight:0.2:kg
wpn_am17,up_sect_thirda_ak74,st_prop_reliability:1.5:pct|st_prop_weight:0.15:kg
wpn_am17,up_sect_thirdc_ak74,app_upgrade_bullet_speed:100:speed|ui_inv_accuracy:1:pct|st_prop_weight:0.15:kg
wpn_am17,up_sect_thirdd_ak74,st_prop_weight:0.25:kg|st_prop_recoil:13.42:pct
wpn_am17,up_sect_thirde_ak74,st_prop_weight:0.1:kg|ui_inv_rate_of_fire:65:rpm
wpn_am17,up_sect_fourta_ak74,st_prop_weight:-0.84:kg
wpn_am17,up_sect_fourtc_ak74,ui_inv_handling:2.38:pct|st_prop_weight:-0.17:kg
wpn_am17,up_sect_fourte_ak74,ui_inv_handling:4.76:pct|st_prop_weight:-0.2:kg
wpn_am17,up_sect_fiftha_ak12,st_prop_reliability:1.2:pct|st_prop_weight:0.1:kg
wpn_am17,up_sect_fifthc_ak74,st_prop_reliability:-1:pct|st_prop_weight:0.15:kg
wpn_amb17,up_sect_firsta_vintorez,st_prop_reliability:1:pct|st_prop_weight:0.15:kg
wpn_amb17,up_sect_firstc_vintorez,st_prop_weight:0.05:kg|st_prop_recoil:16.36:pct
wpn_amb17,up_sect_firstd_vintorez,app_upgrade_bullet_speed:60:speed|ui_inv_accuracy:0.67:pct|st_prop_weight:0.1:kg
wpn_amb17,up_sect_firste_vintorez,ui_inv_handling:3.57:pct|st_prop_weight:0.05:kg
wpn_amb17,up_sect_firstf_vintorez,ui_inv_accuracy:2.67:pct|st_prop_weight:0.05:kg
wpn_amb17,up_sect_secona_vintorez,app_upgrade_bullet_speed:60:speed|ui_inv_accuracy:0.67:pct|st_prop_weight:0.1:kg
wpn_amb17,up_sect_seconc_vintorez,st_prop_reliability:2:pct|st_prop_weight:0.2:kg
wpn_amb17,up_sect_second_vintorez,ui_inv_accuracy:2.67:pct|st_prop_weight:0.05:kg
wpn_amb17,up_sect_secone_vintorez,app_upgrade_bullet_speed:60:speed|ui_inv_accuracy:0.67:pct|st_prop_weight:0.1:kg
wpn_amb17,up_sect_thirda_vintorez,st_prop_weight:0.05:kg|st_prop_recoil:16.36:pct
wpn_amb17,up_sect_thirdc_vintorez,ui_inv_handling:1.9:pct|st_prop_weight:0.05:kg
wpn_amb17,up_sect_thirde_vintorez,ui_inv_handling:3.57:pct|st_prop_weight:0.05:kg
wpn_amb17,up_sect_thirdf_vintorez,st_prop_weight:0.1:kg|st_prop_recoil:16.36:pct
wpn_amb17,up_sect_fourta_vintorez,st_prop_weight:0.05:kg|st_prop_recoil:14.66:pct
wpn_amb17,up_sect_fourtc_vintorez,ui_inv_handling:3.57:pct|st_prop_weight:0.03:kg
wpn_amb17,up_sect_fourtf_vintorez,st_prop_reliability:1:pct|st_prop_weight:0.1:kg
wpn_aps,up_sect_firsta_pm,st_prop_weight:0.03:kg|ui_inv_rate_of_fire:36:rpm
wpn_aps,up_sect_firstc_pm,app_upgrade_bullet_speed:62:speed|ui_inv_accuracy:0.67:pct|st_prop_weight:0.05:kg
wpn_aps,up_sect_firstd_pm,st_prop_weight:0.06:kg
wpn_aps,up_sect_firsta_pm,st_prop_weight:0.03:kg|ui_inv_rate_of_fire:36:rpm
wpn_aps,up_sect_secona_pm,app_upgrade_bullet_speed:31:speed|st_prop_weight:0.04:kg
wpn_aps,up_sect_seconc_aps,app_upgrade_bullet_speed:50:speed|ui_inv_accuracy:2.33:pct|st_prop_weight:0.1:kg
wpn_aps,up_sect_thirda_pm,ui_inv_handling:1.19:pct|st_prop_weight:-0.36:kg
wpn_aps,up_sect_thirdc_pm,ui_inv_handling:3.57:pct|st_prop_weight:-0.04:kg
wpn_aps,up_sect_thirdd_pm,st_prop_weight:0.06:kg
wpn_aps,up_sect_fourta_pm,ui_inv_accuracy:4.67:pct|st_prop_weight:0.04:kg
wpn_aps,up_sect_fourtc_pm,ui_inv_accuracy:9.33:pct|st_prop_weight:0.08:kg
wpn_aps,up_sect_fiftha_aps,st_prop_weight:0.04:kg
wpn_aps,up_sect_fifthc_pm,app_upgrade_mag_size:-4:num|app_upgrade_bullet_speed:40:speed|st_prop_reliability:-36:pct|st_prop_weight:0.06:kg|ui_inv_rate_of_fire:-35:rpm|st_prop_recoil:-3.42:pct
wpn_aps_bas,up_sect_firsta_pm,st_prop_weight:0.03:kg|ui_inv_rate_of_fire:36:rpm
wpn_aps_bas,up_sect_firstc_pm,app_upgrade_bullet_speed:62:speed|ui_inv_accuracy:0.67:pct|st_prop_weight:0.05:kg
wpn_aps_bas,up_sect_firstd_pm,st_prop_weight:0.06:kg
wpn_aps_bas,up_sect_firsta_pm,st_prop_weight:0.03:kg|ui_inv_rate_of_fire:36:rpm
wpn_aps_bas,up_sect_secona_pm,app_upgrade_bullet_speed:31:speed|st_prop_weight:0.04:kg
wpn_aps_bas,up_sect_seconc_aps,app_upgrade_bullet_speed:50:speed|ui_inv_accuracy:2.33:pct|st_prop_weight:0.1:kg
wpn_aps_bas,up_sect_thirda_pm,ui_inv_handling:1.19:pct|st_prop_weight:-0.36:kg
wpn_aps_bas,up_sect_thirdc_pm,ui_inv_handling:3.57:pct|st_prop_weight:-0.04:kg
wpn_aps_bas,up_sect_thirdd_pm,st_prop_weight:0.06:kg
wpn_aps_bas,up_sect_fourta_pm,ui_inv_accuracy:4.67:pct|st_prop_weight:0.04:kg
wpn_aps_bas,up_sect_fourtc_pm,ui_inv_accuracy:9.33:pct|st_prop_weight:0.08:kg
wpn_aps_bas_apsabigo,up_sect_firsta_pm,st_prop_weight:0.03:kg|ui_inv_rate_of_fire:36:rpm
wpn_aps_bas_apsabigo,up_sect_firstc_pm,app_upgrade_bullet_speed:62:speed|ui_inv_accuracy:0.67:pct|st_prop_weight:0.05:kg
wpn_aps_bas_apsabigo,up_sect_firstd_pm,st_prop_weight:0.06:kg
wpn_aps_bas_apsabigo,up_sect_firsta_pm,st_prop_weight:0.03:kg|ui_inv_rate_of_fire:36:rpm
wpn_aps_bas_apsabigo,up_sect_secona_pm,app_upgrade_bullet_speed:31:speed|st_prop_weight:0.04:kg
wpn_aps_bas_apsabigo,up_sect_seconc_aps,app_upgrade_bullet_speed:50:speed|ui_inv_accuracy:2.33:pct|st_prop_weight:0.1:kg
wpn_aps_bas_apsabigo,up_sect_thirda_pm,ui_inv_handling:1.19:pct|st_prop_weight:-0.36:kg
wpn_aps_bas_apsabigo,up_sect_thirdc_pm,ui_inv_handling:3.57:pct|st_prop_weight:-0.04:kg
wpn_aps_bas_apsabigo,up_sect_thirdd_pm,st_prop_weight:0.06:kg
wpn_aps_bas_apsabigo,up_sect_fourta_pm,ui_inv_accuracy:4.67:pct|st_prop_weight:0.04:kg
wpn_aps_bas_apsabigo,up_sect_fourtc_pm,ui_inv_accuracy:9.33:pct|st_prop_weight:0.08:kg
wpn_ar15_freedom,up_sect_firsta_g36,st_prop_reliability:2:pct|st_prop_weight:0.1:kg
wpn_ar15_freedom,up_sect_firstc_g36,ui_inv_accuracy:1.33:pct|st_prop_weight:0.11:kg
wpn_ar15_freedom,up_sect_firste_g36,ui_inv_handling:3.57:pct|st_prop_weight:0.05:kg
wpn_ar15_freedom,up_sect_firstf_g36,ui_inv_accuracy:2.67:pct|st_prop_weight:0.18:kg
wpn_ar15_freedom,up_sect_secona_g36,st_prop_weight:0.15:kg|st_prop_recoil:22.82:pct
wpn_ar15_freedom,up_sect_seconc_g36,ui_inv_handling:2.38:pct|st_prop_weight:0.1:kg
wpn_ar15_freedom,up_sect_second_g36,st_prop_weight:0.15:kg|st_prop_recoil:22.82:pct
wpn_ar15_freedom,up_sect_secone_g36,app_upgrade_bullet_speed:85:speed|ui_inv_accuracy:0.67:pct|st_prop_weight:0.1:kg
wpn_ar15_freedom,up_sect_thirda_g36,ui_inv_accuracy:1.33:pct|st_prop_weight:0.05:kg
wpn_ar15_freedom,up_sect_thirdc_g36,st_prop_weight:0.2:kg|st_prop_recoil:22.82:pct
wpn_ar15_freedom,up_sect_thirde_g36,app_upgrade_bullet_speed:85:speed|ui_inv_accuracy:0.67:pct|st_prop_weight:0.1:kg
wpn_ar15_freedom,up_sect_thirdf_g36,ui_inv_accuracy:2:pct|st_prop_weight:0.15:kg
wpn_ar15_freedom,up_sect_fourta_g36,st_prop_weight:0.1:kg|ui_inv_rate_of_fire:35:rpm
wpn_ar15_freedom,up_sect_fourtc_g36,ui_inv_handling:1.19:pct|st_prop_weight:-0.4:kg
wpn_ar15_freedom,up_sect_fourte_g36,st_prop_reliability:1.5:pct|st_prop_weight:0.2:kg
wpn_ar15_freedom,up_sect_fourtf_g36,ui_inv_handling:1.67:pct|st_prop_weight:-0.06:kg
wpn_ash12,up_sect_firsta_groza,st_prop_weight:0.1:kg|ui_inv_rate_of_fire:35:rpm
wpn_ash12,up_sect_firstc_groza,st_prop_weight:0.1:kg|st_prop_recoil:0.22:pct
wpn_ash12,up_sect_firstd_groza,st_prop_reliability:1.5:pct|st_prop_weight:0.15:kg
wpn_ash12,up_sect_firste_groza,st_prop_weight:0.1:kg|ui_inv_rate_of_fire:35:rpm
wpn_ash12,up_sect_firstf_groza,ui_inv_accuracy:4.67:pct|st_prop_weight:0.22:kg
wpn_ash12,up_sect_secona_groza,st_prop_weight:0.1:kg|st_prop_recoil:0.11:pct
wpn_ash12,up_sect_seconc_groza,app_upgrade_bullet_speed:30:speed|ui_inv_accuracy:0.33:pct|st_prop_weight:0.12:kg
wpn_ash12,up_sect_secone_groza,st_prop_weight:0.15:kg|st_prop_recoil:0.22:pct
wpn_ash12,up_sect_seconf_groza,ui_inv_accuracy:3.33:pct|st_prop_weight:0.1:kg
wpn_ash12,up_sect_thirda_groza,st_prop_weight:0.2:kg|st_prop_recoil:0.22:pct
wpn_ash12,up_sect_thirdc_groza,ui_inv_accuracy:1.67:pct|st_prop_weight:0.1:kg
wpn_ash12,up_sect_thirdd_groza,st_prop_reliability:1.5:pct|st_prop_weight:0.15:kg
wpn_ash12,up_sect_thirde_groza,st_prop_weight:0.1:kg|ui_inv_rate_of_fire:35:rpm
wpn_ash12,up_sect_thirdf_groza,app_upgrade_bullet_speed:60:speed|ui_inv_accuracy:0.67:pct|st_prop_weight:0.15:kg
wpn_ash12,up_sect_fourta_groza,st_prop_weight:0.1:kg|st_prop_recoil:0.29:pct
wpn_ash12,up_sect_fourtc_groza,ui_inv_handling:4.76:pct|st_prop_weight:0.05:kg
wpn_ash12,up_sect_fourte_groza,st_prop_reliability:2.5:pct|st_prop_weight:0.2:kg
wpn_ash12,up_sect_fourtf_groza,app_upgrade_bullet_speed:90:speed|ui_inv_accuracy:0.67:pct
wpn_ash12_sup,up_sect_firsta_groza,st_prop_weight:0.1:kg|ui_inv_rate_of_fire:35:rpm
wpn_ash12_sup,up_sect_firstc_groza,st_prop_weight:0.1:kg|st_prop_recoil:0.22:pct
wpn_ash12_sup,up_sect_firstd_groza,st_prop_reliability:1.5:pct|st_prop_weight:0.15:kg
wpn_ash12_sup,up_sect_firste_groza,st_prop_weight:0.1:kg|ui_inv_rate_of_fire:35:rpm
wpn_ash12_sup,up_sect_firstf_groza,ui_inv_accuracy:4.67:pct|st_prop_weight:0.22:kg
wpn_ash12_sup,up_sect_secona_groza,st_prop_weight:0.1:kg|st_prop_recoil:0.11:pct
wpn_ash12_sup,up_sect_seconc_groza,app_upgrade_bullet_speed:30:speed|ui_inv_accuracy:0.33:pct|st_prop_weight:0.12:kg
wpn_ash12_sup,up_sect_secone_groza,st_prop_weight:0.15:kg|st_prop_recoil:0.22:pct
wpn_ash12_sup,up_sect_seconf_groza,ui_inv_accuracy:3.33:pct|st_prop_weight:0.1:kg
wpn_ash12_sup,up_sect_thirda_groza,st_prop_weight:0.2:kg|st_prop_recoil:0.22:pct
wpn_ash12_sup,up_sect_thirdc_groza,ui_inv_accuracy:1.67:pct|st_prop_weight:0.1:kg
wpn_ash12_sup,up_sect_thirdd_groza,st_prop_reliability:1.5:pct|st_prop_weight:0.15:kg
wpn_ash12_sup,up_sect_thirde_groza,st_prop_weight:0.1:kg|ui_inv_rate_of_fire:35:rpm
wpn_ash12_sup,up_sect_thirdf_groza,app_upgrade_bullet_speed:60:speed|ui_inv_accuracy:0.67:pct|st_prop_weight:0.15:kg
wpn_ash12_sup,up_sect_fourta_groza,st_prop_weight:0.1:kg|st_prop_recoil:0.29:pct
wpn_ash12_sup,up_sect_fourtc_groza,ui_inv_handling:4.76:pct|st_prop_weight:0.05:kg
wpn_ash12_sup,up_sect_fourte_groza,st_prop_reliability:2.5:pct|st_prop_weight:0.2:kg
wpn_ash12_sup,up_sect_fourtf_groza,app_upgrade_bullet_speed:90:speed|ui_inv_accuracy:0.67:pct
wpn_aug,up_sect_firsta_aug,st_prop_reliability:1:pct|st_prop_weight:0.1:kg
wpn_aug,up_sect_firstc_aug,ui_inv_handling:1.19:pct|st_prop_weight:0.1:kg
wpn_aug,up_sect_firste_aug,st_prop_reliability:2:pct|st_prop_weight:0.2:kg
wpn_aug,up_sect_firstf_aug,st_prop_weight:0.1:kg|ui_inv_rate_of_fire:60:rpm
wpn_aug,up_sect_secona_aug,ui_inv_accuracy:1.33:pct|st_prop_weight:0.1:kg
wpn_aug,up_sect_seconc_aug,ui_inv_handling:1.19:pct|st_prop_weight:0.15:kg
wpn_aug,up_sect_second_aug,st_prop_reliability:1.2:pct|st_prop_weight:0.15:kg
wpn_aug,up_sect_thirda_aug,st_prop_weight:0.1:kg|ui_inv_rate_of_fire:45:rpm
wpn_aug,up_sect_thirdc_aug,st_prop_weight:0.2:kg|st_prop_recoil:43.8:pct
wpn_aug,up_sect_thirde_aug,ui_inv_handling:2.38:pct|st_prop_weight:0.1:kg
wpn_aug,up_sect_thirdf_aug,ui_inv_accuracy:4:pct|st_prop_weight:0.05:kg
wpn_aug,up_sect_fourta_aug,ui_inv_handling:1.19:pct|st_prop_weight:-0.7:kg
wpn_aug,up_sect_fourtc_aug,st_prop_reliability:1.2:pct|st_prop_weight:0.1:kg
wpn_aug,up_sect_fourte_aug,ui_inv_handling:1.19:pct|st_prop_weight:0.1:kg
wpn_aug,up_sect_fiftha_aug,st_prop_weight:0.15:kg|st_prop_recoil:24.29:pct
wpn_aug,up_sect_fifthc_aug,ui_inv_handling:1.19:pct|st_prop_weight:0.1:kg
wpn_aug_a1_bas,up_sect_firsta_sig550,st_prop_weight:0.1:kg|ui_inv_rate_of_fire:35:rpm
wpn_aug_a1_bas,up_sect_firstc_sig550,st_prop_weight:0.15:kg|st_prop_recoil:8.43:pct
wpn_aug_a1_bas,up_sect_firstd_sig550,st_prop_reliability:3:pct|st_prop_weight:0.16:kg
wpn_aug_a1_bas,up_sect_firste_sig550,st_prop_weight:0.18:kg|st_prop_recoil:8.43:pct
wpn_aug_a1_bas,up_sect_secona_sig550,st_prop_weight:0.1:kg|st_prop_recoil:8.43:pct
wpn_aug_a1_bas,up_sect_seconc_sig550,ui_inv_accuracy:3.33:pct|st_prop_weight:0.15:kg
wpn_aug_a1_bas,up_sect_secone_sig550,st_prop_weight:0.18:kg|st_prop_recoil:19.71:pct
wpn_aug_a1_bas,up_sect_seconf_sig550,ui_inv_accuracy:5:pct|st_prop_weight:0.2:kg
wpn_aug_a1_bas,up_sect_thirda_sig550,st_prop_reliability:1.5:pct|st_prop_weight:0.19:kg
wpn_aug_a1_bas,up_sect_thirdc_sig550,st_prop_weight:0.1:kg|ui_inv_rate_of_fire:35:rpm
wpn_aug_a1_bas,up_sect_thirdd_sig550,app_upgrade_bullet_speed:98:speed|ui_inv_accuracy:1:pct|st_prop_weight:0.2:kg
wpn_aug_a1_bas,up_sect_thirde_sig550,st_prop_weight:0.18:kg|ui_inv_rate_of_fire:70:rpm
wpn_aug_a1_bas,up_sect_fourta_sig550,ui_inv_handling:2.38:pct|st_prop_weight:-0.91:kg
wpn_aug_a1_bas,up_sect_fourtc_sig550,ui_inv_handling:1.67:pct|st_prop_weight:0.1:kg
wpn_aug_a1_bas,up_sect_fourte_sig550,ui_inv_handling:3.1:pct|st_prop_weight:-0.12:kg
wpn_aug_a1_bas,up_sect_fourtf_sig550,app_upgrade_bullet_speed:98:speed|ui_inv_accuracy:1:pct|st_prop_weight:0.15:kg
wpn_aug_a1_bas,up_sect_fiftha_sig550,ui_inv_handling:2.38:pct|st_prop_weight:0.1:kg
wpn_aug_a1_custom_bas,up_sect_firsta_sig550,st_prop_weight:0.1:kg|ui_inv_rate_of_fire:35:rpm
wpn_aug_a1_custom_bas,up_sect_firstc_sig550,st_prop_weight:0.15:kg|st_prop_recoil:9.96:pct
wpn_aug_a1_custom_bas,up_sect_firstd_sig550,st_prop_reliability:3:pct|st_prop_weight:0.16:kg
wpn_aug_a1_custom_bas,up_sect_firste_sig550,st_prop_weight:0.18:kg|st_prop_recoil:9.96:pct
wpn_aug_a1_custom_bas,up_sect_secona_sig550,st_prop_weight:0.1:kg|st_prop_recoil:9.96:pct
wpn_aug_a1_custom_bas,up_sect_seconc_sig550,ui_inv_accuracy:3.33:pct|st_prop_weight:0.15:kg
wpn_aug_a1_custom_bas,up_sect_secone_sig550,st_prop_weight:0.18:kg|st_prop_recoil:23.64:pct
wpn_aug_a1_custom_bas,up_sect_seconf_sig550,ui_inv_accuracy:5:pct|st_prop_weight:0.2:kg
wpn_aug_a1_custom_bas,up_sect_thirda_sig550,st_prop_reliability:1.5:pct|st_prop_weight:0.19:kg
wpn_aug_a1_custom_bas,up_sect_thirdc_sig550,st_prop_weight:0.1:kg|ui_inv_rate_of_fire:35:rpm
wpn_aug_a1_custom_bas,up_sect_thirdd_sig550,app_upgrade_bullet_speed:98:speed|ui_inv_accuracy:1:pct|st_prop_weight:0.2:kg
wpn_aug_a1_custom_bas,up_sect_thirde_sig550,st_prop_weight:0.18:kg|ui_inv_rate_of_fire:70:rpm
wpn_aug_a1_custom_bas,up_sect_fourta_sig550,ui_inv_handling:2.38:pct|st_prop_weight:-0.91:kg
wpn_aug_a1_custom_bas,up_sect_fourtc_sig550,ui_inv_handling:1.67:pct|st_prop_weight:0.1:kg
wpn_aug_a1_custom_bas,up_sect_fourte_sig550,ui_inv_handling:3.1:pct|st_prop_weight:-0.12:kg
wpn_aug_a1_custom_bas,up_sect_fourtf_sig550,app_upgrade_bullet_speed:98:speed|ui_inv_accuracy:1:pct|st_prop_weight:0.15:kg
wpn_aug_a1_custom_bas,up_sect_fiftha_sig550,ui_inv_handling:2.38:pct|st_prop_weight:0.1:kg
wpn_aug_a3,up_sect_firsta_sig550,st_prop_weight:0.1:kg|ui_inv_rate_of_fire:35:rpm
wpn_aug_a3,up_sect_firstc_sig550,st_prop_weight:0.15:kg|st_prop_recoil:10.03:pct
wpn_aug_a3,up_sect_firstd_sig550,st_prop_reliability:3:pct|st_prop_weight:0.16:kg
wpn_aug_a3,up_sect_firste_sig550,st_prop_weight:0.18:kg|st_prop_recoil:10.03:pct
wpn_aug_a3,up_sect_secona_sig550,st_prop_weight:0.1:kg|st_prop_recoil:10.03:pct
wpn_aug_a3,up_sect_seconc_sig550,ui_inv_accuracy:3.33:pct|st_prop_weight:0.15:kg
wpn_aug_a3,up_sect_secone_sig550,st_prop_weight:0.18:kg|st_prop_recoil:23.45:pct
wpn_aug_a3,up_sect_seconf_sig550,ui_inv_accuracy:5:pct|st_prop_weight:0.2:kg
wpn_aug_a3,up_sect_thirda_sig550,st_prop_reliability:1.5:pct|st_prop_weight:0.19:kg
wpn_aug_a3,up_sect_thirdc_sig550,st_prop_weight:0.1:kg|ui_inv_rate_of_fire:35:rpm
wpn_aug_a3,up_sect_thirdd_sig550,app_upgrade_bullet_speed:98:speed|ui_inv_accuracy:1:pct|st_prop_weight:0.2:kg
wpn_aug_a3,up_sect_thirde_sig550,st_prop_weight:0.18:kg|ui_inv_rate_of_fire:70:rpm
wpn_aug_a3,up_sect_fourta_sig550,ui_inv_handling:2.38:pct|st_prop_weight:-0.91:kg
wpn_aug_a3,up_sect_fourtc_sig550,ui_inv_handling:1.67:pct|st_prop_weight:0.1:kg
wpn_aug_a3,up_sect_fourte_sig550,ui_inv_handling:3.1:pct|st_prop_weight:-0.12:kg
wpn_aug_a3,up_sect_fourtf_sig550,app_upgrade_bullet_speed:98:speed|ui_inv_accuracy:1:pct|st_prop_weight:0.15:kg
wpn_aug_a3,up_sect_fiftha_sig550,ui_inv_handling:2.38:pct|st_prop_weight:0.1:kg
wpn_aug_a3_bas,up_sect_firsta_sig550,st_prop_weight:0.1:kg|ui_inv_rate_of_fire:35:rpm
wpn_aug_a3_bas,up_sect_firstc_sig550,st_prop_weight:0.15:kg|st_prop_recoil:8.43:pct
wpn_aug_a3_bas,up_sect_firstd_sig550,st_prop_reliability:3:pct|st_prop_weight:0.16:kg
wpn_aug_a3_bas,up_sect_firste_sig550,st_prop_weight:0.18:kg|st_prop_recoil:8.43:pct
wpn_aug_a3_bas,up_sect_secona_sig550,st_prop_weight:0.1:kg|st_prop_recoil:8.43:pct
wpn_aug_a3_bas,up_sect_seconc_sig550,ui_inv_accuracy:3.33:pct|st_prop_weight:0.15:kg
wpn_aug_a3_bas,up_sect_secone_sig550,st_prop_weight:0.18:kg|st_prop_recoil:19.71:pct
wpn_aug_a3_bas,up_sect_seconf_sig550,ui_inv_accuracy:5:pct|st_prop_weight:0.2:kg
wpn_aug_a3_bas,up_sect_thirda_sig550,st_prop_reliability:1.5:pct|st_prop_weight:0.19:kg
wpn_aug_a3_bas,up_sect_thirdc_sig550,st_prop_weight:0.1:kg|ui_inv_rate_of_fire:35:rpm
wpn_aug_a3_bas,up_sect_thirdd_sig550,app_upgrade_bullet_speed:98:speed|ui_inv_accuracy:1:pct|st_prop_weight:0.2:kg
wpn_aug_a3_bas,up_sect_thirde_sig550,st_prop_weight:0.18:kg|ui_inv_rate_of_fire:70:rpm
wpn_aug_a3_bas,up_sect_fourta_sig550,ui_inv_handling:2.38:pct|st_prop_weight:-0.91:kg
wpn_aug_a3_bas,up_sect_fourtc_sig550,ui_inv_handling:1.67:pct|st_prop_weight:0.1:kg
wpn_aug_a3_bas,up_sect_fourte_sig550,ui_inv_handling:3.1:pct|st_prop_weight:-0.12:kg
wpn_aug_a3_bas,up_sect_fourtf_sig550,app_upgrade_bullet_speed:98:speed|ui_inv_accuracy:1:pct|st_prop_weight:0.15:kg
wpn_aug_a3_bas,up_sect_fiftha_sig550,ui_inv_handling:2.38:pct|st_prop_weight:0.1:kg
wpn_aug_a3_custom_bas,up_sect_firsta_sig550,st_prop_weight:0.1:kg|ui_inv_rate_of_fire:35:rpm
wpn_aug_a3_custom_bas,up_sect_firstc_sig550,st_prop_weight:0.15:kg|st_prop_recoil:9.96:pct
wpn_aug_a3_custom_bas,up_sect_firstd_sig550,st_prop_reliability:3:pct|st_prop_weight:0.16:kg
wpn_aug_a3_custom_bas,up_sect_firste_sig550,st_prop_weight:0.18:kg|st_prop_recoil:9.96:pct
wpn_aug_a3_custom_bas,up_sect_secona_sig550,st_prop_weight:0.1:kg|st_prop_recoil:9.96:pct
wpn_aug_a3_custom_bas,up_sect_seconc_sig550,ui_inv_accuracy:3.33:pct|st_prop_weight:0.15:kg
wpn_aug_a3_custom_bas,up_sect_secone_sig550,st_prop_weight:0.18:kg|st_prop_recoil:23.64:pct
wpn_aug_a3_custom_bas,up_sect_seconf_sig550,ui_inv_accuracy:5:pct|st_prop_weight:0.2:kg
wpn_aug_a3_custom_bas,up_sect_thirda_sig550,st_prop_reliability:1.5:pct|st_prop_weight:0.19:kg
wpn_aug_a3_custom_bas,up_sect_thirdc_sig550,st_prop_weight:0.1:kg|ui_inv_rate_of_fire:35:rpm
wpn_aug_a3_custom_bas,up_sect_thirdd_sig550,app_upgrade_bullet_speed:98:speed|ui_inv_accuracy:1:pct|st_prop_weight:0.2:kg
wpn_aug_a3_custom_bas,up_sect_thirde_sig550,st_prop_weight:0.18:kg|ui_inv_rate_of_fire:70:rpm
wpn_aug_a3_custom_bas,up_sect_fourta_sig550,ui_inv_handling:2.38:pct|st_prop_weight:-0.91:kg
wpn_aug_a3_custom_bas,up_sect_fourtc_sig550,ui_inv_handling:1.67:pct|st_prop_weight:0.1:kg
wpn_aug_a3_custom_bas,up_sect_fourte_sig550,ui_inv_handling:3.1:pct|st_prop_weight:-0.12:kg
wpn_aug_a3_custom_bas,up_sect_fourtf_sig550,app_upgrade_bullet_speed:98:speed|ui_inv_accuracy:1:pct|st_prop_weight:0.15:kg
wpn_aug_a3_custom_bas,up_sect_fiftha_sig550,ui_inv_handling:2.38:pct|st_prop_weight:0.1:kg
wpn_aug_freedom,up_sect_firsta_aug,st_prop_reliability:1:pct|st_prop_weight:0.1:kg
wpn_aug_freedom,up_sect_firstc_aug,ui_inv_handling:1.19:pct|st_prop_weight:0.1:kg
wpn_aug_freedom,up_sect_firste_aug,st_prop_reliability:2:pct|st_prop_weight:0.2:kg
wpn_aug_freedom,up_sect_firstf_aug,st_prop_weight:0.1:kg|ui_inv_rate_of_fire:60:rpm
wpn_aug_freedom,up_sect_secona_aug,ui_inv_accuracy:1.33:pct|st_prop_weight:0.1:kg
wpn_aug_freedom,up_sect_seconc_aug,ui_inv_handling:1.19:pct|st_prop_weight:0.15:kg
wpn_aug_freedom,up_sect_second_aug,st_prop_reliability:1.2:pct|st_prop_weight:0.15:kg
wpn_aug_freedom,up_sect_thirda_aug,st_prop_weight:0.1:kg|ui_inv_rate_of_fire:45:rpm
wpn_aug_freedom,up_sect_thirdc_aug,st_prop_weight:0.2:kg|st_prop_recoil:23.06:pct
wpn_aug_freedom,up_sect_thirde_aug,ui_inv_handling:2.38:pct|st_prop_weight:0.1:kg
wpn_aug_freedom,up_sect_thirdf_aug,ui_inv_accuracy:4:pct|st_prop_weight:0.05:kg
wpn_aug_freedom,up_sect_fourta_aug,ui_inv_handling:1.19:pct|st_prop_weight:-0.7:kg
wpn_aug_freedom,up_sect_fourtc_aug,st_prop_reliability:1.2:pct|st_prop_weight:0.1:kg
wpn_aug_freedom,up_sect_fourte_aug,ui_inv_handling:1.19:pct|st_prop_weight:0.1:kg
wpn_aug_freedom,up_sect_fiftha_aug,st_prop_weight:0.15:kg|st_prop_recoil:13.51:pct
wpn_aug_freedom,up_sect_fifthc_aug,ui_inv_handling:1.19:pct|st_prop_weight:0.1:kg
wpn_aug_merc,up_sect_firsta_aug,st_prop_reliability:1:pct|st_prop_weight:0.1:kg
wpn_aug_merc,up_sect_firstc_aug,ui_inv_handling:1.19:pct|st_prop_weight:0.1:kg
wpn_aug_merc,up_sect_firste_aug,st_prop_reliability:2:pct|st_prop_weight:0.2:kg
wpn_aug_merc,up_sect_firstf_aug,st_prop_weight:0.1:kg|ui_inv_rate_of_fire:60:rpm
wpn_aug_merc,up_sect_secona_aug,ui_inv_accuracy:1.33:pct|st_prop_weight:0.1:kg
wpn_aug_merc,up_sect_seconc_aug,ui_inv_handling:1.19:pct|st_prop_weight:0.15:kg
wpn_aug_merc,up_sect_second_aug,st_prop_reliability:1.2:pct|st_prop_weight:0.15:kg
wpn_aug_merc,up_sect_thirda_aug,st_prop_weight:0.1:kg|ui_inv_rate_of_fire:45:rpm
wpn_aug_merc,up_sect_thirdc_aug,st_prop_weight:0.2:kg|st_prop_recoil:43.8:pct
wpn_aug_merc,up_sect_thirde_aug,ui_inv_handling:2.38:pct|st_prop_weight:0.1:kg
wpn_aug_merc,up_sect_thirdf_aug,ui_inv_accuracy:4:pct|st_prop_weight:0.05:kg
wpn_aug_merc,up_sect_fourta_aug,ui_inv_handling:1.19:pct|st_prop_weight:-0.7:kg
wpn_aug_merc,up_sect_fourtc_aug,st_prop_reliability:1.2:pct|st_prop_weight:0.1:kg
wpn_aug_merc,up_sect_fourte_aug,ui_inv_handling:1.19:pct|st_prop_weight:0.1:kg
wpn_aug_merc,up_sect_fiftha_aug,st_prop_weight:0.15:kg|st_prop_recoil:24.29:pct
wpn_aug_merc,up_sect_fifthc_aug,ui_inv_handling:1.19:pct|st_prop_weight:0.1:kg
wpn_aug_modern,up_sect_firsta_aug,st_prop_reliability:1:pct|st_prop_weight:0.1:kg
wpn_aug_modern,up_sect_firstc_aug,ui_inv_handling:1.19:pct|st_prop_weight:0.1:kg
wpn_aug_modern,up_sect_firste_aug,st_prop_reliability:2:pct|st_prop_weight:0.2:kg
wpn_aug_modern,up_sect_firstf_aug,st_prop_weight:0.1:kg|ui_inv_rate_of_fire:60:rpm
wpn_aug_modern,up_sect_secona_aug,ui_inv_accuracy:1.33:pct|st_prop_weight:0.1:kg
wpn_aug_modern,up_sect_seconc_aug,ui_inv_handling:1.19:pct|st_prop_weight:0.15:kg
wpn_aug_modern,up_sect_second_aug,st_prop_reliability:1.2:pct|st_prop_weight:0.15:kg
wpn_aug_modern,up_sect_thirda_aug,st_prop_weight:0.1:kg|ui_inv_rate_of_fire:45:rpm
wpn_aug_modern,up_sect_thirdc_aug,st_prop_weight:0.2:kg|st_prop_recoil:43.8:pct
wpn_aug_modern,up_sect_thirde_aug,ui_inv_handling:2.38:pct|st_prop_weight:0.1:kg
wpn_aug_modern,up_sect_thirdf_aug,ui_inv_accuracy:4:pct|st_prop_weight:0.05:kg
wpn_aug_modern,up_sect_fourta_aug,ui_inv_handling:1.19:pct|st_prop_weight:-0.7:kg
wpn_aug_modern,up_sect_fourtc_aug,st_prop_reliability:1.2:pct|st_prop_weight:0.1:kg
wpn_aug_modern,up_sect_fourte_aug,ui_inv_handling:1.19:pct|st_prop_weight:0.1:kg
wpn_aug_modern,up_sect_fiftha_aug,st_prop_weight:0.15:kg|st_prop_recoil:24.29:pct
wpn_aug_modern,up_sect_fifthc_aug,ui_inv_handling:1.19:pct|st_prop_weight:0.1:kg
wpn_benelli_m1014,up_sect_firsta_spas12,st_prop_reliability:1:pct|st_prop_weight:0.14:kg
wpn_benelli_m1014,up_sect_firstc_spas12,app_upgrade_bullet_speed:45:speed|ui_inv_accuracy:1.33:pct|st_prop_weight:0.2:kg
wpn_benelli_m1014,up_sect_firstd_spas12,st_prop_reliability:2:pct|st_prop_weight:0.2:kg
wpn_benelli_m1014,up_sect_firste_spas12,ui_inv_accuracy:5.33:pct|st_prop_weight:0.15:kg
wpn_benelli_m1014,up_sect_firste_spas12,ui_inv_accuracy:5.33:pct|st_prop_weight:0.15:kg
wpn_benelli_m1014,up_sect_secona_spas12,st_prop_weight:-0.81:kg
wpn_benelli_m1014,up_sect_seconc_spas12,ui_inv_handling:2.38:pct|st_prop_weight:-0.12:kg
wpn_benelli_m1014,up_sect_second_spas12,st_prop_weight:0.15:kg|st_prop_recoil:0.39:pct
wpn_benelli_m1014,up_sect_thirda_spas12,st_prop_reliability:1:pct|st_prop_weight:0.14:kg
wpn_benelli_m1014,up_sect_thirdc_spas12,ui_inv_accuracy:2.67:pct|st_prop_weight:0.15:kg
wpn_benelli_m1014,up_sect_thirdd_spas12,st_prop_weight:0.1:kg|ui_inv_rate_of_fire:20:rpm
wpn_benelli_m1014,up_sect_thirde_spas12,st_prop_reliability:3:pct|st_prop_weight:0.22:kg
wpn_benelli_m1014,up_sect_thirdf_spas12,st_prop_weight:0.15:kg|st_prop_recoil:0.39:pct
wpn_benelli_m1014,up_sect_fourta_spas12,st_prop_weight:0.1:kg|ui_inv_rate_of_fire:30:rpm
wpn_beretta,up_sect_firsta_beretta,st_prop_weight:0.08:kg|ui_inv_rate_of_fire:27:rpm
wpn_beretta,up_sect_firstc_beretta,st_prop_reliability:2:pct|st_prop_weight:0.09:kg
wpn_beretta,up_sect_firstd_beretta,st_prop_weight:0.04:kg
wpn_beretta,up_sect_firste_beretta,st_prop_weight:0.13:kg|ui_inv_rate_of_fire:780:rpm
wpn_beretta,up_sect_secona_beretta,st_prop_weight:0.09:kg|ui_inv_rate_of_fire:27:rpm
wpn_beretta,up_sect_seconc_beretta,app_upgrade_bullet_speed:70:speed|ui_inv_accuracy:2.33:pct|st_prop_weight:0.11:kg
wpn_beretta,up_sect_second_beretta,st_prop_reliability:2:pct|st_prop_weight:0.08:kg
wpn_beretta,up_sect_secone_beretta,st_prop_weight:0.06:kg|ui_inv_rate_of_fire:40:rpm
wpn_beretta,up_sect_thirda_beretta,st_prop_reliability:1.5:pct|st_prop_weight:0.13:kg
wpn_beretta,up_sect_thirdc_beretta,ui_inv_handling:4.76:pct|st_prop_weight:-0.32:kg
wpn_beretta,up_sect_thirdd_beretta,st_prop_weight:-0.07:kg
wpn_beretta,up_sect_fourta_beretta,ui_inv_accuracy:3.33:pct|st_prop_weight:-0.08:kg
wpn_beretta,up_sect_fourtc_beretta,st_prop_reliability:2:pct|st_prop_weight:0.11:kg
wpn_beretta,up_sect_fiftha_beretta,st_prop_weight:0.07:kg
wpn_beretta,up_sect_fifthc_beretta,st_prop_reliability:-1.4:pct
wpn_beretta_camo,up_sect_firsta_beretta,st_prop_weight:0.08:kg|ui_inv_rate_of_fire:27:rpm
wpn_beretta_camo,up_sect_firstc_beretta,st_prop_reliability:2:pct|st_prop_weight:0.09:kg
wpn_beretta_camo,up_sect_firstd_beretta,st_prop_weight:0.04:kg
wpn_beretta_camo,up_sect_firste_beretta,st_prop_weight:0.13:kg|ui_inv_rate_of_fire:780:rpm
wpn_beretta_camo,up_sect_secona_beretta,st_prop_weight:0.09:kg|ui_inv_rate_of_fire:27:rpm
wpn_beretta_camo,up_sect_seconc_beretta,app_upgrade_bullet_speed:70:speed|ui_inv_accuracy:2.33:pct|st_prop_weight:0.11:kg
wpn_beretta_camo,up_sect_second_beretta,st_prop_reliability:2:pct|st_prop_weight:0.08:kg
wpn_beretta_camo,up_sect_secone_beretta,st_prop_weight:0.06:kg|ui_inv_rate_of_fire:40:rpm
wpn_beretta_camo,up_sect_thirda_beretta,st_prop_reliability:1.5:pct|st_prop_weight:0.13:kg
wpn_beretta_camo,up_sect_thirdc_beretta,ui_inv_handling:4.76:pct|st_prop_weight:-0.32:kg
wpn_beretta_camo,up_sect_thirdd_beretta,st_prop_weight:-0.07:kg
wpn_beretta_camo,up_sect_fourta_beretta,ui_inv_accuracy:3.33:pct|st_prop_weight:-0.08:kg
wpn_beretta_camo,up_sect_fourtc_beretta,st_prop_reliability:2:pct|st_prop_weight:0.11:kg
wpn_beretta_camo,up_sect_fiftha_beretta,st_prop_weight:0.07:kg
wpn_beretta_camo,up_sect_fifthc_beretta,st_prop_reliability:-1.4:pct
wpn_beretta_m9_upgr_kit,up_sect_firsta_beretta,st_prop_weight:0.08:kg|ui_inv_rate_of_fire:27:rpm
wpn_beretta_m9_upgr_kit,up_sect_firstc_beretta,st_prop_reliability:2:pct|st_prop_weight:0.09:kg
wpn_beretta_m9_upgr_kit,up_sect_firstd_beretta,st_prop_weight:0.04:kg
wpn_beretta_m9_upgr_kit,up_sect_firste_beretta,st_prop_weight:0.13:kg|ui_inv_rate_of_fire:780:rpm
wpn_beretta_m9_upgr_kit,up_sect_secona_beretta,st_prop_weight:0.09:kg|ui_inv_rate_of_fire:27:rpm
wpn_beretta_m9_upgr_kit,up_sect_seconc_beretta,app_upgrade_bullet_speed:70:speed|ui_inv_accuracy:2.33:pct|st_prop_weight:0.11:kg
wpn_beretta_m9_upgr_kit,up_sect_second_beretta,st_prop_reliability:2:pct|st_prop_weight:0.08:kg
wpn_beretta_m9_upgr_kit,up_sect_secone_beretta,st_prop_weight:0.06:kg|ui_inv_rate_of_fire:40:rpm
wpn_beretta_m9_upgr_kit,up_sect_thirda_beretta,st_prop_reliability:1.5:pct|st_prop_weight:0.13:kg
wpn_beretta_m9_upgr_kit,up_sect_thirdc_beretta,ui_inv_handling:4.76:pct|st_prop_weight:-0.32:kg
wpn_beretta_m9_upgr_kit,up_sect_thirdd_beretta,st_prop_weight:-0.07:kg
wpn_beretta_m9_upgr_kit,up_sect_fourta_beretta,ui_inv_accuracy:3.33:pct|st_prop_weight:-0.08:kg
wpn_beretta_m9_upgr_kit,up_sect_fourtc_beretta,st_prop_reliability:2:pct|st_prop_weight:0.11:kg
wpn_beretta_m9_upgr_kit,up_sect_fiftha_beretta,st_prop_weight:0.07:kg
wpn_beretta_m9_upgr_kit,up_sect_fifthc_beretta,st_prop_reliability:-1.4:pct
wpn_binoc,up_sect_thirda_binoc,st_prop_weight:-0.5:kg
wpn_binoc_inv,up_sect_thirda_binoc,st_prop_weight:-0.5:kg
wpn_bizon,up_sect_firsta_bizon,ui_inv_accuracy:0.67:pct|st_prop_weight:0.1:kg
wpn_bizon,up_sect_firstc_bizon,ui_inv_accuracy:3.33:pct|st_prop_weight:0.05:kg
wpn_bizon,up_sect_firstd_bizon,st_prop_weight:0.1:kg|st_prop_recoil:6.48:pct
wpn_bizon,up_sect_firste_bizon,ui_inv_accuracy:16.67:pct|st_prop_weight:0.1:kg
wpn_bizon,up_sect_secona_bizon,st_prop_reliability:0.9:pct|st_prop_weight:0.13:kg
wpn_bizon,up_sect_seconc_bizon,st_prop_reliability:1.8:pct|st_prop_weight:0.2:kg
wpn_bizon,up_sect_secone_bizon,app_upgrade_mag_size:-19:num|app_upgrade_bullet_speed:100:speed|st_prop_reliability:-0.9:pct|st_prop_weight:-0.12:kg|ui_inv_rate_of_fire:-156:rpm|st_prop_recoil:108.51:pct
wpn_bizon,up_sect_seconf_bizon,app_upgrade_mag_size:-11:num|app_upgrade_bullet_speed:150:speed|st_prop_reliability:-0.18:pct|st_prop_weight:0.06:kg|ui_inv_rate_of_fire:-111:rpm|st_prop_recoil:-28.94:pct
wpn_bizon,up_sect_thirda_bizon,app_upgrade_bullet_speed:35:speed|ui_inv_accuracy:0.67:pct|st_prop_weight:0.1:kg
wpn_bizon,up_sect_thirdc_bizon,st_prop_weight:0.1:kg|st_prop_recoil:6.48:pct
wpn_bizon,up_sect_thirdd_bizon,ui_inv_handling:2.38:pct|st_prop_weight:-0.1:kg
wpn_bizon,up_sect_thirde_bizon,app_upgrade_bullet_speed:175:speed
wpn_bizon,up_sect_fourta_bizon,st_prop_weight:0.1:kg|ui_inv_rate_of_fire:40:rpm
wpn_bizon,up_sect_fourtc_bizon,st_prop_weight:0.1:kg|ui_inv_rate_of_fire:40:rpm
wpn_bizon,up_sect_fourte_bizon,st_prop_weight:0.13:kg|ui_inv_rate_of_fire:160:rpm
wpn_bizon,up_sect_fourtf_bizon,app_upgrade_bullet_speed:175:speed
wpn_bizon,up_sect_fiftha_bizon,st_prop_reliability:0.9:pct|st_prop_weight:0.13:kg
wpn_bizon,up_sect_fifthc_bizon,st_prop_reliability:-0.15:pct|ui_inv_rate_of_fire:-80:rpm
wpn_bm16,up_sect_firsta_bm16,st_prop_reliability:5:pct|st_prop_weight:0.15:kg
wpn_bm16,up_sect_firstc_bm16,ui_inv_accuracy:10:pct|st_prop_weight:0.12:kg
wpn_bm16,up_sect_secona_bm16,st_prop_weight:-0.54:kg
wpn_bm16,up_sect_seconc_bm16,ui_inv_handling:1.19:pct|st_prop_weight:0.1:kg
wpn_bm16,up_sect_second_bm16,st_prop_weight:0.15:kg|st_prop_recoil:0.02:pct
wpn_bm16,up_sect_thirda_bm16,st_prop_reliability:5:pct|st_prop_weight:0.2:kg
wpn_bm16,up_sect_thirdc_bm16,st_prop_weight:0.15:kg|st_prop_recoil:0.02:pct
wpn_bm16_alt,up_sect_firsta_bm16,st_prop_reliability:5:pct|st_prop_weight:0.15:kg
wpn_bm16_alt,up_sect_firstc_bm16,ui_inv_accuracy:10:pct|st_prop_weight:0.12:kg
wpn_bm16_alt,up_sect_secona_bm16,st_prop_weight:-0.54:kg
wpn_bm16_alt,up_sect_seconc_bm16,ui_inv_handling:1.19:pct|st_prop_weight:0.1:kg
wpn_bm16_alt,up_sect_second_bm16,st_prop_weight:0.15:kg|st_prop_recoil:0.02:pct
wpn_bm16_alt,up_sect_thirda_bm16,st_prop_reliability:5:pct|st_prop_weight:0.2:kg
wpn_bm16_alt,up_sect_thirdc_bm16,st_prop_weight:0.15:kg|st_prop_recoil:0.02:pct
wpn_bm16_full,up_sect_firsta_toz34,st_prop_reliability:3:pct|st_prop_weight:0.2:kg
wpn_bm16_full,up_sect_firstc_toz34,app_upgrade_bullet_speed:20:speed|st_prop_weight:0.05:kg
wpn_bm16_full,up_sect_secona_toz34,st_prop_weight:-0.56:kg
wpn_bm16_full,up_sect_seconc_toz34,ui_inv_handling:1.19:pct|st_prop_weight:0.05:kg
wpn_bm16_full,up_sect_second_toz34,st_prop_weight:0.1:kg|st_prop_recoil:0.07:pct
wpn_bm16_full,up_sect_thirda_toz34,st_prop_reliability:3:pct|st_prop_weight:0.15:kg
wpn_bm16_full,up_sect_thirdc_toz34,st_prop_weight:0.2:kg|st_prop_recoil:0.07:pct
wpn_bm16_full_alt,up_sect_firsta_toz34,st_prop_reliability:3:pct|st_prop_weight:0.2:kg
wpn_bm16_full_alt,up_sect_firstc_toz34,app_upgrade_bullet_speed:20:speed|st_prop_weight:0.05:kg
wpn_bm16_full_alt,up_sect_secona_toz34,st_prop_weight:-0.56:kg
wpn_bm16_full_alt,up_sect_seconc_toz34,ui_inv_handling:1.19:pct|st_prop_weight:0.05:kg
wpn_bm16_full_alt,up_sect_second_toz34,st_prop_weight:0.1:kg|st_prop_recoil:0.07:pct
wpn_bm16_full_alt,up_sect_thirda_toz34,st_prop_reliability:3:pct|st_prop_weight:0.15:kg
wpn_bm16_full_alt,up_sect_thirdc_toz34,st_prop_weight:0.2:kg|st_prop_recoil:0.07:pct
wpn_bm16_full_alt_23,up_sect_firsta_toz34,st_prop_reliability:3:pct|st_prop_weight:0.2:kg
wpn_bm16_full_alt_23,up_sect_firstc_toz34,app_upgrade_bullet_speed:20:speed|st_prop_weight:0.05:kg
wpn_bm16_full_alt_23,up_sect_secona_toz34,st_prop_weight:-0.56:kg
wpn_bm16_full_alt_23,up_sect_seconc_toz34,ui_inv_handling:1.19:pct|st_prop_weight:0.05:kg
wpn_bm16_full_alt_23,up_sect_second_toz34,st_prop_weight:0.1:kg|st_prop_recoil:0.07:pct
wpn_bm16_full_alt_23,up_sect_thirda_toz34,st_prop_reliability:3:pct|st_prop_weight:0.15:kg
wpn_bm16_full_alt_23,up_sect_thirdc_toz34,st_prop_weight:0.2:kg|st_prop_recoil:0.07:pct
wpn_brn180,up_sect_firsta_g36,st_prop_reliability:2:pct|st_prop_weight:0.1:kg
wpn_brn180,up_sect_firstc_g36,ui_inv_accuracy:1.33:pct|st_prop_weight:0.11:kg
wpn_brn180,up_sect_firste_g36,ui_inv_handling:3.57:pct|st_prop_weight:0.05:kg
wpn_brn180,up_sect_firstf_g36,ui_inv_accuracy:2.67:pct|st_prop_weight:0.18:kg
wpn_brn180,up_sect_secona_g36,st_prop_weight:0.15:kg|st_prop_recoil:13:pct
wpn_brn180,up_sect_seconc_g36,ui_inv_handling:2.38:pct|st_prop_weight:0.1:kg
wpn_brn180,up_sect_second_g36,st_prop_weight:0.15:kg|st_prop_recoil:13:pct
wpn_brn180,up_sect_secone_g36,app_upgrade_bullet_speed:85:speed|ui_inv_accuracy:0.67:pct|st_prop_weight:0.1:kg
wpn_brn180,up_sect_thirda_g36,ui_inv_accuracy:1.33:pct|st_prop_weight:0.05:kg
wpn_brn180,up_sect_thirdc_g36,st_prop_weight:0.2:kg|st_prop_recoil:13:pct
wpn_brn180,up_sect_thirde_g36,app_upgrade_bullet_speed:85:speed|ui_inv_accuracy:0.67:pct|st_prop_weight:0.1:kg
wpn_brn180,up_sect_thirdf_g36,ui_inv_accuracy:2:pct|st_prop_weight:0.15:kg
wpn_brn180,up_sect_fourta_g36,st_prop_weight:0.1:kg|ui_inv_rate_of_fire:35:rpm
wpn_brn180,up_sect_fourtc_g36,ui_inv_handling:1.19:pct|st_prop_weight:-0.4:kg
wpn_brn180,up_sect_fourte_g36,st_prop_reliability:1.5:pct|st_prop_weight:0.2:kg
wpn_brn180,up_sect_fourtf_g36,ui_inv_handling:1.67:pct|st_prop_weight:-0.06:kg
wpn_colt1911,up_sect_firsta_fn57,app_upgrade_bullet_speed:30:speed|st_prop_weight:0.08:kg
wpn_colt1911,up_sect_firstd_fn57,app_upgrade_bullet_speed:70:speed|ui_inv_accuracy:1.33:pct
wpn_colt1911,up_sect_firste_fn57,st_prop_weight:0.09:kg|ui_inv_rate_of_fire:250:rpm
wpn_colt1911,up_sect_secona_fn57,app_upgrade_bullet_speed:35:speed
wpn_colt1911,up_sect_seconc_fn57,st_prop_reliability:4:pct
wpn_colt1911,up_sect_secone_fn57,ui_inv_rate_of_fire:60:rpm
wpn_colt1911,up_sect_seconf_fn57,app_upgrade_bullet_speed:100:speed|ui_inv_accuracy:1.33:pct
wpn_colt1911,up_sect_thirda_fn57,st_prop_reliability:3:pct
wpn_colt1911,up_sect_thirdc_fn57,ui_inv_handling:4.76:pct
wpn_colt1911,up_sect_fourta_fn57,ui_inv_accuracy:4.67:pct
wpn_colt1911,up_sect_fourtc_fn57,st_prop_reliability:4:pct
wpn_colt1911,up_sect_fiftha_fn57,ui_inv_rate_of_fire:45:rpm
wpn_colt1911_anarchy,up_sect_firsta_colt1911,st_prop_weight:0.09:kg|ui_inv_rate_of_fire:40:rpm
wpn_colt1911_anarchy,up_sect_firstc_colt1911,app_upgrade_bullet_speed:54:speed|ui_inv_accuracy:2:pct|st_prop_weight:0.11:kg
wpn_colt1911_anarchy,up_sect_firstd_colt1911,st_prop_weight:0.12:kg
wpn_colt1911_anarchy,up_sect_firste_colt1911,ui_inv_accuracy:6:pct|st_prop_weight:0.09:kg
wpn_colt1911_anarchy,up_sect_secona_colt1911,st_prop_weight:0.11:kg|ui_inv_rate_of_fire:40:rpm
wpn_colt1911_anarchy,up_sect_seconc_colt1911,st_prop_weight:0.11:kg
wpn_colt1911_anarchy,up_sect_second_colt1911,st_prop_reliability:3.5:pct|st_prop_weight:0.12:kg
wpn_colt1911_anarchy,up_sect_secone_colt1911,st_prop_weight:0.09:kg|ui_inv_rate_of_fire:40:rpm
wpn_colt1911_anarchy,up_sect_thirda_colt1911,ui_inv_handling:1.19:pct|st_prop_weight:-0.44:kg
wpn_colt1911_anarchy,up_sect_thirdc_colt1911,ui_inv_handling:3.57:pct|st_prop_weight:-0.09:kg
wpn_colt1911_anarchy,up_sect_thirdd_colt1911,st_prop_weight:0.08:kg
wpn_colt1911_anarchy,up_sect_fourta_colt1911,ui_inv_accuracy:4:pct|st_prop_weight:0.1:kg
wpn_colt1911_anarchy,up_sect_fourtc_colt1911,st_prop_reliability:3.5:pct|st_prop_weight:0.04:kg
wpn_colt1911_camo,up_sect_firsta_colt1911,st_prop_weight:0.09:kg|ui_inv_rate_of_fire:40:rpm
wpn_colt1911_camo,up_sect_firstc_colt1911,app_upgrade_bullet_speed:54:speed|ui_inv_accuracy:2:pct|st_prop_weight:0.11:kg
wpn_colt1911_camo,up_sect_firstd_colt1911,st_prop_weight:0.12:kg
wpn_colt1911_camo,up_sect_firste_colt1911,ui_inv_accuracy:6:pct|st_prop_weight:0.09:kg
wpn_colt1911_camo,up_sect_secona_colt1911,st_prop_weight:0.11:kg|ui_inv_rate_of_fire:40:rpm
wpn_colt1911_camo,up_sect_seconc_colt1911,st_prop_weight:0.11:kg
wpn_colt1911_camo,up_sect_second_colt1911,st_prop_reliability:3.5:pct|st_prop_weight:0.12:kg
wpn_colt1911_camo,up_sect_secone_colt1911,st_prop_weight:0.09:kg|ui_inv_rate_of_fire:40:rpm
wpn_colt1911_camo,up_sect_thirda_colt1911,ui_inv_handling:1.19:pct|st_prop_weight:-0.44:kg
wpn_colt1911_camo,up_sect_thirdc_colt1911,ui_inv_handling:3.57:pct|st_prop_weight:-0.09:kg
wpn_colt1911_camo,up_sect_thirdd_colt1911,st_prop_weight:0.08:kg
wpn_colt1911_camo,up_sect_fourta_colt1911,ui_inv_accuracy:4:pct|st_prop_weight:0.1:kg
wpn_colt1911_camo,up_sect_fourtc_colt1911,st_prop_reliability:3.5:pct|st_prop_weight:0.04:kg
wpn_colt1911_custom,up_sect_firsta_colt1911,st_prop_weight:0.09:kg|ui_inv_rate_of_fire:40:rpm
wpn_colt1911_custom,up_sect_firstc_colt1911,app_upgrade_bullet_speed:54:speed|ui_inv_accuracy:2:pct|st_prop_weight:0.11:kg
wpn_colt1911_custom,up_sect_firstd_colt1911,st_prop_weight:0.12:kg
wpn_colt1911_custom,up_sect_firste_colt1911,ui_inv_accuracy:6:pct|st_prop_weight:0.09:kg
wpn_colt1911_custom,up_sect_secona_colt1911,st_prop_weight:0.11:kg|ui_inv_rate_of_fire:40:rpm
wpn_colt1911_custom,up_sect_seconc_colt1911,st_prop_weight:0.11:kg
wpn_colt1911_custom,up_sect_second_colt1911,st_prop_reliability:3.5:pct|st_prop_weight:0.12:kg
wpn_colt1911_custom,up_sect_secone_colt1911,st_prop_weight:0.09:kg|ui_inv_rate_of_fire:40:rpm
wpn_colt1911_custom,up_sect_thirda_colt1911,ui_inv_handling:1.19:pct|st_prop_weight:-0.44:kg
wpn_colt1911_custom,up_sect_thirdc_colt1911,ui_inv_handling:3.57:pct|st_prop_weight:-0.09:kg
wpn_colt1911_custom,up_sect_thirdd_colt1911,st_prop_weight:0.08:kg
wpn_colt1911_custom,up_sect_fourta_colt1911,ui_inv_accuracy:4:pct|st_prop_weight:0.1:kg
wpn_colt1911_custom,up_sect_fourtc_colt1911,st_prop_reliability:3.5:pct|st_prop_weight:0.04:kg
wpn_colt1911_duty,up_sect_firsta_fn57,app_upgrade_bullet_speed:30:speed|st_prop_weight:0.08:kg
wpn_colt1911_duty,up_sect_firstd_fn57,app_upgrade_bullet_speed:70:speed|ui_inv_accuracy:1.33:pct
wpn_colt1911_duty,up_sect_firste_fn57,st_prop_weight:0.09:kg|ui_inv_rate_of_fire:250:rpm
wpn_colt1911_duty,up_sect_secona_fn57,app_upgrade_bullet_speed:35:speed
wpn_colt1911_duty,up_sect_seconc_fn57,st_prop_reliability:4:pct
wpn_colt1911_duty,up_sect_secone_fn57,ui_inv_rate_of_fire:60:rpm
wpn_colt1911_duty,up_sect_seconf_fn57,app_upgrade_bullet_speed:100:speed|ui_inv_accuracy:1.33:pct
wpn_colt1911_duty,up_sect_thirda_fn57,st_prop_reliability:3:pct
wpn_colt1911_duty,up_sect_thirdc_fn57,ui_inv_handling:4.76:pct
wpn_colt1911_duty,up_sect_fourta_fn57,ui_inv_accuracy:4.67:pct
wpn_colt1911_duty,up_sect_fourtc_fn57,st_prop_reliability:4:pct
wpn_colt1911_duty,up_sect_fiftha_fn57,ui_inv_rate_of_fire:45:rpm
wpn_colt1911_n,up_sect_firsta_fn57,app_upgrade_bullet_speed:30:speed|st_prop_weight:0.08:kg
wpn_colt1911_n,up_sect_firstd_fn57,app_upgrade_bullet_speed:70:speed|ui_inv_accuracy:1.33:pct
wpn_colt1911_n,up_sect_firste_fn57,st_prop_weight:0.09:kg|ui_inv_rate_of_fire:250:rpm
wpn_colt1911_n,up_sect_secona_fn57,app_upgrade_bullet_speed:35:speed
wpn_colt1911_n,up_sect_seconc_fn57,st_prop_reliability:4:pct
wpn_colt1911_n,up_sect_secone_fn57,ui_inv_rate_of_fire:60:rpm
wpn_colt1911_n,up_sect_seconf_fn57,app_upgrade_bullet_speed:100:speed|ui_inv_accuracy:1.33:pct
wpn_colt1911_n,up_sect_thirda_fn57,st_prop_reliability:3:pct
wpn_colt1911_n,up_sect_thirdc_fn57,ui_inv_handling:4.76:pct
wpn_colt1911_n,up_sect_fourta_fn57,ui_inv_accuracy:4.67:pct
wpn_colt1911_n,up_sect_fourtc_fn57,st_prop_reliability:4:pct
wpn_colt1911_n,up_sect_fiftha_fn57,ui_inv_rate_of_fire:45:rpm
wpn_cz52,up_sect_firsta_tt33,st_prop_weight:0.03:kg|ui_inv_rate_of_fire:28:rpm
wpn_cz52,up_sect_firstc_tt33,app_upgrade_bullet_speed:62:speed|ui_inv_accuracy:0.67:pct|st_prop_weight:0.05:kg
wpn_cz52,up_sect_firstd_tt33,st_prop_weight:0.06:kg
wpn_cz52,up_sect_firste_tt33,st_prop_weight:0.09:kg|ui_inv_rate_of_fire:40:rpm
wpn_cz52,up_sect_secona_tt33,app_upgrade_bullet_speed:31:speed|st_prop_weight:0.04:kg
wpn_cz52,up_sect_seconc_tt33,st_prop_reliability:2.5:pct|st_prop_weight:0.09:kg
wpn_cz52,up_sect_thirda_tt33,ui_inv_handling:0.95:pct|st_prop_weight:-0.28:kg
wpn_cz52,up_sect_thirdc_tt33,ui_inv_handling:3.57:pct|st_prop_weight:-0.04:kg
wpn_cz52,up_sect_thirdd_tt33,st_prop_weight:0.06:kg
wpn_cz52,up_sect_fourta_tt33,ui_inv_accuracy:4.67:pct|st_prop_weight:0.04:kg
wpn_cz52,up_sect_fourtc_tt33,ui_inv_handling:3.57:pct|st_prop_weight:-0.09:kg
wpn_cz52,up_sect_fiftha_tt33,st_prop_weight:0.03:kg|ui_inv_rate_of_fire:28:rpm
wpn_cz52,up_sect_fifthc_tt33,st_prop_reliability:2:pct|st_prop_weight:0.05:kg
wpn_cz75,up_sect_firsta_cz75,st_prop_weight:0.08:kg|ui_inv_rate_of_fire:27:rpm
wpn_cz75,up_sect_firstc_cz75,st_prop_reliability:2:pct|st_prop_weight:0.09:kg
wpn_cz75,up_sect_firstd_cz75,st_prop_weight:0.04:kg
wpn_cz75,up_sect_secona_cz75,st_prop_weight:0.09:kg|ui_inv_rate_of_fire:27:rpm
wpn_cz75,up_sect_seconc_cz75,app_upgrade_bullet_speed:70:speed|ui_inv_accuracy:2.33:pct|st_prop_weight:0.11:kg
wpn_cz75,up_sect_second_cz75,st_prop_reliability:2:pct|st_prop_weight:0.08:kg
wpn_cz75,up_sect_secone_cz75,st_prop_weight:0.06:kg|ui_inv_rate_of_fire:40:rpm
wpn_cz75,up_sect_thirda_cz75,st_prop_reliability:1.5:pct|st_prop_weight:0.13:kg
wpn_cz75,up_sect_thirdc_cz75,ui_inv_handling:4.76:pct|st_prop_weight:-0.32:kg
wpn_cz75,up_sect_thirdd_cz75,st_prop_weight:-0.07:kg
wpn_cz75,up_sect_fourta_cz75,ui_inv_accuracy:3.33:pct|st_prop_weight:-0.08:kg
wpn_cz75,up_sect_fourtc_cz75,st_prop_reliability:2:pct|st_prop_weight:0.11:kg
wpn_cz75,up_sect_fiftha_cz75,st_prop_weight:0.09:kg|ui_inv_rate_of_fire:40:rpm
wpn_cz75,up_sect_fifthc_cz75,st_prop_reliability:-1.2:pct
wpn_cz75_auto,up_sect_firsta_cz75,st_prop_weight:0.08:kg|ui_inv_rate_of_fire:27:rpm
wpn_cz75_auto,up_sect_firstc_cz75,st_prop_reliability:2:pct|st_prop_weight:0.09:kg
wpn_cz75_auto,up_sect_firstd_cz75,st_prop_weight:0.04:kg
wpn_cz75_auto,up_sect_secona_cz75,st_prop_weight:0.09:kg|ui_inv_rate_of_fire:27:rpm
wpn_cz75_auto,up_sect_seconc_cz75,app_upgrade_bullet_speed:70:speed|ui_inv_accuracy:2.33:pct|st_prop_weight:0.11:kg
wpn_cz75_auto,up_sect_second_cz75,st_prop_reliability:2:pct|st_prop_weight:0.08:kg
wpn_cz75_auto,up_sect_secone_cz75,st_prop_weight:0.06:kg|ui_inv_rate_of_fire:40:rpm
wpn_cz75_auto,up_sect_thirda_cz75,st_prop_reliability:1.5:pct|st_prop_weight:0.13:kg
wpn_cz75_auto,up_sect_thirdc_cz75,ui_inv_handling:4.76:pct|st_prop_weight:-0.32:kg
wpn_cz75_auto,up_sect_thirdd_cz75,st_prop_weight:-0.07:kg
wpn_cz75_auto,up_sect_fourta_cz75,ui_inv_accuracy:3.33:pct|st_prop_weight:-0.08:kg
wpn_cz75_auto,up_sect_fourtc_cz75,st_prop_reliability:2:pct|st_prop_weight:0.11:kg
wpn_cz75_auto,up_sect_fiftha_cz75,st_prop_weight:0.09:kg|ui_inv_rate_of_fire:40:rpm
wpn_cz75_auto,up_sect_fifthc_cz75,st_prop_reliability:-1.2:pct
wpn_desert_eagle,up_sect_firsta_desert_eagle,st_prop_weight:0.15:kg|ui_inv_rate_of_fire:38:rpm
wpn_desert_eagle,up_sect_firstc_desert_eagle,st_prop_weight:0.05:kg
wpn_desert_eagle,up_sect_firste_desert_eagle,ui_inv_accuracy:10:pct|st_prop_weight:0.1:kg
wpn_desert_eagle,up_sect_firstf_desert_eagle,st_prop_weight:0.05:kg
wpn_desert_eagle,up_sect_secona_desert_eagle,app_upgrade_bullet_speed:22:speed|ui_inv_accuracy:3.33:pct|st_prop_weight:0.05:kg
wpn_desert_eagle,up_sect_seconc_desert_eagle,st_prop_reliability:4:pct|st_prop_weight:0.15:kg
wpn_desert_eagle,up_sect_secone_desert_eagle,st_prop_weight:0.15:kg|ui_inv_rate_of_fire:29:rpm
wpn_desert_eagle,up_sect_seconf_desert_eagle,app_upgrade_bullet_speed:22:speed|ui_inv_accuracy:2:pct|st_prop_weight:0.05:kg
wpn_desert_eagle,up_sect_thirda_desert_eagle,ui_inv_handling:1.19:pct|st_prop_weight:-0.76:kg
wpn_desert_eagle,up_sect_thirdc_desert_eagle,ui_inv_handling:3.57:pct|st_prop_weight:-0.1:kg
wpn_desert_eagle,up_sect_thirdd_desert_eagle,st_prop_weight:0.1:kg
wpn_desert_eagle,up_sect_thirde_desert_eagle,st_prop_weight:0.15:kg
wpn_desert_eagle,up_sect_fourta_desert_eagle,ui_inv_accuracy:10:pct|st_prop_weight:0.1:kg
wpn_desert_eagle,up_sect_fourtc_desert_eagle,st_prop_reliability:4:pct|st_prop_weight:0.15:kg
wpn_desert_eagle,up_sect_fiftha_desert_eagle,ui_inv_handling:5.95:pct|st_prop_weight:-0.08:kg
wpn_desert_eagle_nimble,up_sect_firsta_desert_eagle,st_prop_weight:0.15:kg|ui_inv_rate_of_fire:38:rpm
wpn_desert_eagle_nimble,up_sect_firstc_desert_eagle,st_prop_weight:0.05:kg
wpn_desert_eagle_nimble,up_sect_firste_desert_eagle,ui_inv_accuracy:10:pct|st_prop_weight:0.1:kg
wpn_desert_eagle_nimble,up_sect_firstf_desert_eagle,st_prop_weight:0.05:kg
wpn_desert_eagle_nimble,up_sect_secona_desert_eagle,app_upgrade_bullet_speed:22:speed|ui_inv_accuracy:3.33:pct|st_prop_weight:0.05:kg
wpn_desert_eagle_nimble,up_sect_seconc_desert_eagle,st_prop_reliability:4:pct|st_prop_weight:0.15:kg
wpn_desert_eagle_nimble,up_sect_secone_desert_eagle,st_prop_weight:0.15:kg|ui_inv_rate_of_fire:29:rpm
wpn_desert_eagle_nimble,up_sect_seconf_desert_eagle_nimble,st_prop_weight:0.14:kg|ui_inv_rate_of_fire:120:rpm
wpn_desert_eagle_nimble,up_sect_thirda_desert_eagle,ui_inv_handling:1.19:pct|st_prop_weight:-0.76:kg
wpn_desert_eagle_nimble,up_sect_thirdc_desert_eagle,ui_inv_handling:3.57:pct|st_prop_weight:-0.1:kg
wpn_desert_eagle_nimble,up_sect_thirdd_desert_eagle,st_prop_weight:0.1:kg
wpn_desert_eagle_nimble,up_sect_thirde_desert_eagle,st_prop_weight:0.15:kg
wpn_desert_eagle_nimble,up_sect_fourta_desert_eagle,ui_inv_accuracy:10:pct|st_prop_weight:0.1:kg
wpn_desert_eagle_nimble,up_sect_fourtc_desert_eagle,st_prop_reliability:4:pct|st_prop_weight:0.15:kg
wpn_desert_eagle_nimble,up_sect_fiftha_desert_eagle_nimble,st_prop_weight:0.06:kg
wpn_dtmdr,up_sect_firsta_scar,st_prop_weight:0.1:kg|ui_inv_rate_of_fire:35:rpm
wpn_dtmdr,up_sect_firstc_scar,ui_inv_handling:2.38:pct|st_prop_weight:0.1:kg
wpn_dtmdr,up_sect_firstd_scar,app_upgrade_bullet_speed:35:speed|ui_inv_accuracy:0.8:pct|st_prop_weight:0.05:kg
wpn_dtmdr,up_sect_firste_scar,ui_inv_handling:1.67:pct|st_prop_weight:-0.53:kg
wpn_dtmdr,up_sect_secona_scar,st_prop_weight:0.1:kg|st_prop_recoil:6.09:pct
wpn_dtmdr,up_sect_seconc_scar,st_prop_reliability:0.7:pct|st_prop_weight:0.1:kg
wpn_dtmdr,up_sect_secone_scar,ui_inv_handling:2.38:pct|st_prop_weight:-0.12:kg
wpn_dtmdr,up_sect_seconf_scar,ui_inv_accuracy:3.33:pct|st_prop_weight:0.1:kg
wpn_dtmdr,up_sect_thirda_scar,st_prop_reliability:0.5:pct|st_prop_weight:0.19:kg
wpn_dtmdr,up_sect_thirdc_scar,st_prop_weight:0.1:kg|ui_inv_rate_of_fire:35:rpm
wpn_dtmdr,up_sect_thirdd_scar,app_upgrade_bullet_speed:38:speed|ui_inv_accuracy:1:pct|st_prop_weight:0.1:kg
wpn_dtmdr,up_sect_thirde_scar,st_prop_weight:0.18:kg|ui_inv_rate_of_fire:70:rpm
wpn_dtmdr,up_sect_fourta_scar,ui_inv_accuracy:1.33:pct|st_prop_weight:0.05:kg
wpn_dtmdr,up_sect_fourtc_scar,ui_inv_handling:1.67:pct|st_prop_weight:0.1:kg
wpn_dtmdr,up_sect_fourte_scar,ui_inv_handling:3.1:pct|st_prop_weight:-0.12:kg
wpn_dtmdr,up_sect_fourtf_scar,app_upgrade_bullet_speed:38:speed|ui_inv_accuracy:1:pct|st_prop_weight:0.07:kg
wpn_dtmdr,up_sect_fiftha_scar,st_prop_weight:0.07:kg|ui_inv_rate_of_fire:35:rpm
wpn_dtmdr_black,up_sect_firsta_scar,st_prop_weight:0.1:kg|ui_inv_rate_of_fire:35:rpm
wpn_dtmdr_black,up_sect_firstc_scar,ui_inv_handling:2.38:pct|st_prop_weight:0.1:kg
wpn_dtmdr_black,up_sect_firstd_scar,app_upgrade_bullet_speed:35:speed|ui_inv_accuracy:0.8:pct|st_prop_weight:0.05:kg
wpn_dtmdr_black,up_sect_firste_scar,ui_inv_handling:1.67:pct|st_prop_weight:-0.53:kg
wpn_dtmdr_black,up_sect_secona_scar,st_prop_weight:0.1:kg|st_prop_recoil:0.93:pct
wpn_dtmdr_black,up_sect_seconc_scar,st_prop_reliability:0.7:pct|st_prop_weight:0.1:kg
wpn_dtmdr_black,up_sect_secone_scar,ui_inv_handling:2.38:pct|st_prop_weight:-0.12:kg
wpn_dtmdr_black,up_sect_seconf_scar,ui_inv_accuracy:3.33:pct|st_prop_weight:0.1:kg
wpn_dtmdr_black,up_sect_thirda_scar,st_prop_reliability:0.5:pct|st_prop_weight:0.19:kg
wpn_dtmdr_black,up_sect_thirdc_scar,st_prop_weight:0.1:kg|ui_inv_rate_of_fire:35:rpm
wpn_dtmdr_black,up_sect_thirdd_scar,app_upgrade_bullet_speed:38:speed|ui_inv_accuracy:1:pct|st_prop_weight:0.1:kg
wpn_dtmdr_black,up_sect_thirde_scar,st_prop_weight:0.18:kg|ui_inv_rate_of_fire:70:rpm
wpn_dtmdr_black,up_sect_fourta_scar,ui_inv_accuracy:1.33:pct|st_prop_weight:0.05:kg
wpn_dtmdr_black,up_sect_fourtc_scar,ui_inv_handling:1.67:pct|st_prop_weight:0.1:kg
wpn_dtmdr_black,up_sect_fourte_scar,ui_inv_handling:3.1:pct|st_prop_weight:-0.12:kg
wpn_dtmdr_black,up_sect_fourtf_scar,app_upgrade_bullet_speed:38:speed|ui_inv_accuracy:1:pct|st_prop_weight:0.07:kg
wpn_dtmdr_black,up_sect_fiftha_scar,st_prop_weight:0.07:kg|ui_inv_rate_of_fire:35:rpm
wpn_dtmdr_black_sup,up_sect_firsta_scar,st_prop_weight:0.1:kg|ui_inv_rate_of_fire:35:rpm
wpn_dtmdr_black_sup,up_sect_firstc_scar,ui_inv_handling:2.38:pct|st_prop_weight:0.1:kg
wpn_dtmdr_black_sup,up_sect_firstd_scar,app_upgrade_bullet_speed:35:speed|ui_inv_accuracy:0.8:pct|st_prop_weight:0.05:kg
wpn_dtmdr_black_sup,up_sect_firste_scar,ui_inv_handling:1.67:pct|st_prop_weight:-0.53:kg
wpn_dtmdr_black_sup,up_sect_secona_scar,st_prop_weight:0.1:kg|st_prop_recoil:0.93:pct
wpn_dtmdr_black_sup,up_sect_seconc_scar,st_prop_reliability:0.7:pct|st_prop_weight:0.1:kg
wpn_dtmdr_black_sup,up_sect_secone_scar,ui_inv_handling:2.38:pct|st_prop_weight:-0.12:kg
wpn_dtmdr_black_sup,up_sect_seconf_scar,ui_inv_accuracy:3.33:pct|st_prop_weight:0.1:kg
wpn_dtmdr_black_sup,up_sect_thirda_scar,st_prop_reliability:0.5:pct|st_prop_weight:0.19:kg
wpn_dtmdr_black_sup,up_sect_thirdc_scar,st_prop_weight:0.1:kg|ui_inv_rate_of_fire:35:rpm
wpn_dtmdr_black_sup,up_sect_thirdd_scar,app_upgrade_bullet_speed:38:speed|ui_inv_accuracy:1:pct|st_prop_weight:0.1:kg
wpn_dtmdr_black_sup,up_sect_thirde_scar,st_prop_weight:0.18:kg|ui_inv_rate_of_fire:70:rpm
wpn_dtmdr_black_sup,up_sect_fourta_scar,ui_inv_accuracy:1.33:pct|st_prop_weight:0.05:kg
wpn_dtmdr_black_sup,up_sect_fourtc_scar,ui_inv_handling:1.67:pct|st_prop_weight:0.1:kg
wpn_dtmdr_black_sup,up_sect_fourte_scar,ui_inv_handling:3.1:pct|st_prop_weight:-0.12:kg
wpn_dtmdr_black_sup,up_sect_fourtf_scar,app_upgrade_bullet_speed:38:speed|ui_inv_accuracy:1:pct|st_prop_weight:0.07:kg
wpn_dtmdr_black_sup,up_sect_fiftha_scar,st_prop_weight:0.07:kg|ui_inv_rate_of_fire:35:rpm
wpn_dtmdr_sup,up_sect_firsta_scar,st_prop_weight:0.1:kg|ui_inv_rate_of_fire:35:rpm
wpn_dtmdr_sup,up_sect_firstc_scar,ui_inv_handling:2.38:pct|st_prop_weight:0.1:kg
wpn_dtmdr_sup,up_sect_firstd_scar,app_upgrade_bullet_speed:35:speed|ui_inv_accuracy:0.8:pct|st_prop_weight:0.05:kg
wpn_dtmdr_sup,up_sect_firste_scar,ui_inv_handling:1.67:pct|st_prop_weight:-0.53:kg
wpn_dtmdr_sup,up_sect_secona_scar,st_prop_weight:0.1:kg|st_prop_recoil:6.09:pct
wpn_dtmdr_sup,up_sect_seconc_scar,st_prop_reliability:0.7:pct|st_prop_weight:0.1:kg
wpn_dtmdr_sup,up_sect_secone_scar,ui_inv_handling:2.38:pct|st_prop_weight:-0.12:kg
wpn_dtmdr_sup,up_sect_seconf_scar,ui_inv_accuracy:3.33:pct|st_prop_weight:0.1:kg
wpn_dtmdr_sup,up_sect_thirda_scar,st_prop_reliability:0.5:pct|st_prop_weight:0.19:kg
wpn_dtmdr_sup,up_sect_thirdc_scar,st_prop_weight:0.1:kg|ui_inv_rate_of_fire:35:rpm
wpn_dtmdr_sup,up_sect_thirdd_scar,app_upgrade_bullet_speed:38:speed|ui_inv_accuracy:1:pct|st_prop_weight:0.1:kg
wpn_dtmdr_sup,up_sect_thirde_scar,st_prop_weight:0.18:kg|ui_inv_rate_of_fire:70:rpm
wpn_dtmdr_sup,up_sect_fourta_scar,ui_inv_accuracy:1.33:pct|st_prop_weight:0.05:kg
wpn_dtmdr_sup,up_sect_fourtc_scar,ui_inv_handling:1.67:pct|st_prop_weight:0.1:kg
wpn_dtmdr_sup,up_sect_fourte_scar,ui_inv_handling:3.1:pct|st_prop_weight:-0.12:kg
wpn_dtmdr_sup,up_sect_fourtf_scar,app_upgrade_bullet_speed:38:speed|ui_inv_accuracy:1:pct|st_prop_weight:0.07:kg
wpn_dtmdr_sup,up_sect_fiftha_scar,st_prop_weight:0.07:kg|ui_inv_rate_of_fire:35:rpm
wpn_dvl10,up_sect_firsta_sv98,ui_inv_handling:4.76:pct|st_prop_weight:-0.21:kg
wpn_dvl10,up_sect_firstc_sv98,ui_inv_accuracy:1:pct|st_prop_weight:0.15:kg
wpn_dvl10,up_sect_firstd_sv98,ui_inv_handling:9.52:pct|st_prop_weight:-0.23:kg
wpn_dvl10,up_sect_firste_sv98,app_upgrade_bullet_speed:200:speed|ui_inv_accuracy:0.33:pct|st_prop_weight:0.16:kg
wpn_dvl10,up_sect_firstf_sv98,st_prop_weight:0.17:kg|ui_inv_rate_of_fire:35:rpm
wpn_dvl10,up_sect_secona_sv98,st_prop_reliability:9:pct
wpn_dvl10,up_sect_seconc_sv98,st_prop_weight:0.22:kg|st_prop_recoil:1.45:pct
wpn_dvl10,up_sect_second_sv98,ui_inv_accuracy:1:pct|st_prop_weight:0.16:kg
wpn_dvl10,up_sect_thirda_sv98,st_prop_weight:0.18:kg|st_prop_recoil:1.45:pct
wpn_dvl10,up_sect_thirdc_sv98,ui_inv_handling:9.52:pct|st_prop_weight:-0.2:kg
wpn_dvl10,up_sect_thirde_sv98,st_prop_weight:0.16:kg|st_prop_recoil:1.45:pct
wpn_dvl10_m1,up_sect_firsta_sv98,ui_inv_handling:4.76:pct|st_prop_weight:-0.21:kg
wpn_dvl10_m1,up_sect_firstc_sv98,ui_inv_accuracy:1:pct|st_prop_weight:0.15:kg
wpn_dvl10_m1,up_sect_firstd_sv98,ui_inv_handling:9.52:pct|st_prop_weight:-0.23:kg
wpn_dvl10_m1,up_sect_firste_sv98,app_upgrade_bullet_speed:200:speed|ui_inv_accuracy:0.33:pct|st_prop_weight:0.16:kg
wpn_dvl10_m1,up_sect_firstf_sv98,st_prop_weight:0.17:kg|ui_inv_rate_of_fire:35:rpm
wpn_dvl10_m1,up_sect_secona_sv98,st_prop_reliability:9:pct
wpn_dvl10_m1,up_sect_seconc_sv98,st_prop_weight:0.22:kg|st_prop_recoil:1.45:pct
wpn_dvl10_m1,up_sect_second_sv98,ui_inv_accuracy:1:pct|st_prop_weight:0.16:kg
wpn_dvl10_m1,up_sect_thirda_sv98,st_prop_weight:0.18:kg|st_prop_recoil:1.45:pct
wpn_dvl10_m1,up_sect_thirdc_sv98,ui_inv_handling:9.52:pct|st_prop_weight:-0.2:kg
wpn_dvl10_m1,up_sect_thirde_sv98,st_prop_weight:0.16:kg|st_prop_recoil:1.45:pct
wpn_dynamo_hand,up_sect_firsta_dynamo_hand,st_prop_reliability:10:pct
wpn_dynamo_hand,up_sect_firstc_dynamo_hand,st_prop_weight:-0.75:kg
wpn_eft_mts_255,up_sect_firsta_wincheaster1300,st_prop_reliability:1.5:pct|st_prop_weight:0.12:kg
wpn_eft_mts_255,up_sect_firstc_wincheaster1300,app_upgrade_bullet_speed:45:speed|ui_inv_accuracy:2:pct|st_prop_weight:0.15:kg
wpn_eft_mts_255,up_sect_firstd_wincheaster1300,st_prop_weight:0.15:kg|st_prop_recoil:2.88:pct
wpn_eft_mts_255,up_sect_firste_wincheaster1300,ui_inv_accuracy:6.67:pct|st_prop_weight:0.1:kg
wpn_eft_mts_255,up_sect_firstf_wincheaster1300,ui_inv_handling:2.38:pct|st_prop_weight:-0.12:kg
wpn_eft_mts_255,up_sect_secona_wincheaster1300,st_prop_weight:-0.62:kg
wpn_eft_mts_255,up_sect_seconc_wincheaster1300,ui_inv_handling:2.38:pct|st_prop_weight:0.05:kg
wpn_eft_mts_255,up_sect_second_wincheaster1300,st_prop_reliability:2:pct|st_prop_weight:0.2:kg
wpn_eft_mts_255,up_sect_thirda_wincheaster1300,st_prop_reliability:1.5:pct|st_prop_weight:0.2:kg
wpn_eft_mts_255,up_sect_thirdc_wincheaster1300,ui_inv_accuracy:6.67:pct|st_prop_weight:0.05:kg
wpn_eft_mts_255,up_sect_thirde_wincheaster1300,st_prop_reliability:4:pct|st_prop_weight:0.3:kg
wpn_eft_mts_255,up_sect_thirdf_wincheaster1300,st_prop_weight:0.05:kg|ui_inv_rate_of_fire:10:rpm
wpn_eft_rsh12,up_sect_firsta_mp412,ui_inv_handling:5.95:pct|st_prop_weight:-0.4:kg
wpn_eft_rsh12,up_sect_firstc_mp412,st_prop_weight:0.04:kg|ui_inv_rate_of_fire:40:rpm
wpn_eft_rsh12,up_sect_firstd_mp412,st_prop_weight:0.1:kg|st_prop_recoil:1.31:pct
wpn_eft_rsh12,up_sect_firste_mp412,ui_inv_handling:4.76:pct|ui_inv_accuracy:1.33:pct|st_prop_weight:0.06:kg
wpn_eft_rsh12,up_sect_firstf_mp412,app_upgrade_bullet_speed:100:speed|ui_inv_accuracy:6.67:pct|st_prop_weight:0.12:kg|ui_inv_rate_of_fire:-50:rpm|st_prop_recoil:0.48:pct
wpn_eft_rsh12,up_sect_secona_mp412,st_prop_reliability:2:pct
wpn_fal,up_sect_firsta_sig550,st_prop_weight:0.1:kg|ui_inv_rate_of_fire:35:rpm
wpn_fal,up_sect_firstc_sig550,st_prop_weight:0.15:kg|st_prop_recoil:0.31:pct
wpn_fal,up_sect_firstd_sig550,st_prop_reliability:3:pct|st_prop_weight:0.16:kg
wpn_fal,up_sect_firste_sig550,st_prop_weight:0.18:kg|st_prop_recoil:0.31:pct
wpn_fal,up_sect_secona_sig550,st_prop_weight:0.1:kg|st_prop_recoil:0.31:pct
wpn_fal,up_sect_seconc_sig550,ui_inv_accuracy:3.33:pct|st_prop_weight:0.15:kg
wpn_fal,up_sect_secone_sig550,st_prop_weight:0.18:kg|st_prop_recoil:0.65:pct
wpn_fal,up_sect_seconf_sig550,ui_inv_accuracy:5:pct|st_prop_weight:0.2:kg
wpn_fal,up_sect_thirda_sig550,st_prop_reliability:1.5:pct|st_prop_weight:0.19:kg
wpn_fal,up_sect_thirdc_sig550,st_prop_weight:0.1:kg|ui_inv_rate_of_fire:35:rpm
wpn_fal,up_sect_thirdd_sig550,app_upgrade_bullet_speed:98:speed|ui_inv_accuracy:1:pct|st_prop_weight:0.2:kg
wpn_fal,up_sect_thirde_sig550,st_prop_weight:0.18:kg|ui_inv_rate_of_fire:70:rpm
wpn_fal,up_sect_fourta_sig550,ui_inv_handling:2.38:pct|st_prop_weight:-0.91:kg
wpn_fal,up_sect_fourtc_sig550,ui_inv_handling:1.67:pct|st_prop_weight:0.1:kg
wpn_fal,up_sect_fourte_sig550,ui_inv_handling:3.1:pct|st_prop_weight:-0.12:kg
wpn_fal,up_sect_fourtf_sig550,app_upgrade_bullet_speed:98:speed|ui_inv_accuracy:1:pct|st_prop_weight:0.15:kg
wpn_fal,up_sect_fiftha_sig550,ui_inv_handling:2.38:pct|st_prop_weight:0.1:kg
wpn_fal_aus,up_sect_firsta_sig550,st_prop_weight:0.1:kg|ui_inv_rate_of_fire:35:rpm
wpn_fal_aus,up_sect_firstc_sig550,st_prop_weight:0.15:kg|st_prop_recoil:0.43:pct
wpn_fal_aus,up_sect_firstd_sig550,st_prop_reliability:3:pct|st_prop_weight:0.16:kg
wpn_fal_aus,up_sect_firste_sig550,st_prop_weight:0.18:kg|st_prop_recoil:0.43:pct
wpn_fal_aus,up_sect_secona_sig550,st_prop_weight:0.1:kg|st_prop_recoil:0.43:pct
wpn_fal_aus,up_sect_seconc_sig550,ui_inv_accuracy:3.33:pct|st_prop_weight:0.15:kg
wpn_fal_aus,up_sect_secone_sig550,st_prop_weight:0.18:kg|st_prop_recoil:0.91:pct
wpn_fal_aus,up_sect_seconf_sig550,ui_inv_accuracy:5:pct|st_prop_weight:0.2:kg
wpn_fal_aus,up_sect_thirda_sig550,st_prop_reliability:1.5:pct|st_prop_weight:0.19:kg
wpn_fal_aus,up_sect_thirdc_sig550,st_prop_weight:0.1:kg|ui_inv_rate_of_fire:35:rpm
wpn_fal_aus,up_sect_thirdd_sig550,app_upgrade_bullet_speed:98:speed|ui_inv_accuracy:1:pct|st_prop_weight:0.2:kg
wpn_fal_aus,up_sect_thirde_sig550,st_prop_weight:0.18:kg|ui_inv_rate_of_fire:70:rpm
wpn_fal_aus,up_sect_fourta_sig550,ui_inv_handling:2.38:pct|st_prop_weight:-0.91:kg
wpn_fal_aus,up_sect_fourtc_sig550,ui_inv_handling:1.67:pct|st_prop_weight:0.1:kg
wpn_fal_aus,up_sect_fourte_sig550,ui_inv_handling:3.1:pct|st_prop_weight:-0.12:kg
wpn_fal_aus,up_sect_fourtf_sig550,app_upgrade_bullet_speed:98:speed|ui_inv_accuracy:1:pct|st_prop_weight:0.15:kg
wpn_fal_aus,up_sect_fiftha_sig550,ui_inv_handling:2.38:pct|st_prop_weight:0.1:kg
wpn_fal_sa58_osw,up_sect_firsta_sig550,st_prop_weight:0.1:kg|ui_inv_rate_of_fire:35:rpm
wpn_fal_sa58_osw,up_sect_firstc_sig550,st_prop_weight:0.15:kg|st_prop_recoil:0.86:pct
wpn_fal_sa58_osw,up_sect_firstd_sig550,st_prop_reliability:3:pct|st_prop_weight:0.16:kg
wpn_fal_sa58_osw,up_sect_firste_sig550,st_prop_weight:0.18:kg|st_prop_recoil:0.86:pct
wpn_fal_sa58_osw,up_sect_secona_sig550,st_prop_weight:0.1:kg|st_prop_recoil:0.86:pct
wpn_fal_sa58_osw,up_sect_seconc_sig550,ui_inv_accuracy:3.33:pct|st_prop_weight:0.15:kg
wpn_fal_sa58_osw,up_sect_secone_sig550,st_prop_weight:0.18:kg|st_prop_recoil:1.81:pct
wpn_fal_sa58_osw,up_sect_seconf_sig550,ui_inv_accuracy:5:pct|st_prop_weight:0.2:kg
wpn_fal_sa58_osw,up_sect_thirda_sig550,st_prop_reliability:1.5:pct|st_prop_weight:0.19:kg
wpn_fal_sa58_osw,up_sect_thirdc_sig550,st_prop_weight:0.1:kg|ui_inv_rate_of_fire:35:rpm
wpn_fal_sa58_osw,up_sect_thirdd_sig550,app_upgrade_bullet_speed:98:speed|ui_inv_accuracy:1:pct|st_prop_weight:0.2:kg
wpn_fal_sa58_osw,up_sect_thirde_sig550,st_prop_weight:0.18:kg|ui_inv_rate_of_fire:70:rpm
wpn_fal_sa58_osw,up_sect_fourta_sig550,ui_inv_handling:2.38:pct|st_prop_weight:-0.91:kg
wpn_fal_sa58_osw,up_sect_fourtc_sig550,ui_inv_handling:1.67:pct|st_prop_weight:0.1:kg
wpn_fal_sa58_osw,up_sect_fourte_sig550,ui_inv_handling:3.1:pct|st_prop_weight:-0.12:kg
wpn_fal_sa58_osw,up_sect_fourtf_sig550,app_upgrade_bullet_speed:98:speed|ui_inv_accuracy:1:pct|st_prop_weight:0.15:kg
wpn_fal_sa58_osw,up_sect_fiftha_sig550,ui_inv_handling:2.38:pct|st_prop_weight:0.1:kg
wpn_famas3,up_sect_firsta_g36,st_prop_reliability:2:pct|st_prop_weight:0.1:kg
wpn_famas3,up_sect_firstc_g36,ui_inv_accuracy:1.33:pct|st_prop_weight:0.11:kg
wpn_famas3,up_sect_firste_g36,ui_inv_handling:3.57:pct|st_prop_weight:0.05:kg
wpn_famas3,up_sect_firstf_g36,ui_inv_accuracy:2.67:pct|st_prop_weight:0.18:kg
wpn_famas3,up_sect_secona_g36,st_prop_weight:0.15:kg|st_prop_recoil:15.47:pct
wpn_famas3,up_sect_seconc_g36,ui_inv_handling:2.38:pct|st_prop_weight:0.1:kg
wpn_famas3,up_sect_second_g36,st_prop_weight:0.15:kg|st_prop_recoil:15.47:pct
wpn_famas3,up_sect_secone_g36,app_upgrade_bullet_speed:85:speed|ui_inv_accuracy:0.67:pct|st_prop_weight:0.1:kg
wpn_famas3,up_sect_thirda_g36,ui_inv_accuracy:1.33:pct|st_prop_weight:0.05:kg
wpn_famas3,up_sect_thirdc_g36,st_prop_weight:0.2:kg|st_prop_recoil:15.47:pct
wpn_famas3,up_sect_thirde_g36,app_upgrade_bullet_speed:85:speed|ui_inv_accuracy:0.67:pct|st_prop_weight:0.1:kg
wpn_famas3,up_sect_thirdf_g36,ui_inv_accuracy:2:pct|st_prop_weight:0.15:kg
wpn_famas3,up_sect_fourta_g36,st_prop_weight:0.1:kg|ui_inv_rate_of_fire:35:rpm
wpn_famas3,up_sect_fourtc_g36,ui_inv_handling:1.19:pct|st_prop_weight:-0.4:kg
wpn_famas3,up_sect_fourte_g36,st_prop_reliability:1.5:pct|st_prop_weight:0.2:kg
wpn_famas3,up_sect_fourtf_g36,ui_inv_handling:1.67:pct|st_prop_weight:-0.06:kg
wpn_fn2000,up_sect_firsta_fn2000,st_prop_reliability:1:pct|st_prop_weight:0.1:kg
wpn_fn2000,up_sect_firstc_fn2000,st_prop_reliability:1:pct|st_prop_weight:0.1:kg
wpn_fn2000,up_sect_firstd_fn2000,app_upgrade_bullet_speed:90:speed|ui_inv_accuracy:0.13:pct|st_prop_weight:0.1:kg
wpn_fn2000,up_sect_firste_fn2000,ui_inv_handling:4.76:pct|st_prop_weight:0.05:kg
wpn_fn2000,up_sect_firstf_fn2000,ui_inv_accuracy:3:pct|st_prop_weight:0.12:kg
wpn_fn2000,up_sect_secona_fn2000,app_upgrade_bullet_speed:90:speed|ui_inv_accuracy:0.13:pct|st_prop_weight:0.1:kg
wpn_fn2000,up_sect_seconc_fn2000,app_upgrade_bullet_speed:135:speed|ui_inv_accuracy:0.67:pct|st_prop_weight:0.2:kg
wpn_fn2000,up_sect_second_fn2000,st_prop_weight:0.1:kg|ui_inv_rate_of_fire:42:rpm
wpn_fn2000,up_sect_secone_fn2000,ui_inv_accuracy:3:pct|st_prop_weight:0.15:kg
wpn_fn2000,up_sect_seconf_fn2000,st_prop_weight:0.21:kg|st_prop_recoil:9.17:pct
wpn_fn2000,up_sect_thirda_fn2000,st_prop_weight:0.1:kg|st_prop_recoil:9.17:pct
wpn_fn2000,up_sect_thirdc_fn2000,st_prop_reliability:2:pct|st_prop_weight:0.12:kg
wpn_fn2000,up_sect_thirdd_fn2000,ui_inv_accuracy:2:pct|st_prop_weight:0.15:kg
wpn_fn2000,up_sect_thirde_fn2000,st_prop_weight:0.2:kg|ui_inv_rate_of_fire:85:rpm
wpn_fn2000,up_sect_thirdf_fn2000,app_upgrade_bullet_speed:135:speed|ui_inv_accuracy:0.67:pct|st_prop_weight:0.14:kg
wpn_fn2000,up_sect_fourta_fn2000,st_prop_weight:0.1:kg
wpn_fn2000,up_sect_fourtc_fn2000,st_prop_weight:0.01:kg
wpn_fn2000,up_sect_fourte_fn2000,st_prop_weight:0.27:kg
wpn_fn2000,up_sect_fourtf_fn2000,st_prop_weight:0.05:kg
wpn_fn2000_camo,up_sect_firsta_fn2000,st_prop_reliability:1:pct|st_prop_weight:0.1:kg
wpn_fn2000_camo,up_sect_firstc_fn2000,st_prop_reliability:1:pct|st_prop_weight:0.1:kg
wpn_fn2000_camo,up_sect_firstd_fn2000,app_upgrade_bullet_speed:90:speed|ui_inv_accuracy:0.13:pct|st_prop_weight:0.1:kg
wpn_fn2000_camo,up_sect_firste_fn2000,ui_inv_handling:4.76:pct|st_prop_weight:0.05:kg
wpn_fn2000_camo,up_sect_firstf_fn2000,ui_inv_accuracy:3:pct|st_prop_weight:0.12:kg
wpn_fn2000_camo,up_sect_secona_fn2000,app_upgrade_bullet_speed:90:speed|ui_inv_accuracy:0.13:pct|st_prop_weight:0.1:kg
wpn_fn2000_camo,up_sect_seconc_fn2000,app_upgrade_bullet_speed:135:speed|ui_inv_accuracy:0.67:pct|st_prop_weight:0.2:kg
wpn_fn2000_camo,up_sect_second_fn2000,st_prop_weight:0.1:kg|ui_inv_rate_of_fire:42:rpm
wpn_fn2000_camo,up_sect_secone_fn2000,ui_inv_accuracy:3:pct|st_prop_weight:0.15:kg
wpn_fn2000_camo,up_sect_seconf_fn2000,st_prop_weight:0.21:kg|st_prop_recoil:12.94:pct
wpn_fn2000_camo,up_sect_thirda_fn2000,st_prop_weight:0.1:kg|st_prop_recoil:12.94:pct
wpn_fn2000_camo,up_sect_thirdc_fn2000,st_prop_reliability:2:pct|st_prop_weight:0.12:kg
wpn_fn2000_camo,up_sect_thirdd_fn2000,ui_inv_accuracy:2:pct|st_prop_weight:0.15:kg
wpn_fn2000_camo,up_sect_thirde_fn2000,st_prop_weight:0.2:kg|ui_inv_rate_of_fire:85:rpm
wpn_fn2000_camo,up_sect_thirdf_fn2000,app_upgrade_bullet_speed:135:speed|ui_inv_accuracy:0.67:pct|st_prop_weight:0.14:kg
wpn_fn2000_camo,up_sect_fourta_fn2000,st_prop_weight:0.1:kg
wpn_fn2000_camo,up_sect_fourtc_fn2000,st_prop_weight:0.01:kg
wpn_fn2000_camo,up_sect_fourte_fn2000,st_prop_weight:0.27:kg
wpn_fn2000_camo,up_sect_fourtf_fn2000,st_prop_weight:0.05:kg
wpn_fn2000_custom,up_sect_firsta_fn2000,st_prop_reliability:1:pct|st_prop_weight:0.1:kg
wpn_fn2000_custom,up_sect_firstc_fn2000,st_prop_reliability:1:pct|st_prop_weight:0.1:kg
wpn_fn2000_custom,up_sect_firstd_fn2000,app_upgrade_bullet_speed:90:speed|ui_inv_accuracy:0.13:pct|st_prop_weight:0.1:kg
wpn_fn2000_custom,up_sect_firste_fn2000,ui_inv_handling:4.76:pct|st_prop_weight:0.05:kg
wpn_fn2000_custom,up_sect_firstf_fn2000,ui_inv_accuracy:3:pct|st_prop_weight:0.12:kg
wpn_fn2000_custom,up_sect_secona_fn2000,app_upgrade_bullet_speed:90:speed|ui_inv_accuracy:0.13:pct|st_prop_weight:0.1:kg
wpn_fn2000_custom,up_sect_seconc_fn2000,app_upgrade_bullet_speed:135:speed|ui_inv_accuracy:0.67:pct|st_prop_weight:0.2:kg
wpn_fn2000_custom,up_sect_second_fn2000,st_prop_weight:0.1:kg|ui_inv_rate_of_fire:42:rpm
wpn_fn2000_custom,up_sect_secone_fn2000,ui_inv_accuracy:3:pct|st_prop_weight:0.15:kg
wpn_fn2000_custom,up_sect_seconf_fn2000,st_prop_weight:0.21:kg|st_prop_recoil:9.17:pct
wpn_fn2000_custom,up_sect_thirda_fn2000,st_prop_weight:0.1:kg|st_prop_recoil:9.17:pct
wpn_fn2000_custom,up_sect_thirdc_fn2000,st_prop_reliability:2:pct|st_prop_weight:0.12:kg
wpn_fn2000_custom,up_sect_thirdd_fn2000,ui_inv_accuracy:2:pct|st_prop_weight:0.15:kg
wpn_fn2000_custom,up_sect_thirde_fn2000,st_prop_weight:0.2:kg|ui_inv_rate_of_fire:85:rpm
wpn_fn2000_custom,up_sect_thirdf_fn2000,app_upgrade_bullet_speed:135:speed|ui_inv_accuracy:0.67:pct|st_prop_weight:0.14:kg
wpn_fn2000_custom,up_sect_fourta_fn2000,st_prop_weight:0.1:kg
wpn_fn2000_custom,up_sect_fourtc_fn2000,st_prop_weight:0.01:kg
wpn_fn2000_custom,up_sect_fourte_fn2000,st_prop_weight:0.27:kg
wpn_fn2000_custom,up_sect_fourtf_fn2000,st_prop_weight:0.05:kg
wpn_fn2000_nimble,up_sect_firsta_fn2000_nimble,st_prop_reliability:1:pct|st_prop_weight:0.1:kg
wpn_fn2000_nimble,up_sect_firstc_fn2000_nimble,st_prop_reliability:1:pct|st_prop_weight:0.1:kg
wpn_fn2000_nimble,up_sect_firstd_fn2000_nimble,app_upgrade_bullet_speed:90:speed|ui_inv_accuracy:0.13:pct|st_prop_weight:0.1:kg
wpn_fn2000_nimble,up_sect_firste_fn2000_nimble,ui_inv_handling:4.76:pct|st_prop_weight:0.05:kg
wpn_fn2000_nimble,up_sect_firstf_fn2000_nimble,ui_inv_accuracy:3:pct|st_prop_weight:0.12:kg
wpn_fn2000_nimble,up_sect_secona_fn2000_nimble,app_upgrade_bullet_speed:90:speed|ui_inv_accuracy:0.13:pct|st_prop_weight:0.1:kg
wpn_fn2000_nimble,up_sect_seconc_fn2000_nimble,app_upgrade_bullet_speed:135:speed|ui_inv_accuracy:0.67:pct|st_prop_weight:0.2:kg
wpn_fn2000_nimble,up_sect_second_fn2000_nimble,st_prop_weight:0.1:kg|ui_inv_rate_of_fire:42:rpm
wpn_fn2000_nimble,up_sect_secone_fn2000_nimble,ui_inv_accuracy:3:pct|st_prop_weight:0.15:kg
wpn_fn2000_nimble,up_sect_seconf_fn2000_nimble,st_prop_weight:0.21:kg|st_prop_recoil:5.33:pct
wpn_fn2000_nimble,up_sect_thirda_fn2000_nimble,st_prop_weight:0.1:kg|st_prop_recoil:5.33:pct
wpn_fn2000_nimble,up_sect_thirdc_fn2000_nimble,st_prop_reliability:2:pct|st_prop_weight:0.12:kg
wpn_fn2000_nimble,up_sect_thirdd_fn2000_nimble,ui_inv_accuracy:2:pct|st_prop_weight:0.15:kg
wpn_fn2000_nimble,up_sect_thirde_fn2000_nimble,st_prop_weight:0.2:kg|ui_inv_rate_of_fire:85:rpm
wpn_fn2000_nimble,up_sect_thirdf_fn2000_nimble,app_upgrade_bullet_speed:135:speed|ui_inv_accuracy:0.67:pct|st_prop_weight:0.14:kg
wpn_fn2000_nimble,up_sect_fourta_fn2000_nimble,st_prop_weight:0.15:kg|ui_inv_rate_of_fire:25:rpm
wpn_fn2000_nimble,up_sect_fourtc_fn2000_nimble,st_prop_weight:0.2:kg|st_prop_recoil:5.41:pct
wpn_fn2000_nimble,up_sect_fourte_fn2000_nimble,app_upgrade_bullet_speed:65:speed|ui_inv_accuracy:0.67:pct|st_prop_weight:0.1:kg
wpn_fn2000_nimble,up_sect_fourtf_fn2000_nimble,ui_inv_handling:2.38:pct|st_prop_weight:0.1:kg
wpn_fn57,up_sect_firsta_fn57,app_upgrade_bullet_speed:30:speed|st_prop_weight:0.08:kg
wpn_fn57,up_sect_firstd_fn57,app_upgrade_bullet_speed:70:speed|ui_inv_accuracy:1.33:pct
wpn_fn57,up_sect_firste_fn57,st_prop_weight:0.09:kg|ui_inv_rate_of_fire:250:rpm
wpn_fn57,up_sect_secona_fn57,app_upgrade_bullet_speed:35:speed
wpn_fn57,up_sect_seconc_fn57,st_prop_reliability:4:pct
wpn_fn57,up_sect_secone_fn57,ui_inv_rate_of_fire:60:rpm
wpn_fn57,up_sect_seconf_fn57,app_upgrade_bullet_speed:100:speed|ui_inv_accuracy:1.33:pct
wpn_fn57,up_sect_thirda_fn57,st_prop_reliability:3:pct
wpn_fn57,up_sect_thirdc_fn57,ui_inv_handling:4.76:pct
wpn_fn57,up_sect_fourta_fn57,ui_inv_accuracy:4.67:pct
wpn_fn57,up_sect_fourtc_fn57,st_prop_reliability:4:pct
wpn_fn57,up_sect_fiftha_fn57,ui_inv_rate_of_fire:45:rpm
wpn_fnc,up_sect_firsta_sig550,st_prop_weight:0.1:kg|ui_inv_rate_of_fire:35:rpm
wpn_fnc,up_sect_firstc_sig550,st_prop_weight:0.15:kg|st_prop_recoil:7.25:pct
wpn_fnc,up_sect_firstd_sig550,st_prop_reliability:3:pct|st_prop_weight:0.16:kg
wpn_fnc,up_sect_firste_sig550,st_prop_weight:0.18:kg|st_prop_recoil:7.25:pct
wpn_fnc,up_sect_secona_sig550,st_prop_weight:0.1:kg|st_prop_recoil:7.25:pct
wpn_fnc,up_sect_seconc_sig550,ui_inv_accuracy:3.33:pct|st_prop_weight:0.15:kg
wpn_fnc,up_sect_secone_sig550,st_prop_weight:0.18:kg|st_prop_recoil:16.55:pct
wpn_fnc,up_sect_seconf_sig550,ui_inv_accuracy:5:pct|st_prop_weight:0.2:kg
wpn_fnc,up_sect_thirda_sig550,st_prop_reliability:1.5:pct|st_prop_weight:0.19:kg
wpn_fnc,up_sect_thirdc_sig550,st_prop_weight:0.1:kg|ui_inv_rate_of_fire:35:rpm
wpn_fnc,up_sect_thirdd_sig550,app_upgrade_bullet_speed:98:speed|ui_inv_accuracy:1:pct|st_prop_weight:0.2:kg
wpn_fnc,up_sect_thirde_sig550,st_prop_weight:0.18:kg|ui_inv_rate_of_fire:70:rpm
wpn_fnc,up_sect_fourta_sig550,ui_inv_handling:2.38:pct|st_prop_weight:-0.91:kg
wpn_fnc,up_sect_fourtc_sig550,ui_inv_handling:1.67:pct|st_prop_weight:0.1:kg
wpn_fnc,up_sect_fourte_sig550,ui_inv_handling:3.1:pct|st_prop_weight:-0.12:kg
wpn_fnc,up_sect_fourtf_sig550,app_upgrade_bullet_speed:98:speed|ui_inv_accuracy:1:pct|st_prop_weight:0.15:kg
wpn_fnc,up_sect_fiftha_sig550,ui_inv_handling:2.38:pct|st_prop_weight:0.1:kg
wpn_fnp45,up_sect_firsta_fnp45,st_prop_weight:0.07:kg|ui_inv_rate_of_fire:20:rpm
wpn_fnp45,up_sect_firstc_fnp45,st_prop_weight:0.09:kg
wpn_fnp45,up_sect_firstd_fnp45,app_upgrade_bullet_speed:60:speed|ui_inv_accuracy:3.33:pct|st_prop_weight:0.12:kg
wpn_fnp45,up_sect_secona_fnp45,app_upgrade_bullet_speed:30:speed|st_prop_weight:0.08:kg
wpn_fnp45,up_sect_seconc_fnp45,st_prop_weight:0.1:kg|ui_inv_rate_of_fire:30:rpm
wpn_fnp45,up_sect_second_fnp45,st_prop_reliability:2:pct|st_prop_weight:0.16:kg
wpn_fnp45,up_sect_secone_fnp45,st_prop_weight:0.09:kg|ui_inv_rate_of_fire:40:rpm
wpn_fnp45,up_sect_thirda_fnp45,st_prop_reliability:1.5:pct|st_prop_weight:0.14:kg
wpn_fnp45,up_sect_thirdc_fnp45,ui_inv_handling:5.95:pct|st_prop_weight:-0.08:kg
wpn_fnp45,up_sect_thirdd_fnp45,st_prop_weight:0.06:kg
wpn_fnp45,up_sect_thirde_fnp45,ui_inv_handling:0.6:pct|st_prop_weight:-0.28:kg
wpn_fnp45,up_sect_fourta_fnp45,ui_inv_accuracy:2.67:pct|st_prop_weight:0.06:kg
wpn_fnp45,up_sect_fourtc_fnp45,st_prop_reliability:2:pct|st_prop_weight:0.13:kg
wpn_fnp45,up_sect_fourte_fnp45,ui_inv_accuracy:8:pct|st_prop_weight:0.11:kg
wpn_fnp45,up_sect_fiftha_fnp45,ui_inv_handling:3.57:pct|st_prop_weight:-0.07:kg
wpn_fnx45,up_sect_firsta_fnx45,st_prop_weight:0.07:kg|ui_inv_rate_of_fire:20:rpm
wpn_fnx45,up_sect_firstc_fnx45,st_prop_weight:0.09:kg
wpn_fnx45,up_sect_firstd_fnx45,app_upgrade_bullet_speed:60:speed|ui_inv_accuracy:3.33:pct|st_prop_weight:0.12:kg
wpn_fnx45,up_sect_firste_fnx45,st_prop_weight:0.09:kg|ui_inv_rate_of_fire:150:rpm
wpn_fnx45,up_sect_secona_fnx45,app_upgrade_bullet_speed:30:speed|st_prop_weight:0.08:kg
wpn_fnx45,up_sect_seconc_fnx45,st_prop_weight:0.1:kg|ui_inv_rate_of_fire:30:rpm
wpn_fnx45,up_sect_second_fnx45,st_prop_reliability:2:pct|st_prop_weight:0.16:kg
wpn_fnx45,up_sect_secone_fnx45,st_prop_weight:0.09:kg|ui_inv_rate_of_fire:40:rpm
wpn_fnx45,up_sect_thirda_fnx45,st_prop_reliability:1.5:pct|st_prop_weight:0.14:kg
wpn_fnx45,up_sect_thirdc_fnx45,ui_inv_handling:5.95:pct|st_prop_weight:-0.08:kg
wpn_fnx45,up_sect_thirdd_fnx45,st_prop_weight:0.06:kg
wpn_fnx45,up_sect_thirde_fnx45,ui_inv_handling:3.57:pct|st_prop_weight:-0.07:kg
wpn_fnx45,up_sect_fourta_fnx45,ui_inv_accuracy:2.67:pct|st_prop_weight:0.06:kg
wpn_fnx45,up_sect_fourtc_fnx45,st_prop_reliability:2:pct|st_prop_weight:0.13:kg
wpn_fnx45,up_sect_fourte_fnx45,ui_inv_accuracy:8:pct|st_prop_weight:0.11:kg
wpn_fnx45,up_sect_fiftha_fnx45,ui_inv_handling:3.57:pct|st_prop_weight:-0.07:kg
wpn_fnx45_custom,up_sect_firsta_fnx45,st_prop_weight:0.07:kg|ui_inv_rate_of_fire:20:rpm
wpn_fnx45_custom,up_sect_firstc_fnx45,st_prop_weight:0.09:kg
wpn_fnx45_custom,up_sect_firstd_fnx45,app_upgrade_bullet_speed:60:speed|ui_inv_accuracy:3.33:pct|st_prop_weight:0.12:kg
wpn_fnx45_custom,up_sect_firste_fnx45,st_prop_weight:0.09:kg|ui_inv_rate_of_fire:150:rpm
wpn_fnx45_custom,up_sect_secona_fnx45,app_upgrade_bullet_speed:30:speed|st_prop_weight:0.08:kg
wpn_fnx45_custom,up_sect_seconc_fnx45,st_prop_weight:0.1:kg|ui_inv_rate_of_fire:30:rpm
wpn_fnx45_custom,up_sect_second_fnx45,st_prop_reliability:2:pct|st_prop_weight:0.16:kg
wpn_fnx45_custom,up_sect_secone_fnx45,st_prop_weight:0.09:kg|ui_inv_rate_of_fire:40:rpm
wpn_fnx45_custom,up_sect_thirda_fnx45,st_prop_reliability:1.5:pct|st_prop_weight:0.14:kg
wpn_fnx45_custom,up_sect_thirdc_fnx45,ui_inv_handling:5.95:pct|st_prop_weight:-0.08:kg
wpn_fnx45_custom,up_sect_thirdd_fnx45,st_prop_weight:0.06:kg
wpn_fnx45_custom,up_sect_thirde_fnx45,ui_inv_handling:3.57:pct|st_prop_weight:-0.07:kg
wpn_fnx45_custom,up_sect_fourta_fnx45,ui_inv_accuracy:2.67:pct|st_prop_weight:0.06:kg
wpn_fnx45_custom,up_sect_fourtc_fnx45,st_prop_reliability:2:pct|st_prop_weight:0.13:kg
wpn_fnx45_custom,up_sect_fourte_fnx45,ui_inv_accuracy:8:pct|st_prop_weight:0.11:kg
wpn_fnx45_custom,up_sect_fiftha_fnx45,ui_inv_handling:3.57:pct|st_prop_weight:-0.07:kg
wpn_fort,up_sect_firsta_fort,st_prop_weight:0.04:kg|ui_inv_rate_of_fire:24:rpm
wpn_fort,up_sect_firstc_fort,app_upgrade_bullet_speed:64:speed|ui_inv_accuracy:0.67:pct|st_prop_weight:0.03:kg
wpn_fort,up_sect_firstd_fort,st_prop_weight:0.04:kg
wpn_fort,up_sect_firste_fort,ui_inv_accuracy:8:pct|st_prop_weight:0.02:kg
wpn_fort,up_sect_secona_fort,app_upgrade_bullet_speed:32:speed|st_prop_weight:0.02:kg
wpn_fort,up_sect_seconc_fort,st_prop_weight:0.02:kg|ui_inv_rate_of_fire:24:rpm
wpn_fort,up_sect_second_fort,st_prop_reliability:2.5:pct|st_prop_weight:0.04:kg
wpn_fort,up_sect_thirda_fort,ui_inv_handling:1.19:pct|st_prop_weight:-0.33:kg
wpn_fort,up_sect_thirdc_fort,ui_inv_handling:3.57:pct|st_prop_weight:-0.02:kg
wpn_fort,up_sect_thirdd_fort,st_prop_reliability:2.5:pct|st_prop_weight:0.04:kg
wpn_fort,up_sect_fourta_fort,ui_inv_accuracy:2.67:pct|st_prop_weight:0.01:kg
wpn_fort,up_sect_fourtc_fort,ui_inv_accuracy:5.33:pct|st_prop_weight:0.02:kg
wpn_fort,up_sect_fiftha_fort,st_prop_reliability:2:pct
wpn_fort,up_sect_fifthc_fort,app_upgrade_mag_size:-2:num|app_upgrade_bullet_speed:40:speed|st_prop_weight:0.06:kg|ui_inv_rate_of_fire:22:rpm|st_prop_recoil:-1.12:pct
wpn_fort17,up_sect_firsta_fort,st_prop_weight:0.04:kg|ui_inv_rate_of_fire:24:rpm
wpn_fort17,up_sect_firstc_fort,app_upgrade_bullet_speed:64:speed|ui_inv_accuracy:0.67:pct|st_prop_weight:0.03:kg
wpn_fort17,up_sect_firstd_fort,st_prop_weight:0.04:kg
wpn_fort17,up_sect_firste_fort,ui_inv_accuracy:8:pct|st_prop_weight:0.02:kg
wpn_fort17,up_sect_secona_fort,app_upgrade_bullet_speed:32:speed|st_prop_weight:0.02:kg
wpn_fort17,up_sect_seconc_fort,st_prop_weight:0.02:kg|ui_inv_rate_of_fire:24:rpm
wpn_fort17,up_sect_second_fort,st_prop_reliability:2.5:pct|st_prop_weight:0.04:kg
wpn_fort17,up_sect_thirda_fort,ui_inv_handling:1.19:pct|st_prop_weight:-0.33:kg
wpn_fort17,up_sect_thirdc_fort,ui_inv_handling:3.57:pct|st_prop_weight:-0.02:kg
wpn_fort17,up_sect_thirdd_fort,st_prop_reliability:2.5:pct|st_prop_weight:0.04:kg
wpn_fort17,up_sect_fourta_fort,ui_inv_accuracy:2.67:pct|st_prop_weight:0.01:kg
wpn_fort17,up_sect_fourtc_fort,ui_inv_accuracy:5.33:pct|st_prop_weight:0.02:kg
wpn_fort17,up_sect_fiftha_fort,st_prop_reliability:2:pct
wpn_fort17,up_sect_fifthc_fort,app_upgrade_mag_size:-2:num|app_upgrade_bullet_speed:40:speed|st_prop_weight:0.06:kg|ui_inv_rate_of_fire:22:rpm|st_prop_recoil:-1.12:pct
wpn_fort500,up_sect_firsta_wincheaster1300,st_prop_reliability:1.5:pct|st_prop_weight:0.12:kg
wpn_fort500,up_sect_firstc_wincheaster1300,app_upgrade_bullet_speed:45:speed|ui_inv_accuracy:2:pct|st_prop_weight:0.15:kg
wpn_fort500,up_sect_firstd_wincheaster1300,st_prop_weight:0.15:kg|st_prop_recoil:0.07:pct
wpn_fort500,up_sect_firste_wincheaster1300,ui_inv_accuracy:6.67:pct|st_prop_weight:0.1:kg
wpn_fort500,up_sect_firstf_wincheaster1300,ui_inv_handling:2.38:pct|st_prop_weight:-0.12:kg
wpn_fort500,up_sect_secona_wincheaster1300,st_prop_weight:-0.62:kg
wpn_fort500,up_sect_seconc_wincheaster1300,ui_inv_handling:2.38:pct|st_prop_weight:0.05:kg
wpn_fort500,up_sect_second_wincheaster1300,st_prop_reliability:2:pct|st_prop_weight:0.2:kg
wpn_fort500,up_sect_thirda_wincheaster1300,st_prop_reliability:1.5:pct|st_prop_weight:0.2:kg
wpn_fort500,up_sect_thirdc_wincheaster1300,ui_inv_accuracy:6.67:pct|st_prop_weight:0.05:kg
wpn_fort500,up_sect_thirde_wincheaster1300,st_prop_reliability:4:pct|st_prop_weight:0.3:kg
wpn_fort500,up_sect_thirdf_wincheaster1300,st_prop_weight:0.05:kg|ui_inv_rate_of_fire:10:rpm
wpn_fort_snag,up_sect_firsta_fort,st_prop_weight:0.04:kg|ui_inv_rate_of_fire:24:rpm
wpn_fort_snag,up_sect_firstc_fort,app_upgrade_bullet_speed:64:speed|ui_inv_accuracy:0.67:pct|st_prop_weight:0.03:kg
wpn_fort_snag,up_sect_firstd_fort,st_prop_weight:0.04:kg
wpn_fort_snag,up_sect_firste_fort,ui_inv_accuracy:8:pct|st_prop_weight:0.02:kg
wpn_fort_snag,up_sect_secona_fort,app_upgrade_bullet_speed:32:speed|st_prop_weight:0.02:kg
wpn_fort_snag,up_sect_seconc_fort,st_prop_weight:0.02:kg|ui_inv_rate_of_fire:24:rpm
wpn_fort_snag,up_sect_second_fort,st_prop_reliability:2.5:pct|st_prop_weight:0.04:kg
wpn_fort_snag,up_sect_thirda_fort,ui_inv_handling:1.19:pct|st_prop_weight:-0.33:kg
wpn_fort_snag,up_sect_thirdc_fort,ui_inv_handling:3.57:pct|st_prop_weight:-0.02:kg
wpn_fort_snag,up_sect_thirdd_fort,st_prop_reliability:2.5:pct|st_prop_weight:0.04:kg
wpn_fort_snag,up_sect_fourta_fort,ui_inv_accuracy:2.67:pct|st_prop_weight:0.01:kg
wpn_fort_snag,up_sect_fourtc_fort,ui_inv_accuracy:5.33:pct|st_prop_weight:0.02:kg
wpn_fort_snag,up_sect_fiftha_fort,st_prop_reliability:2:pct
wpn_fort_snag,up_sect_fifthc_fort,app_upgrade_mag_size:-2:num|app_upgrade_bullet_speed:40:speed|st_prop_weight:0.06:kg|ui_inv_rate_of_fire:22:rpm|st_prop_recoil:-1.12:pct
wpn_g3,up_sect_firsta_g3,st_prop_weight:0.15:kg|ui_inv_rate_of_fire:45:rpm
wpn_g3,up_sect_firstc_g3,st_prop_reliability:1:pct|st_prop_weight:0.1:kg
wpn_g3,up_sect_firstd_g3,app_upgrade_bullet_speed:90:speed|ui_inv_accuracy:0.13:pct|st_prop_weight:0.1:kg
wpn_g3,up_sect_firste_g3,ui_inv_handling:4.76:pct|st_prop_weight:0.05:kg
wpn_g3,up_sect_firstf_g3,ui_inv_accuracy:3:pct|st_prop_weight:0.12:kg
wpn_g3,up_sect_secona_g3,app_upgrade_bullet_speed:90:speed|ui_inv_accuracy:0.13:pct|st_prop_weight:0.1:kg
wpn_g3,up_sect_seconc_g3,app_upgrade_bullet_speed:135:speed|ui_inv_accuracy:0.67:pct|st_prop_weight:0.2:kg
wpn_g3,up_sect_second_g3,st_prop_weight:0.1:kg|ui_inv_rate_of_fire:42:rpm
wpn_g3,up_sect_secone_g3,ui_inv_accuracy:3:pct|st_prop_weight:0.15:kg
wpn_g3,up_sect_seconf_g3,st_prop_weight:0.21:kg|st_prop_recoil:1.16:pct
wpn_g3,up_sect_thirda_g3,st_prop_weight:0.1:kg|st_prop_recoil:1.16:pct
wpn_g3,up_sect_thirdc_g3,st_prop_reliability:2:pct|st_prop_weight:0.12:kg
wpn_g3,up_sect_thirdd_g3,ui_inv_accuracy:2:pct|st_prop_weight:0.15:kg
wpn_g3,up_sect_thirde_g3,st_prop_weight:0.2:kg|ui_inv_rate_of_fire:85:rpm
wpn_g3,up_sect_fourta_g3,st_prop_weight:0.15:kg|ui_inv_rate_of_fire:25:rpm
wpn_g3,up_sect_fourtc_g3,st_prop_weight:0.2:kg|st_prop_recoil:1.18:pct
wpn_g3,up_sect_fourte_g3,app_upgrade_bullet_speed:65:speed|ui_inv_accuracy:0.67:pct|st_prop_weight:0.1:kg
wpn_g3,up_sect_fourtf_g3,ui_inv_handling:2.38:pct|st_prop_weight:0.1:kg
wpn_g36,up_sect_firsta_sig550,st_prop_weight:0.1:kg|ui_inv_rate_of_fire:35:rpm
wpn_g36,up_sect_firstc_sig550,st_prop_weight:0.15:kg|st_prop_recoil:7.25:pct
wpn_g36,up_sect_firstd_sig550,st_prop_reliability:3:pct|st_prop_weight:0.16:kg
wpn_g36,up_sect_firste_sig550,st_prop_weight:0.18:kg|st_prop_recoil:7.25:pct
wpn_g36,up_sect_secona_sig550,st_prop_weight:0.1:kg|st_prop_recoil:7.25:pct
wpn_g36,up_sect_seconc_sig550,ui_inv_accuracy:3.33:pct|st_prop_weight:0.15:kg
wpn_g36,up_sect_secone_sig550,st_prop_weight:0.18:kg|st_prop_recoil:16.55:pct
wpn_g36,up_sect_seconf_sig550,ui_inv_accuracy:5:pct|st_prop_weight:0.2:kg
wpn_g36,up_sect_thirda_sig550,st_prop_reliability:1.5:pct|st_prop_weight:0.19:kg
wpn_g36,up_sect_thirdc_sig550,st_prop_weight:0.1:kg|ui_inv_rate_of_fire:35:rpm
wpn_g36,up_sect_thirdd_sig550,app_upgrade_bullet_speed:98:speed|ui_inv_accuracy:1:pct|st_prop_weight:0.2:kg
wpn_g36,up_sect_thirde_sig550,st_prop_weight:0.18:kg|ui_inv_rate_of_fire:70:rpm
wpn_g36,up_sect_fourta_sig550,ui_inv_handling:2.38:pct|st_prop_weight:-0.91:kg
wpn_g36,up_sect_fourtc_sig550,ui_inv_handling:1.67:pct|st_prop_weight:0.1:kg
wpn_g36,up_sect_fourte_sig550,ui_inv_handling:3.1:pct|st_prop_weight:-0.12:kg
wpn_g36,up_sect_fourtf_sig550,app_upgrade_bullet_speed:98:speed|ui_inv_accuracy:1:pct|st_prop_weight:0.15:kg
wpn_g36,up_sect_fiftha_sig550,ui_inv_handling:2.38:pct|st_prop_weight:0.1:kg
wpn_g36_camo,up_sect_firsta_sig550,st_prop_weight:0.1:kg|ui_inv_rate_of_fire:35:rpm
wpn_g36_camo,up_sect_firstc_sig550,st_prop_weight:0.15:kg|st_prop_recoil:7.25:pct
wpn_g36_camo,up_sect_firstd_sig550,st_prop_reliability:3:pct|st_prop_weight:0.16:kg
wpn_g36_camo,up_sect_firste_sig550,st_prop_weight:0.18:kg|st_prop_recoil:7.25:pct
wpn_g36_camo,up_sect_secona_sig550,st_prop_weight:0.1:kg|st_prop_recoil:7.25:pct
wpn_g36_camo,up_sect_seconc_sig550,ui_inv_accuracy:3.33:pct|st_prop_weight:0.15:kg
wpn_g36_camo,up_sect_secone_sig550,st_prop_weight:0.18:kg|st_prop_recoil:16.55:pct
wpn_g36_camo,up_sect_seconf_sig550,ui_inv_accuracy:5:pct|st_prop_weight:0.2:kg
wpn_g36_camo,up_sect_thirda_sig550,st_prop_reliability:1.5:pct|st_prop_weight:0.19:kg
wpn_g36_camo,up_sect_thirdc_sig550,st_prop_weight:0.1:kg|ui_inv_rate_of_fire:35:rpm
wpn_g36_camo,up_sect_thirdd_sig550,app_upgrade_bullet_speed:98:speed|ui_inv_accuracy:1:pct|st_prop_weight:0.2:kg
wpn_g36_camo,up_sect_thirde_sig550,st_prop_weight:0.18:kg|ui_inv_rate_of_fire:70:rpm
wpn_g36_camo,up_sect_fourta_sig550,ui_inv_handling:2.38:pct|st_prop_weight:-0.91:kg
wpn_g36_camo,up_sect_fourtc_sig550,ui_inv_handling:1.67:pct|st_prop_weight:0.1:kg
wpn_g36_camo,up_sect_fourte_sig550,ui_inv_handling:3.1:pct|st_prop_weight:-0.12:kg
wpn_g36_camo,up_sect_fourtf_sig550,app_upgrade_bullet_speed:98:speed|ui_inv_accuracy:1:pct|st_prop_weight:0.15:kg
wpn_g36_camo,up_sect_fiftha_sig550,ui_inv_handling:2.38:pct|st_prop_weight:0.1:kg
wpn_g36k_rwap,up_sect_firsta_sig550,st_prop_weight:0.1:kg|ui_inv_rate_of_fire:35:rpm
wpn_g36k_rwap,up_sect_firstc_sig550,st_prop_weight:0.15:kg
wpn_g36k_rwap,up_sect_firstd_sig550,st_prop_reliability:3:pct|st_prop_weight:0.16:kg
wpn_g36k_rwap,up_sect_firste_sig550,st_prop_weight:0.18:kg
wpn_g36k_rwap,up_sect_secona_sig550,st_prop_weight:0.1:kg
wpn_g36k_rwap,up_sect_seconc_sig550,ui_inv_accuracy:3.33:pct|st_prop_weight:0.15:kg
wpn_g36k_rwap,up_sect_secone_sig550,st_prop_weight:0.18:kg
wpn_g36k_rwap,up_sect_seconf_sig550,ui_inv_accuracy:5:pct|st_prop_weight:0.2:kg
wpn_g36k_rwap,up_sect_thirda_sig550,st_prop_reliability:1.5:pct|st_prop_weight:0.19:kg
wpn_g36k_rwap,up_sect_thirdc_sig550,st_prop_weight:0.1:kg|ui_inv_rate_of_fire:35:rpm
wpn_g36k_rwap,up_sect_thirdd_sig550,app_upgrade_bullet_speed:98:speed|ui_inv_accuracy:1:pct|st_prop_weight:0.2:kg
wpn_g36k_rwap,up_sect_thirde_sig550,st_prop_weight:0.18:kg|ui_inv_rate_of_fire:70:rpm
wpn_g36k_rwap,up_sect_fourta_sig550,ui_inv_handling:2.38:pct|st_prop_weight:-0.91:kg
wpn_g36k_rwap,up_sect_fourtc_sig550,ui_inv_handling:1.67:pct|st_prop_weight:0.1:kg
wpn_g36k_rwap,up_sect_fourte_sig550,ui_inv_handling:3.1:pct|st_prop_weight:-0.12:kg
wpn_g36k_rwap,up_sect_fourtf_sig550,app_upgrade_bullet_speed:98:speed|ui_inv_accuracy:1:pct|st_prop_weight:0.15:kg
wpn_g36k_rwap,up_sect_fiftha_sig550,ui_inv_handling:2.38:pct|st_prop_weight:0.1:kg
wpn_g36ka4_rwap,up_sect_firsta_sig550,st_prop_weight:0.1:kg|ui_inv_rate_of_fire:35:rpm
wpn_g36ka4_rwap,up_sect_firstc_sig550,st_prop_weight:0.15:kg|st_prop_recoil:6.59:pct
wpn_g36ka4_rwap,up_sect_firstd_sig550,st_prop_reliability:3:pct|st_prop_weight:0.16:kg
wpn_g36ka4_rwap,up_sect_firste_sig550,st_prop_weight:0.18:kg|st_prop_recoil:6.59:pct
wpn_g36ka4_rwap,up_sect_secona_sig550,st_prop_weight:0.1:kg|st_prop_recoil:6.59:pct
wpn_g36ka4_rwap,up_sect_seconc_sig550,ui_inv_accuracy:3.33:pct|st_prop_weight:0.15:kg
wpn_g36ka4_rwap,up_sect_secone_sig550,st_prop_weight:0.18:kg|st_prop_recoil:15.05:pct
wpn_g36ka4_rwap,up_sect_seconf_sig550,ui_inv_accuracy:5:pct|st_prop_weight:0.2:kg
wpn_g36ka4_rwap,up_sect_thirda_sig550,st_prop_reliability:1.5:pct|st_prop_weight:0.19:kg
wpn_g36ka4_rwap,up_sect_thirdc_sig550,st_prop_weight:0.1:kg|ui_inv_rate_of_fire:35:rpm
wpn_g36ka4_rwap,up_sect_thirdd_sig550,app_upgrade_bullet_speed:98:speed|ui_inv_accuracy:1:pct|st_prop_weight:0.2:kg
wpn_g36ka4_rwap,up_sect_thirde_sig550,st_prop_weight:0.18:kg|ui_inv_rate_of_fire:70:rpm
wpn_g36ka4_rwap,up_sect_fourta_sig550,ui_inv_handling:2.38:pct|st_prop_weight:-0.91:kg
wpn_g36ka4_rwap,up_sect_fourtc_sig550,ui_inv_handling:1.67:pct|st_prop_weight:0.1:kg
wpn_g36ka4_rwap,up_sect_fourte_sig550,ui_inv_handling:3.1:pct|st_prop_weight:-0.12:kg
wpn_g36ka4_rwap,up_sect_fourtf_sig550,app_upgrade_bullet_speed:98:speed|ui_inv_accuracy:1:pct|st_prop_weight:0.15:kg
wpn_g36ka4_rwap,up_sect_fiftha_sig550,ui_inv_handling:2.38:pct|st_prop_weight:0.1:kg
wpn_g36nimble_rwap,up_sect_firsta_sig550,st_prop_weight:0.1:kg|ui_inv_rate_of_fire:35:rpm
wpn_g36nimble_rwap,up_sect_firstc_sig550,st_prop_weight:0.15:kg|st_prop_recoil:6.59:pct
wpn_g36nimble_rwap,up_sect_firstd_sig550,st_prop_reliability:3:pct|st_prop_weight:0.16:kg
wpn_g36nimble_rwap,up_sect_firste_sig550,st_prop_weight:0.18:kg|st_prop_recoil:6.59:pct
wpn_g36nimble_rwap,up_sect_secona_sig550,st_prop_weight:0.1:kg|st_prop_recoil:6.59:pct
wpn_g36nimble_rwap,up_sect_seconc_sig550,ui_inv_accuracy:3.33:pct|st_prop_weight:0.15:kg
wpn_g36nimble_rwap,up_sect_secone_sig550,st_prop_weight:0.18:kg|st_prop_recoil:15.05:pct
wpn_g36nimble_rwap,up_sect_seconf_sig550,ui_inv_accuracy:5:pct|st_prop_weight:0.2:kg
wpn_g36nimble_rwap,up_sect_thirda_sig550,st_prop_reliability:1.5:pct|st_prop_weight:0.19:kg
wpn_g36nimble_rwap,up_sect_thirdc_sig550,st_prop_weight:0.1:kg|ui_inv_rate_of_fire:35:rpm
wpn_g36nimble_rwap,up_sect_thirdd_sig550,app_upgrade_bullet_speed:98:speed|ui_inv_accuracy:1:pct|st_prop_weight:0.2:kg
wpn_g36nimble_rwap,up_sect_thirde_sig550,st_prop_weight:0.18:kg|ui_inv_rate_of_fire:70:rpm
wpn_g36nimble_rwap,up_sect_fourta_sig550,ui_inv_handling:2.38:pct|st_prop_weight:-0.91:kg
wpn_g36nimble_rwap,up_sect_fourtc_sig550,ui_inv_handling:1.67:pct|st_prop_weight:0.1:kg
wpn_g36nimble_rwap,up_sect_fourte_sig550,ui_inv_handling:3.1:pct|st_prop_weight:-0.12:kg
wpn_g36nimble_rwap,up_sect_fourtf_sig550,app_upgrade_bullet_speed:98:speed|ui_inv_accuracy:1:pct|st_prop_weight:0.15:kg
wpn_g36nimble_rwap,up_sect_fiftha_sig550,ui_inv_handling:2.38:pct|st_prop_weight:0.1:kg
wpn_g36v_rwap,up_sect_firsta_sig550,st_prop_weight:0.1:kg|ui_inv_rate_of_fire:35:rpm
wpn_g36v_rwap,up_sect_firstc_sig550,st_prop_weight:0.15:kg|st_prop_recoil:6.59:pct
wpn_g36v_rwap,up_sect_firstd_sig550,st_prop_reliability:3:pct|st_prop_weight:0.16:kg
wpn_g36v_rwap,up_sect_firste_sig550,st_prop_weight:0.18:kg|st_prop_recoil:6.59:pct
wpn_g36v_rwap,up_sect_secona_sig550,st_prop_weight:0.1:kg|st_prop_recoil:6.59:pct
wpn_g36v_rwap,up_sect_seconc_sig550,ui_inv_accuracy:3.33:pct|st_prop_weight:0.15:kg
wpn_g36v_rwap,up_sect_secone_sig550,st_prop_weight:0.18:kg|st_prop_recoil:15.05:pct
wpn_g36v_rwap,up_sect_seconf_sig550,ui_inv_accuracy:5:pct|st_prop_weight:0.2:kg
wpn_g36v_rwap,up_sect_thirda_sig550,st_prop_reliability:1.5:pct|st_prop_weight:0.19:kg
wpn_g36v_rwap,up_sect_thirdc_sig550,st_prop_weight:0.1:kg|ui_inv_rate_of_fire:35:rpm
wpn_g36v_rwap,up_sect_thirdd_sig550,app_upgrade_bullet_speed:98:speed|ui_inv_accuracy:1:pct|st_prop_weight:0.2:kg
wpn_g36v_rwap,up_sect_thirde_sig550,st_prop_weight:0.18:kg|ui_inv_rate_of_fire:70:rpm
wpn_g36v_rwap,up_sect_fourta_sig550,ui_inv_handling:2.38:pct|st_prop_weight:-0.91:kg
wpn_g36v_rwap,up_sect_fourtc_sig550,ui_inv_handling:1.67:pct|st_prop_weight:0.1:kg
wpn_g36v_rwap,up_sect_fourte_sig550,ui_inv_handling:3.1:pct|st_prop_weight:-0.12:kg
wpn_g36v_rwap,up_sect_fourtf_sig550,app_upgrade_bullet_speed:98:speed|ui_inv_accuracy:1:pct|st_prop_weight:0.15:kg
wpn_g36v_rwap,up_sect_fiftha_sig550,ui_inv_handling:2.38:pct|st_prop_weight:0.1:kg
wpn_g36v_rwap_cut_kit,up_sect_firsta_sig550,st_prop_weight:0.1:kg|ui_inv_rate_of_fire:35:rpm
wpn_g36v_rwap_cut_kit,up_sect_firstc_sig550,st_prop_weight:0.15:kg
wpn_g36v_rwap_cut_kit,up_sect_firstd_sig550,st_prop_reliability:3:pct|st_prop_weight:0.16:kg
wpn_g36v_rwap_cut_kit,up_sect_firste_sig550,st_prop_weight:0.18:kg
wpn_g36v_rwap_cut_kit,up_sect_secona_sig550,st_prop_weight:0.1:kg
wpn_g36v_rwap_cut_kit,up_sect_seconc_sig550,ui_inv_accuracy:3.33:pct|st_prop_weight:0.15:kg
wpn_g36v_rwap_cut_kit,up_sect_secone_sig550,st_prop_weight:0.18:kg
wpn_g36v_rwap_cut_kit,up_sect_seconf_sig550,ui_inv_accuracy:5:pct|st_prop_weight:0.2:kg
wpn_g36v_rwap_cut_kit,up_sect_thirda_sig550,st_prop_reliability:1.5:pct|st_prop_weight:0.19:kg
wpn_g36v_rwap_cut_kit,up_sect_thirdc_sig550,st_prop_weight:0.1:kg|ui_inv_rate_of_fire:35:rpm
wpn_g36v_rwap_cut_kit,up_sect_thirdd_sig550,app_upgrade_bullet_speed:98:speed|ui_inv_accuracy:1:pct|st_prop_weight:0.2:kg
wpn_g36v_rwap_cut_kit,up_sect_thirde_sig550,st_prop_weight:0.18:kg|ui_inv_rate_of_fire:70:rpm
wpn_g36v_rwap_cut_kit,up_sect_fourta_sig550,ui_inv_handling:2.38:pct|st_prop_weight:-0.91:kg
wpn_g36v_rwap_cut_kit,up_sect_fourtc_sig550,ui_inv_handling:1.67:pct|st_prop_weight:0.1:kg
wpn_g36v_rwap_cut_kit,up_sect_fourte_sig550,ui_inv_handling:3.1:pct|st_prop_weight:-0.12:kg
wpn_g36v_rwap_cut_kit,up_sect_fourtf_sig550,app_upgrade_bullet_speed:98:speed|ui_inv_accuracy:1:pct|st_prop_weight:0.15:kg
wpn_g36v_rwap_cut_kit,up_sect_fiftha_sig550,ui_inv_handling:2.38:pct|st_prop_weight:0.1:kg
wpn_g3sg1,up_sect_firsta_g3sg1,st_prop_weight:0.15:kg|st_prop_recoil:5.48:pct
wpn_g3sg1,up_sect_firstc_g3sg1,st_prop_reliability:1:pct|st_prop_weight:0.1:kg
wpn_g3sg1,up_sect_firstd_g3sg1,app_upgrade_bullet_speed:90:speed|ui_inv_accuracy:0.13:pct|st_prop_weight:0.1:kg
wpn_g3sg1,up_sect_firste_g3sg1,ui_inv_handling:4.76:pct|st_prop_weight:0.05:kg
wpn_g3sg1,up_sect_firstf_g3sg1,ui_inv_accuracy:3:pct|st_prop_weight:0.12:kg
wpn_g3sg1,up_sect_secona_g3sg1,app_upgrade_bullet_speed:90:speed|ui_inv_accuracy:0.13:pct|st_prop_weight:0.1:kg
wpn_g3sg1,up_sect_seconc_g3sg1,app_upgrade_bullet_speed:135:speed|ui_inv_accuracy:0.67:pct|st_prop_weight:0.2:kg
wpn_g3sg1,up_sect_second_g3sg1,st_prop_weight:0.1:kg|ui_inv_rate_of_fire:42:rpm
wpn_g3sg1,up_sect_secone_g3sg1,ui_inv_accuracy:3:pct|st_prop_weight:0.15:kg
wpn_g3sg1,up_sect_seconf_g3sg1,st_prop_weight:0.21:kg|st_prop_recoil:4:pct
wpn_g3sg1,up_sect_thirda_g3sg1,st_prop_weight:0.1:kg|st_prop_recoil:4:pct
wpn_g3sg1,up_sect_thirdc_g3sg1,st_prop_reliability:2:pct|st_prop_weight:0.12:kg
wpn_g3sg1,up_sect_thirdd_g3sg1,ui_inv_accuracy:2:pct|st_prop_weight:0.15:kg
wpn_g3sg1,up_sect_thirde_g3sg1,ui_inv_handling:3.57:pct|st_prop_weight:0.05:kg
wpn_g3sg1,up_sect_thirdf_g3sg1,app_upgrade_bullet_speed:135:speed|ui_inv_accuracy:0.67:pct|st_prop_weight:0.14:kg
wpn_g3sg1,up_sect_fourta_g3sg1,st_prop_weight:0.1:kg
wpn_g3sg1,up_sect_fourte_g3sg1,st_prop_weight:0.27:kg
wpn_g3sg1,up_sect_fourtf_g3sg1,st_prop_weight:0.05:kg
wpn_g43,up_sect_firsta_g43,st_prop_reliability:3:pct|st_prop_weight:0.14:kg
wpn_g43,up_sect_firstc_g43,app_upgrade_bullet_speed:80:speed|ui_inv_accuracy:0.67:pct|st_prop_weight:0.11:kg
wpn_g43,up_sect_firstd_g43,st_prop_weight:0.1:kg|st_prop_recoil:0.27:pct
wpn_g43,up_sect_secona_g43,st_prop_weight:-0.6:kg
wpn_g43,up_sect_thirda_g43,st_prop_reliability:3:pct|st_prop_weight:0.15:kg
wpn_g43,up_sect_thirdc_g43,st_prop_weight:0.2:kg|st_prop_recoil:0.27:pct
wpn_gauss,up_sect_firsta_svd,ui_inv_handling:4.76:pct|st_prop_weight:-0.24:kg
wpn_gauss,up_sect_firstc_svd,ui_inv_accuracy:1.33:pct|st_prop_weight:0.15:kg
wpn_gauss,up_sect_firstd_svd,ui_inv_handling:4.76:pct|st_prop_weight:-0.23:kg
wpn_gauss,up_sect_firste_svd,app_upgrade_bullet_speed:200:speed|ui_inv_accuracy:1.07:pct|st_prop_weight:0.16:kg
wpn_gauss,up_sect_firstf_svd,st_prop_weight:0.12:kg|ui_inv_rate_of_fire:35:rpm
wpn_gauss,up_sect_secona_svd,st_prop_reliability:7:pct
wpn_gauss,up_sect_seconc_svd,st_prop_weight:0.22:kg|st_prop_recoil:-1427.57:pct
wpn_gauss,up_sect_second_svd,ui_inv_accuracy:1.33:pct|st_prop_weight:0.16:kg
wpn_gauss,up_sect_thirda_svd,st_prop_weight:0.18:kg|st_prop_recoil:-1427.57:pct
wpn_gauss,up_sect_thirdc_svd,ui_inv_handling:7.14:pct|st_prop_weight:-0.24:kg
wpn_gauss,up_sect_thirde_svd,st_prop_weight:0.16:kg|st_prop_recoil:-1427.57:pct
wpn_gauss_quest,up_sect_firsta_svd,ui_inv_handling:4.76:pct|st_prop_weight:-0.24:kg
wpn_gauss_quest,up_sect_firstc_svd,ui_inv_accuracy:1.33:pct|st_prop_weight:0.15:kg
wpn_gauss_quest,up_sect_firstd_svd,ui_inv_handling:4.76:pct|st_prop_weight:-0.23:kg
wpn_gauss_quest,up_sect_firste_svd,app_upgrade_bullet_speed:200:speed|ui_inv_accuracy:1.07:pct|st_prop_weight:0.16:kg
wpn_gauss_quest,up_sect_firstf_svd,st_prop_weight:0.12:kg|ui_inv_rate_of_fire:35:rpm
wpn_gauss_quest,up_sect_secona_svd,st_prop_reliability:7:pct
wpn_gauss_quest,up_sect_seconc_svd,st_prop_weight:0.22:kg|st_prop_recoil:-2738.73:pct
wpn_gauss_quest,up_sect_second_svd,ui_inv_accuracy:1.33:pct|st_prop_weight:0.16:kg
wpn_gauss_quest,up_sect_thirda_svd,st_prop_weight:0.18:kg|st_prop_recoil:-2738.73:pct
wpn_gauss_quest,up_sect_thirdc_svd,ui_inv_handling:7.14:pct|st_prop_weight:-0.24:kg
wpn_gauss_quest,up_sect_thirde_svd,st_prop_weight:0.16:kg|st_prop_recoil:-2738.73:pct
wpn_glock,up_sect_firsta_glock,st_prop_weight:0.08:kg|ui_inv_rate_of_fire:27:rpm
wpn_glock,up_sect_firstc_glock,st_prop_reliability:2:pct|st_prop_weight:0.09:kg
wpn_glock,up_sect_firstd_glock,st_prop_weight:0.04:kg
wpn_glock,up_sect_secona_glock,st_prop_weight:0.09:kg|ui_inv_rate_of_fire:27:rpm
wpn_glock,up_sect_seconc_glock,app_upgrade_bullet_speed:70:speed|ui_inv_accuracy:2.33:pct|st_prop_weight:0.11:kg
wpn_glock,up_sect_second_glock,st_prop_reliability:2:pct|st_prop_weight:0.08:kg
wpn_glock,up_sect_secone_glock,st_prop_weight:0.06:kg|ui_inv_rate_of_fire:40:rpm
wpn_glock,up_sect_thirda_glock,st_prop_reliability:1.5:pct|st_prop_weight:0.13:kg
wpn_glock,up_sect_thirdc_glock,ui_inv_handling:4.76:pct|st_prop_weight:-0.32:kg
wpn_glock,up_sect_thirdd_glock,st_prop_weight:-0.07:kg
wpn_glock,up_sect_fourta_glock,ui_inv_accuracy:3.33:pct|st_prop_weight:-0.08:kg
wpn_glock,up_sect_fourtc_glock,st_prop_weight:0.08:kg|ui_inv_rate_of_fire:60:rpm
wpn_glock,up_sect_fiftha_glock,st_prop_weight:0.07:kg
wpn_glock,up_sect_fifthc_glock,st_prop_reliability:-1.5:pct
wpn_glock17,up_sect_firsta_fn57,app_upgrade_bullet_speed:30:speed|st_prop_weight:0.08:kg
wpn_glock17,up_sect_firstd_fn57,app_upgrade_bullet_speed:70:speed|ui_inv_accuracy:1.33:pct
wpn_glock17,up_sect_firste_fn57,st_prop_weight:0.09:kg|ui_inv_rate_of_fire:250:rpm
wpn_glock17,up_sect_secona_fn57,app_upgrade_bullet_speed:35:speed
wpn_glock17,up_sect_seconc_fn57,st_prop_reliability:4:pct
wpn_glock17,up_sect_secone_fn57,ui_inv_rate_of_fire:60:rpm
wpn_glock17,up_sect_seconf_fn57,app_upgrade_bullet_speed:100:speed|ui_inv_accuracy:1.33:pct
wpn_glock17,up_sect_thirda_fn57,st_prop_reliability:3:pct
wpn_glock17,up_sect_thirdc_fn57,ui_inv_handling:4.76:pct
wpn_glock17,up_sect_fourta_fn57,ui_inv_accuracy:4.67:pct
wpn_glock17,up_sect_fourtc_fn57,st_prop_reliability:4:pct
wpn_glock17,up_sect_fiftha_fn57,ui_inv_rate_of_fire:45:rpm
wpn_glock17_m1,up_sect_firsta_fn57,app_upgrade_bullet_speed:30:speed|st_prop_weight:0.08:kg
wpn_glock17_m1,up_sect_firstd_fn57,app_upgrade_bullet_speed:70:speed|ui_inv_accuracy:1.33:pct
wpn_glock17_m1,up_sect_firste_fn57,st_prop_weight:0.09:kg|ui_inv_rate_of_fire:250:rpm
wpn_glock17_m1,up_sect_secona_fn57,app_upgrade_bullet_speed:35:speed
wpn_glock17_m1,up_sect_seconc_fn57,st_prop_reliability:4:pct
wpn_glock17_m1,up_sect_secone_fn57,ui_inv_rate_of_fire:60:rpm
wpn_glock17_m1,up_sect_seconf_fn57,app_upgrade_bullet_speed:100:speed|ui_inv_accuracy:1.33:pct
wpn_glock17_m1,up_sect_thirda_fn57,st_prop_reliability:3:pct
wpn_glock17_m1,up_sect_thirdc_fn57,ui_inv_handling:4.76:pct
wpn_glock17_m1,up_sect_fourta_fn57,ui_inv_accuracy:4.67:pct
wpn_glock17_m1,up_sect_fourtc_fn57,st_prop_reliability:4:pct
wpn_glock17_m1,up_sect_fiftha_fn57,ui_inv_rate_of_fire:45:rpm
wpn_glock_custom,up_sect_firsta_glock,st_prop_weight:0.08:kg|ui_inv_rate_of_fire:27:rpm
wpn_glock_custom,up_sect_firstc_glock,st_prop_reliability:2:pct|st_prop_weight:0.09:kg
wpn_glock_custom,up_sect_firstd_glock,st_prop_weight:0.04:kg
wpn_glock_custom,up_sect_secona_glock,st_prop_weight:0.09:kg|ui_inv_rate_of_fire:27:rpm
wpn_glock_custom,up_sect_seconc_glock,app_upgrade_bullet_speed:70:speed|ui_inv_accuracy:2.33:pct|st_prop_weight:0.11:kg
wpn_glock_custom,up_sect_second_glock,st_prop_reliability:2:pct|st_prop_weight:0.08:kg
wpn_glock_custom,up_sect_secone_glock,st_prop_weight:0.06:kg|ui_inv_rate_of_fire:40:rpm
wpn_glock_custom,up_sect_thirda_glock,st_prop_reliability:1.5:pct|st_prop_weight:0.13:kg
wpn_glock_custom,up_sect_thirdc_glock,ui_inv_handling:4.76:pct|st_prop_weight:-0.32:kg
wpn_glock_custom,up_sect_thirdd_glock,st_prop_weight:-0.07:kg
wpn_glock_custom,up_sect_fourta_glock,ui_inv_accuracy:3.33:pct|st_prop_weight:-0.08:kg
wpn_glock_custom,up_sect_fourtc_glock,st_prop_weight:0.08:kg|ui_inv_rate_of_fire:60:rpm
wpn_glock_custom,up_sect_fiftha_glock,st_prop_weight:0.07:kg
wpn_glock_custom,up_sect_fifthc_glock,st_prop_reliability:-1.5:pct
wpn_glock_modern,up_sect_firsta_glock,st_prop_weight:0.08:kg|ui_inv_rate_of_fire:27:rpm
wpn_glock_modern,up_sect_firstc_glock,st_prop_reliability:2:pct|st_prop_weight:0.09:kg
wpn_glock_modern,up_sect_firstd_glock,st_prop_weight:0.04:kg
wpn_glock_modern,up_sect_firste_glock_auto,st_prop_weight:0.04:kg
wpn_glock_modern,up_sect_secona_glock,st_prop_weight:0.09:kg|ui_inv_rate_of_fire:27:rpm
wpn_glock_modern,up_sect_seconc_glock_auto,ui_inv_handling:2.38:pct
wpn_glock_modern,up_sect_second_glock,st_prop_reliability:2:pct|st_prop_weight:0.08:kg
wpn_glock_modern,up_sect_secone_glock,st_prop_weight:0.06:kg|ui_inv_rate_of_fire:40:rpm
wpn_glock_modern,up_sect_thirda_glock,st_prop_reliability:1.5:pct|st_prop_weight:0.13:kg
wpn_glock_modern,up_sect_thirdc_glock,ui_inv_handling:4.76:pct|st_prop_weight:-0.32:kg
wpn_glock_modern,up_sect_thirdd_glock,st_prop_weight:-0.07:kg
wpn_glock_modern,up_sect_fourta_glock,ui_inv_accuracy:3.33:pct|st_prop_weight:-0.08:kg
wpn_glock_modern,up_sect_fourtc_glock,st_prop_weight:0.08:kg|ui_inv_rate_of_fire:60:rpm
wpn_glock_modern,up_sect_fiftha_glock,st_prop_weight:0.07:kg
wpn_glock_modern,up_sect_fifthc_glock_auto,ui_inv_handling:4.76:pct|st_prop_weight:0.1:kg
wpn_grot,up_sect_firsta_g36,st_prop_reliability:2:pct|st_prop_weight:0.1:kg
wpn_grot,up_sect_firstc_g36,ui_inv_accuracy:1.33:pct|st_prop_weight:0.11:kg
wpn_grot,up_sect_firste_g36,ui_inv_handling:3.57:pct|st_prop_weight:0.05:kg
wpn_grot,up_sect_firstf_g36,ui_inv_accuracy:2.67:pct|st_prop_weight:0.18:kg
wpn_grot,up_sect_secona_g36,st_prop_weight:0.15:kg|st_prop_recoil:14.07:pct
wpn_grot,up_sect_seconc_g36,ui_inv_handling:2.38:pct|st_prop_weight:0.1:kg
wpn_grot,up_sect_second_g36,st_prop_weight:0.15:kg|st_prop_recoil:14.07:pct
wpn_grot,up_sect_secone_g36,app_upgrade_bullet_speed:85:speed|ui_inv_accuracy:0.67:pct|st_prop_weight:0.1:kg
wpn_grot,up_sect_thirda_g36,ui_inv_accuracy:1.33:pct|st_prop_weight:0.05:kg
wpn_grot,up_sect_thirdc_g36,st_prop_weight:0.2:kg|st_prop_recoil:14.07:pct
wpn_grot,up_sect_thirde_g36,app_upgrade_bullet_speed:85:speed|ui_inv_accuracy:0.67:pct|st_prop_weight:0.1:kg
wpn_grot,up_sect_thirdf_g36,ui_inv_accuracy:2:pct|st_prop_weight:0.15:kg
wpn_grot,up_sect_fourta_g36,st_prop_weight:0.1:kg|ui_inv_rate_of_fire:35:rpm
wpn_grot,up_sect_fourtc_g36,ui_inv_handling:1.19:pct|st_prop_weight:-0.4:kg
wpn_grot,up_sect_fourte_g36,st_prop_reliability:1.5:pct|st_prop_weight:0.2:kg
wpn_grot,up_sect_fourtf_g36,ui_inv_handling:1.67:pct|st_prop_weight:-0.06:kg
wpn_grot_short,up_sect_firsta_g36,st_prop_reliability:2:pct|st_prop_weight:0.1:kg
wpn_grot_short,up_sect_firstc_g36,ui_inv_accuracy:1.33:pct|st_prop_weight:0.11:kg
wpn_grot_short,up_sect_firste_g36,ui_inv_handling:3.57:pct|st_prop_weight:0.05:kg
wpn_grot_short,up_sect_firstf_g36,ui_inv_accuracy:2.67:pct|st_prop_weight:0.18:kg
wpn_grot_short,up_sect_secona_g36,st_prop_weight:0.15:kg|st_prop_recoil:14.07:pct
wpn_grot_short,up_sect_seconc_g36,ui_inv_handling:2.38:pct|st_prop_weight:0.1:kg
wpn_grot_short,up_sect_second_g36,st_prop_weight:0.15:kg|st_prop_recoil:14.07:pct
wpn_grot_short,up_sect_secone_g36,app_upgrade_bullet_speed:85:speed|ui_inv_accuracy:0.67:pct|st_prop_weight:0.1:kg
wpn_grot_short,up_sect_thirda_g36,ui_inv_accuracy:1.33:pct|st_prop_weight:0.05:kg
wpn_grot_short,up_sect_thirdc_g36,st_prop_weight:0.2:kg|st_prop_recoil:14.07:pct
wpn_grot_short,up_sect_thirde_g36,app_upgrade_bullet_speed:85:speed|ui_inv_accuracy:0.67:pct|st_prop_weight:0.1:kg
wpn_grot_short,up_sect_thirdf_g36,ui_inv_accuracy:2:pct|st_prop_weight:0.15:kg
wpn_grot_short,up_sect_fourta_g36,st_prop_weight:0.1:kg|ui_inv_rate_of_fire:35:rpm
wpn_grot_short,up_sect_fourtc_g36,ui_inv_handling:1.19:pct|st_prop_weight:-0.4:kg
wpn_grot_short,up_sect_fourte_g36,st_prop_reliability:1.5:pct|st_prop_weight:0.2:kg
wpn_grot_short,up_sect_fourtf_g36,ui_inv_handling:1.67:pct|st_prop_weight:-0.06:kg
wpn_grot_short_tan,up_sect_firsta_g36,st_prop_reliability:2:pct|st_prop_weight:0.1:kg
wpn_grot_short_tan,up_sect_firstc_g36,ui_inv_accuracy:1.33:pct|st_prop_weight:0.11:kg
wpn_grot_short_tan,up_sect_firste_g36,ui_inv_handling:3.57:pct|st_prop_weight:0.05:kg
wpn_grot_short_tan,up_sect_firstf_g36,ui_inv_accuracy:2.67:pct|st_prop_weight:0.18:kg
wpn_grot_short_tan,up_sect_secona_g36,st_prop_weight:0.15:kg|st_prop_recoil:14.07:pct
wpn_grot_short_tan,up_sect_seconc_g36,ui_inv_handling:2.38:pct|st_prop_weight:0.1:kg
wpn_grot_short_tan,up_sect_second_g36,st_prop_weight:0.15:kg|st_prop_recoil:14.07:pct
wpn_grot_short_tan,up_sect_secone_g36,app_upgrade_bullet_speed:85:speed|ui_inv_accuracy:0.67:pct|st_prop_weight:0.1:kg
wpn_grot_short_tan,up_sect_thirda_g36,ui_inv_accuracy:1.33:pct|st_prop_weight:0.05:kg
wpn_grot_short_tan,up_sect_thirdc_g36,st_prop_weight:0.2:kg|st_prop_recoil:14.07:pct
wpn_grot_short_tan,up_sect_thirde_g36,app_upgrade_bullet_speed:85:speed|ui_inv_accuracy:0.67:pct|st_prop_weight:0.1:kg
wpn_grot_short_tan,up_sect_thirdf_g36,ui_inv_accuracy:2:pct|st_prop_weight:0.15:kg
wpn_grot_short_tan,up_sect_fourta_g36,st_prop_weight:0.1:kg|ui_inv_rate_of_fire:35:rpm
wpn_grot_short_tan,up_sect_fourtc_g36,ui_inv_handling:1.19:pct|st_prop_weight:-0.4:kg
wpn_grot_short_tan,up_sect_fourte_g36,st_prop_reliability:1.5:pct|st_prop_weight:0.2:kg
wpn_grot_short_tan,up_sect_fourtf_g36,ui_inv_handling:1.67:pct|st_prop_weight:-0.06:kg
wpn_grot_tan,up_sect_firsta_g36,st_prop_reliability:2:pct|st_prop_weight:0.1:kg
wpn_grot_tan,up_sect_firstc_g36,ui_inv_accuracy:1.33:pct|st_prop_weight:0.11:kg
wpn_grot_tan,up_sect_firste_g36,ui_inv_handling:3.57:pct|st_prop_weight:0.05:kg
wpn_grot_tan,up_sect_firstf_g36,ui_inv_accuracy:2.67:pct|st_prop_weight:0.18:kg
wpn_grot_tan,up_sect_secona_g36,st_prop_weight:0.15:kg|st_prop_recoil:14.07:pct
wpn_grot_tan,up_sect_seconc_g36,ui_inv_handling:2.38:pct|st_prop_weight:0.1:kg
wpn_grot_tan,up_sect_second_g36,st_prop_weight:0.15:kg|st_prop_recoil:14.07:pct
wpn_grot_tan,up_sect_secone_g36,app_upgrade_bullet_speed:85:speed|ui_inv_accuracy:0.67:pct|st_prop_weight:0.1:kg
wpn_grot_tan,up_sect_thirda_g36,ui_inv_accuracy:1.33:pct|st_prop_weight:0.05:kg
wpn_grot_tan,up_sect_thirdc_g36,st_prop_weight:0.2:kg|st_prop_recoil:14.07:pct
wpn_grot_tan,up_sect_thirde_g36,app_upgrade_bullet_speed:85:speed|ui_inv_accuracy:0.67:pct|st_prop_weight:0.1:kg
wpn_grot_tan,up_sect_thirdf_g36,ui_inv_accuracy:2:pct|st_prop_weight:0.15:kg
wpn_grot_tan,up_sect_fourta_g36,st_prop_weight:0.1:kg|ui_inv_rate_of_fire:35:rpm
wpn_grot_tan,up_sect_fourtc_g36,ui_inv_handling:1.19:pct|st_prop_weight:-0.4:kg
wpn_grot_tan,up_sect_fourte_g36,st_prop_reliability:1.5:pct|st_prop_weight:0.2:kg
wpn_grot_tan,up_sect_fourtf_g36,ui_inv_handling:1.67:pct|st_prop_weight:-0.06:kg
wpn_groza,up_sect_firsta_groza,st_prop_weight:0.1:kg|ui_inv_rate_of_fire:35:rpm
wpn_groza,up_sect_firstc_groza,st_prop_weight:0.1:kg|st_prop_recoil:7.73:pct
wpn_groza,up_sect_firstd_groza,st_prop_reliability:1.5:pct|st_prop_weight:0.15:kg
wpn_groza,up_sect_firste_groza,st_prop_weight:0.1:kg|ui_inv_rate_of_fire:35:rpm
wpn_groza,up_sect_firstf_groza,ui_inv_accuracy:4.67:pct|st_prop_weight:0.22:kg
wpn_groza,up_sect_secona_groza,st_prop_weight:0.1:kg|st_prop_recoil:3.63:pct
wpn_groza,up_sect_seconc_groza,app_upgrade_bullet_speed:30:speed|ui_inv_accuracy:0.33:pct|st_prop_weight:0.12:kg
wpn_groza,up_sect_secone_groza,st_prop_weight:0.15:kg|st_prop_recoil:7.73:pct
wpn_groza,up_sect_seconf_groza,ui_inv_accuracy:3.33:pct|st_prop_weight:0.1:kg
wpn_groza,up_sect_thirda_groza,st_prop_weight:0.2:kg|st_prop_recoil:7.73:pct
wpn_groza,up_sect_thirdc_groza,ui_inv_accuracy:1.67:pct|st_prop_weight:0.1:kg
wpn_groza,up_sect_thirdd_groza,st_prop_reliability:1.5:pct|st_prop_weight:0.15:kg
wpn_groza,up_sect_thirde_groza,st_prop_weight:0.1:kg|ui_inv_rate_of_fire:35:rpm
wpn_groza,up_sect_thirdf_groza,app_upgrade_bullet_speed:60:speed|ui_inv_accuracy:0.67:pct|st_prop_weight:0.15:kg
wpn_groza,up_sect_fourta_groza,st_prop_weight:0.1:kg|st_prop_recoil:10.5:pct
wpn_groza,up_sect_fourtc_groza,ui_inv_handling:4.76:pct|st_prop_weight:0.05:kg
wpn_groza,up_sect_fourte_groza,st_prop_reliability:2.5:pct|st_prop_weight:0.2:kg
wpn_groza,up_sect_fourtf_groza,app_upgrade_bullet_speed:90:speed|ui_inv_accuracy:0.67:pct
wpn_groza_nimble,up_sect_firsta_groza,st_prop_weight:0.1:kg|ui_inv_rate_of_fire:35:rpm
wpn_groza_nimble,up_sect_firstc_groza,st_prop_weight:0.1:kg|st_prop_recoil:10.22:pct
wpn_groza_nimble,up_sect_firstd_groza,st_prop_reliability:1.5:pct|st_prop_weight:0.15:kg
wpn_groza_nimble,up_sect_firste_groza,st_prop_weight:0.1:kg|ui_inv_rate_of_fire:35:rpm
wpn_groza_nimble,up_sect_firstf_groza,ui_inv_accuracy:4.67:pct|st_prop_weight:0.22:kg
wpn_groza_nimble,up_sect_secona_groza,st_prop_weight:0.1:kg|st_prop_recoil:4.8:pct
wpn_groza_nimble,up_sect_seconc_groza,app_upgrade_bullet_speed:30:speed|ui_inv_accuracy:0.33:pct|st_prop_weight:0.12:kg
wpn_groza_nimble,up_sect_secone_groza,st_prop_weight:0.15:kg|st_prop_recoil:10.22:pct
wpn_groza_nimble,up_sect_seconf_groza,ui_inv_accuracy:3.33:pct|st_prop_weight:0.1:kg
wpn_groza_nimble,up_sect_thirda_groza,st_prop_weight:0.2:kg|st_prop_recoil:10.22:pct
wpn_groza_nimble,up_sect_thirdc_groza,ui_inv_accuracy:1.67:pct|st_prop_weight:0.1:kg
wpn_groza_nimble,up_sect_thirdd_groza,st_prop_reliability:1.5:pct|st_prop_weight:0.15:kg
wpn_groza_nimble,up_sect_thirde_groza,st_prop_weight:0.1:kg|ui_inv_rate_of_fire:35:rpm
wpn_groza_nimble,up_sect_thirdf_groza,app_upgrade_bullet_speed:60:speed|ui_inv_accuracy:0.67:pct|st_prop_weight:0.15:kg
wpn_groza_nimble,up_sect_fourta_groza,st_prop_weight:0.1:kg|st_prop_recoil:13.87:pct
wpn_groza_nimble,up_sect_fourtc_groza,ui_inv_handling:4.76:pct|st_prop_weight:0.05:kg
wpn_groza_nimble,up_sect_fourte_groza,st_prop_reliability:2.5:pct|st_prop_weight:0.2:kg
wpn_groza_nimble,up_sect_fourtf_groza,app_upgrade_bullet_speed:90:speed|ui_inv_accuracy:0.67:pct
wpn_gsh18,up_sect_firsta_fort,st_prop_weight:0.04:kg|ui_inv_rate_of_fire:24:rpm
wpn_gsh18,up_sect_firstc_fort,app_upgrade_bullet_speed:64:speed|ui_inv_accuracy:0.67:pct|st_prop_weight:0.03:kg
wpn_gsh18,up_sect_firstd_fort,st_prop_weight:0.04:kg
wpn_gsh18,up_sect_firste_fort,ui_inv_accuracy:8:pct|st_prop_weight:0.02:kg
wpn_gsh18,up_sect_secona_fort,app_upgrade_bullet_speed:32:speed|st_prop_weight:0.02:kg
wpn_gsh18,up_sect_seconc_fort,st_prop_weight:0.02:kg|ui_inv_rate_of_fire:24:rpm
wpn_gsh18,up_sect_second_fort,st_prop_reliability:2.5:pct|st_prop_weight:0.04:kg
wpn_gsh18,up_sect_thirda_fort,ui_inv_handling:1.19:pct|st_prop_weight:-0.33:kg
wpn_gsh18,up_sect_thirdc_fort,ui_inv_handling:3.57:pct|st_prop_weight:-0.02:kg
wpn_gsh18,up_sect_thirdd_fort,st_prop_reliability:2.5:pct|st_prop_weight:0.04:kg
wpn_gsh18,up_sect_fourta_fort,ui_inv_accuracy:2.67:pct|st_prop_weight:0.01:kg
wpn_gsh18,up_sect_fourtc_fort,ui_inv_accuracy:5.33:pct|st_prop_weight:0.02:kg
wpn_gsh18,up_sect_fiftha_fort,st_prop_reliability:2:pct
wpn_gsh18,up_sect_fifthc_fort,app_upgrade_mag_size:-2:num|app_upgrade_bullet_speed:40:speed|st_prop_weight:0.06:kg|ui_inv_rate_of_fire:22:rpm|st_prop_recoil:-0.96:pct
wpn_gsh18_custom,up_sect_firsta_fort,st_prop_weight:0.04:kg|ui_inv_rate_of_fire:24:rpm
wpn_gsh18_custom,up_sect_firstc_fort,app_upgrade_bullet_speed:64:speed|ui_inv_accuracy:0.67:pct|st_prop_weight:0.03:kg
wpn_gsh18_custom,up_sect_firstd_fort,st_prop_weight:0.04:kg
wpn_gsh18_custom,up_sect_firste_fort,ui_inv_accuracy:8:pct|st_prop_weight:0.02:kg
wpn_gsh18_custom,up_sect_secona_fort,app_upgrade_bullet_speed:32:speed|st_prop_weight:0.02:kg
wpn_gsh18_custom,up_sect_seconc_fort,st_prop_weight:0.02:kg|ui_inv_rate_of_fire:24:rpm
wpn_gsh18_custom,up_sect_second_fort,st_prop_reliability:2.5:pct|st_prop_weight:0.04:kg
wpn_gsh18_custom,up_sect_thirda_fort,ui_inv_handling:1.19:pct|st_prop_weight:-0.33:kg
wpn_gsh18_custom,up_sect_thirdc_fort,ui_inv_handling:3.57:pct|st_prop_weight:-0.02:kg
wpn_gsh18_custom,up_sect_thirdd_fort,st_prop_reliability:2.5:pct|st_prop_weight:0.04:kg
wpn_gsh18_custom,up_sect_fourta_fort,ui_inv_accuracy:2.67:pct|st_prop_weight:0.01:kg
wpn_gsh18_custom,up_sect_fourtc_fort,ui_inv_accuracy:5.33:pct|st_prop_weight:0.02:kg
wpn_gsh18_custom,up_sect_fiftha_fort,st_prop_reliability:2:pct
wpn_gsh18_custom,up_sect_fifthc_fort,app_upgrade_mag_size:-2:num|app_upgrade_bullet_speed:40:speed|st_prop_weight:0.06:kg|ui_inv_rate_of_fire:22:rpm|st_prop_recoil:-0.96:pct
wpn_hk21,up_sect_firsta_m249,st_prop_weight:0.15:kg|st_prop_recoil:16.4:pct
wpn_hk21,up_sect_firstc_m249,ui_inv_handling:2.38:pct|st_prop_weight:0.1:kg
wpn_hk21,up_sect_firste_m249,st_prop_reliability:2:pct|st_prop_weight:0.2:kg
wpn_hk21,up_sect_firstf_m249,app_upgrade_bullet_speed:95:speed|ui_inv_accuracy:0.67:pct|st_prop_weight:0.1:kg
wpn_hk21,up_sect_secona_m249,ui_inv_accuracy:1.33:pct|st_prop_weight:0.1:kg
wpn_hk21,up_sect_seconc_m249,ui_inv_handling:2.38:pct|st_prop_weight:0.15:kg
wpn_hk21,up_sect_second_m249,st_prop_reliability:1.2:pct|st_prop_weight:0.15:kg
wpn_hk21,up_sect_secone_m249,st_prop_reliability:2:pct|st_prop_weight:0.2:kg
wpn_hk21,up_sect_thirda_m249,app_upgrade_bullet_speed:95:speed|ui_inv_accuracy:0.67:pct|st_prop_weight:0.15:kg
wpn_hk21,up_sect_thirdc_m249,st_prop_weight:0.2:kg|st_prop_recoil:28.64:pct
wpn_hk21,up_sect_thirde_m249,app_upgrade_bullet_speed:95:speed|ui_inv_accuracy:0.8:pct|st_prop_weight:0.15:kg
wpn_hk21,up_sect_thirdf_m249,ui_inv_accuracy:4:pct|st_prop_weight:0.05:kg
wpn_hk21,up_sect_fourta_m249,ui_inv_handling:2.38:pct|st_prop_weight:-0.8:kg
wpn_hk21,up_sect_fourtc_m249,st_prop_weight:0.15:kg|st_prop_recoil:16.4:pct
wpn_hk21,up_sect_fourte_m249,ui_inv_handling:2.38:pct|st_prop_weight:0.1:kg
wpn_hk21,up_sect_fiftha_m249,st_prop_weight:0.13:kg|st_prop_recoil:29.29:pct
wpn_hk21,up_sect_fifthc_m249,ui_inv_handling:4.76:pct|st_prop_weight:-0.08:kg
wpn_hk416,up_sect_firsta_g36,st_prop_reliability:2:pct|st_prop_weight:0.1:kg
wpn_hk416,up_sect_firstc_g36,ui_inv_accuracy:1.33:pct|st_prop_weight:0.11:kg
wpn_hk416,up_sect_firste_g36,ui_inv_handling:3.57:pct|st_prop_weight:0.05:kg
wpn_hk416,up_sect_firstf_g36,ui_inv_accuracy:2.67:pct|st_prop_weight:0.18:kg
wpn_hk416,up_sect_secona_g36,st_prop_weight:0.15:kg|st_prop_recoil:15.47:pct
wpn_hk416,up_sect_seconc_g36,ui_inv_handling:2.38:pct|st_prop_weight:0.1:kg
wpn_hk416,up_sect_second_g36,st_prop_weight:0.15:kg|st_prop_recoil:15.47:pct
wpn_hk416,up_sect_secone_g36,app_upgrade_bullet_speed:85:speed|ui_inv_accuracy:0.67:pct|st_prop_weight:0.1:kg
wpn_hk416,up_sect_thirda_g36,ui_inv_accuracy:1.33:pct|st_prop_weight:0.05:kg
wpn_hk416,up_sect_thirdc_g36,st_prop_weight:0.2:kg|st_prop_recoil:15.47:pct
wpn_hk416,up_sect_thirde_g36,app_upgrade_bullet_speed:85:speed|ui_inv_accuracy:0.67:pct|st_prop_weight:0.1:kg
wpn_hk416,up_sect_thirdf_g36,ui_inv_accuracy:2:pct|st_prop_weight:0.15:kg
wpn_hk416,up_sect_fourta_g36,st_prop_weight:0.1:kg|ui_inv_rate_of_fire:35:rpm
wpn_hk416,up_sect_fourtc_g36,ui_inv_handling:1.19:pct|st_prop_weight:-0.4:kg
wpn_hk416,up_sect_fourte_g36,st_prop_reliability:1.5:pct|st_prop_weight:0.2:kg
wpn_hk416,up_sect_fourtf_g36,ui_inv_handling:1.67:pct|st_prop_weight:-0.06:kg
wpn_hk417,up_sect_firsta_sig550,st_prop_weight:0.1:kg|ui_inv_rate_of_fire:35:rpm
wpn_hk417,up_sect_firstc_sig550,st_prop_weight:0.15:kg|st_prop_recoil:0.16:pct
wpn_hk417,up_sect_firstd_sig550,st_prop_reliability:3:pct|st_prop_weight:0.16:kg
wpn_hk417,up_sect_firste_sig550,st_prop_weight:0.18:kg|st_prop_recoil:0.16:pct
wpn_hk417,up_sect_secona_sig550,st_prop_weight:0.1:kg|st_prop_recoil:0.16:pct
wpn_hk417,up_sect_seconc_sig550,ui_inv_accuracy:3.33:pct|st_prop_weight:0.15:kg
wpn_hk417,up_sect_secone_sig550,st_prop_weight:0.18:kg|st_prop_recoil:0.33:pct
wpn_hk417,up_sect_seconf_sig550,ui_inv_accuracy:5:pct|st_prop_weight:0.2:kg
wpn_hk417,up_sect_thirda_sig550,st_prop_reliability:1.5:pct|st_prop_weight:0.19:kg
wpn_hk417,up_sect_thirdc_sig550,st_prop_weight:0.1:kg|ui_inv_rate_of_fire:35:rpm
wpn_hk417,up_sect_thirdd_sig550,app_upgrade_bullet_speed:98:speed|ui_inv_accuracy:1:pct|st_prop_weight:0.2:kg
wpn_hk417,up_sect_thirde_sig550,st_prop_weight:0.18:kg|ui_inv_rate_of_fire:70:rpm
wpn_hk417,up_sect_fourta_sig550,ui_inv_handling:2.38:pct|st_prop_weight:-0.91:kg
wpn_hk417,up_sect_fourtc_sig550,ui_inv_handling:1.67:pct|st_prop_weight:0.1:kg
wpn_hk417,up_sect_fourte_sig550,ui_inv_handling:3.1:pct|st_prop_weight:-0.12:kg
wpn_hk417,up_sect_fourtf_sig550,app_upgrade_bullet_speed:98:speed|ui_inv_accuracy:1:pct|st_prop_weight:0.15:kg
wpn_hk417,up_sect_fiftha_sig550,ui_inv_handling:2.38:pct|st_prop_weight:0.1:kg
wpn_howa20,up_sect_firsta_g36,st_prop_reliability:2:pct|st_prop_weight:0.1:kg
wpn_howa20,up_sect_firstc_g36,ui_inv_accuracy:1.33:pct|st_prop_weight:0.11:kg
wpn_howa20,up_sect_firste_g36,ui_inv_handling:3.57:pct|st_prop_weight:0.05:kg
wpn_howa20,up_sect_firstf_g36,ui_inv_accuracy:2.67:pct|st_prop_weight:0.18:kg
wpn_howa20,up_sect_secona_g36,st_prop_weight:0.15:kg|st_prop_recoil:16.15:pct
wpn_howa20,up_sect_seconc_g36,ui_inv_handling:2.38:pct|st_prop_weight:0.1:kg
wpn_howa20,up_sect_second_g36,st_prop_weight:0.15:kg|st_prop_recoil:16.15:pct
wpn_howa20,up_sect_secone_g36,app_upgrade_bullet_speed:85:speed|ui_inv_accuracy:0.67:pct|st_prop_weight:0.1:kg
wpn_howa20,up_sect_thirda_g36,ui_inv_accuracy:1.33:pct|st_prop_weight:0.05:kg
wpn_howa20,up_sect_thirdc_g36,st_prop_weight:0.2:kg|st_prop_recoil:16.15:pct
wpn_howa20,up_sect_thirde_g36,app_upgrade_bullet_speed:85:speed|ui_inv_accuracy:0.67:pct|st_prop_weight:0.1:kg
wpn_howa20,up_sect_thirdf_g36,ui_inv_accuracy:2:pct|st_prop_weight:0.15:kg
wpn_howa20,up_sect_fourta_g36,st_prop_weight:0.1:kg|ui_inv_rate_of_fire:35:rpm
wpn_howa20,up_sect_fourtc_g36,ui_inv_handling:1.19:pct|st_prop_weight:-0.4:kg
wpn_howa20,up_sect_fourte_g36,st_prop_reliability:1.5:pct|st_prop_weight:0.2:kg
wpn_howa20,up_sect_fourtf_g36,ui_inv_handling:1.67:pct|st_prop_weight:-0.06:kg
wpn_hpsa,up_sect_firsta_sig220,st_prop_weight:0.1:kg|ui_inv_rate_of_fire:20:rpm
wpn_hpsa,up_sect_firstc_sig220,st_prop_reliability:1.5:pct|st_prop_weight:0.18:kg
wpn_hpsa,up_sect_firstd_sig220,app_upgrade_bullet_speed:56:speed|ui_inv_accuracy:1.33:pct|st_prop_weight:0.13:kg
wpn_hpsa,up_sect_firste_sig220,st_prop_weight:0.14:kg|ui_inv_rate_of_fire:275:rpm
wpn_hpsa,up_sect_secona_sig220,app_upgrade_bullet_speed:28:speed|ui_inv_accuracy:0.67:pct|st_prop_weight:0.1:kg
wpn_hpsa,up_sect_seconc_sig220,st_prop_reliability:1.5:pct|st_prop_weight:0.16:kg
wpn_hpsa,up_sect_secone_sig220,st_prop_weight:0.08:kg|ui_inv_rate_of_fire:30:rpm
wpn_hpsa,up_sect_seconf_sig220,app_upgrade_bullet_speed:84:speed|ui_inv_accuracy:2:pct|st_prop_weight:0.12:kg
wpn_hpsa,up_sect_thirda_sig220,ui_inv_handling:1.19:pct|st_prop_weight:-0.48:kg
wpn_hpsa,up_sect_thirdc_sig220,ui_inv_handling:3.57:pct|st_prop_weight:-0.07:kg
wpn_hpsa,up_sect_thirdd_sig220,st_prop_weight:0.11:kg
wpn_hpsa,up_sect_fourta_sig220,ui_inv_accuracy:3.33:pct|st_prop_weight:0.07:kg
wpn_hpsa,up_sect_fourtc_sig220,st_prop_reliability:1.5:pct|st_prop_weight:0.14:kg
wpn_hpsa,up_sect_fourte_sig220,st_prop_weight:0.06:kg|ui_inv_rate_of_fire:30:rpm
wpn_hpsa,up_sect_fiftha_sig220,st_prop_weight:0.04:kg
wpn_hpsa_226sig_kit,up_sect_firsta_sig220,st_prop_weight:0.1:kg|ui_inv_rate_of_fire:20:rpm
wpn_hpsa_226sig_kit,up_sect_firstc_sig220,st_prop_reliability:1.5:pct|st_prop_weight:0.18:kg
wpn_hpsa_226sig_kit,up_sect_firstd_sig220,app_upgrade_bullet_speed:56:speed|ui_inv_accuracy:1.33:pct|st_prop_weight:0.13:kg
wpn_hpsa_226sig_kit,up_sect_firste_sig220,st_prop_weight:0.14:kg|ui_inv_rate_of_fire:275:rpm
wpn_hpsa_226sig_kit,up_sect_secona_sig220,app_upgrade_bullet_speed:28:speed|ui_inv_accuracy:0.67:pct|st_prop_weight:0.1:kg
wpn_hpsa_226sig_kit,up_sect_seconc_sig220,st_prop_reliability:1.5:pct|st_prop_weight:0.16:kg
wpn_hpsa_226sig_kit,up_sect_secone_sig220,st_prop_weight:0.08:kg|ui_inv_rate_of_fire:30:rpm
wpn_hpsa_226sig_kit,up_sect_seconf_sig220,app_upgrade_bullet_speed:84:speed|ui_inv_accuracy:2:pct|st_prop_weight:0.12:kg
wpn_hpsa_226sig_kit,up_sect_thirda_sig220,ui_inv_handling:1.19:pct|st_prop_weight:-0.48:kg
wpn_hpsa_226sig_kit,up_sect_thirdc_sig220,ui_inv_handling:3.57:pct|st_prop_weight:-0.07:kg
wpn_hpsa_226sig_kit,up_sect_thirdd_sig220,st_prop_weight:0.11:kg
wpn_hpsa_226sig_kit,up_sect_fourta_sig220,ui_inv_accuracy:3.33:pct|st_prop_weight:0.07:kg
wpn_hpsa_226sig_kit,up_sect_fourtc_sig220,st_prop_reliability:1.5:pct|st_prop_weight:0.14:kg
wpn_hpsa_226sig_kit,up_sect_fourte_sig220,st_prop_weight:0.06:kg|ui_inv_rate_of_fire:30:rpm
wpn_hpsa_226sig_kit,up_sect_fiftha_sig220,st_prop_weight:0.04:kg
wpn_ithacam37,up_sect_firsta_mossberg590,st_prop_reliability:1.5:pct|st_prop_weight:0.12:kg
wpn_ithacam37,up_sect_firstc_mossberg590,app_upgrade_bullet_speed:45:speed|ui_inv_accuracy:2:pct|st_prop_weight:0.15:kg
wpn_ithacam37,up_sect_firstd_mossberg590,st_prop_weight:0.15:kg
wpn_ithacam37,up_sect_firste_mossberg590,ui_inv_accuracy:6.67:pct|st_prop_weight:0.1:kg
wpn_ithacam37,up_sect_secona_mossberg590,st_prop_weight:-0.62:kg
wpn_ithacam37,up_sect_seconc_mossberg590,ui_inv_handling:2.38:pct|st_prop_weight:0.05:kg
wpn_ithacam37,up_sect_second_mossberg590,st_prop_reliability:2:pct|st_prop_weight:0.2:kg
wpn_ithacam37,up_sect_secone_mossberg590,st_prop_weight:0.15:kg
wpn_ithacam37,up_sect_thirda_mossberg590,st_prop_reliability:1.5:pct|st_prop_weight:0.2:kg
wpn_ithacam37,up_sect_thirdc_mossberg590,ui_inv_accuracy:6.67:pct|st_prop_weight:0.05:kg
wpn_ithacam37,up_sect_thirdd_mossberg590,st_prop_weight:0.1:kg
wpn_ithacam37,up_sect_thirde_mossberg590,st_prop_reliability:4:pct|st_prop_weight:0.3:kg
wpn_ithacam37,up_sect_thirdf_mossberg590,ui_inv_handling:2.38:pct|st_prop_weight:0.05:kg|ui_inv_rate_of_fire:20:rpm
wpn_ithacam37,up_sect_fourta_mossberg590,ui_inv_handling:1.19:pct|st_prop_weight:-0.12:kg
wpn_ithacam37_mag,up_sect_firsta_mossberg590,st_prop_reliability:1.5:pct|st_prop_weight:0.12:kg
wpn_ithacam37_mag,up_sect_firstc_mossberg590,app_upgrade_bullet_speed:45:speed|ui_inv_accuracy:2:pct|st_prop_weight:0.15:kg
wpn_ithacam37_mag,up_sect_firstd_mossberg590,st_prop_weight:0.15:kg|st_prop_recoil:0.09:pct
wpn_ithacam37_mag,up_sect_firste_mossberg590,ui_inv_accuracy:6.67:pct|st_prop_weight:0.1:kg
wpn_ithacam37_mag,up_sect_secona_mossberg590,st_prop_weight:-0.62:kg
wpn_ithacam37_mag,up_sect_seconc_mossberg590,ui_inv_handling:2.38:pct|st_prop_weight:0.05:kg
wpn_ithacam37_mag,up_sect_second_mossberg590,st_prop_reliability:2:pct|st_prop_weight:0.2:kg
wpn_ithacam37_mag,up_sect_secone_mossberg590,st_prop_weight:0.15:kg|st_prop_recoil:0.09:pct
wpn_ithacam37_mag,up_sect_thirda_mossberg590,st_prop_reliability:1.5:pct|st_prop_weight:0.2:kg
wpn_ithacam37_mag,up_sect_thirdc_mossberg590,ui_inv_accuracy:6.67:pct|st_prop_weight:0.05:kg
wpn_ithacam37_mag,up_sect_thirdd_mossberg590,st_prop_weight:0.1:kg|st_prop_recoil:0.09:pct
wpn_ithacam37_mag,up_sect_thirde_mossberg590,st_prop_reliability:4:pct|st_prop_weight:0.3:kg
wpn_ithacam37_mag,up_sect_thirdf_mossberg590,ui_inv_handling:2.38:pct|st_prop_weight:0.05:kg|ui_inv_rate_of_fire:20:rpm
wpn_ithacam37_mag,up_sect_fourta_mossberg590,ui_inv_handling:1.19:pct|st_prop_weight:-0.12:kg
wpn_ithacam37_sawnoff,up_sect_firsta_mossberg590,st_prop_reliability:1.5:pct|st_prop_weight:0.12:kg
wpn_ithacam37_sawnoff,up_sect_firstc_mossberg590,app_upgrade_bullet_speed:45:speed|ui_inv_accuracy:2:pct|st_prop_weight:0.15:kg
wpn_ithacam37_sawnoff,up_sect_firstd_mossberg590,st_prop_weight:0.15:kg
wpn_ithacam37_sawnoff,up_sect_firste_mossberg590,ui_inv_accuracy:6.67:pct|st_prop_weight:0.1:kg
wpn_ithacam37_sawnoff,up_sect_secona_mossberg590,st_prop_weight:-0.62:kg
wpn_ithacam37_sawnoff,up_sect_seconc_mossberg590,ui_inv_handling:2.38:pct|st_prop_weight:0.05:kg
wpn_ithacam37_sawnoff,up_sect_second_mossberg590,st_prop_reliability:2:pct|st_prop_weight:0.2:kg
wpn_ithacam37_sawnoff,up_sect_secone_mossberg590,st_prop_weight:0.15:kg
wpn_ithacam37_sawnoff,up_sect_thirda_mossberg590,st_prop_reliability:1.5:pct|st_prop_weight:0.2:kg
wpn_ithacam37_sawnoff,up_sect_thirdc_mossberg590,ui_inv_accuracy:6.67:pct|st_prop_weight:0.05:kg
wpn_ithacam37_sawnoff,up_sect_thirdd_mossberg590,st_prop_weight:0.1:kg
wpn_ithacam37_sawnoff,up_sect_thirde_mossberg590,st_prop_reliability:4:pct|st_prop_weight:0.3:kg
wpn_ithacam37_sawnoff,up_sect_thirdf_mossberg590,ui_inv_handling:2.38:pct|st_prop_weight:0.05:kg|ui_inv_rate_of_fire:20:rpm
wpn_ithacam37_sawnoff,up_sect_fourta_mossberg590,ui_inv_handling:1.19:pct|st_prop_weight:-0.12:kg
wpn_ithacam37_stakeout,up_sect_firsta_mossberg590,st_prop_reliability:1.5:pct|st_prop_weight:0.12:kg
wpn_ithacam37_stakeout,up_sect_firstc_mossberg590,app_upgrade_bullet_speed:45:speed|ui_inv_accuracy:2:pct|st_prop_weight:0.15:kg
wpn_ithacam37_stakeout,up_sect_firstd_mossberg590,st_prop_weight:0.15:kg|st_prop_recoil:0.03:pct
wpn_ithacam37_stakeout,up_sect_firste_mossberg590,ui_inv_accuracy:6.67:pct|st_prop_weight:0.1:kg
wpn_ithacam37_stakeout,up_sect_secona_mossberg590,st_prop_weight:-0.62:kg
wpn_ithacam37_stakeout,up_sect_seconc_mossberg590,ui_inv_handling:2.38:pct|st_prop_weight:0.05:kg
wpn_ithacam37_stakeout,up_sect_second_mossberg590,st_prop_reliability:2:pct|st_prop_weight:0.2:kg
wpn_ithacam37_stakeout,up_sect_secone_mossberg590,st_prop_weight:0.15:kg|st_prop_recoil:0.03:pct
wpn_ithacam37_stakeout,up_sect_thirda_mossberg590,st_prop_reliability:1.5:pct|st_prop_weight:0.2:kg
wpn_ithacam37_stakeout,up_sect_thirdc_mossberg590,ui_inv_accuracy:6.67:pct|st_prop_weight:0.05:kg
wpn_ithacam37_stakeout,up_sect_thirdd_mossberg590,st_prop_weight:0.1:kg|st_prop_recoil:0.03:pct
wpn_ithacam37_stakeout,up_sect_thirde_mossberg590,st_prop_reliability:4:pct|st_prop_weight:0.3:kg
wpn_ithacam37_stakeout,up_sect_thirdf_mossberg590,ui_inv_handling:2.38:pct|st_prop_weight:0.05:kg|ui_inv_rate_of_fire:20:rpm
wpn_ithacam37_stakeout,up_sect_fourta_mossberg590,ui_inv_handling:1.19:pct|st_prop_weight:-0.12:kg
wpn_ithacam37_stakeout_20x70,up_sect_firsta_mossberg590,st_prop_reliability:1.5:pct|st_prop_weight:0.12:kg
wpn_ithacam37_stakeout_20x70,up_sect_firstc_mossberg590,app_upgrade_bullet_speed:45:speed|ui_inv_accuracy:2:pct|st_prop_weight:0.15:kg
wpn_ithacam37_stakeout_20x70,up_sect_firstd_mossberg590,st_prop_weight:0.15:kg|st_prop_recoil:0.31:pct
wpn_ithacam37_stakeout_20x70,up_sect_firste_mossberg590,ui_inv_accuracy:6.67:pct|st_prop_weight:0.1:kg
wpn_ithacam37_stakeout_20x70,up_sect_secona_mossberg590,st_prop_weight:-0.62:kg
wpn_ithacam37_stakeout_20x70,up_sect_seconc_mossberg590,ui_inv_handling:2.38:pct|st_prop_weight:0.05:kg
wpn_ithacam37_stakeout_20x70,up_sect_second_mossberg590,st_prop_reliability:2:pct|st_prop_weight:0.2:kg
wpn_ithacam37_stakeout_20x70,up_sect_secone_mossberg590,st_prop_weight:0.15:kg|st_prop_recoil:0.31:pct
wpn_ithacam37_stakeout_20x70,up_sect_thirda_mossberg590,st_prop_reliability:1.5:pct|st_prop_weight:0.2:kg
wpn_ithacam37_stakeout_20x70,up_sect_thirdc_mossberg590,ui_inv_accuracy:6.67:pct|st_prop_weight:0.05:kg
wpn_ithacam37_stakeout_20x70,up_sect_thirdd_mossberg590,st_prop_weight:0.1:kg|st_prop_recoil:0.31:pct
wpn_ithacam37_stakeout_20x70,up_sect_thirde_mossberg590,st_prop_reliability:4:pct|st_prop_weight:0.3:kg
wpn_ithacam37_stakeout_20x70,up_sect_thirdf_mossberg590,ui_inv_handling:2.38:pct|st_prop_weight:0.05:kg|ui_inv_rate_of_fire:20:rpm
wpn_ithacam37_stakeout_20x70,up_sect_fourta_mossberg590,ui_inv_handling:1.19:pct|st_prop_weight:-0.12:kg
wpn_ithacam37_trench,up_sect_firsta_mossberg590,st_prop_reliability:1.5:pct|st_prop_weight:0.12:kg
wpn_ithacam37_trench,up_sect_firstc_mossberg590,app_upgrade_bullet_speed:45:speed|ui_inv_accuracy:2:pct|st_prop_weight:0.15:kg
wpn_ithacam37_trench,up_sect_firstd_mossberg590,st_prop_weight:0.15:kg|st_prop_recoil:0.18:pct
wpn_ithacam37_trench,up_sect_firste_mossberg590,ui_inv_accuracy:6.67:pct|st_prop_weight:0.1:kg
wpn_ithacam37_trench,up_sect_secona_mossberg590,st_prop_weight:-0.62:kg
wpn_ithacam37_trench,up_sect_seconc_mossberg590,ui_inv_handling:2.38:pct|st_prop_weight:0.05:kg
wpn_ithacam37_trench,up_sect_second_mossberg590,st_prop_reliability:2:pct|st_prop_weight:0.2:kg
wpn_ithacam37_trench,up_sect_secone_mossberg590,st_prop_weight:0.15:kg|st_prop_recoil:0.18:pct
wpn_ithacam37_trench,up_sect_thirda_mossberg590,st_prop_reliability:1.5:pct|st_prop_weight:0.2:kg
wpn_ithacam37_trench,up_sect_thirdc_mossberg590,ui_inv_accuracy:6.67:pct|st_prop_weight:0.05:kg
wpn_ithacam37_trench,up_sect_thirdd_mossberg590,st_prop_weight:0.1:kg|st_prop_recoil:0.18:pct
wpn_ithacam37_trench,up_sect_thirde_mossberg590,st_prop_reliability:4:pct|st_prop_weight:0.3:kg
wpn_ithacam37_trench,up_sect_thirdf_mossberg590,ui_inv_handling:2.38:pct|st_prop_weight:0.05:kg|ui_inv_rate_of_fire:20:rpm
wpn_ithacam37_trench,up_sect_fourta_mossberg590,ui_inv_handling:1.19:pct|st_prop_weight:-0.12:kg
wpn_k98,up_sect_firsta_k98,st_prop_reliability:5:pct|st_prop_weight:0.09:kg
wpn_k98,up_sect_firstc_k98,ui_inv_accuracy:3:pct|st_prop_weight:0.06:kg
wpn_k98,up_sect_firstd_k98,app_upgrade_bullet_speed:55:speed|ui_inv_accuracy:0.67:pct|st_prop_weight:0.1:kg
wpn_k98,up_sect_secona_k98,st_prop_weight:-0.4:kg
wpn_k98,up_sect_seconc_k98,ui_inv_handling:4.76:pct|st_prop_weight:-0.03:kg
wpn_k98,up_sect_secone_k98,st_prop_weight:0.06:kg|st_prop_recoil:1.87:pct
wpn_k98,up_sect_seconf_k98,app_upgrade_bullet_speed:60:speed|ui_inv_accuracy:1.07:pct|st_prop_weight:0.08:kg
wpn_k98,up_sect_thirda_k98,st_prop_weight:0.02:kg
wpn_k98,up_sect_thirdc_k98,app_upgrade_bullet_speed:90:speed|st_prop_reliability:-3:pct|st_prop_weight:0.2:kg
wpn_k98,up_sect_thirdd_k98,st_prop_reliability:-2:pct|st_prop_weight:0.2:kg
wpn_k98_mauser_kit,up_sect_firsta_sv98,ui_inv_handling:4.76:pct|st_prop_weight:-0.21:kg
wpn_k98_mauser_kit,up_sect_firstc_sv98,ui_inv_accuracy:1:pct|st_prop_weight:0.15:kg
wpn_k98_mauser_kit,up_sect_firstd_sv98,ui_inv_handling:9.52:pct|st_prop_weight:-0.23:kg
wpn_k98_mauser_kit,up_sect_firste_sv98,app_upgrade_bullet_speed:200:speed|ui_inv_accuracy:0.33:pct|st_prop_weight:0.16:kg
wpn_k98_mauser_kit,up_sect_firstf_sv98,st_prop_weight:0.17:kg|ui_inv_rate_of_fire:35:rpm
wpn_k98_mauser_kit,up_sect_secona_sv98,st_prop_reliability:9:pct
wpn_k98_mauser_kit,up_sect_seconc_sv98,st_prop_weight:0.22:kg
wpn_k98_mauser_kit,up_sect_second_sv98,ui_inv_accuracy:1:pct|st_prop_weight:0.16:kg
wpn_k98_mauser_kit,up_sect_thirda_sv98,st_prop_weight:0.18:kg
wpn_k98_mauser_kit,up_sect_thirdc_sv98,ui_inv_handling:9.52:pct|st_prop_weight:-0.2:kg
wpn_k98_mauser_kit,up_sect_thirde_sv98,st_prop_weight:0.16:kg
wpn_k98_mod,up_sect_firsta_sv98,ui_inv_handling:4.76:pct|st_prop_weight:-0.21:kg
wpn_k98_mod,up_sect_firstc_sv98,ui_inv_accuracy:1:pct|st_prop_weight:0.15:kg
wpn_k98_mod,up_sect_firstd_sv98,ui_inv_handling:9.52:pct|st_prop_weight:-0.23:kg
wpn_k98_mod,up_sect_firste_sv98,app_upgrade_bullet_speed:200:speed|ui_inv_accuracy:0.33:pct|st_prop_weight:0.16:kg
wpn_k98_mod,up_sect_firstf_sv98,st_prop_weight:0.17:kg|ui_inv_rate_of_fire:35:rpm
wpn_k98_mod,up_sect_secona_sv98,st_prop_reliability:9:pct
wpn_k98_mod,up_sect_seconc_sv98,st_prop_weight:0.22:kg|st_prop_recoil:2.78:pct
wpn_k98_mod,up_sect_second_sv98,ui_inv_accuracy:1:pct|st_prop_weight:0.16:kg
wpn_k98_mod,up_sect_thirda_sv98,st_prop_weight:0.18:kg|st_prop_recoil:2.78:pct
wpn_k98_mod,up_sect_thirdc_sv98,ui_inv_handling:9.52:pct|st_prop_weight:-0.2:kg
wpn_k98_mod,up_sect_thirde_sv98,st_prop_weight:0.16:kg|st_prop_recoil:2.78:pct
wpn_k98_mod_silen98,up_sect_firsta_sv98,ui_inv_handling:4.76:pct|st_prop_weight:-0.21:kg
wpn_k98_mod_silen98,up_sect_firstc_sv98,ui_inv_accuracy:1:pct|st_prop_weight:0.15:kg
wpn_k98_mod_silen98,up_sect_firstd_sv98,ui_inv_handling:9.52:pct|st_prop_weight:-0.23:kg
wpn_k98_mod_silen98,up_sect_firste_sv98,app_upgrade_bullet_speed:200:speed|ui_inv_accuracy:0.33:pct|st_prop_weight:0.16:kg
wpn_k98_mod_silen98,up_sect_firstf_sv98,st_prop_weight:0.17:kg|ui_inv_rate_of_fire:35:rpm
wpn_k98_mod_silen98,up_sect_secona_sv98,st_prop_reliability:9:pct
wpn_k98_mod_silen98,up_sect_seconc_sv98,st_prop_weight:0.22:kg|st_prop_recoil:5.85:pct
wpn_k98_mod_silen98,up_sect_second_sv98,ui_inv_accuracy:1:pct|st_prop_weight:0.16:kg
wpn_k98_mod_silen98,up_sect_thirda_sv98,st_prop_weight:0.18:kg|st_prop_recoil:5.85:pct
wpn_k98_mod_silen98,up_sect_thirdc_sv98,ui_inv_handling:9.52:pct|st_prop_weight:-0.2:kg
wpn_k98_mod_silen98,up_sect_thirde_sv98,st_prop_weight:0.16:kg|st_prop_recoil:5.85:pct
wpn_kiparis,up_sect_firsta_kiparis,st_prop_weight:0.08:kg|ui_inv_rate_of_fire:27:rpm
wpn_kiparis,up_sect_firstc_kiparis,st_prop_reliability:2:pct|st_prop_weight:0.09:kg
wpn_kiparis,up_sect_firstd_kiparis,st_prop_weight:0.04:kg
wpn_kiparis,up_sect_secona_kiparis,ui_inv_handling:4.76:pct
wpn_kiparis,up_sect_seconc_kiparis,app_upgrade_bullet_speed:70:speed|ui_inv_accuracy:2.33:pct|st_prop_weight:0.11:kg
wpn_kiparis,up_sect_second_kiparis,st_prop_reliability:2:pct|st_prop_weight:0.08:kg
wpn_kiparis,up_sect_secone_kiparis,st_prop_weight:0.06:kg|ui_inv_rate_of_fire:40:rpm
wpn_kiparis,up_sect_thirda_kiparis,st_prop_reliability:1.5:pct|st_prop_weight:0.13:kg
wpn_kiparis,up_sect_thirdc_kiparis,ui_inv_handling:4.76:pct|st_prop_weight:-0.32:kg
wpn_kiparis,up_sect_thirdd_kiparis,st_prop_weight:-0.07:kg
wpn_kiparis,up_sect_fourta_kiparis,ui_inv_accuracy:3.33:pct|st_prop_weight:-0.08:kg
wpn_kiparis,up_sect_fourtc_kiparis,st_prop_reliability:2:pct|st_prop_weight:0.11:kg
wpn_kiparis,up_sect_fiftha_kiparis,ui_inv_accuracy:1.33:pct|st_prop_weight:0.05:kg
wpn_kiparis,up_sect_fourta_kiparis,ui_inv_accuracy:3.33:pct|st_prop_weight:-0.08:kg
wpn_kiparis_ots2_upgr_kit,up_sect_firsta_kiparis,st_prop_weight:0.08:kg|ui_inv_rate_of_fire:27:rpm
wpn_kiparis_ots2_upgr_kit,up_sect_firstc_kiparis,st_prop_reliability:2:pct|st_prop_weight:0.09:kg
wpn_kiparis_ots2_upgr_kit,up_sect_firstd_kiparis,st_prop_weight:0.04:kg
wpn_kiparis_ots2_upgr_kit,up_sect_secona_kiparis,ui_inv_handling:4.76:pct
wpn_kiparis_ots2_upgr_kit,up_sect_seconc_kiparis,app_upgrade_bullet_speed:70:speed|ui_inv_accuracy:2.33:pct|st_prop_weight:0.11:kg
wpn_kiparis_ots2_upgr_kit,up_sect_second_kiparis,st_prop_reliability:2:pct|st_prop_weight:0.08:kg
wpn_kiparis_ots2_upgr_kit,up_sect_secone_kiparis,st_prop_weight:0.06:kg|ui_inv_rate_of_fire:40:rpm
wpn_kiparis_ots2_upgr_kit,up_sect_thirda_kiparis,st_prop_reliability:1.5:pct|st_prop_weight:0.13:kg
wpn_kiparis_ots2_upgr_kit,up_sect_thirdc_kiparis,ui_inv_handling:4.76:pct|st_prop_weight:-0.32:kg
wpn_kiparis_ots2_upgr_kit,up_sect_thirdd_kiparis,st_prop_weight:-0.07:kg
wpn_kiparis_ots2_upgr_kit,up_sect_fourta_kiparis,ui_inv_accuracy:3.33:pct|st_prop_weight:-0.08:kg
wpn_kiparis_ots2_upgr_kit,up_sect_fourtc_kiparis,st_prop_reliability:2:pct|st_prop_weight:0.11:kg
wpn_kiparis_ots2_upgr_kit,up_sect_fiftha_kiparis,ui_inv_accuracy:1.33:pct|st_prop_weight:0.05:kg
wpn_kiparis_ots2_upgr_kit,up_sect_fourta_kiparis,ui_inv_accuracy:3.33:pct|st_prop_weight:-0.08:kg
wpn_korth,up_sect_firsta_fn57,app_upgrade_bullet_speed:30:speed|st_prop_weight:0.08:kg
wpn_korth,up_sect_firstd_fn57,app_upgrade_bullet_speed:70:speed|ui_inv_accuracy:1.33:pct
wpn_korth,up_sect_firste_fn57,st_prop_weight:0.09:kg|ui_inv_rate_of_fire:250:rpm
wpn_korth,up_sect_secona_fn57,app_upgrade_bullet_speed:35:speed
wpn_korth,up_sect_seconc_fn57,st_prop_reliability:4:pct
wpn_korth,up_sect_secone_fn57,ui_inv_rate_of_fire:60:rpm
wpn_korth,up_sect_seconf_fn57,app_upgrade_bullet_speed:100:speed|ui_inv_accuracy:1.33:pct
wpn_korth,up_sect_thirda_fn57,st_prop_reliability:3:pct
wpn_korth,up_sect_thirdc_fn57,ui_inv_handling:4.76:pct
wpn_korth,up_sect_fourta_fn57,ui_inv_accuracy:4.67:pct
wpn_korth,up_sect_fourtc_fn57,st_prop_reliability:4:pct
wpn_korth,up_sect_fiftha_fn57,ui_inv_rate_of_fire:45:rpm
wpn_korth_custom,up_sect_firsta_fn57,app_upgrade_bullet_speed:30:speed|st_prop_weight:0.08:kg
wpn_korth_custom,up_sect_firstd_fn57,app_upgrade_bullet_speed:70:speed|ui_inv_accuracy:1.33:pct
wpn_korth_custom,up_sect_firste_fn57,st_prop_weight:0.09:kg|ui_inv_rate_of_fire:250:rpm
wpn_korth_custom,up_sect_secona_fn57,app_upgrade_bullet_speed:35:speed
wpn_korth_custom,up_sect_seconc_fn57,st_prop_reliability:4:pct
wpn_korth_custom,up_sect_secone_fn57,ui_inv_rate_of_fire:60:rpm
wpn_korth_custom,up_sect_seconf_fn57,app_upgrade_bullet_speed:100:speed|ui_inv_accuracy:1.33:pct
wpn_korth_custom,up_sect_thirda_fn57,st_prop_reliability:3:pct
wpn_korth_custom,up_sect_thirdc_fn57,ui_inv_handling:4.76:pct
wpn_korth_custom,up_sect_fourta_fn57,ui_inv_accuracy:4.67:pct
wpn_korth_custom,up_sect_fourtc_fn57,st_prop_reliability:4:pct
wpn_korth_custom,up_sect_fiftha_fn57,ui_inv_rate_of_fire:45:rpm
wpn_kriss_vector,up_sect_firsta_vector,st_prop_weight:0.08:kg|ui_inv_rate_of_fire:27:rpm
wpn_kriss_vector,up_sect_firstc_vector,st_prop_reliability:2:pct|st_prop_weight:0.09:kg
wpn_kriss_vector,up_sect_firstd_vector,st_prop_weight:0.04:kg
wpn_kriss_vector,up_sect_secona_vector,ui_inv_handling:4.76:pct
wpn_kriss_vector,up_sect_seconc_vector,app_upgrade_bullet_speed:70:speed|ui_inv_accuracy:2.33:pct|st_prop_weight:0.11:kg
wpn_kriss_vector,up_sect_second_vector,st_prop_reliability:2:pct|st_prop_weight:0.08:kg
wpn_kriss_vector,up_sect_secone_vector,st_prop_weight:0.06:kg|ui_inv_rate_of_fire:40:rpm
wpn_kriss_vector,up_sect_thirda_vector,st_prop_reliability:1.5:pct|st_prop_weight:0.13:kg
wpn_kriss_vector,up_sect_thirdc_vector,ui_inv_handling:4.76:pct|st_prop_weight:-0.32:kg
wpn_kriss_vector,up_sect_thirdd_vector,st_prop_weight:-0.07:kg
wpn_kriss_vector,up_sect_fourta_vector,ui_inv_accuracy:3.33:pct|st_prop_weight:-0.08:kg
wpn_kriss_vector,up_sect_fourtc_vector,st_prop_reliability:2:pct|st_prop_weight:0.11:kg
wpn_kriss_vector,up_sect_fiftha_vector,ui_inv_accuracy:1.33:pct|st_prop_weight:0.05:kg
wpn_kriss_vector,up_sect_fifthc_kiparis,app_upgrade_bullet_speed:60:speed|st_prop_reliability:-1.3:pct|st_prop_weight:0.11:kg
wpn_ks23,up_sect_firsta_mp133,st_prop_reliability:1.5:pct|st_prop_weight:0.12:kg
wpn_ks23,up_sect_firstc_mp133,app_upgrade_bullet_speed:45:speed|ui_inv_accuracy:2:pct|st_prop_weight:0.15:kg
wpn_ks23,up_sect_firstd_mp133,st_prop_weight:0.15:kg|st_prop_recoil:0.09:pct
wpn_ks23,up_sect_firste_mp133,ui_inv_accuracy:6.67:pct|st_prop_weight:0.1:kg
wpn_ks23,up_sect_secona_mp133,st_prop_weight:-0.5:kg
wpn_ks23,up_sect_seconc_mp133,ui_inv_handling:2.38:pct|st_prop_weight:0.05:kg
wpn_ks23,up_sect_second_mp133,st_prop_reliability:2:pct|st_prop_weight:0.2:kg
wpn_ks23,up_sect_secone_mp133,ui_inv_handling:2.38:pct|st_prop_weight:-0.12:kg
wpn_ks23,up_sect_thirda_mp133,st_prop_reliability:1.5:pct|st_prop_weight:0.2:kg
wpn_ks23,up_sect_thirdc_mp133,ui_inv_accuracy:6.67:pct|st_prop_weight:0.05:kg
wpn_ks23,up_sect_thirdd_mp133,st_prop_weight:0.1:kg|st_prop_recoil:0.09:pct
wpn_ks23,up_sect_thirde_mp133,st_prop_reliability:4:pct|st_prop_weight:0.3:kg
wpn_ks23,up_sect_thirdf_mp133,st_prop_weight:0.05:kg|ui_inv_rate_of_fire:15:rpm
wpn_ks23,up_sect_fourta_mp133,ui_inv_handling:1.19:pct|st_prop_weight:-0.12:kg
wpn_ks23_23_up,up_sect_firsta_mp133,st_prop_reliability:1.5:pct|st_prop_weight:0.12:kg
wpn_ks23_23_up,up_sect_firstc_mp133,app_upgrade_bullet_speed:45:speed|ui_inv_accuracy:2:pct|st_prop_weight:0.15:kg
wpn_ks23_23_up,up_sect_firstd_mp133,st_prop_weight:0.15:kg|st_prop_recoil:0.09:pct
wpn_ks23_23_up,up_sect_firste_mp133,ui_inv_accuracy:6.67:pct|st_prop_weight:0.1:kg
wpn_ks23_23_up,up_sect_secona_mp133,st_prop_weight:-0.5:kg
wpn_ks23_23_up,up_sect_seconc_mp133,ui_inv_handling:2.38:pct|st_prop_weight:0.05:kg
wpn_ks23_23_up,up_sect_second_mp133,st_prop_reliability:2:pct|st_prop_weight:0.2:kg
wpn_ks23_23_up,up_sect_secone_mp133,ui_inv_handling:2.38:pct|st_prop_weight:-0.12:kg
wpn_ks23_23_up,up_sect_thirda_mp133,st_prop_reliability:1.5:pct|st_prop_weight:0.2:kg
wpn_ks23_23_up,up_sect_thirdc_mp133,ui_inv_accuracy:6.67:pct|st_prop_weight:0.05:kg
wpn_ks23_23_up,up_sect_thirdd_mp133,st_prop_weight:0.1:kg|st_prop_recoil:0.09:pct
wpn_ks23_23_up,up_sect_thirde_mp133,st_prop_reliability:4:pct|st_prop_weight:0.3:kg
wpn_ks23_23_up,up_sect_thirdf_mp133,st_prop_weight:0.05:kg|ui_inv_rate_of_fire:15:rpm
wpn_ks23_23_up,up_sect_fourta_mp133,ui_inv_handling:1.19:pct|st_prop_weight:-0.12:kg
wpn_ks23_ecolog,up_sect_firsta_mp133,st_prop_reliability:1.5:pct|st_prop_weight:0.12:kg
wpn_ks23_ecolog,up_sect_firstc_mp133,app_upgrade_bullet_speed:45:speed|ui_inv_accuracy:2:pct|st_prop_weight:0.15:kg
wpn_ks23_ecolog,up_sect_firstd_mp133,st_prop_weight:0.15:kg|st_prop_recoil:0.09:pct
wpn_ks23_ecolog,up_sect_firste_mp133,ui_inv_accuracy:6.67:pct|st_prop_weight:0.1:kg
wpn_ks23_ecolog,up_sect_secona_mp133,st_prop_weight:-0.5:kg
wpn_ks23_ecolog,up_sect_seconc_mp133,ui_inv_handling:2.38:pct|st_prop_weight:0.05:kg
wpn_ks23_ecolog,up_sect_second_mp133,st_prop_reliability:2:pct|st_prop_weight:0.2:kg
wpn_ks23_ecolog,up_sect_secone_mp133,ui_inv_handling:2.38:pct|st_prop_weight:-0.12:kg
wpn_ks23_ecolog,up_sect_thirda_mp133,st_prop_reliability:1.5:pct|st_prop_weight:0.2:kg
wpn_ks23_ecolog,up_sect_thirdc_mp133,ui_inv_accuracy:6.67:pct|st_prop_weight:0.05:kg
wpn_ks23_ecolog,up_sect_thirdd_mp133,st_prop_weight:0.1:kg|st_prop_recoil:0.09:pct
wpn_ks23_ecolog,up_sect_thirde_mp133,st_prop_reliability:4:pct|st_prop_weight:0.3:kg
wpn_ks23_ecolog,up_sect_thirdf_mp133,st_prop_weight:0.05:kg|ui_inv_rate_of_fire:15:rpm
wpn_ks23_ecolog,up_sect_fourta_mp133,ui_inv_handling:1.19:pct|st_prop_weight:-0.12:kg
wpn_ks23_kaban,up_sect_firsta_mp133,st_prop_reliability:1.5:pct|st_prop_weight:0.12:kg
wpn_ks23_kaban,up_sect_firstc_mp133,app_upgrade_bullet_speed:45:speed|ui_inv_accuracy:2:pct|st_prop_weight:0.15:kg
wpn_ks23_kaban,up_sect_firstd_mp133,st_prop_weight:0.15:kg|st_prop_recoil:0.09:pct
wpn_ks23_kaban,up_sect_firste_mp133,ui_inv_accuracy:6.67:pct|st_prop_weight:0.1:kg
wpn_ks23_kaban,up_sect_secona_mp133,st_prop_weight:-0.5:kg
wpn_ks23_kaban,up_sect_seconc_mp133,ui_inv_handling:2.38:pct|st_prop_weight:0.05:kg
wpn_ks23_kaban,up_sect_second_mp133,st_prop_reliability:2:pct|st_prop_weight:0.2:kg
wpn_ks23_kaban,up_sect_secone_mp133,ui_inv_handling:2.38:pct|st_prop_weight:-0.12:kg
wpn_ks23_kaban,up_sect_thirda_mp133,st_prop_reliability:1.5:pct|st_prop_weight:0.2:kg
wpn_ks23_kaban,up_sect_thirdc_mp133,ui_inv_accuracy:6.67:pct|st_prop_weight:0.05:kg
wpn_ks23_kaban,up_sect_thirdd_mp133,st_prop_weight:0.1:kg|st_prop_recoil:0.09:pct
wpn_ks23_kaban,up_sect_thirde_mp133,st_prop_reliability:4:pct|st_prop_weight:0.3:kg
wpn_ks23_kaban,up_sect_thirdf_mp133,st_prop_weight:0.05:kg|ui_inv_rate_of_fire:15:rpm
wpn_ks23_kaban,up_sect_fourta_mp133,ui_inv_handling:1.19:pct|st_prop_weight:-0.12:kg
wpn_ks23_kaban_kab_up,up_sect_firsta_mp133,st_prop_reliability:1.5:pct|st_prop_weight:0.12:kg
wpn_ks23_kaban_kab_up,up_sect_firstc_mp133,app_upgrade_bullet_speed:45:speed|ui_inv_accuracy:2:pct|st_prop_weight:0.15:kg
wpn_ks23_kaban_kab_up,up_sect_firstd_mp133,st_prop_weight:0.15:kg|st_prop_recoil:0.09:pct
wpn_ks23_kaban_kab_up,up_sect_firste_mp133,ui_inv_accuracy:6.67:pct|st_prop_weight:0.1:kg
wpn_ks23_kaban_kab_up,up_sect_secona_mp133,st_prop_weight:-0.5:kg
wpn_ks23_kaban_kab_up,up_sect_seconc_mp133,ui_inv_handling:2.38:pct|st_prop_weight:0.05:kg
wpn_ks23_kaban_kab_up,up_sect_second_mp133,st_prop_reliability:2:pct|st_prop_weight:0.2:kg
wpn_ks23_kaban_kab_up,up_sect_secone_mp133,ui_inv_handling:2.38:pct|st_prop_weight:-0.12:kg
wpn_ks23_kaban_kab_up,up_sect_thirda_mp133,st_prop_reliability:1.5:pct|st_prop_weight:0.2:kg
wpn_ks23_kaban_kab_up,up_sect_thirdc_mp133,ui_inv_accuracy:6.67:pct|st_prop_weight:0.05:kg
wpn_ks23_kaban_kab_up,up_sect_thirdd_mp133,st_prop_weight:0.1:kg|st_prop_recoil:0.09:pct
wpn_ks23_kaban_kab_up,up_sect_thirde_mp133,st_prop_reliability:4:pct|st_prop_weight:0.3:kg
wpn_ks23_kaban_kab_up,up_sect_thirdf_mp133,st_prop_weight:0.05:kg|ui_inv_rate_of_fire:15:rpm
wpn_ks23_kaban_kab_up,up_sect_fourta_mp133,ui_inv_handling:1.19:pct|st_prop_weight:-0.12:kg
wpn_ks23_vorkuta,up_sect_firsta_mp133,st_prop_reliability:1.5:pct|st_prop_weight:0.12:kg
wpn_ks23_vorkuta,up_sect_firstc_mp133,app_upgrade_bullet_speed:45:speed|ui_inv_accuracy:2:pct|st_prop_weight:0.15:kg
wpn_ks23_vorkuta,up_sect_firstd_mp133,st_prop_weight:0.15:kg|st_prop_recoil:0.09:pct
wpn_ks23_vorkuta,up_sect_firste_mp133,ui_inv_accuracy:6.67:pct|st_prop_weight:0.1:kg
wpn_ks23_vorkuta,up_sect_secona_mp133,st_prop_weight:-0.5:kg
wpn_ks23_vorkuta,up_sect_seconc_mp133,ui_inv_handling:2.38:pct|st_prop_weight:0.05:kg
wpn_ks23_vorkuta,up_sect_second_mp133,st_prop_reliability:2:pct|st_prop_weight:0.2:kg
wpn_ks23_vorkuta,up_sect_secone_mp133,ui_inv_handling:2.38:pct|st_prop_weight:-0.12:kg
wpn_ks23_vorkuta,up_sect_thirda_mp133,st_prop_reliability:1.5:pct|st_prop_weight:0.2:kg
wpn_ks23_vorkuta,up_sect_thirdc_mp133,ui_inv_accuracy:6.67:pct|st_prop_weight:0.05:kg
wpn_ks23_vorkuta,up_sect_thirdd_mp133,st_prop_weight:0.1:kg|st_prop_recoil:0.09:pct
wpn_ks23_vorkuta,up_sect_thirde_mp133,st_prop_reliability:4:pct|st_prop_weight:0.3:kg
wpn_ks23_vorkuta,up_sect_thirdf_mp133,st_prop_weight:0.05:kg|ui_inv_rate_of_fire:15:rpm
wpn_ks23_vorkuta,up_sect_fourta_mp133,ui_inv_handling:1.19:pct|st_prop_weight:-0.12:kg
wpn_ksg23,up_sect_firsta_mossberg590,st_prop_reliability:1.5:pct|st_prop_weight:0.12:kg
wpn_ksg23,up_sect_firstc_mossberg590,app_upgrade_bullet_speed:45:speed|ui_inv_accuracy:2:pct|st_prop_weight:0.15:kg
wpn_ksg23,up_sect_firstd_mossberg590,st_prop_weight:0.15:kg|st_prop_recoil:0.05:pct
wpn_ksg23,up_sect_firste_mossberg590,ui_inv_accuracy:6.67:pct|st_prop_weight:0.1:kg
wpn_ksg23,up_sect_secona_mossberg590,st_prop_weight:-0.62:kg
wpn_ksg23,up_sect_seconc_mossberg590,ui_inv_handling:2.38:pct|st_prop_weight:0.05:kg
wpn_ksg23,up_sect_second_mossberg590,st_prop_reliability:2:pct|st_prop_weight:0.2:kg
wpn_ksg23,up_sect_secone_mossberg590,st_prop_weight:0.15:kg|st_prop_recoil:0.05:pct
wpn_ksg23,up_sect_thirda_mossberg590,st_prop_reliability:1.5:pct|st_prop_weight:0.2:kg
wpn_ksg23,up_sect_thirdc_mossberg590,ui_inv_accuracy:6.67:pct|st_prop_weight:0.05:kg
wpn_ksg23,up_sect_thirdd_mossberg590,st_prop_weight:0.1:kg|st_prop_recoil:0.05:pct
wpn_ksg23,up_sect_thirde_mossberg590,st_prop_reliability:4:pct|st_prop_weight:0.3:kg
wpn_ksg23,up_sect_thirdf_mossberg590,ui_inv_handling:2.38:pct|st_prop_weight:0.05:kg|ui_inv_rate_of_fire:20:rpm
wpn_ksg23,up_sect_fourta_mossberg590,ui_inv_handling:1.19:pct|st_prop_weight:-0.12:kg
wpn_l85,up_sect_firsta_g36,st_prop_reliability:2:pct|st_prop_weight:0.1:kg
wpn_l85,up_sect_firstc_g36,ui_inv_accuracy:1.33:pct|st_prop_weight:0.11:kg
wpn_l85,up_sect_firste_g36,ui_inv_handling:3.57:pct|st_prop_weight:0.05:kg
wpn_l85,up_sect_firstf_g36,ui_inv_accuracy:2.67:pct|st_prop_weight:0.18:kg
wpn_l85,up_sect_secona_g36,st_prop_weight:0.15:kg|st_prop_recoil:25.04:pct
wpn_l85,up_sect_seconc_g36,ui_inv_handling:2.38:pct|st_prop_weight:0.1:kg
wpn_l85,up_sect_second_g36,st_prop_weight:0.15:kg|st_prop_recoil:25.04:pct
wpn_l85,up_sect_secone_g36,app_upgrade_bullet_speed:85:speed|ui_inv_accuracy:0.67:pct|st_prop_weight:0.1:kg
wpn_l85,up_sect_thirda_g36,ui_inv_accuracy:1.33:pct|st_prop_weight:0.05:kg
wpn_l85,up_sect_thirdc_g36,st_prop_weight:0.2:kg|st_prop_recoil:25.04:pct
wpn_l85,up_sect_thirde_g36,app_upgrade_bullet_speed:85:speed|ui_inv_accuracy:0.67:pct|st_prop_weight:0.1:kg
wpn_l85,up_sect_thirdf_g36,ui_inv_accuracy:2:pct|st_prop_weight:0.15:kg
wpn_l85,up_sect_fourta_g36,st_prop_weight:0.1:kg|ui_inv_rate_of_fire:35:rpm
wpn_l85,up_sect_fourtc_g36,ui_inv_handling:1.19:pct|st_prop_weight:-0.4:kg
wpn_l85,up_sect_fourte_g36,st_prop_reliability:1.5:pct|st_prop_weight:0.2:kg
wpn_l85,up_sect_fourtf_g36,ui_inv_handling:1.67:pct|st_prop_weight:-0.06:kg
wpn_l85_m1,up_sect_firsta_g36,st_prop_reliability:2:pct|st_prop_weight:0.1:kg
wpn_l85_m1,up_sect_firstc_g36,ui_inv_accuracy:1.33:pct|st_prop_weight:0.11:kg
wpn_l85_m1,up_sect_firste_g36,ui_inv_handling:3.57:pct|st_prop_weight:0.05:kg
wpn_l85_m1,up_sect_firstf_g36,ui_inv_accuracy:2.67:pct|st_prop_weight:0.18:kg
wpn_l85_m1,up_sect_secona_g36,st_prop_weight:0.15:kg|st_prop_recoil:21.74:pct
wpn_l85_m1,up_sect_seconc_g36,ui_inv_handling:2.38:pct|st_prop_weight:0.1:kg
wpn_l85_m1,up_sect_second_g36,st_prop_weight:0.15:kg|st_prop_recoil:21.74:pct
wpn_l85_m1,up_sect_secone_g36,app_upgrade_bullet_speed:85:speed|ui_inv_accuracy:0.67:pct|st_prop_weight:0.1:kg
wpn_l85_m1,up_sect_thirda_g36,ui_inv_accuracy:1.33:pct|st_prop_weight:0.05:kg
wpn_l85_m1,up_sect_thirdc_g36,st_prop_weight:0.2:kg|st_prop_recoil:21.74:pct
wpn_l85_m1,up_sect_thirde_g36,app_upgrade_bullet_speed:85:speed|ui_inv_accuracy:0.67:pct|st_prop_weight:0.1:kg
wpn_l85_m1,up_sect_thirdf_g36,ui_inv_accuracy:2:pct|st_prop_weight:0.15:kg
wpn_l85_m1,up_sect_fourta_g36,st_prop_weight:0.1:kg|ui_inv_rate_of_fire:35:rpm
wpn_l85_m1,up_sect_fourtc_g36,ui_inv_handling:1.19:pct|st_prop_weight:-0.4:kg
wpn_l85_m1,up_sect_fourte_g36,st_prop_reliability:1.5:pct|st_prop_weight:0.2:kg
wpn_l85_m1,up_sect_fourtf_g36,ui_inv_handling:1.67:pct|st_prop_weight:-0.06:kg
wpn_l85_m2,up_sect_firsta_g36,st_prop_reliability:2:pct|st_prop_weight:0.1:kg
wpn_l85_m2,up_sect_firstc_g36,ui_inv_accuracy:1.33:pct|st_prop_weight:0.11:kg
wpn_l85_m2,up_sect_firste_g36,ui_inv_handling:3.57:pct|st_prop_weight:0.05:kg
wpn_l85_m2,up_sect_firstf_g36,ui_inv_accuracy:2.67:pct|st_prop_weight:0.18:kg
wpn_l85_m2,up_sect_secona_g36,st_prop_weight:0.15:kg|st_prop_recoil:23:pct
wpn_l85_m2,up_sect_seconc_g36,ui_inv_handling:2.38:pct|st_prop_weight:0.1:kg
wpn_l85_m2,up_sect_second_g36,st_prop_weight:0.15:kg|st_prop_recoil:23:pct
wpn_l85_m2,up_sect_secone_g36,app_upgrade_bullet_speed:85:speed|ui_inv_accuracy:0.67:pct|st_prop_weight:0.1:kg
wpn_l85_m2,up_sect_thirda_g36,ui_inv_accuracy:1.33:pct|st_prop_weight:0.05:kg
wpn_l85_m2,up_sect_thirdc_g36,st_prop_weight:0.2:kg|st_prop_recoil:23:pct
wpn_l85_m2,up_sect_thirde_g36,app_upgrade_bullet_speed:85:speed|ui_inv_accuracy:0.67:pct|st_prop_weight:0.1:kg
wpn_l85_m2,up_sect_thirdf_g36,ui_inv_accuracy:2:pct|st_prop_weight:0.15:kg
wpn_l85_m2,up_sect_fourta_g36,st_prop_weight:0.1:kg|ui_inv_rate_of_fire:35:rpm
wpn_l85_m2,up_sect_fourtc_g36,ui_inv_handling:1.19:pct|st_prop_weight:-0.4:kg
wpn_l85_m2,up_sect_fourte_g36,st_prop_reliability:1.5:pct|st_prop_weight:0.2:kg
wpn_l85_m2,up_sect_fourtf_g36,ui_inv_handling:1.67:pct|st_prop_weight:-0.06:kg
wpn_l85_m3,up_sect_firsta_g36,st_prop_reliability:2:pct|st_prop_weight:0.1:kg
wpn_l85_m3,up_sect_firstc_g36,ui_inv_accuracy:1.33:pct|st_prop_weight:0.11:kg
wpn_l85_m3,up_sect_firste_g36,ui_inv_handling:3.57:pct|st_prop_weight:0.05:kg
wpn_l85_m3,up_sect_firstf_g36,ui_inv_accuracy:2.67:pct|st_prop_weight:0.18:kg
wpn_l85_m3,up_sect_secona_g36,st_prop_weight:0.15:kg|st_prop_recoil:27.1:pct
wpn_l85_m3,up_sect_seconc_g36,ui_inv_handling:2.38:pct|st_prop_weight:0.1:kg
wpn_l85_m3,up_sect_second_g36,st_prop_weight:0.15:kg|st_prop_recoil:27.1:pct
wpn_l85_m3,up_sect_secone_g36,app_upgrade_bullet_speed:85:speed|ui_inv_accuracy:0.67:pct|st_prop_weight:0.1:kg
wpn_l85_m3,up_sect_thirda_g36,ui_inv_accuracy:1.33:pct|st_prop_weight:0.05:kg
wpn_l85_m3,up_sect_thirdc_g36,st_prop_weight:0.2:kg|st_prop_recoil:27.1:pct
wpn_l85_m3,up_sect_thirde_g36,app_upgrade_bullet_speed:85:speed|ui_inv_accuracy:0.67:pct|st_prop_weight:0.1:kg
wpn_l85_m3,up_sect_thirdf_g36,ui_inv_accuracy:2:pct|st_prop_weight:0.15:kg
wpn_l85_m3,up_sect_fourta_g36,st_prop_weight:0.1:kg|ui_inv_rate_of_fire:35:rpm
wpn_l85_m3,up_sect_fourtc_g36,ui_inv_handling:1.19:pct|st_prop_weight:-0.4:kg
wpn_l85_m3,up_sect_fourte_g36,st_prop_reliability:1.5:pct|st_prop_weight:0.2:kg
wpn_l85_m3,up_sect_fourtf_g36,ui_inv_handling:1.67:pct|st_prop_weight:-0.06:kg
wpn_l85_modern,up_sect_firsta_g36,st_prop_reliability:2:pct|st_prop_weight:0.1:kg
wpn_l85_modern,up_sect_firstc_g36,ui_inv_accuracy:1.33:pct|st_prop_weight:0.11:kg
wpn_l85_modern,up_sect_firste_g36,ui_inv_handling:3.57:pct|st_prop_weight:0.05:kg
wpn_l85_modern,up_sect_firstf_g36,ui_inv_accuracy:2.67:pct|st_prop_weight:0.18:kg
wpn_l85_modern,up_sect_secona_g36,st_prop_weight:0.15:kg|st_prop_recoil:25.04:pct
wpn_l85_modern,up_sect_seconc_g36,ui_inv_handling:2.38:pct|st_prop_weight:0.1:kg
wpn_l85_modern,up_sect_second_g36,st_prop_weight:0.15:kg|st_prop_recoil:25.04:pct
wpn_l85_modern,up_sect_secone_g36,app_upgrade_bullet_speed:85:speed|ui_inv_accuracy:0.67:pct|st_prop_weight:0.1:kg
wpn_l85_modern,up_sect_thirda_g36,ui_inv_accuracy:1.33:pct|st_prop_weight:0.05:kg
wpn_l85_modern,up_sect_thirdc_g36,st_prop_weight:0.2:kg|st_prop_recoil:25.04:pct
wpn_l85_modern,up_sect_thirde_g36,app_upgrade_bullet_speed:85:speed|ui_inv_accuracy:0.67:pct|st_prop_weight:0.1:kg
wpn_l85_modern,up_sect_thirdf_g36,ui_inv_accuracy:2:pct|st_prop_weight:0.15:kg
wpn_l85_modern,up_sect_fourta_g36,st_prop_weight:0.1:kg|ui_inv_rate_of_fire:35:rpm
wpn_l85_modern,up_sect_fourtc_g36,ui_inv_handling:1.19:pct|st_prop_weight:-0.4:kg
wpn_l85_modern,up_sect_fourte_g36,st_prop_reliability:1.5:pct|st_prop_weight:0.2:kg
wpn_l85_modern,up_sect_fourtf_g36,ui_inv_handling:1.67:pct|st_prop_weight:-0.06:kg
wpn_l96a1,up_sect_firsta_l96a1,ui_inv_handling:4.76:pct|st_prop_weight:-0.21:kg
wpn_l96a1,up_sect_firstc_l96a1,ui_inv_accuracy:1:pct|st_prop_weight:0.15:kg
wpn_l96a1,up_sect_firstd_l96a1,ui_inv_handling:9.52:pct|st_prop_weight:-0.23:kg
wpn_l96a1,up_sect_firste_l96a1,app_upgrade_bullet_speed:200:speed|ui_inv_accuracy:0.33:pct|st_prop_weight:0.16:kg
wpn_l96a1,up_sect_firstf_l96a1,st_prop_weight:0.03:kg|ui_inv_rate_of_fire:5:rpm
wpn_l96a1,up_sect_secona_l96a1,st_prop_reliability:9:pct
wpn_l96a1,up_sect_seconc_l96a1,st_prop_weight:0.22:kg|st_prop_recoil:1.45:pct
wpn_l96a1,up_sect_second_l96a1,ui_inv_accuracy:1:pct|st_prop_weight:0.16:kg
wpn_l96a1,up_sect_thirda_l96a1,st_prop_weight:0.18:kg|st_prop_recoil:1.45:pct
wpn_l96a1,up_sect_thirdc_l96a1,ui_inv_handling:9.52:pct|st_prop_weight:-0.2:kg
wpn_l96a1,up_sect_thirde_l96a1,st_prop_reliability:-2:pct
wpn_l96a1,up_sect_fourtc_l96a1,st_prop_weight:0.01:kg
wpn_l96a1,up_sect_fourte_l96a1,st_prop_weight:0.27:kg
wpn_l96a1,up_sect_fourtf_l96a1,st_prop_weight:0.05:kg
wpn_l96a1m,up_sect_firsta_l96a1,ui_inv_handling:4.76:pct|st_prop_weight:-0.21:kg
wpn_l96a1m,up_sect_firstc_l96a1,ui_inv_accuracy:1:pct|st_prop_weight:0.15:kg
wpn_l96a1m,up_sect_firstd_l96a1,ui_inv_handling:9.52:pct|st_prop_weight:-0.23:kg
wpn_l96a1m,up_sect_firste_l96a1,app_upgrade_bullet_speed:200:speed|ui_inv_accuracy:0.33:pct|st_prop_weight:0.16:kg
wpn_l96a1m,up_sect_firstf_l96a1,st_prop_weight:0.03:kg|ui_inv_rate_of_fire:5:rpm
wpn_l96a1m,up_sect_secona_l96a1,st_prop_reliability:9:pct
wpn_l96a1m,up_sect_seconc_l96a1,st_prop_weight:0.22:kg|st_prop_recoil:1.45:pct
wpn_l96a1m,up_sect_second_l96a1,ui_inv_accuracy:1:pct|st_prop_weight:0.16:kg
wpn_l96a1m,up_sect_thirda_l96a1,st_prop_weight:0.18:kg|st_prop_recoil:1.45:pct
wpn_l96a1m,up_sect_thirdc_l96a1,ui_inv_handling:9.52:pct|st_prop_weight:-0.2:kg
wpn_l96a1m,up_sect_thirde_l96a1m,st_prop_weight:0.16:kg|st_prop_recoil:1.45:pct
wpn_l96a1m,up_sect_fourtc_l96a1,st_prop_weight:0.01:kg
wpn_l96a1m,up_sect_fourte_l96a1,st_prop_weight:0.27:kg
wpn_l96a1m,up_sect_fourtf_l96a1,st_prop_weight:0.05:kg
wpn_lr300,up_sect_firsta_g36,st_prop_reliability:2:pct|st_prop_weight:0.1:kg
wpn_lr300,up_sect_firstc_g36,ui_inv_accuracy:1.33:pct|st_prop_weight:0.11:kg
wpn_lr300,up_sect_firste_g36,ui_inv_handling:3.57:pct|st_prop_weight:0.05:kg
wpn_lr300,up_sect_firstf_g36,ui_inv_accuracy:2.67:pct|st_prop_weight:0.18:kg
wpn_lr300,up_sect_secona_g36,st_prop_weight:0.15:kg|st_prop_recoil:13:pct
wpn_lr300,up_sect_seconc_g36,ui_inv_handling:2.38:pct|st_prop_weight:0.1:kg
wpn_lr300,up_sect_second_g36,st_prop_weight:0.15:kg|st_prop_recoil:13:pct
wpn_lr300,up_sect_secone_g36,app_upgrade_bullet_speed:85:speed|ui_inv_accuracy:0.67:pct|st_prop_weight:0.1:kg
wpn_lr300,up_sect_thirda_g36,ui_inv_accuracy:1.33:pct|st_prop_weight:0.05:kg
wpn_lr300,up_sect_thirdc_g36,st_prop_weight:0.2:kg|st_prop_recoil:13:pct
wpn_lr300,up_sect_thirde_g36,app_upgrade_bullet_speed:85:speed|ui_inv_accuracy:0.67:pct|st_prop_weight:0.1:kg
wpn_lr300,up_sect_thirdf_g36,ui_inv_accuracy:2:pct|st_prop_weight:0.15:kg
wpn_lr300,up_sect_fourta_g36,st_prop_weight:0.1:kg|ui_inv_rate_of_fire:35:rpm
wpn_lr300,up_sect_fourtc_g36,ui_inv_handling:1.19:pct|st_prop_weight:-0.4:kg
wpn_lr300,up_sect_fourte_g36,st_prop_reliability:1.5:pct|st_prop_weight:0.2:kg
wpn_lr300,up_sect_fourtf_g36,ui_inv_handling:1.67:pct|st_prop_weight:-0.06:kg
wpn_lr300_camo,up_sect_firsta_g36,st_prop_reliability:2:pct|st_prop_weight:0.1:kg
wpn_lr300_camo,up_sect_firstc_g36,ui_inv_accuracy:1.33:pct|st_prop_weight:0.11:kg
wpn_lr300_camo,up_sect_firste_g36,ui_inv_handling:3.57:pct|st_prop_weight:0.05:kg
wpn_lr300_camo,up_sect_firstf_g36,ui_inv_accuracy:2.67:pct|st_prop_weight:0.18:kg
wpn_lr300_camo,up_sect_secona_g36,st_prop_weight:0.15:kg|st_prop_recoil:13:pct
wpn_lr300_camo,up_sect_seconc_g36,ui_inv_handling:2.38:pct|st_prop_weight:0.1:kg
wpn_lr300_camo,up_sect_second_g36,st_prop_weight:0.15:kg|st_prop_recoil:13:pct
wpn_lr300_camo,up_sect_secone_g36,app_upgrade_bullet_speed:85:speed|ui_inv_accuracy:0.67:pct|st_prop_weight:0.1:kg
wpn_lr300_camo,up_sect_thirda_g36,ui_inv_accuracy:1.33:pct|st_prop_weight:0.05:kg
wpn_lr300_camo,up_sect_thirdc_g36,st_prop_weight:0.2:kg|st_prop_recoil:13:pct
wpn_lr300_camo,up_sect_thirde_g36,app_upgrade_bullet_speed:85:speed|ui_inv_accuracy:0.67:pct|st_prop_weight:0.1:kg
wpn_lr300_camo,up_sect_thirdf_g36,ui_inv_accuracy:2:pct|st_prop_weight:0.15:kg
wpn_lr300_camo,up_sect_fourta_g36,st_prop_weight:0.1:kg|ui_inv_rate_of_fire:35:rpm
wpn_lr300_camo,up_sect_fourtc_g36,ui_inv_handling:1.19:pct|st_prop_weight:-0.4:kg
wpn_lr300_camo,up_sect_fourte_g36,st_prop_reliability:1.5:pct|st_prop_weight:0.2:kg
wpn_lr300_camo,up_sect_fourtf_g36,ui_inv_handling:1.67:pct|st_prop_weight:-0.06:kg
wpn_m16,up_sect_firsta_m4,st_prop_reliability:1:pct|st_prop_weight:0.1:kg
wpn_m16,up_sect_firstc_m4,app_upgrade_bullet_speed:83:speed|ui_inv_accuracy:0.67:pct|st_prop_weight:0.1:kg
wpn_m16,up_sect_firstd_m4,st_prop_weight:0.15:kg|ui_inv_rate_of_fire:45:rpm
wpn_m16,up_sect_firste_m4,st_prop_reliability:3:pct|st_prop_weight:0.25:kg
wpn_m16,up_sect_secona_m4,st_prop_weight:0.15:kg|st_prop_recoil:21.96:pct
wpn_m16,up_sect_seconc_m4,st_prop_reliability:1.5:pct|st_prop_weight:0.15:kg
wpn_m16,up_sect_secone_m4,st_prop_weight:0.1:kg|st_prop_recoil:21.96:pct
wpn_m16,up_sect_seconf_m4,ui_inv_accuracy:2:pct|st_prop_weight:0.1:kg
wpn_m16,up_sect_thirda_m4,ui_inv_handling:1.19:pct|st_prop_weight:0.05:kg
wpn_m16,up_sect_thirdc_m4,ui_inv_accuracy:2:pct|st_prop_weight:0.1:kg
wpn_m16,up_sect_thirdd_m4,st_prop_weight:0.15:kg|ui_inv_rate_of_fire:95:rpm
wpn_m16,up_sect_thirde_m4,st_prop_weight:0.1:kg|ui_inv_rate_of_fire:45:rpm
wpn_m16,up_sect_fourta_m4,ui_inv_handling:1.19:pct|st_prop_weight:-0.6:kg
wpn_m16,up_sect_fourtc_m4,ui_inv_handling:2.38:pct|st_prop_weight:0.1:kg
wpn_m16,up_sect_fourte_m4,ui_inv_handling:3.57:pct|st_prop_weight:0.2:kg
wpn_m16,up_sect_fourtf_m4,app_upgrade_bullet_speed:83:speed|ui_inv_accuracy:0.67:pct|st_prop_weight:0.2:kg
wpn_m16,up_sect_fiftha_m4,st_prop_weight:0.1:kg|ui_inv_rate_of_fire:35:rpm
wpn_m16a2,up_sect_firsta_m4,st_prop_reliability:1:pct|st_prop_weight:0.1:kg
wpn_m16a2,up_sect_firstc_m4,app_upgrade_bullet_speed:83:speed|ui_inv_accuracy:0.67:pct|st_prop_weight:0.1:kg
wpn_m16a2,up_sect_firstd_m4,st_prop_weight:0.15:kg|ui_inv_rate_of_fire:45:rpm
wpn_m16a2,up_sect_firste_m4,st_prop_reliability:3:pct|st_prop_weight:0.25:kg
wpn_m16a2,up_sect_secona_m4,st_prop_weight:0.15:kg|st_prop_recoil:27.78:pct
wpn_m16a2,up_sect_seconc_m4,st_prop_reliability:1.5:pct|st_prop_weight:0.15:kg
wpn_m16a2,up_sect_secone_m4,st_prop_weight:0.1:kg|st_prop_recoil:27.78:pct
wpn_m16a2,up_sect_seconf_m4,ui_inv_accuracy:2:pct|st_prop_weight:0.1:kg
wpn_m16a2,up_sect_thirda_m4,ui_inv_handling:1.19:pct|st_prop_weight:0.05:kg
wpn_m16a2,up_sect_thirdc_m4,ui_inv_accuracy:2:pct|st_prop_weight:0.1:kg
wpn_m16a2,up_sect_thirdd_m4,st_prop_weight:0.15:kg|ui_inv_rate_of_fire:95:rpm
wpn_m16a2,up_sect_thirde_m4,st_prop_weight:0.1:kg|ui_inv_rate_of_fire:45:rpm
wpn_m16a2,up_sect_fourta_m4,ui_inv_handling:1.19:pct|st_prop_weight:-0.6:kg
wpn_m16a2,up_sect_fourtc_m4,ui_inv_handling:2.38:pct|st_prop_weight:0.1:kg
wpn_m16a2,up_sect_fourte_m4,ui_inv_handling:3.57:pct|st_prop_weight:0.2:kg
wpn_m16a2,up_sect_fourtf_m4,app_upgrade_bullet_speed:83:speed|ui_inv_accuracy:0.67:pct|st_prop_weight:0.2:kg
wpn_m16a2,up_sect_fiftha_m4,st_prop_weight:0.1:kg|ui_inv_rate_of_fire:35:rpm
wpn_m24,up_sect_firsta_m24,ui_inv_handling:4.76:pct|st_prop_weight:-0.21:kg
wpn_m24,up_sect_firstc_m24,ui_inv_accuracy:0.8:pct|st_prop_weight:0.15:kg
wpn_m24,up_sect_firstd_m24,ui_inv_handling:9.52:pct|st_prop_weight:-0.23:kg
wpn_m24,up_sect_firste_m24,app_upgrade_bullet_speed:200:speed|ui_inv_accuracy:0.33:pct|st_prop_weight:0.16:kg
wpn_m24,up_sect_secona_m24,st_prop_reliability:9:pct
wpn_m24,up_sect_seconc_m24,st_prop_weight:0.22:kg|st_prop_recoil:2.19:pct
wpn_m24,up_sect_second_m24,ui_inv_accuracy:0.8:pct|st_prop_weight:0.16:kg
wpn_m24,up_sect_thirda_m24,st_prop_weight:0.18:kg|st_prop_recoil:2.19:pct
wpn_m24,up_sect_thirdc_m24,ui_inv_handling:9.52:pct|st_prop_weight:-0.2:kg
wpn_m24,up_sect_thirde_m24,st_prop_weight:0.16:kg|st_prop_recoil:2.19:pct
wpn_m24,up_sect_fourtc_m24,app_upgrade_bullet_speed:40:speed|ui_inv_accuracy:0.67:pct|st_prop_weight:0.1:kg
wpn_m24,up_sect_fourte_m24,st_prop_weight:0.27:kg
wpn_m24,up_sect_fourtf_m24,st_prop_weight:0.05:kg
wpn_m249,up_sect_firsta_m249,st_prop_weight:0.15:kg|st_prop_recoil:21.24:pct
wpn_m249,up_sect_firstc_m249,ui_inv_handling:2.38:pct|st_prop_weight:0.1:kg
wpn_m249,up_sect_firste_m249,st_prop_reliability:2:pct|st_prop_weight:0.2:kg
wpn_m249,up_sect_firstf_m249,app_upgrade_bullet_speed:95:speed|ui_inv_accuracy:0.67:pct|st_prop_weight:0.1:kg
wpn_m249,up_sect_secona_m249,ui_inv_accuracy:1.33:pct|st_prop_weight:0.1:kg
wpn_m249,up_sect_seconc_m249,ui_inv_handling:2.38:pct|st_prop_weight:0.15:kg
wpn_m249,up_sect_second_m249,st_prop_reliability:1.2:pct|st_prop_weight:0.15:kg
wpn_m249,up_sect_secone_m249,st_prop_reliability:2:pct|st_prop_weight:0.2:kg
wpn_m249,up_sect_thirda_m249,app_upgrade_bullet_speed:95:speed|ui_inv_accuracy:0.67:pct|st_prop_weight:0.15:kg
wpn_m249,up_sect_thirdc_m249,st_prop_weight:0.2:kg|st_prop_recoil:37.09:pct
wpn_m249,up_sect_thirde_m249,app_upgrade_bullet_speed:95:speed|ui_inv_accuracy:0.8:pct|st_prop_weight:0.15:kg
wpn_m249,up_sect_thirdf_m249,ui_inv_accuracy:4:pct|st_prop_weight:0.05:kg
wpn_m249,up_sect_fourta_m249,ui_inv_handling:2.38:pct|st_prop_weight:-0.8:kg
wpn_m249,up_sect_fourtc_m249,st_prop_weight:0.15:kg|st_prop_recoil:21.24:pct
wpn_m249,up_sect_fourte_m249,ui_inv_handling:2.38:pct|st_prop_weight:0.1:kg
wpn_m249,up_sect_fiftha_m249,st_prop_weight:0.13:kg|st_prop_recoil:37.93:pct
wpn_m249,up_sect_fifthc_m249,ui_inv_handling:4.76:pct|st_prop_weight:-0.08:kg
wpn_m4,up_sect_firsta_m4,st_prop_reliability:1:pct|st_prop_weight:0.1:kg
wpn_m4,up_sect_firstc_m4,app_upgrade_bullet_speed:83:speed|ui_inv_accuracy:0.67:pct|st_prop_weight:0.1:kg
wpn_m4,up_sect_firstd_m4,st_prop_weight:0.15:kg|ui_inv_rate_of_fire:45:rpm
wpn_m4,up_sect_firste_m4,st_prop_reliability:3:pct|st_prop_weight:0.25:kg
wpn_m4,up_sect_secona_m4,st_prop_weight:0.15:kg|st_prop_recoil:15.05:pct
wpn_m4,up_sect_seconc_m4,st_prop_reliability:1.5:pct|st_prop_weight:0.15:kg
wpn_m4,up_sect_secone_m4,st_prop_weight:0.1:kg|st_prop_recoil:15.05:pct
wpn_m4,up_sect_seconf_m4,ui_inv_accuracy:2:pct|st_prop_weight:0.1:kg
wpn_m4,up_sect_thirda_m4,ui_inv_handling:1.19:pct|st_prop_weight:0.05:kg
wpn_m4,up_sect_thirdc_m4,ui_inv_accuracy:2:pct|st_prop_weight:0.1:kg
wpn_m4,up_sect_thirdd_m4,st_prop_weight:0.15:kg|ui_inv_rate_of_fire:95:rpm
wpn_m4,up_sect_thirde_m4,st_prop_weight:0.1:kg|ui_inv_rate_of_fire:45:rpm
wpn_m4,up_sect_fourta_m4,ui_inv_handling:1.19:pct|st_prop_weight:-0.6:kg
wpn_m4,up_sect_fourtc_m4,ui_inv_handling:2.38:pct|st_prop_weight:0.1:kg
wpn_m4,up_sect_fourte_m4,ui_inv_handling:3.57:pct|st_prop_weight:0.2:kg
wpn_m4,up_sect_fourtf_m4,app_upgrade_bullet_speed:83:speed|ui_inv_accuracy:0.67:pct|st_prop_weight:0.2:kg
wpn_m4,up_sect_fiftha_m4,st_prop_weight:0.1:kg|ui_inv_rate_of_fire:35:rpm
wpn_m45a1,up_sect_firsta_fn57,app_upgrade_bullet_speed:30:speed|st_prop_weight:0.08:kg
wpn_m45a1,up_sect_firstd_fn57,app_upgrade_bullet_speed:70:speed|ui_inv_accuracy:1.33:pct
wpn_m45a1,up_sect_firste_fn57,st_prop_weight:0.09:kg|ui_inv_rate_of_fire:250:rpm
wpn_m45a1,up_sect_secona_fn57,app_upgrade_bullet_speed:35:speed
wpn_m45a1,up_sect_seconc_fn57,st_prop_reliability:4:pct
wpn_m45a1,up_sect_secone_fn57,ui_inv_rate_of_fire:60:rpm
wpn_m45a1,up_sect_seconf_fn57,app_upgrade_bullet_speed:100:speed|ui_inv_accuracy:1.33:pct
wpn_m45a1,up_sect_thirda_fn57,st_prop_reliability:3:pct
wpn_m45a1,up_sect_thirdc_fn57,ui_inv_handling:4.76:pct
wpn_m45a1,up_sect_fourta_fn57,ui_inv_accuracy:4.67:pct
wpn_m45a1,up_sect_fourtc_fn57,st_prop_reliability:4:pct
wpn_m45a1,up_sect_fiftha_fn57,ui_inv_rate_of_fire:45:rpm
wpn_m4_butcher,up_sect_firsta_g36,st_prop_reliability:2:pct|st_prop_weight:0.1:kg
wpn_m4_butcher,up_sect_firstc_g36,ui_inv_accuracy:1.33:pct|st_prop_weight:0.11:kg
wpn_m4_butcher,up_sect_firste_g36,ui_inv_handling:3.57:pct|st_prop_weight:0.05:kg
wpn_m4_butcher,up_sect_firstf_g36,ui_inv_accuracy:2.67:pct|st_prop_weight:0.18:kg
wpn_m4_butcher,up_sect_secona_g36,st_prop_weight:0.15:kg|st_prop_recoil:14.07:pct
wpn_m4_butcher,up_sect_seconc_g36,ui_inv_handling:2.38:pct|st_prop_weight:0.1:kg
wpn_m4_butcher,up_sect_second_g36,st_prop_weight:0.15:kg|st_prop_recoil:14.07:pct
wpn_m4_butcher,up_sect_secone_g36,app_upgrade_bullet_speed:85:speed|ui_inv_accuracy:0.67:pct|st_prop_weight:0.1:kg
wpn_m4_butcher,up_sect_thirda_g36,ui_inv_accuracy:1.33:pct|st_prop_weight:0.05:kg
wpn_m4_butcher,up_sect_thirdc_g36,st_prop_weight:0.2:kg|st_prop_recoil:14.07:pct
wpn_m4_butcher,up_sect_thirde_g36,app_upgrade_bullet_speed:85:speed|ui_inv_accuracy:0.67:pct|st_prop_weight:0.1:kg
wpn_m4_butcher,up_sect_thirdf_g36,ui_inv_accuracy:2:pct|st_prop_weight:0.15:kg
wpn_m4_butcher,up_sect_fourta_g36,st_prop_weight:0.1:kg|ui_inv_rate_of_fire:35:rpm
wpn_m4_butcher,up_sect_fourtc_g36,ui_inv_handling:1.19:pct|st_prop_weight:-0.4:kg
wpn_m4_butcher,up_sect_fourte_g36,st_prop_reliability:1.5:pct|st_prop_weight:0.2:kg
wpn_m4_butcher,up_sect_fourtf_g36,ui_inv_handling:1.67:pct|st_prop_weight:-0.06:kg
wpn_m4_ru556,up_sect_firsta_g36,st_prop_reliability:2:pct|st_prop_weight:0.1:kg
wpn_m4_ru556,up_sect_firstc_g36,ui_inv_accuracy:1.33:pct|st_prop_weight:0.11:kg
wpn_m4_ru556,up_sect_firste_g36,ui_inv_handling:3.57:pct|st_prop_weight:0.05:kg
wpn_m4_ru556,up_sect_firstf_g36,ui_inv_accuracy:2.67:pct|st_prop_weight:0.18:kg
wpn_m4_ru556,up_sect_secona_g36,st_prop_weight:0.15:kg|st_prop_recoil:16.15:pct
wpn_m4_ru556,up_sect_seconc_g36,ui_inv_handling:2.38:pct|st_prop_weight:0.1:kg
wpn_m4_ru556,up_sect_second_g36,st_prop_weight:0.15:kg|st_prop_recoil:16.15:pct
wpn_m4_ru556,up_sect_secone_g36,app_upgrade_bullet_speed:85:speed|ui_inv_accuracy:0.67:pct|st_prop_weight:0.1:kg
wpn_m4_ru556,up_sect_thirda_g36,ui_inv_accuracy:1.33:pct|st_prop_weight:0.05:kg
wpn_m4_ru556,up_sect_thirdc_g36,st_prop_weight:0.2:kg|st_prop_recoil:16.15:pct
wpn_m4_ru556,up_sect_thirde_g36,app_upgrade_bullet_speed:85:speed|ui_inv_accuracy:0.67:pct|st_prop_weight:0.1:kg
wpn_m4_ru556,up_sect_thirdf_g36,ui_inv_accuracy:2:pct|st_prop_weight:0.15:kg
wpn_m4_ru556,up_sect_fourta_g36,st_prop_weight:0.1:kg|ui_inv_rate_of_fire:35:rpm
wpn_m4_ru556,up_sect_fourtc_g36,ui_inv_handling:1.19:pct|st_prop_weight:-0.4:kg
wpn_m4_ru556,up_sect_fourte_g36,st_prop_reliability:1.5:pct|st_prop_weight:0.2:kg
wpn_m4_ru556,up_sect_fourtf_g36,ui_inv_handling:1.67:pct|st_prop_weight:-0.06:kg
wpn_m4_tac,up_sect_firsta_g36,st_prop_reliability:2:pct|st_prop_weight:0.1:kg
wpn_m4_tac,up_sect_firstc_g36,ui_inv_accuracy:1.33:pct|st_prop_weight:0.11:kg
wpn_m4_tac,up_sect_firste_g36,ui_inv_handling:3.57:pct|st_prop_weight:0.05:kg
wpn_m4_tac,up_sect_firstf_g36,ui_inv_accuracy:2.67:pct|st_prop_weight:0.18:kg
wpn_m4_tac,up_sect_secona_g36,st_prop_weight:0.15:kg|st_prop_recoil:14.07:pct
wpn_m4_tac,up_sect_seconc_g36,ui_inv_handling:2.38:pct|st_prop_weight:0.1:kg
wpn_m4_tac,up_sect_second_g36,st_prop_weight:0.15:kg|st_prop_recoil:14.07:pct
wpn_m4_tac,up_sect_secone_g36,app_upgrade_bullet_speed:85:speed|ui_inv_accuracy:0.67:pct|st_prop_weight:0.1:kg
wpn_m4_tac,up_sect_thirda_g36,ui_inv_accuracy:1.33:pct|st_prop_weight:0.05:kg
wpn_m4_tac,up_sect_thirdc_g36,st_prop_weight:0.2:kg|st_prop_recoil:14.07:pct
wpn_m4_tac,up_sect_thirde_g36,app_upgrade_bullet_speed:85:speed|ui_inv_accuracy:0.67:pct|st_prop_weight:0.1:kg
wpn_m4_tac,up_sect_thirdf_g36,ui_inv_accuracy:2:pct|st_prop_weight:0.15:kg
wpn_m4_tac,up_sect_fourta_g36,st_prop_weight:0.1:kg|ui_inv_rate_of_fire:35:rpm
wpn_m4_tac,up_sect_fourtc_g36,ui_inv_handling:1.19:pct|st_prop_weight:-0.4:kg
wpn_m4_tac,up_sect_fourte_g36,st_prop_reliability:1.5:pct|st_prop_weight:0.2:kg
wpn_m4_tac,up_sect_fourtf_g36,ui_inv_handling:1.67:pct|st_prop_weight:-0.06:kg
wpn_m4a1_camo,up_sect_firsta_g36,st_prop_reliability:2:pct|st_prop_weight:0.1:kg
wpn_m4a1_camo,up_sect_firstc_g36,ui_inv_accuracy:1.33:pct|st_prop_weight:0.11:kg
wpn_m4a1_camo,up_sect_firste_g36,ui_inv_handling:3.57:pct|st_prop_weight:0.05:kg
wpn_m4a1_camo,up_sect_firstf_g36,ui_inv_accuracy:2.67:pct|st_prop_weight:0.18:kg
wpn_m4a1_camo,up_sect_secona_g36,st_prop_weight:0.15:kg|st_prop_recoil:15.47:pct
wpn_m4a1_camo,up_sect_seconc_g36,ui_inv_handling:2.38:pct|st_prop_weight:0.1:kg
wpn_m4a1_camo,up_sect_second_g36,st_prop_weight:0.15:kg|st_prop_recoil:15.47:pct
wpn_m4a1_camo,up_sect_secone_g36,app_upgrade_bullet_speed:85:speed|ui_inv_accuracy:0.67:pct|st_prop_weight:0.1:kg
wpn_m4a1_camo,up_sect_thirda_g36,ui_inv_accuracy:1.33:pct|st_prop_weight:0.05:kg
wpn_m4a1_camo,up_sect_thirdc_g36,st_prop_weight:0.2:kg|st_prop_recoil:15.47:pct
wpn_m4a1_camo,up_sect_thirde_g36,app_upgrade_bullet_speed:85:speed|ui_inv_accuracy:0.67:pct|st_prop_weight:0.1:kg
wpn_m4a1_camo,up_sect_thirdf_g36,ui_inv_accuracy:2:pct|st_prop_weight:0.15:kg
wpn_m4a1_camo,up_sect_fourta_g36,st_prop_weight:0.1:kg|ui_inv_rate_of_fire:35:rpm
wpn_m4a1_camo,up_sect_fourtc_g36,ui_inv_handling:1.19:pct|st_prop_weight:-0.4:kg
wpn_m4a1_camo,up_sect_fourte_g36,st_prop_reliability:1.5:pct|st_prop_weight:0.2:kg
wpn_m4a1_camo,up_sect_fourtf_g36,ui_inv_handling:1.67:pct|st_prop_weight:-0.06:kg
wpn_m4a1_siber,up_sect_firsta_g36,st_prop_reliability:2:pct|st_prop_weight:0.1:kg
wpn_m4a1_siber,up_sect_firstc_g36,ui_inv_accuracy:1.33:pct|st_prop_weight:0.11:kg
wpn_m4a1_siber,up_sect_firste_g36,ui_inv_handling:3.57:pct|st_prop_weight:0.05:kg
wpn_m4a1_siber,up_sect_firstf_g36,ui_inv_accuracy:2.67:pct|st_prop_weight:0.18:kg
wpn_m4a1_siber,up_sect_secona_g36,st_prop_weight:0.15:kg|st_prop_recoil:11.95:pct
wpn_m4a1_siber,up_sect_seconc_g36,ui_inv_handling:2.38:pct|st_prop_weight:0.1:kg
wpn_m4a1_siber,up_sect_second_g36,st_prop_weight:0.15:kg|st_prop_recoil:11.95:pct
wpn_m4a1_siber,up_sect_secone_g36,app_upgrade_bullet_speed:85:speed|ui_inv_accuracy:0.67:pct|st_prop_weight:0.1:kg
wpn_m4a1_siber,up_sect_thirda_g36,ui_inv_accuracy:1.33:pct|st_prop_weight:0.05:kg
wpn_m4a1_siber,up_sect_thirdc_g36,st_prop_weight:0.2:kg|st_prop_recoil:11.95:pct
wpn_m4a1_siber,up_sect_thirde_g36,app_upgrade_bullet_speed:85:speed|ui_inv_accuracy:0.67:pct|st_prop_weight:0.1:kg
wpn_m4a1_siber,up_sect_thirdf_g36,ui_inv_accuracy:2:pct|st_prop_weight:0.15:kg
wpn_m4a1_siber,up_sect_fourta_g36,st_prop_weight:0.1:kg|ui_inv_rate_of_fire:35:rpm
wpn_m4a1_siber,up_sect_fourtc_g36,ui_inv_handling:1.19:pct|st_prop_weight:-0.4:kg
wpn_m4a1_siber,up_sect_fourte_g36,st_prop_reliability:1.5:pct|st_prop_weight:0.2:kg
wpn_m4a1_siber,up_sect_fourtf_g36,ui_inv_handling:1.67:pct|st_prop_weight:-0.06:kg
wpn_m60,up_sect_firsta_pkm,st_prop_reliability:0.8:pct|st_prop_weight:0.12:kg
wpn_m60,up_sect_firstc_pkm,st_prop_weight:0.18:kg|st_prop_recoil:1.8:pct
wpn_m60,up_sect_firstd_pkm,app_upgrade_bullet_speed:82:speed|ui_inv_accuracy:1.33:pct|st_prop_weight:0.24:kg
wpn_m60,up_sect_firste_pkm,st_prop_weight:0.1:kg|ui_inv_rate_of_fire:35:rpm
wpn_m60,up_sect_secona_pkm,st_prop_weight:0.24:kg|st_prop_recoil:1.8:pct
wpn_m60,up_sect_seconc_pkm,st_prop_weight:0.2:kg|st_prop_recoil:1.8:pct
wpn_m60,up_sect_secone_pkm,ui_inv_handling:4.76:pct|st_prop_weight:-0.08:kg
wpn_m60,up_sect_seconf_pkm,st_prop_weight:0.16:kg|ui_inv_rate_of_fire:65:rpm
wpn_m60,up_sect_thirda_pkm,st_prop_reliability:0.8:pct|st_prop_weight:0.11:kg
wpn_m60,up_sect_thirdc_pkm,st_prop_reliability:2:pct|st_prop_weight:0.2:kg
wpn_m60,up_sect_thirdd_pkm,st_prop_weight:0.16:kg|ui_inv_rate_of_fire:65:rpm
wpn_m60,up_sect_thirde_pkm,ui_inv_accuracy:9.33:pct|st_prop_weight:0.2:kg
wpn_m60,up_sect_fourta_pkm,ui_inv_accuracy:3:pct|st_prop_weight:0.2:kg
wpn_m60,up_sect_fourtc_pkm,ui_inv_handling:2.38:pct|st_prop_weight:-0.12:kg
wpn_m60,up_sect_fourte_pkm,st_prop_weight:0.24:kg|st_prop_recoil:1.8:pct
wpn_m60,up_sect_fiftha_pkm,st_prop_recoil:1.24:pct
wpn_m82,up_sect_firsta_svd,ui_inv_handling:4.76:pct|st_prop_weight:-0.24:kg
wpn_m82,up_sect_firstc_svd,ui_inv_accuracy:1.33:pct|st_prop_weight:0.15:kg
wpn_m82,up_sect_firstd_svd,ui_inv_handling:4.76:pct|st_prop_weight:-0.23:kg
wpn_m82,up_sect_firste_svd,app_upgrade_bullet_speed:200:speed|ui_inv_accuracy:1.07:pct|st_prop_weight:0.16:kg
wpn_m82,up_sect_firstf_svd,st_prop_weight:0.12:kg|ui_inv_rate_of_fire:35:rpm
wpn_m82,up_sect_secona_svd,st_prop_reliability:7:pct
wpn_m82,up_sect_seconc_svd,st_prop_weight:0.22:kg|st_prop_recoil:1.02:pct
wpn_m82,up_sect_second_svd,ui_inv_accuracy:1.33:pct|st_prop_weight:0.16:kg
wpn_m82,up_sect_thirda_svd,st_prop_weight:0.18:kg|st_prop_recoil:1.02:pct
wpn_m82,up_sect_thirdc_svd,ui_inv_handling:7.14:pct|st_prop_weight:-0.24:kg
wpn_m82,up_sect_thirde_svd,st_prop_weight:0.16:kg|st_prop_recoil:1.02:pct
wpn_m82,up_sect_fourtc_svd,ui_inv_handling:11.9:pct|st_prop_weight:-0.22:kg
wpn_m82,up_sect_fourte_svd,ui_inv_rate_of_fire:15:rpm
wpn_m82,up_sect_fourtf_svd,app_upgrade_bullet_speed:40:speed|ui_inv_accuracy:0.67:pct|st_prop_weight:0.1:kg
wpn_m98b,up_sect_firsta_m98b,ui_inv_handling:4.76:pct|st_prop_weight:-0.21:kg
wpn_m98b,up_sect_firstc_m98b,ui_inv_accuracy:1:pct|st_prop_weight:0.15:kg
wpn_m98b,up_sect_firstd_m98b,ui_inv_handling:9.52:pct|st_prop_weight:-0.23:kg
wpn_m98b,up_sect_firste_m98b,app_upgrade_bullet_speed:200:speed|ui_inv_accuracy:0.33:pct|st_prop_weight:0.16:kg
wpn_m98b,up_sect_secona_m98b,st_prop_reliability:9:pct
wpn_m98b,up_sect_seconc_m98b,st_prop_weight:0.22:kg|st_prop_recoil:1.45:pct
wpn_m98b,up_sect_second_m98b,ui_inv_accuracy:1:pct|st_prop_weight:0.16:kg
wpn_m98b,up_sect_thirda_m98b,st_prop_weight:0.18:kg|st_prop_recoil:1.45:pct
wpn_m98b,up_sect_thirdc_m98b,ui_inv_handling:9.52:pct|st_prop_weight:-0.2:kg
wpn_m98b,up_sect_thirde_m98b,ui_inv_handling:9.52:pct|st_prop_weight:-0.23:kg
wpn_m98b,up_sect_fourtc_m98b,ui_inv_handling:2.38:pct|st_prop_weight:-0.82:kg
wpn_m98b,up_sect_fourte_m98b,st_prop_weight:0.27:kg
wpn_m98b,up_sect_fourtf_m98b,st_prop_weight:0.05:kg
wpn_mac10,up_sect_firsta_bizon,ui_inv_accuracy:0.67:pct|st_prop_weight:0.1:kg
wpn_mac10,up_sect_firstc_bizon,ui_inv_accuracy:3.33:pct|st_prop_weight:0.05:kg
wpn_mac10,up_sect_firstd_bizon,st_prop_weight:0.1:kg|st_prop_recoil:2.79:pct
wpn_mac10,up_sect_firste_bizon,ui_inv_accuracy:16.67:pct|st_prop_weight:0.1:kg
wpn_mac10,up_sect_secona_bizon,st_prop_reliability:0.9:pct|st_prop_weight:0.13:kg
wpn_mac10,up_sect_seconc_bizon,st_prop_reliability:1.8:pct|st_prop_weight:0.2:kg
wpn_mac10,up_sect_secone_pp2000,ui_inv_accuracy:6:pct|st_prop_weight:0.1:kg
wpn_mac10,up_sect_seconf_pp2000,st_prop_weight:0.1:kg|st_prop_recoil:4.23:pct
wpn_mac10,up_sect_thirda_bizon,app_upgrade_bullet_speed:35:speed|ui_inv_accuracy:0.67:pct|st_prop_weight:0.1:kg
wpn_mac10,up_sect_thirdc_bizon,st_prop_weight:0.1:kg|st_prop_recoil:2.79:pct
wpn_mac10,up_sect_thirdd_bizon,ui_inv_handling:2.38:pct|st_prop_weight:-0.1:kg
wpn_mac10,up_sect_thirde_bizon,app_upgrade_bullet_speed:175:speed
wpn_mac10,up_sect_fourta_bizon,st_prop_weight:0.1:kg|ui_inv_rate_of_fire:40:rpm
wpn_mac10,up_sect_fourtc_bizon,st_prop_weight:0.1:kg|ui_inv_rate_of_fire:40:rpm
wpn_mac10,up_sect_fourte_bizon,st_prop_weight:0.13:kg|ui_inv_rate_of_fire:160:rpm
wpn_mac10,up_sect_fourtf_bizon,app_upgrade_bullet_speed:175:speed
wpn_mac10,up_sect_fiftha_mac10,st_prop_reliability:0.9:pct|st_prop_weight:0.1:kg
wpn_mac10,up_sect_fifthc_mac10,st_prop_reliability:-4:pct|ui_inv_rate_of_fire:-160:rpm
wpn_mk14,up_sect_firsta_lr300,st_prop_reliability:1:pct|st_prop_weight:0.1:kg
wpn_mk14,up_sect_firstc_lr300,app_upgrade_bullet_speed:83:speed|ui_inv_accuracy:0.67:pct|st_prop_weight:0.1:kg
wpn_mk14,up_sect_firstd_lr300,st_prop_weight:0.15:kg|ui_inv_rate_of_fire:45:rpm
wpn_mk14,up_sect_firste_lr300,st_prop_reliability:3:pct|st_prop_weight:0.25:kg
wpn_mk14,up_sect_secona_lr300,st_prop_weight:0.15:kg|st_prop_recoil:1.45:pct
wpn_mk14,up_sect_seconc_lr300,st_prop_reliability:1.5:pct|st_prop_weight:0.15:kg
wpn_mk14,up_sect_secone_lr300,st_prop_weight:0.1:kg|st_prop_recoil:1.45:pct
wpn_mk14,up_sect_seconf_lr300,ui_inv_accuracy:2:pct|st_prop_weight:0.1:kg
wpn_mk14,up_sect_thirda_lr300,ui_inv_handling:1.19:pct|st_prop_weight:0.05:kg
wpn_mk14,up_sect_thirdc_lr300,ui_inv_accuracy:2:pct|st_prop_weight:0.1:kg
wpn_mk14,up_sect_thirdd_lr300,st_prop_reliability:1:pct|st_prop_weight:0.1:kg
wpn_mk14,up_sect_thirde_lr300,app_upgrade_bullet_speed:38:speed|ui_inv_accuracy:0.27:pct|st_prop_weight:0.08:kg
wpn_mk14,up_sect_fourta_lr300,ui_inv_handling:1.19:pct|st_prop_weight:-0.69:kg
wpn_mk14,up_sect_fourtc_lr300,ui_inv_handling:2.38:pct|st_prop_weight:0.1:kg
wpn_mk14,up_sect_fourte_lr300,ui_inv_handling:3.57:pct|st_prop_weight:0.2:kg
wpn_mk14,up_sect_fourtf_lr300,app_upgrade_bullet_speed:83:speed|ui_inv_accuracy:0.67:pct|st_prop_weight:0.2:kg
wpn_mk14,up_sect_fiftha_lr300_alt,app_upgrade_bullet_speed:83:speed|ui_inv_accuracy:0.67:pct|st_prop_weight:0.1:kg
wpn_mk47,up_sect_firsta_aek971,st_prop_reliability:1:pct|st_prop_weight:0.15:kg
wpn_mk47,up_sect_firstc_aek971,ui_inv_handling:2.38:pct|st_prop_weight:-0.17:kg
wpn_mk47,up_sect_firste_aek971,app_upgrade_bullet_speed:90:speed|ui_inv_accuracy:0.67:pct|st_prop_weight:0.2:kg
wpn_mk47,up_sect_firstf_aek971,st_prop_weight:0.15:kg
wpn_mk47,up_sect_secona_aek971,app_upgrade_bullet_speed:50:speed|ui_inv_accuracy:0.33:pct|st_prop_weight:0.2:kg
wpn_mk47,up_sect_seconc_aek971,ui_inv_accuracy:0.87:pct
wpn_mk47,up_sect_second_aek971,st_prop_weight:0.1:kg|ui_inv_rate_of_fire:30:rpm
wpn_mk47,up_sect_secone_aek971,ui_inv_handling:2.38:pct|st_prop_weight:0.15:kg
wpn_mk47,up_sect_thirda_aek971,st_prop_reliability:1:pct|st_prop_weight:0.2:kg
wpn_mk47,up_sect_thirdc_aek971,app_upgrade_bullet_speed:90:speed|ui_inv_accuracy:0.67:pct|st_prop_weight:0.15:kg
wpn_mk47,up_sect_thirdd_aek971,st_prop_weight:0.2:kg
wpn_mk47,up_sect_thirde_aek971,ui_inv_accuracy:2.67:pct|st_prop_weight:0.15:kg
wpn_mk47,up_sect_fourta_aek971,st_prop_weight:-0.88:kg
wpn_mk47,up_sect_fourtc_aek971,ui_inv_handling:2.38:pct|st_prop_weight:0.1:kg
wpn_mk47,up_sect_fourte_aek971,ui_inv_handling:2.38:pct|st_prop_weight:0.25:kg
wpn_mk47,up_sect_fourtf_aek971,app_upgrade_bullet_speed:90:speed|ui_inv_accuracy:0.67:pct|st_prop_weight:0.1:kg
wpn_mk47,up_sect_fiftha_aek971,ui_inv_handling:2.38:pct|st_prop_weight:-0.15:kg
wpn_mk47_sup,up_sect_firsta_aek971,st_prop_reliability:1:pct|st_prop_weight:0.15:kg
wpn_mk47_sup,up_sect_firstc_aek971,ui_inv_handling:2.38:pct|st_prop_weight:-0.17:kg
wpn_mk47_sup,up_sect_firste_aek971,app_upgrade_bullet_speed:90:speed|ui_inv_accuracy:0.67:pct|st_prop_weight:0.2:kg
wpn_mk47_sup,up_sect_firstf_aek971,st_prop_weight:0.15:kg|st_prop_recoil:17.73:pct
wpn_mk47_sup,up_sect_secona_aek971,app_upgrade_bullet_speed:50:speed|ui_inv_accuracy:0.33:pct|st_prop_weight:0.2:kg
wpn_mk47_sup,up_sect_seconc_aek971,ui_inv_accuracy:0.87:pct
wpn_mk47_sup,up_sect_second_aek971,st_prop_weight:0.1:kg|ui_inv_rate_of_fire:30:rpm
wpn_mk47_sup,up_sect_secone_aek971,ui_inv_handling:2.38:pct|st_prop_weight:0.15:kg
wpn_mk47_sup,up_sect_thirda_aek971,st_prop_reliability:1:pct|st_prop_weight:0.2:kg
wpn_mk47_sup,up_sect_thirdc_aek971,app_upgrade_bullet_speed:90:speed|ui_inv_accuracy:0.67:pct|st_prop_weight:0.15:kg
wpn_mk47_sup,up_sect_thirdd_aek971,st_prop_weight:0.2:kg|st_prop_recoil:17.73:pct
wpn_mk47_sup,up_sect_thirde_aek971,ui_inv_accuracy:2.67:pct|st_prop_weight:0.15:kg
wpn_mk47_sup,up_sect_fourta_aek971,st_prop_weight:-0.88:kg
wpn_mk47_sup,up_sect_fourtc_aek971,ui_inv_handling:2.38:pct|st_prop_weight:0.1:kg
wpn_mk47_sup,up_sect_fourte_aek971,ui_inv_handling:2.38:pct|st_prop_weight:0.25:kg|st_prop_recoil:6.5:pct
wpn_mk47_sup,up_sect_fourtf_aek971,app_upgrade_bullet_speed:90:speed|ui_inv_accuracy:0.67:pct|st_prop_weight:0.1:kg
wpn_mk47_sup,up_sect_fiftha_aek971,ui_inv_handling:2.38:pct|st_prop_weight:-0.15:kg
wpn_mosin,up_sect_firsta_k98,st_prop_reliability:5:pct|st_prop_weight:0.09:kg
wpn_mosin,up_sect_firstc_k98,ui_inv_accuracy:3:pct|st_prop_weight:0.06:kg
wpn_mosin,up_sect_firstd_k98,app_upgrade_bullet_speed:55:speed|ui_inv_accuracy:0.67:pct|st_prop_weight:0.1:kg
wpn_mosin,up_sect_secona_k98,st_prop_weight:-0.4:kg
wpn_mosin,up_sect_seconc_k98,ui_inv_handling:4.76:pct|st_prop_weight:-0.03:kg
wpn_mosin,up_sect_secone_k98,st_prop_weight:0.06:kg|st_prop_recoil:2.64:pct
wpn_mosin,up_sect_seconf_k98,app_upgrade_bullet_speed:60:speed|ui_inv_accuracy:1.07:pct|st_prop_weight:0.08:kg
wpn_mossberg590,up_sect_firsta_mossberg590,st_prop_reliability:1.5:pct|st_prop_weight:0.12:kg
wpn_mossberg590,up_sect_firstc_mossberg590,app_upgrade_bullet_speed:45:speed|ui_inv_accuracy:2:pct|st_prop_weight:0.15:kg
wpn_mossberg590,up_sect_firstd_mossberg590,st_prop_weight:0.15:kg|st_prop_recoil:0.08:pct
wpn_mossberg590,up_sect_firste_mossberg590,ui_inv_accuracy:6.67:pct|st_prop_weight:0.1:kg
wpn_mossberg590,up_sect_secona_mossberg590,st_prop_weight:-0.62:kg
wpn_mossberg590,up_sect_seconc_mossberg590,ui_inv_handling:2.38:pct|st_prop_weight:0.05:kg
wpn_mossberg590,up_sect_second_mossberg590,st_prop_reliability:2:pct|st_prop_weight:0.2:kg
wpn_mossberg590,up_sect_secone_mossberg590,st_prop_weight:0.15:kg|st_prop_recoil:0.08:pct
wpn_mossberg590,up_sect_thirda_mossberg590,st_prop_reliability:1.5:pct|st_prop_weight:0.2:kg
wpn_mossberg590,up_sect_thirdc_mossberg590,ui_inv_accuracy:6.67:pct|st_prop_weight:0.05:kg
wpn_mossberg590,up_sect_thirdd_mossberg590,st_prop_weight:0.1:kg|st_prop_recoil:0.08:pct
wpn_mossberg590,up_sect_thirde_mossberg590,st_prop_reliability:4:pct|st_prop_weight:0.3:kg
wpn_mossberg590,up_sect_thirdf_mossberg590,ui_inv_handling:2.38:pct|st_prop_weight:0.05:kg|ui_inv_rate_of_fire:20:rpm
wpn_mossberg590,up_sect_fourta_mossberg590,ui_inv_handling:1.19:pct|st_prop_weight:-0.12:kg
wpn_mossberg590_rail,up_sect_firsta_mp133,st_prop_reliability:1.5:pct|st_prop_weight:0.12:kg
wpn_mossberg590_rail,up_sect_firstc_mp133,app_upgrade_bullet_speed:45:speed|ui_inv_accuracy:2:pct|st_prop_weight:0.15:kg
wpn_mossberg590_rail,up_sect_firstd_mp133,st_prop_weight:0.15:kg|st_prop_recoil:0.08:pct
wpn_mossberg590_rail,up_sect_firste_mp133,ui_inv_accuracy:6.67:pct|st_prop_weight:0.1:kg
wpn_mossberg590_rail,up_sect_secona_mp133,st_prop_weight:-0.5:kg
wpn_mossberg590_rail,up_sect_seconc_mp133,ui_inv_handling:2.38:pct|st_prop_weight:0.05:kg
wpn_mossberg590_rail,up_sect_second_mp133,st_prop_reliability:2:pct|st_prop_weight:0.2:kg
wpn_mossberg590_rail,up_sect_secone_mp133,ui_inv_handling:2.38:pct|st_prop_weight:-0.12:kg
wpn_mossberg590_rail,up_sect_thirda_mp133,st_prop_reliability:1.5:pct|st_prop_weight:0.2:kg
wpn_mossberg590_rail,up_sect_thirdc_mp133,ui_inv_accuracy:6.67:pct|st_prop_weight:0.05:kg
wpn_mossberg590_rail,up_sect_thirdd_mp133,st_prop_weight:0.1:kg|st_prop_recoil:0.08:pct
wpn_mossberg590_rail,up_sect_thirde_mp133,st_prop_reliability:4:pct|st_prop_weight:0.3:kg
wpn_mossberg590_rail,up_sect_thirdf_mp133,st_prop_weight:0.05:kg|ui_inv_rate_of_fire:15:rpm
wpn_mossberg590_rail,up_sect_fourta_mp133,ui_inv_handling:1.19:pct|st_prop_weight:-0.12:kg
wpn_mp133,up_sect_firsta_mp133,st_prop_reliability:1.5:pct|st_prop_weight:0.12:kg
wpn_mp133,up_sect_firstc_mp133,app_upgrade_bullet_speed:45:speed|ui_inv_accuracy:2:pct|st_prop_weight:0.15:kg
wpn_mp133,up_sect_firstd_mp133,st_prop_weight:0.15:kg|st_prop_recoil:0.08:pct
wpn_mp133,up_sect_firste_mp133,ui_inv_accuracy:6.67:pct|st_prop_weight:0.1:kg
wpn_mp133,up_sect_secona_mp133,st_prop_weight:-0.5:kg
wpn_mp133,up_sect_seconc_mp133,ui_inv_handling:2.38:pct|st_prop_weight:0.05:kg
wpn_mp133,up_sect_second_mp133,st_prop_reliability:2:pct|st_prop_weight:0.2:kg
wpn_mp133,up_sect_secone_mp133,ui_inv_handling:2.38:pct|st_prop_weight:-0.12:kg
wpn_mp133,up_sect_thirda_mp133,st_prop_reliability:1.5:pct|st_prop_weight:0.2:kg
wpn_mp133,up_sect_thirdc_mp133,ui_inv_accuracy:6.67:pct|st_prop_weight:0.05:kg
wpn_mp133,up_sect_thirdd_mp133,st_prop_weight:0.1:kg|st_prop_recoil:0.08:pct
wpn_mp133,up_sect_thirde_mp133,st_prop_reliability:4:pct|st_prop_weight:0.3:kg
wpn_mp133,up_sect_thirdf_mp133,st_prop_weight:0.05:kg|ui_inv_rate_of_fire:15:rpm
wpn_mp133,up_sect_fourta_mp133,ui_inv_handling:1.19:pct|st_prop_weight:-0.12:kg
wpn_mp153,up_sect_firsta_mp153,st_prop_reliability:1:pct|st_prop_weight:0.14:kg
wpn_mp153,up_sect_firstc_mp153,app_upgrade_bullet_speed:45:speed|ui_inv_accuracy:1.33:pct|st_prop_weight:0.2:kg
wpn_mp153,up_sect_firstd_mp153,st_prop_reliability:2:pct|st_prop_weight:0.2:kg
wpn_mp153,up_sect_firstf_mp153,st_prop_weight:0.1:kg|ui_inv_rate_of_fire:20:rpm
wpn_mp153,up_sect_secona_mp153,st_prop_weight:-0.6:kg
wpn_mp153,up_sect_seconc_mp153,ui_inv_handling:2.38:pct|st_prop_weight:-0.12:kg
wpn_mp153,up_sect_second_mp153,st_prop_weight:0.15:kg|st_prop_recoil:0.1:pct
wpn_mp153,up_sect_thirda_mp153,st_prop_weight:0.1:kg|ui_inv_rate_of_fire:25:rpm
wpn_mp153,up_sect_thirdc_mp153,ui_inv_accuracy:2.67:pct|st_prop_weight:0.15:kg
wpn_mp153,up_sect_thirdd_mp153,st_prop_weight:0.1:kg|ui_inv_rate_of_fire:20:rpm
wpn_mp153,up_sect_thirde_mp153,st_prop_reliability:3:pct|st_prop_weight:0.22:kg
wpn_mp153,up_sect_thirdf_mp153,st_prop_weight:0.15:kg|st_prop_recoil:0.1:pct
wpn_mp153,up_sect_fourta_mp153,st_prop_weight:0.1:kg|st_prop_recoil:0.03:pct
wpn_mp153_m1,up_sect_firsta_mp153,st_prop_reliability:1:pct|st_prop_weight:0.14:kg
wpn_mp153_m1,up_sect_firstc_mp153,app_upgrade_bullet_speed:45:speed|ui_inv_accuracy:1.33:pct|st_prop_weight:0.2:kg
wpn_mp153_m1,up_sect_firstd_mp153,st_prop_reliability:2:pct|st_prop_weight:0.2:kg
wpn_mp153_m1,up_sect_firstf_mp153,st_prop_weight:0.1:kg|ui_inv_rate_of_fire:20:rpm
wpn_mp153_m1,up_sect_secona_mp153,st_prop_weight:-0.6:kg
wpn_mp153_m1,up_sect_seconc_mp153,ui_inv_handling:2.38:pct|st_prop_weight:-0.12:kg
wpn_mp153_m1,up_sect_second_mp153,st_prop_weight:0.15:kg|st_prop_recoil:0.08:pct
wpn_mp153_m1,up_sect_thirda_mp153,st_prop_weight:0.1:kg|ui_inv_rate_of_fire:25:rpm
wpn_mp153_m1,up_sect_thirdc_mp153,ui_inv_accuracy:2.67:pct|st_prop_weight:0.15:kg
wpn_mp153_m1,up_sect_thirdd_mp153,st_prop_weight:0.1:kg|ui_inv_rate_of_fire:20:rpm
wpn_mp153_m1,up_sect_thirde_mp153,st_prop_reliability:3:pct|st_prop_weight:0.22:kg
wpn_mp153_m1,up_sect_thirdf_mp153,st_prop_weight:0.15:kg|st_prop_recoil:0.08:pct
wpn_mp153_m1,up_sect_fourta_mp153,st_prop_weight:0.1:kg|st_prop_recoil:0.03:pct
wpn_mp155,up_sect_firsta_mp153,st_prop_reliability:1:pct|st_prop_weight:0.14:kg
wpn_mp155,up_sect_firstc_mp153,app_upgrade_bullet_speed:45:speed|ui_inv_accuracy:1.33:pct|st_prop_weight:0.2:kg
wpn_mp155,up_sect_firstd_mp153,st_prop_reliability:2:pct|st_prop_weight:0.2:kg
wpn_mp155,up_sect_firstf_mp153,st_prop_weight:0.1:kg|ui_inv_rate_of_fire:20:rpm
wpn_mp155,up_sect_secona_mp153,st_prop_weight:-0.6:kg
wpn_mp155,up_sect_seconc_mp153,ui_inv_handling:2.38:pct|st_prop_weight:-0.12:kg
wpn_mp155,up_sect_second_mp153,st_prop_weight:0.15:kg
wpn_mp155,up_sect_thirda_mp153,st_prop_weight:0.1:kg|ui_inv_rate_of_fire:25:rpm
wpn_mp155,up_sect_thirdc_mp153,ui_inv_accuracy:2.67:pct|st_prop_weight:0.15:kg
wpn_mp155,up_sect_thirdd_mp153,st_prop_weight:0.1:kg|ui_inv_rate_of_fire:20:rpm
wpn_mp155,up_sect_thirde_mp153,st_prop_reliability:3:pct|st_prop_weight:0.22:kg
wpn_mp155,up_sect_thirdf_mp153,st_prop_weight:0.15:kg
wpn_mp155,up_sect_fourta_mp153,st_prop_weight:0.1:kg
wpn_mp412,up_sect_firsta_mp412,ui_inv_handling:5.95:pct|st_prop_weight:-0.4:kg
wpn_mp412,up_sect_firstc_mp412,st_prop_weight:0.04:kg|ui_inv_rate_of_fire:40:rpm
wpn_mp412,up_sect_firstd_mp412,st_prop_weight:0.1:kg|st_prop_recoil:4.95:pct
wpn_mp412,up_sect_firste_mp412,ui_inv_handling:4.76:pct|ui_inv_accuracy:1.33:pct|st_prop_weight:0.06:kg
wpn_mp412,up_sect_firstf_mp412,app_upgrade_bullet_speed:100:speed|ui_inv_accuracy:6.67:pct|st_prop_weight:0.12:kg|ui_inv_rate_of_fire:-50:rpm|st_prop_recoil:1.82:pct
wpn_mp412,up_sect_secona_mp412,st_prop_reliability:2:pct
wpn_mp443,up_sect_firsta_cz75,st_prop_weight:0.08:kg|ui_inv_rate_of_fire:27:rpm
wpn_mp443,up_sect_firstc_cz75,st_prop_reliability:2:pct|st_prop_weight:0.09:kg
wpn_mp443,up_sect_firstd_cz75,st_prop_weight:0.04:kg
wpn_mp443,up_sect_secona_cz75,st_prop_weight:0.09:kg|ui_inv_rate_of_fire:27:rpm
wpn_mp443,up_sect_seconc_cz75,app_upgrade_bullet_speed:70:speed|ui_inv_accuracy:2.33:pct|st_prop_weight:0.11:kg
wpn_mp443,up_sect_second_cz75,st_prop_reliability:2:pct|st_prop_weight:0.08:kg
wpn_mp443,up_sect_secone_cz75,st_prop_weight:0.06:kg|ui_inv_rate_of_fire:40:rpm
wpn_mp443,up_sect_thirda_cz75,st_prop_reliability:1.5:pct|st_prop_weight:0.13:kg
wpn_mp443,up_sect_thirdc_cz75,ui_inv_handling:4.76:pct|st_prop_weight:-0.32:kg
wpn_mp443,up_sect_thirdd_cz75,st_prop_weight:-0.07:kg
wpn_mp443,up_sect_fourta_cz75,ui_inv_accuracy:3.33:pct|st_prop_weight:-0.08:kg
wpn_mp443,up_sect_fourtc_cz75,st_prop_reliability:2:pct|st_prop_weight:0.11:kg
wpn_mp443,up_sect_fiftha_cz75,st_prop_weight:0.09:kg|ui_inv_rate_of_fire:40:rpm
wpn_mp443,up_sect_fifthc_cz75,st_prop_reliability:-1.2:pct
wpn_mp5,up_sect_firsta_mp5k,st_prop_weight:0.15:kg|st_prop_recoil:9.38:pct
wpn_mp5,up_sect_firstc_mp5k,ui_inv_accuracy:3.33:pct|st_prop_weight:0.05:kg
wpn_mp5,up_sect_firstd_mp5k,st_prop_weight:0.1:kg|ui_inv_rate_of_fire:40:rpm
wpn_mp5,up_sect_firste_mp5k,st_prop_weight:0.1:kg|ui_inv_rate_of_fire:40:rpm
wpn_mp5,up_sect_secona_mp5k,st_prop_weight:0.13:kg|ui_inv_rate_of_fire:40:rpm
wpn_mp5,up_sect_seconc_mp5k,st_prop_reliability:1.4:pct|st_prop_weight:0.15:kg
wpn_mp5,up_sect_secone_mp5k,ui_inv_accuracy:6:pct|st_prop_weight:0.1:kg
wpn_mp5,up_sect_seconf_mp5k,st_prop_weight:0.1:kg|st_prop_recoil:9.38:pct
wpn_mp5,up_sect_thirda_mp5k,st_prop_weight:0.1:kg|st_prop_recoil:9.38:pct
wpn_mp5,up_sect_thirdc_mp5k,ui_inv_handling:1.67:pct|st_prop_weight:-0.15:kg
wpn_mp5,up_sect_thirdd_mp5k,st_prop_reliability:1.4:pct|st_prop_weight:0.15:kg
wpn_mp5,up_sect_thirde_mp5k,st_prop_weight:0.1:kg|ui_inv_rate_of_fire:80:rpm
wpn_mp5,up_sect_fourta_mp5k,st_prop_reliability:0.9:pct|st_prop_weight:0.1:kg
wpn_mp5,up_sect_fourtc_mp5k,st_prop_weight:0.1:kg|ui_inv_rate_of_fire:40:rpm
wpn_mp5,up_sect_fourte_mp5k,ui_inv_handling:2.38:pct|st_prop_weight:-0.05:kg
wpn_mp5,up_sect_fourtf_mp5k,app_upgrade_bullet_speed:80:speed|ui_inv_accuracy:1.6:pct|st_prop_weight:0.1:kg
wpn_mp5,up_sect_fiftha_mp5k,st_prop_weight:0.02:kg
wpn_mp5,up_sect_fifthc_mp5k,st_prop_reliability:-1:pct
wpn_mp5_kurtz,up_sect_firsta_mp5k,st_prop_weight:0.15:kg|st_prop_recoil:8.58:pct
wpn_mp5_kurtz,up_sect_firstc_mp5k,ui_inv_accuracy:3.33:pct|st_prop_weight:0.05:kg
wpn_mp5_kurtz,up_sect_firstd_mp5k,st_prop_weight:0.1:kg|ui_inv_rate_of_fire:40:rpm
wpn_mp5_kurtz,up_sect_firste_mp5k,st_prop_weight:0.1:kg|ui_inv_rate_of_fire:40:rpm
wpn_mp5_kurtz,up_sect_secona_mp5k,st_prop_weight:0.13:kg|ui_inv_rate_of_fire:40:rpm
wpn_mp5_kurtz,up_sect_seconc_mp5k,st_prop_reliability:1.4:pct|st_prop_weight:0.15:kg
wpn_mp5_kurtz,up_sect_secone_mp5k,ui_inv_accuracy:6:pct|st_prop_weight:0.1:kg
wpn_mp5_kurtz,up_sect_seconf_mp5k,st_prop_weight:0.1:kg|st_prop_recoil:8.58:pct
wpn_mp5_kurtz,up_sect_thirda_mp5k,st_prop_weight:0.1:kg|st_prop_recoil:8.58:pct
wpn_mp5_kurtz,up_sect_thirdc_mp5k,ui_inv_handling:1.67:pct|st_prop_weight:-0.15:kg
wpn_mp5_kurtz,up_sect_thirdd_mp5k,st_prop_reliability:1.4:pct|st_prop_weight:0.15:kg
wpn_mp5_kurtz,up_sect_thirde_mp5k,st_prop_weight:0.1:kg|ui_inv_rate_of_fire:80:rpm
wpn_mp5_kurtz,up_sect_fourta_mp5k,st_prop_reliability:0.9:pct|st_prop_weight:0.1:kg
wpn_mp5_kurtz,up_sect_fourtc_mp5k,st_prop_weight:0.1:kg|ui_inv_rate_of_fire:40:rpm
wpn_mp5_kurtz,up_sect_fourte_mp5k,ui_inv_handling:2.38:pct|st_prop_weight:-0.05:kg
wpn_mp5_kurtz,up_sect_fourtf_mp5k,app_upgrade_bullet_speed:80:speed|ui_inv_accuracy:1.6:pct|st_prop_weight:0.1:kg
wpn_mp5_kurtz,up_sect_fiftha_mp5k,st_prop_weight:0.02:kg
wpn_mp5_kurtz,up_sect_fifthc_mp5k,st_prop_reliability:-1:pct
wpn_mp5_nimble,up_sect_firsta_mp5,st_prop_weight:0.15:kg|st_prop_recoil:9.38:pct
wpn_mp5_nimble,up_sect_firstc_mp5,ui_inv_accuracy:3.33:pct|st_prop_weight:0.05:kg
wpn_mp5_nimble,up_sect_firstd_mp5,st_prop_weight:0.1:kg|ui_inv_rate_of_fire:40:rpm
wpn_mp5_nimble,up_sect_firste_mp5,st_prop_weight:0.1:kg|ui_inv_rate_of_fire:40:rpm
wpn_mp5_nimble,up_sect_secona_mp5,st_prop_weight:0.13:kg|ui_inv_rate_of_fire:40:rpm
wpn_mp5_nimble,up_sect_seconc_mp5,st_prop_reliability:1.4:pct|st_prop_weight:0.15:kg
wpn_mp5_nimble,up_sect_secone_mp5,ui_inv_accuracy:6:pct|st_prop_weight:0.1:kg
wpn_mp5_nimble,up_sect_seconf_mp5,st_prop_weight:0.1:kg|st_prop_recoil:9.38:pct
wpn_mp5_nimble,up_sect_thirda_mp5,st_prop_weight:0.1:kg|st_prop_recoil:9.38:pct
wpn_mp5_nimble,up_sect_thirdc_mp5,ui_inv_handling:1.67:pct|st_prop_weight:-0.15:kg
wpn_mp5_nimble,up_sect_thirdd_mp5,st_prop_reliability:1.4:pct|st_prop_weight:0.15:kg
wpn_mp5_nimble,up_sect_thirde_mp5,st_prop_weight:0.1:kg|ui_inv_rate_of_fire:80:rpm
wpn_mp5_nimble,up_sect_fourta_mp5,st_prop_reliability:0.9:pct|st_prop_weight:0.1:kg
wpn_mp5_nimble,up_sect_fourtc_mp5,st_prop_weight:0.1:kg|ui_inv_rate_of_fire:40:rpm
wpn_mp5_nimble,up_sect_fourte_mp5,ui_inv_handling:2.38:pct|st_prop_weight:-0.05:kg
wpn_mp5_nimble,up_sect_fourtf_mp5,app_upgrade_bullet_speed:80:speed|ui_inv_accuracy:1.6:pct|st_prop_weight:0.1:kg
wpn_mp5_nimble,up_sect_fiftha_mp5_nimble,st_prop_weight:0.02:kg
wpn_mp5sd,up_sect_firsta_mp5,st_prop_weight:0.15:kg|st_prop_recoil:9.69:pct
wpn_mp5sd,up_sect_firstc_mp5,ui_inv_accuracy:3.33:pct|st_prop_weight:0.05:kg
wpn_mp5sd,up_sect_firstd_mp5,st_prop_weight:0.1:kg|ui_inv_rate_of_fire:40:rpm
wpn_mp5sd,up_sect_firste_mp5,st_prop_weight:0.1:kg|ui_inv_rate_of_fire:40:rpm
wpn_mp5sd,up_sect_secona_mp5,st_prop_weight:0.13:kg|ui_inv_rate_of_fire:40:rpm
wpn_mp5sd,up_sect_seconc_mp5,st_prop_reliability:1.4:pct|st_prop_weight:0.15:kg
wpn_mp5sd,up_sect_secone_mp5,ui_inv_accuracy:6:pct|st_prop_weight:0.1:kg
wpn_mp5sd,up_sect_seconf_mp5,st_prop_weight:0.1:kg|st_prop_recoil:9.69:pct
wpn_mp5sd,up_sect_thirda_mp5,st_prop_weight:0.1:kg|st_prop_recoil:9.69:pct
wpn_mp5sd,up_sect_thirdc_mp5,ui_inv_handling:1.67:pct|st_prop_weight:-0.15:kg
wpn_mp5sd,up_sect_thirdd_mp5,st_prop_reliability:1.4:pct|st_prop_weight:0.15:kg
wpn_mp5sd,up_sect_thirde_mp5,st_prop_weight:0.1:kg|ui_inv_rate_of_fire:80:rpm
wpn_mp5sd,up_sect_fourta_mp5,st_prop_reliability:0.9:pct|st_prop_weight:0.1:kg
wpn_mp5sd,up_sect_fourtc_mp5,st_prop_weight:0.1:kg|ui_inv_rate_of_fire:40:rpm
wpn_mp5sd,up_sect_fourte_mp5,ui_inv_handling:2.38:pct|st_prop_weight:-0.05:kg
wpn_mp5sd,up_sect_fourtf_mp5,app_upgrade_bullet_speed:80:speed|ui_inv_accuracy:1.6:pct|st_prop_weight:0.1:kg
wpn_mp5sd,up_sect_fifthc_mp5,st_prop_reliability:-1:pct
wpn_mp7,up_sect_firsta_ump45,st_prop_weight:0.15:kg|st_prop_recoil:7.88:pct
wpn_mp7,up_sect_firstc_ump45,ui_inv_accuracy:3.33:pct|st_prop_weight:0.05:kg
wpn_mp7,up_sect_firstd_ump45,st_prop_weight:0.1:kg|ui_inv_rate_of_fire:40:rpm
wpn_mp7,up_sect_firste_ump45,st_prop_weight:0.1:kg|ui_inv_rate_of_fire:40:rpm
wpn_mp7,up_sect_secona_ump45,st_prop_weight:0.13:kg|ui_inv_rate_of_fire:40:rpm
wpn_mp7,up_sect_seconc_ump45,st_prop_reliability:1.5:pct|st_prop_weight:0.15:kg
wpn_mp7,up_sect_secone_ump45,ui_inv_accuracy:5:pct|st_prop_weight:0.1:kg
wpn_mp7,up_sect_seconf_ump45,st_prop_weight:0.1:kg|st_prop_recoil:7.88:pct
wpn_mp7,up_sect_thirda_ump45,st_prop_weight:0.1:kg|st_prop_recoil:7.88:pct
wpn_mp7,up_sect_thirdc_ump45,ui_inv_handling:1.67:pct|st_prop_weight:-0.15:kg
wpn_mp7,up_sect_thirdd_ump45,st_prop_reliability:1.5:pct|st_prop_weight:0.15:kg
wpn_mp7,up_sect_thirde_ump45,st_prop_weight:0.1:kg|ui_inv_rate_of_fire:80:rpm
wpn_mp7,up_sect_fourta_ump45,st_prop_reliability:0.5:pct|st_prop_weight:0.1:kg
wpn_mp7,up_sect_fourtc_ump45,st_prop_weight:0.1:kg|ui_inv_rate_of_fire:40:rpm
wpn_mp7,up_sect_fourte_ump45,ui_inv_handling:2.38:pct|st_prop_weight:-0.05:kg
wpn_mp7,up_sect_fourtf_ump45,app_upgrade_bullet_speed:40:speed|ui_inv_accuracy:1.33:pct|st_prop_weight:0.1:kg
wpn_mp7,up_sect_fiftha_ump45,st_prop_weight:0.15:kg|st_prop_recoil:11.12:pct
wpn_mp7,up_sect_fifthc_ump45,ui_inv_handling:2.38:pct|st_prop_weight:-0.1:kg
wpn_mp9,up_sect_firsta_mp5,st_prop_weight:0.15:kg|st_prop_recoil:4.03:pct
wpn_mp9,up_sect_firstc_mp5,ui_inv_accuracy:3.33:pct|st_prop_weight:0.05:kg
wpn_mp9,up_sect_firstd_mp5,st_prop_weight:0.1:kg|ui_inv_rate_of_fire:40:rpm
wpn_mp9,up_sect_firste_mp5,st_prop_weight:0.1:kg|ui_inv_rate_of_fire:40:rpm
wpn_mp9,up_sect_secona_mp5,st_prop_weight:0.13:kg|ui_inv_rate_of_fire:40:rpm
wpn_mp9,up_sect_seconc_mp5,st_prop_reliability:1.4:pct|st_prop_weight:0.15:kg
wpn_mp9,up_sect_secone_mp5,ui_inv_accuracy:6:pct|st_prop_weight:0.1:kg
wpn_mp9,up_sect_seconf_mp5,st_prop_weight:0.1:kg|st_prop_recoil:4.03:pct
wpn_mp9,up_sect_thirda_mp5,st_prop_weight:0.1:kg|st_prop_recoil:4.03:pct
wpn_mp9,up_sect_thirdc_mp5,ui_inv_handling:1.67:pct|st_prop_weight:-0.15:kg
wpn_mp9,up_sect_thirdd_mp5,st_prop_reliability:1.4:pct|st_prop_weight:0.15:kg
wpn_mp9,up_sect_thirde_mp5,st_prop_weight:0.1:kg|ui_inv_rate_of_fire:80:rpm
wpn_mp9,up_sect_fourta_mp5,st_prop_reliability:0.9:pct|st_prop_weight:0.1:kg
wpn_mp9,up_sect_fourtc_mp5,st_prop_weight:0.1:kg|ui_inv_rate_of_fire:40:rpm
wpn_mp9,up_sect_fourte_mp5,ui_inv_handling:2.38:pct|st_prop_weight:-0.05:kg
wpn_mp9,up_sect_fourtf_mp5,app_upgrade_bullet_speed:80:speed|ui_inv_accuracy:1.6:pct|st_prop_weight:0.1:kg
wpn_mp9,up_sect_fiftha_mp5,st_prop_weight:0.02:kg
wpn_mp9,up_sect_fifthc_mp5,st_prop_reliability:-1:pct
wpn_oc33,up_sect_firsta_pm,st_prop_weight:0.03:kg|ui_inv_rate_of_fire:36:rpm
wpn_oc33,up_sect_firstc_pm,app_upgrade_bullet_speed:62:speed|ui_inv_accuracy:0.67:pct|st_prop_weight:0.05:kg
wpn_oc33,up_sect_firstd_oc33,st_prop_weight:0.06:kg
wpn_oc33,up_sect_secona_pm,app_upgrade_bullet_speed:31:speed|st_prop_weight:0.04:kg
wpn_oc33,up_sect_seconc_pm,st_prop_reliability:2.5:pct|st_prop_weight:0.09:kg
wpn_oc33,up_sect_thirda_pm,ui_inv_handling:1.19:pct|st_prop_weight:-0.36:kg
wpn_oc33,up_sect_thirdc_pm,ui_inv_handling:3.57:pct|st_prop_weight:-0.04:kg
wpn_oc33,up_sect_thirdd_oc33,st_prop_weight:0.06:kg
wpn_oc33,up_sect_fourta_pm,ui_inv_accuracy:4.67:pct|st_prop_weight:0.04:kg
wpn_oc33,up_sect_fourtc_pm,ui_inv_accuracy:9.33:pct|st_prop_weight:0.08:kg
wpn_oc33,up_sect_fiftha_oc33,st_prop_weight:0.05:kg
wpn_oc33,up_sect_fifthc_pm,app_upgrade_mag_size:-4:num|app_upgrade_bullet_speed:40:speed|st_prop_reliability:-36:pct|st_prop_weight:0.06:kg|ui_inv_rate_of_fire:-35:rpm|st_prop_recoil:-3.42:pct
wpn_p90,up_sect_firsta_p90,st_prop_weight:0.15:kg|st_prop_recoil:8.44:pct
wpn_p90,up_sect_firstc_p90,ui_inv_accuracy:3.33:pct|st_prop_weight:0.05:kg
wpn_p90,up_sect_firstd_p90,st_prop_weight:0.1:kg|ui_inv_rate_of_fire:40:rpm
wpn_p90,up_sect_firste_p90,ui_inv_handling:2.38:pct|st_prop_weight:0.05:kg
wpn_p90,up_sect_secona_p90,st_prop_weight:0.13:kg|ui_inv_rate_of_fire:40:rpm
wpn_p90,up_sect_seconc_p90,st_prop_reliability:1.4:pct|st_prop_weight:0.15:kg
wpn_p90,up_sect_secone_p90,ui_inv_accuracy:6:pct|st_prop_weight:0.1:kg
wpn_p90,up_sect_seconf_p90,st_prop_weight:0.1:kg|st_prop_recoil:8.44:pct
wpn_p90,up_sect_thirda_p90,st_prop_weight:0.1:kg|st_prop_recoil:8.44:pct
wpn_p90,up_sect_thirdc_p90,ui_inv_handling:1.67:pct|st_prop_weight:-0.15:kg
wpn_p90,up_sect_thirdd_p90,st_prop_reliability:1:pct|st_prop_weight:0.15:kg
wpn_p90,up_sect_thirde_p90,app_upgrade_bullet_speed:65:speed|ui_inv_accuracy:0.67:pct|st_prop_weight:0.1:kg
wpn_p90,up_sect_fourta_p90,st_prop_weight:0.2:kg|ui_inv_rate_of_fire:30:rpm
wpn_p90,up_sect_fourtc_p90,st_prop_reliability:1:pct|st_prop_weight:0.1:kg
wpn_p90,up_sect_fourte_p90,st_prop_weight:0.15:kg|st_prop_recoil:24.73:pct
wpn_p90,up_sect_fourtf_p90,ui_inv_handling:3.57:pct|st_prop_weight:0.05:kg
wpn_p90,up_sect_fiftha_p90,st_prop_weight:0.2:kg|st_prop_recoil:24.73:pct
wpn_p90,up_sect_fifthc_p90,ui_inv_accuracy:2:pct|st_prop_weight:0.15:kg
wpn_p90_gs,up_sect_firsta_p90,st_prop_weight:0.15:kg|st_prop_recoil:8.55:pct
wpn_p90_gs,up_sect_firstc_p90,ui_inv_accuracy:3.33:pct|st_prop_weight:0.05:kg
wpn_p90_gs,up_sect_firstd_p90,st_prop_weight:0.1:kg|ui_inv_rate_of_fire:40:rpm
wpn_p90_gs,up_sect_firste_p90,ui_inv_handling:2.38:pct|st_prop_weight:0.05:kg
wpn_p90_gs,up_sect_secona_p90,st_prop_weight:0.13:kg|ui_inv_rate_of_fire:40:rpm
wpn_p90_gs,up_sect_seconc_p90,st_prop_reliability:1.4:pct|st_prop_weight:0.15:kg
wpn_p90_gs,up_sect_secone_p90,ui_inv_accuracy:6:pct|st_prop_weight:0.1:kg
wpn_p90_gs,up_sect_seconf_p90,st_prop_weight:0.1:kg|st_prop_recoil:8.55:pct
wpn_p90_gs,up_sect_thirda_p90,st_prop_weight:0.1:kg|st_prop_recoil:8.55:pct
wpn_p90_gs,up_sect_thirdc_p90,ui_inv_handling:1.67:pct|st_prop_weight:-0.15:kg
wpn_p90_gs,up_sect_thirdd_p90,st_prop_reliability:1:pct|st_prop_weight:0.15:kg
wpn_p90_gs,up_sect_thirde_p90,app_upgrade_bullet_speed:65:speed|ui_inv_accuracy:0.67:pct|st_prop_weight:0.1:kg
wpn_p90_gs,up_sect_fourta_p90,st_prop_weight:0.2:kg|ui_inv_rate_of_fire:30:rpm
wpn_p90_gs,up_sect_fourtc_p90,st_prop_reliability:1:pct|st_prop_weight:0.1:kg
wpn_p90_gs,up_sect_fourte_p90,st_prop_weight:0.15:kg|st_prop_recoil:25.04:pct
wpn_p90_gs,up_sect_fourtf_p90,ui_inv_handling:3.57:pct|st_prop_weight:0.05:kg
wpn_p90_gs,up_sect_fiftha_p90,st_prop_weight:0.2:kg|st_prop_recoil:25.04:pct
wpn_p90_gs,up_sect_fifthc_p90,ui_inv_accuracy:2:pct|st_prop_weight:0.15:kg
wpn_p90gamma,up_sect_firsta_p90,st_prop_weight:0.15:kg|st_prop_recoil:8.44:pct
wpn_p90gamma,up_sect_firstc_p90,ui_inv_accuracy:3.33:pct|st_prop_weight:0.05:kg
wpn_p90gamma,up_sect_firstd_p90,st_prop_weight:0.1:kg|ui_inv_rate_of_fire:40:rpm
wpn_p90gamma,up_sect_firste_p90,ui_inv_handling:2.38:pct|st_prop_weight:0.05:kg
wpn_p90gamma,up_sect_secona_p90,st_prop_weight:0.13:kg|ui_inv_rate_of_fire:40:rpm
wpn_p90gamma,up_sect_seconc_p90,st_prop_reliability:1.4:pct|st_prop_weight:0.15:kg
wpn_p90gamma,up_sect_secone_p90,ui_inv_accuracy:6:pct|st_prop_weight:0.1:kg
wpn_p90gamma,up_sect_seconf_p90,st_prop_weight:0.1:kg|st_prop_recoil:8.44:pct
wpn_p90gamma,up_sect_thirda_p90,st_prop_weight:0.1:kg|st_prop_recoil:8.44:pct
wpn_p90gamma,up_sect_thirdc_p90,ui_inv_handling:1.67:pct|st_prop_weight:-0.15:kg
wpn_p90gamma,up_sect_thirdd_p90,st_prop_reliability:1:pct|st_prop_weight:0.15:kg
wpn_p90gamma,up_sect_thirde_p90,app_upgrade_bullet_speed:65:speed|ui_inv_accuracy:0.67:pct|st_prop_weight:0.1:kg
wpn_p90gamma,up_sect_fourta_p90,st_prop_weight:0.2:kg|ui_inv_rate_of_fire:30:rpm
wpn_p90gamma,up_sect_fourtc_p90,st_prop_reliability:1:pct|st_prop_weight:0.1:kg
wpn_p90gamma,up_sect_fourte_p90,st_prop_weight:0.15:kg|st_prop_recoil:24.73:pct
wpn_p90gamma,up_sect_fourtf_p90,ui_inv_handling:3.57:pct|st_prop_weight:0.05:kg
wpn_p90gamma,up_sect_fiftha_p90,st_prop_weight:0.2:kg|st_prop_recoil:24.73:pct
wpn_p90gamma,up_sect_fifthc_p90,ui_inv_accuracy:2:pct|st_prop_weight:0.15:kg
wpn_pb,up_sect_firsta_pb,st_prop_weight:0.02:kg|ui_inv_rate_of_fire:27:rpm
wpn_pb,up_sect_firstc_pb,st_prop_reliability:2.5:pct|st_prop_weight:0.06:kg
wpn_pb,up_sect_firstd_pb,st_prop_weight:0.02:kg
wpn_pb,up_sect_firste_pb,app_upgrade_bullet_speed:87:speed|ui_inv_accuracy:1.33:pct|st_prop_weight:0.04:kg
wpn_pb,up_sect_secona_pb,st_prop_weight:0.02:kg
wpn_pb,up_sect_seconc_pb,st_prop_weight:0.08:kg
wpn_pb,up_sect_thirda_pb,ui_inv_handling:1.19:pct|st_prop_weight:-0.36:kg
wpn_pb,up_sect_thirdc_pb,ui_inv_handling:3.57:pct|st_prop_weight:-0.04:kg
wpn_pb,up_sect_thirde_pb,ui_inv_accuracy:12:pct|st_prop_weight:0.01:kg
wpn_pb,up_sect_fourta_pb,ui_inv_accuracy:4:pct|st_prop_weight:0.04:kg
wpn_pb,up_sect_fourtc_pb,ui_inv_accuracy:8:pct|st_prop_weight:0.02:kg
wpn_pb_bas,up_sect_firsta_pb,st_prop_weight:0.02:kg|ui_inv_rate_of_fire:27:rpm
wpn_pb_bas,up_sect_firstc_pb,st_prop_reliability:2.5:pct|st_prop_weight:0.06:kg
wpn_pb_bas,up_sect_firstd_pb,st_prop_weight:0.02:kg
wpn_pb_bas,up_sect_firste_pb,app_upgrade_bullet_speed:87:speed|ui_inv_accuracy:1.33:pct|st_prop_weight:0.04:kg
wpn_pb_bas,up_sect_secona_pb,st_prop_weight:0.02:kg
wpn_pb_bas,up_sect_seconc_pb,st_prop_weight:0.08:kg
wpn_pb_bas,up_sect_thirda_pb,ui_inv_handling:1.19:pct|st_prop_weight:-0.36:kg
wpn_pb_bas,up_sect_thirdc_pb,ui_inv_handling:3.57:pct|st_prop_weight:-0.04:kg
wpn_pb_bas,up_sect_thirde_pb,ui_inv_accuracy:12:pct|st_prop_weight:0.01:kg
wpn_pb_bas,up_sect_fourta_pb,ui_inv_accuracy:4:pct|st_prop_weight:0.04:kg
wpn_pb_bas,up_sect_fourtc_pb,ui_inv_accuracy:8:pct|st_prop_weight:0.02:kg
wpn_pb_bas_custom,up_sect_firsta_pb,st_prop_weight:0.02:kg|ui_inv_rate_of_fire:27:rpm
wpn_pb_bas_custom,up_sect_firstc_pb,st_prop_reliability:2.5:pct|st_prop_weight:0.06:kg
wpn_pb_bas_custom,up_sect_firstd_pb,st_prop_weight:0.02:kg
wpn_pb_bas_custom,up_sect_firste_pb,app_upgrade_bullet_speed:87:speed|ui_inv_accuracy:1.33:pct|st_prop_weight:0.04:kg
wpn_pb_bas_custom,up_sect_secona_pb,st_prop_weight:0.02:kg
wpn_pb_bas_custom,up_sect_seconc_pb,st_prop_weight:0.08:kg
wpn_pb_bas_custom,up_sect_thirda_pb,ui_inv_handling:1.19:pct|st_prop_weight:-0.36:kg
wpn_pb_bas_custom,up_sect_thirdc_pb,ui_inv_handling:3.57:pct|st_prop_weight:-0.04:kg
wpn_pb_bas_custom,up_sect_thirde_pb,ui_inv_accuracy:12:pct|st_prop_weight:0.01:kg
wpn_pb_bas_custom,up_sect_fourta_pb,ui_inv_accuracy:4:pct|st_prop_weight:0.04:kg
wpn_pb_bas_custom,up_sect_fourtc_pb,ui_inv_accuracy:8:pct|st_prop_weight:0.02:kg
wpn_pkm,up_sect_firsta_pkm,st_prop_reliability:0.8:pct|st_prop_weight:0.12:kg
wpn_pkm,up_sect_firstc_pkm,st_prop_weight:0.18:kg|st_prop_recoil:7.12:pct
wpn_pkm,up_sect_firstd_pkm,app_upgrade_bullet_speed:82:speed|ui_inv_accuracy:1.33:pct|st_prop_weight:0.24:kg
wpn_pkm,up_sect_firste_pkm,st_prop_weight:0.1:kg|ui_inv_rate_of_fire:35:rpm
wpn_pkm,up_sect_secona_pkm,st_prop_weight:0.24:kg|st_prop_recoil:7.12:pct
wpn_pkm,up_sect_seconc_pkm,st_prop_weight:0.2:kg|st_prop_recoil:7.12:pct
wpn_pkm,up_sect_secone_pkm,ui_inv_handling:4.76:pct|st_prop_weight:-0.08:kg
wpn_pkm,up_sect_seconf_pkm,st_prop_weight:0.16:kg|ui_inv_rate_of_fire:65:rpm
wpn_pkm,up_sect_thirda_pkm,st_prop_reliability:0.8:pct|st_prop_weight:0.11:kg
wpn_pkm,up_sect_thirdc_pkm,st_prop_reliability:2:pct|st_prop_weight:0.2:kg
wpn_pkm,up_sect_thirdd_pkm,st_prop_weight:0.16:kg|ui_inv_rate_of_fire:65:rpm
wpn_pkm,up_sect_thirde_pkm,ui_inv_accuracy:9.33:pct|st_prop_weight:0.2:kg
wpn_pkm,up_sect_fourta_pkm,ui_inv_accuracy:3:pct|st_prop_weight:0.2:kg
wpn_pkm,up_sect_fourtc_pkm,ui_inv_handling:2.38:pct|st_prop_weight:-0.12:kg
wpn_pkm,up_sect_fourte_pkm,st_prop_weight:0.24:kg|st_prop_recoil:7.12:pct
wpn_pkm,up_sect_fiftha_pkm,st_prop_recoil:4.74:pct
wpn_pkm_siber,up_sect_firsta_pkm,st_prop_reliability:0.8:pct|st_prop_weight:0.12:kg
wpn_pkm_siber,up_sect_firstc_pkm,st_prop_weight:0.18:kg|st_prop_recoil:7.12:pct
wpn_pkm_siber,up_sect_firstd_pkm,app_upgrade_bullet_speed:82:speed|ui_inv_accuracy:1.33:pct|st_prop_weight:0.24:kg
wpn_pkm_siber,up_sect_firste_pkm,st_prop_weight:0.1:kg|ui_inv_rate_of_fire:35:rpm
wpn_pkm_siber,up_sect_secona_pkm,st_prop_weight:0.24:kg|st_prop_recoil:7.12:pct
wpn_pkm_siber,up_sect_seconc_pkm,st_prop_weight:0.2:kg|st_prop_recoil:7.12:pct
wpn_pkm_siber,up_sect_secone_pkm,ui_inv_handling:4.76:pct|st_prop_weight:-0.08:kg
wpn_pkm_siber,up_sect_seconf_pkm,st_prop_weight:0.16:kg|ui_inv_rate_of_fire:65:rpm
wpn_pkm_siber,up_sect_thirda_pkm,st_prop_reliability:0.8:pct|st_prop_weight:0.11:kg
wpn_pkm_siber,up_sect_thirdc_pkm,st_prop_reliability:2:pct|st_prop_weight:0.2:kg
wpn_pkm_siber,up_sect_thirdd_pkm,st_prop_weight:0.16:kg|ui_inv_rate_of_fire:65:rpm
wpn_pkm_siber,up_sect_thirde_pkm,ui_inv_accuracy:9.33:pct|st_prop_weight:0.2:kg
wpn_pkm_siber,up_sect_fourta_pkm,ui_inv_accuracy:3:pct|st_prop_weight:0.2:kg
wpn_pkm_siber,up_sect_fourtc_pkm,ui_inv_handling:2.38:pct|st_prop_weight:-0.12:kg
wpn_pkm_siber,up_sect_fourte_pkm,st_prop_weight:0.24:kg|st_prop_recoil:7.12:pct
wpn_pkm_siber,up_sect_fiftha_pkm,st_prop_recoil:4.74:pct
wpn_pkm_zenit_siber,up_sect_firsta_pkm,st_prop_reliability:0.8:pct|st_prop_weight:0.12:kg
wpn_pkm_zenit_siber,up_sect_firstc_pkm,st_prop_weight:0.18:kg|st_prop_recoil:27.27:pct
wpn_pkm_zenit_siber,up_sect_firstd_pkm,app_upgrade_bullet_speed:82:speed|ui_inv_accuracy:1.33:pct|st_prop_weight:0.24:kg
wpn_pkm_zenit_siber,up_sect_firste_pkm,st_prop_weight:0.1:kg|ui_inv_rate_of_fire:35:rpm
wpn_pkm_zenit_siber,up_sect_secona_pkm,st_prop_weight:0.24:kg|st_prop_recoil:27.27:pct
wpn_pkm_zenit_siber,up_sect_seconc_pkm,st_prop_weight:0.2:kg|st_prop_recoil:27.27:pct
wpn_pkm_zenit_siber,up_sect_secone_pkm,ui_inv_handling:4.76:pct|st_prop_weight:-0.08:kg
wpn_pkm_zenit_siber,up_sect_seconf_pkm,st_prop_weight:0.16:kg|ui_inv_rate_of_fire:65:rpm
wpn_pkm_zenit_siber,up_sect_thirda_pkm,st_prop_reliability:0.8:pct|st_prop_weight:0.11:kg
wpn_pkm_zenit_siber,up_sect_thirdc_pkm,st_prop_reliability:2:pct|st_prop_weight:0.2:kg
wpn_pkm_zenit_siber,up_sect_thirdd_pkm,st_prop_weight:0.16:kg|ui_inv_rate_of_fire:65:rpm
wpn_pkm_zenit_siber,up_sect_thirde_pkm,ui_inv_accuracy:9.33:pct|st_prop_weight:0.2:kg
wpn_pkm_zenit_siber,up_sect_fourta_pkm,ui_inv_accuracy:3:pct|st_prop_weight:0.2:kg
wpn_pkm_zenit_siber,up_sect_fourtc_pkm,ui_inv_handling:2.38:pct|st_prop_weight:-0.12:kg
wpn_pkm_zenit_siber,up_sect_fourte_pkm,st_prop_weight:0.24:kg|st_prop_recoil:27.27:pct
wpn_pkm_zenit_siber,up_sect_fiftha_pkm,st_prop_recoil:17.15:pct
wpn_pkm_zulus,up_sect_firsta_pkm,st_prop_reliability:0.8:pct|st_prop_weight:0.12:kg
wpn_pkm_zulus,up_sect_firstc_pkm,st_prop_weight:0.18:kg|st_prop_recoil:23.15:pct
wpn_pkm_zulus,up_sect_firstd_pkm,app_upgrade_bullet_speed:82:speed|ui_inv_accuracy:1.33:pct|st_prop_weight:0.24:kg
wpn_pkm_zulus,up_sect_firste_pkm,st_prop_weight:0.1:kg|ui_inv_rate_of_fire:35:rpm
wpn_pkm_zulus,up_sect_secona_pkm,st_prop_weight:0.24:kg|st_prop_recoil:23.15:pct
wpn_pkm_zulus,up_sect_seconc_pkm,st_prop_weight:0.2:kg|st_prop_recoil:23.15:pct
wpn_pkm_zulus,up_sect_secone_pkm,ui_inv_handling:4.76:pct|st_prop_weight:-0.08:kg
wpn_pkm_zulus,up_sect_seconf_pkm,st_prop_weight:0.16:kg|ui_inv_rate_of_fire:65:rpm
wpn_pkm_zulus,up_sect_thirda_pkm,st_prop_reliability:0.8:pct|st_prop_weight:0.11:kg
wpn_pkm_zulus,up_sect_thirdc_pkm,st_prop_reliability:2:pct|st_prop_weight:0.2:kg
wpn_pkm_zulus,up_sect_thirdd_pkm,st_prop_weight:0.16:kg|ui_inv_rate_of_fire:65:rpm
wpn_pkm_zulus,up_sect_thirde_pkm,ui_inv_accuracy:9.33:pct|st_prop_weight:0.2:kg
wpn_pkm_zulus,up_sect_fourta_pkm,ui_inv_accuracy:3:pct|st_prop_weight:0.2:kg
wpn_pkm_zulus,up_sect_fourtc_pkm,ui_inv_handling:2.38:pct|st_prop_weight:-0.12:kg
wpn_pkm_zulus,up_sect_fourte_pkm,st_prop_weight:0.24:kg|st_prop_recoil:23.15:pct
wpn_pkm_zulus,up_sect_fiftha_pkm,st_prop_recoil:14.55:pct
wpn_pkp,up_sect_firsta_pkm,st_prop_reliability:0.8:pct|st_prop_weight:0.12:kg
wpn_pkp,up_sect_firstc_pkm,st_prop_weight:0.18:kg|st_prop_recoil:13.03:pct
wpn_pkp,up_sect_firstd_pkm,app_upgrade_bullet_speed:82:speed|ui_inv_accuracy:1.33:pct|st_prop_weight:0.24:kg
wpn_pkp,up_sect_firste_pkm,st_prop_weight:0.1:kg|ui_inv_rate_of_fire:35:rpm
wpn_pkp,up_sect_secona_pkm,st_prop_weight:0.24:kg|st_prop_recoil:13.03:pct
wpn_pkp,up_sect_seconc_pkm,st_prop_weight:0.2:kg|st_prop_recoil:13.03:pct
wpn_pkp,up_sect_secone_pkm,ui_inv_handling:4.76:pct|st_prop_weight:-0.08:kg
wpn_pkp,up_sect_seconf_pkm,st_prop_weight:0.16:kg|ui_inv_rate_of_fire:65:rpm
wpn_pkp,up_sect_thirda_pkm,st_prop_reliability:0.8:pct|st_prop_weight:0.11:kg
wpn_pkp,up_sect_thirdc_pkm,st_prop_reliability:2:pct|st_prop_weight:0.2:kg
wpn_pkp,up_sect_thirdd_pkm,st_prop_weight:0.16:kg|ui_inv_rate_of_fire:65:rpm
wpn_pkp,up_sect_thirde_pkm,ui_inv_accuracy:9.33:pct|st_prop_weight:0.2:kg
wpn_pkp,up_sect_fourta_pkm,ui_inv_accuracy:3:pct|st_prop_weight:0.2:kg
wpn_pkp,up_sect_fourtc_pkm,ui_inv_handling:2.38:pct|st_prop_weight:-0.12:kg
wpn_pkp,up_sect_fourte_pkm,st_prop_weight:0.24:kg|st_prop_recoil:13.03:pct
wpn_pkp,up_sect_fiftha_pkm,st_prop_recoil:8.53:pct
wpn_pkp_siber,up_sect_firsta_pkm,st_prop_reliability:0.8:pct|st_prop_weight:0.12:kg
wpn_pkp_siber,up_sect_firstc_pkm,st_prop_weight:0.18:kg|st_prop_recoil:13.03:pct
wpn_pkp_siber,up_sect_firstd_pkm,app_upgrade_bullet_speed:82:speed|ui_inv_accuracy:1.33:pct|st_prop_weight:0.24:kg
wpn_pkp_siber,up_sect_firste_pkm,st_prop_weight:0.1:kg|ui_inv_rate_of_fire:35:rpm
wpn_pkp_siber,up_sect_secona_pkm,st_prop_weight:0.24:kg|st_prop_recoil:13.03:pct
wpn_pkp_siber,up_sect_seconc_pkm,st_prop_weight:0.2:kg|st_prop_recoil:13.03:pct
wpn_pkp_siber,up_sect_secone_pkm,ui_inv_handling:4.76:pct|st_prop_weight:-0.08:kg
wpn_pkp_siber,up_sect_seconf_pkm,st_prop_weight:0.16:kg|ui_inv_rate_of_fire:65:rpm
wpn_pkp_siber,up_sect_thirda_pkm,st_prop_reliability:0.8:pct|st_prop_weight:0.11:kg
wpn_pkp_siber,up_sect_thirdc_pkm,st_prop_reliability:2:pct|st_prop_weight:0.2:kg
wpn_pkp_siber,up_sect_thirdd_pkm,st_prop_weight:0.16:kg|ui_inv_rate_of_fire:65:rpm
wpn_pkp_siber,up_sect_thirde_pkm,ui_inv_accuracy:9.33:pct|st_prop_weight:0.2:kg
wpn_pkp_siber,up_sect_fourta_pkm,ui_inv_accuracy:3:pct|st_prop_weight:0.2:kg
wpn_pkp_siber,up_sect_fourtc_pkm,ui_inv_handling:2.38:pct|st_prop_weight:-0.12:kg
wpn_pkp_siber,up_sect_fourte_pkm,st_prop_weight:0.24:kg|st_prop_recoil:13.03:pct
wpn_pkp_siber,up_sect_fiftha_pkm,st_prop_recoil:8.53:pct
wpn_pl15,up_sect_firsta_fn57,app_upgrade_bullet_speed:30:speed|st_prop_weight:0.08:kg
wpn_pl15,up_sect_firstd_fn57,app_upgrade_bullet_speed:70:speed|ui_inv_accuracy:1.33:pct
wpn_pl15,up_sect_firste_fn57,st_prop_weight:0.09:kg|ui_inv_rate_of_fire:250:rpm
wpn_pl15,up_sect_secona_fn57,app_upgrade_bullet_speed:35:speed
wpn_pl15,up_sect_seconc_fn57,st_prop_reliability:4:pct
wpn_pl15,up_sect_secone_fn57,ui_inv_rate_of_fire:60:rpm
wpn_pl15,up_sect_seconf_fn57,app_upgrade_bullet_speed:100:speed|ui_inv_accuracy:1.33:pct
wpn_pl15,up_sect_thirda_fn57,st_prop_reliability:3:pct
wpn_pl15,up_sect_thirdc_fn57,ui_inv_handling:4.76:pct
wpn_pl15,up_sect_fourta_fn57,ui_inv_accuracy:4.67:pct
wpn_pl15,up_sect_fourtc_fn57,st_prop_reliability:4:pct
wpn_pl15,up_sect_fiftha_fn57,ui_inv_rate_of_fire:45:rpm
wpn_pl15_pl15_scolaz,up_sect_firsta_fn57,app_upgrade_bullet_speed:30:speed|st_prop_weight:0.08:kg
wpn_pl15_pl15_scolaz,up_sect_firstd_fn57,app_upgrade_bullet_speed:70:speed|ui_inv_accuracy:1.33:pct
wpn_pl15_pl15_scolaz,up_sect_firste_fn57,st_prop_weight:0.09:kg|ui_inv_rate_of_fire:250:rpm
wpn_pl15_pl15_scolaz,up_sect_secona_fn57,app_upgrade_bullet_speed:35:speed
wpn_pl15_pl15_scolaz,up_sect_seconc_fn57,st_prop_reliability:4:pct
wpn_pl15_pl15_scolaz,up_sect_secone_fn57,ui_inv_rate_of_fire:60:rpm
wpn_pl15_pl15_scolaz,up_sect_seconf_fn57,app_upgrade_bullet_speed:100:speed|ui_inv_accuracy:1.33:pct
wpn_pl15_pl15_scolaz,up_sect_thirda_fn57,st_prop_reliability:3:pct
wpn_pl15_pl15_scolaz,up_sect_thirdc_fn57,ui_inv_handling:4.76:pct
wpn_pl15_pl15_scolaz,up_sect_fourta_fn57,ui_inv_accuracy:4.67:pct
wpn_pl15_pl15_scolaz,up_sect_fourtc_fn57,st_prop_reliability:4:pct
wpn_pl15_pl15_scolaz,up_sect_fiftha_fn57,ui_inv_rate_of_fire:45:rpm
wpn_pl15_tan,up_sect_firsta_fn57,app_upgrade_bullet_speed:30:speed|st_prop_weight:0.08:kg
wpn_pl15_tan,up_sect_firstd_fn57,app_upgrade_bullet_speed:70:speed|ui_inv_accuracy:1.33:pct
wpn_pl15_tan,up_sect_firste_fn57,st_prop_weight:0.09:kg|ui_inv_rate_of_fire:250:rpm
wpn_pl15_tan,up_sect_secona_fn57,app_upgrade_bullet_speed:35:speed
wpn_pl15_tan,up_sect_seconc_fn57,st_prop_reliability:4:pct
wpn_pl15_tan,up_sect_secone_fn57,ui_inv_rate_of_fire:60:rpm
wpn_pl15_tan,up_sect_seconf_fn57,app_upgrade_bullet_speed:100:speed|ui_inv_accuracy:1.33:pct
wpn_pl15_tan,up_sect_thirda_fn57,st_prop_reliability:3:pct
wpn_pl15_tan,up_sect_thirdc_fn57,ui_inv_handling:4.76:pct
wpn_pl15_tan,up_sect_fourta_fn57,ui_inv_accuracy:4.67:pct
wpn_pl15_tan,up_sect_fourtc_fn57,st_prop_reliability:4:pct
wpn_pl15_tan,up_sect_fiftha_fn57,ui_inv_rate_of_fire:45:rpm
wpn_pl15_tan_pl15_scolaz,up_sect_firsta_fn57,app_upgrade_bullet_speed:30:speed|st_prop_weight:0.08:kg
wpn_pl15_tan_pl15_scolaz,up_sect_firstd_fn57,app_upgrade_bullet_speed:70:speed|ui_inv_accuracy:1.33:pct
wpn_pl15_tan_pl15_scolaz,up_sect_firste_fn57,st_prop_weight:0.09:kg|ui_inv_rate_of_fire:250:rpm
wpn_pl15_tan_pl15_scolaz,up_sect_secona_fn57,app_upgrade_bullet_speed:35:speed
wpn_pl15_tan_pl15_scolaz,up_sect_seconc_fn57,st_prop_reliability:4:pct
wpn_pl15_tan_pl15_scolaz,up_sect_secone_fn57,ui_inv_rate_of_fire:60:rpm
wpn_pl15_tan_pl15_scolaz,up_sect_seconf_fn57,app_upgrade_bullet_speed:100:speed|ui_inv_accuracy:1.33:pct
wpn_pl15_tan_pl15_scolaz,up_sect_thirda_fn57,st_prop_reliability:3:pct
wpn_pl15_tan_pl15_scolaz,up_sect_thirdc_fn57,ui_inv_handling:4.76:pct
wpn_pl15_tan_pl15_scolaz,up_sect_fourta_fn57,ui_inv_accuracy:4.67:pct
wpn_pl15_tan_pl15_scolaz,up_sect_fourtc_fn57,st_prop_reliability:4:pct
wpn_pl15_tan_pl15_scolaz,up_sect_fiftha_fn57,ui_inv_rate_of_fire:45:rpm
wpn_pm,up_sect_firsta_pm,st_prop_weight:0.03:kg|ui_inv_rate_of_fire:36:rpm
wpn_pm,up_sect_firstc_pm,app_upgrade_bullet_speed:62:speed|ui_inv_accuracy:0.67:pct|st_prop_weight:0.05:kg
wpn_pm,up_sect_firstd_pm,st_prop_weight:0.06:kg
wpn_pm,up_sect_firste_pm,st_prop_weight:0.05:kg
wpn_pm,up_sect_secona_pm,app_upgrade_bullet_speed:31:speed|st_prop_weight:0.04:kg
wpn_pm,up_sect_seconc_pm,st_prop_reliability:2.5:pct|st_prop_weight:0.09:kg
wpn_pm,up_sect_thirda_pm,ui_inv_handling:1.19:pct|st_prop_weight:-0.36:kg
wpn_pm,up_sect_thirdc_pm,ui_inv_handling:3.57:pct|st_prop_weight:-0.04:kg
wpn_pm,up_sect_thirdd_pm,st_prop_weight:0.06:kg
wpn_pm,up_sect_fourta_pm,ui_inv_accuracy:4.67:pct|st_prop_weight:0.04:kg
wpn_pm,up_sect_fourtc_pm,ui_inv_accuracy:9.33:pct|st_prop_weight:0.08:kg
wpn_pm,up_sect_fiftha_pm,st_prop_weight:0.03:kg|ui_inv_rate_of_fire:36:rpm
wpn_pm,up_sect_fifthc_pm,app_upgrade_mag_size:-4:num|app_upgrade_bullet_speed:40:speed|st_prop_reliability:-36:pct|st_prop_weight:0.06:kg|ui_inv_rate_of_fire:-35:rpm|st_prop_recoil:-3.58:pct
wpn_pm_actor,up_sect_firsta_pm,st_prop_weight:0.03:kg|ui_inv_rate_of_fire:36:rpm
wpn_pm_actor,up_sect_firstc_pm,app_upgrade_bullet_speed:62:speed|ui_inv_accuracy:0.67:pct|st_prop_weight:0.05:kg
wpn_pm_actor,up_sect_firstd_pm,st_prop_weight:0.06:kg
wpn_pm_actor,up_sect_firste_pm,st_prop_weight:0.05:kg
wpn_pm_actor,up_sect_secona_pm,app_upgrade_bullet_speed:31:speed|st_prop_weight:0.04:kg
wpn_pm_actor,up_sect_seconc_pm,st_prop_reliability:2.5:pct|st_prop_weight:0.09:kg
wpn_pm_actor,up_sect_thirda_pm,ui_inv_handling:1.19:pct|st_prop_weight:-0.36:kg
wpn_pm_actor,up_sect_thirdc_pm,ui_inv_handling:3.57:pct|st_prop_weight:-0.04:kg
wpn_pm_actor,up_sect_thirdd_pm,st_prop_weight:0.06:kg
wpn_pm_actor,up_sect_fourta_pm,ui_inv_accuracy:4.67:pct|st_prop_weight:0.04:kg
wpn_pm_actor,up_sect_fourtc_pm,ui_inv_accuracy:9.33:pct|st_prop_weight:0.08:kg
wpn_pm_actor,up_sect_fiftha_pm,st_prop_weight:0.03:kg|ui_inv_rate_of_fire:36:rpm
wpn_pm_actor,up_sect_fifthc_pm,app_upgrade_mag_size:-4:num|app_upgrade_bullet_speed:40:speed|st_prop_reliability:-36:pct|st_prop_weight:0.06:kg|ui_inv_rate_of_fire:-35:rpm|st_prop_recoil:-3.58:pct
wpn_pm_bas,up_sect_firsta_pm,st_prop_weight:0.03:kg|ui_inv_rate_of_fire:36:rpm
wpn_pm_bas,up_sect_firstc_pm,app_upgrade_bullet_speed:62:speed|ui_inv_accuracy:0.67:pct|st_prop_weight:0.05:kg
wpn_pm_bas,up_sect_firstd_pm,st_prop_weight:0.06:kg
wpn_pm_bas,up_sect_firste_pm,st_prop_weight:0.05:kg
wpn_pm_bas,up_sect_secona_pm,app_upgrade_bullet_speed:31:speed|st_prop_weight:0.04:kg
wpn_pm_bas,up_sect_seconc_pm,st_prop_reliability:2.5:pct|st_prop_weight:0.09:kg
wpn_pm_bas,up_sect_thirda_pm,ui_inv_handling:1.19:pct|st_prop_weight:-0.36:kg
wpn_pm_bas,up_sect_thirdc_pm,ui_inv_handling:3.57:pct|st_prop_weight:-0.04:kg
wpn_pm_bas,up_sect_thirdd_pm,st_prop_weight:0.06:kg
wpn_pm_bas,up_sect_fourta_pm,ui_inv_accuracy:4.67:pct|st_prop_weight:0.04:kg
wpn_pm_bas,up_sect_fourtc_pm,ui_inv_accuracy:9.33:pct|st_prop_weight:0.08:kg
wpn_pm_bas,up_sect_fiftha_pm,st_prop_weight:0.03:kg|ui_inv_rate_of_fire:36:rpm
wpn_pm_bas,up_sect_fifthc_pm,app_upgrade_mag_size:-4:num|app_upgrade_bullet_speed:40:speed|st_prop_reliability:-36:pct|st_prop_weight:0.06:kg|ui_inv_rate_of_fire:-35:rpm|st_prop_recoil:-3.58:pct
wpn_pm_bas_actor,up_sect_firsta_pm,st_prop_weight:0.03:kg|ui_inv_rate_of_fire:36:rpm
wpn_pm_bas_actor,up_sect_firstc_pm,app_upgrade_bullet_speed:62:speed|ui_inv_accuracy:0.67:pct|st_prop_weight:0.05:kg
wpn_pm_bas_actor,up_sect_firstd_pm,st_prop_weight:0.06:kg
wpn_pm_bas_actor,up_sect_firste_pm,st_prop_weight:0.05:kg
wpn_pm_bas_actor,up_sect_secona_pm,app_upgrade_bullet_speed:31:speed|st_prop_weight:0.04:kg
wpn_pm_bas_actor,up_sect_seconc_pm,st_prop_reliability:2.5:pct|st_prop_weight:0.09:kg
wpn_pm_bas_actor,up_sect_thirda_pm,ui_inv_handling:1.19:pct|st_prop_weight:-0.36:kg
wpn_pm_bas_actor,up_sect_thirdc_pm,ui_inv_handling:3.57:pct|st_prop_weight:-0.04:kg
wpn_pm_bas_actor,up_sect_thirdd_pm,st_prop_weight:0.06:kg
wpn_pm_bas_actor,up_sect_fourta_pm,ui_inv_accuracy:4.67:pct|st_prop_weight:0.04:kg
wpn_pm_bas_actor,up_sect_fourtc_pm,ui_inv_accuracy:9.33:pct|st_prop_weight:0.08:kg
wpn_pm_bas_actor,up_sect_fiftha_pm,st_prop_weight:0.03:kg|ui_inv_rate_of_fire:36:rpm
wpn_pm_bas_actor,up_sect_fifthc_pm,app_upgrade_mag_size:-4:num|app_upgrade_bullet_speed:40:speed|st_prop_reliability:-36:pct|st_prop_weight:0.06:kg|ui_inv_rate_of_fire:-35:rpm|st_prop_recoil:-3.58:pct
wpn_pm_bas_custom,up_sect_firsta_pm,st_prop_weight:0.03:kg|ui_inv_rate_of_fire:36:rpm
wpn_pm_bas_custom,up_sect_firstc_pm,app_upgrade_bullet_speed:62:speed|ui_inv_accuracy:0.67:pct|st_prop_weight:0.05:kg
wpn_pm_bas_custom,up_sect_firstd_pm,st_prop_weight:0.06:kg
wpn_pm_bas_custom,up_sect_firste_pm,st_prop_weight:0.05:kg
wpn_pm_bas_custom,up_sect_secona_pm,app_upgrade_bullet_speed:31:speed|st_prop_weight:0.04:kg
wpn_pm_bas_custom,up_sect_seconc_pm,st_prop_reliability:2.5:pct|st_prop_weight:0.09:kg
wpn_pm_bas_custom,up_sect_thirda_pm,ui_inv_handling:1.19:pct|st_prop_weight:-0.36:kg
wpn_pm_bas_custom,up_sect_thirdc_pm,ui_inv_handling:3.57:pct|st_prop_weight:-0.04:kg
wpn_pm_bas_custom,up_sect_thirdd_pm,st_prop_weight:0.06:kg
wpn_pm_bas_custom,up_sect_fourta_pm,ui_inv_accuracy:4.67:pct|st_prop_weight:0.04:kg
wpn_pm_bas_custom,up_sect_fourtc_pm,ui_inv_accuracy:9.33:pct|st_prop_weight:0.08:kg
wpn_pm_bas_custom,up_sect_fiftha_pm,st_prop_weight:0.03:kg|ui_inv_rate_of_fire:36:rpm
wpn_pm_bas_custom,up_sect_fifthc_pm,app_upgrade_mag_size:-4:num|app_upgrade_bullet_speed:40:speed|st_prop_reliability:-36:pct|st_prop_weight:0.06:kg|ui_inv_rate_of_fire:-35:rpm|st_prop_recoil:-3.58:pct
wpn_pm_custom,up_sect_firsta_pm,st_prop_weight:0.03:kg|ui_inv_rate_of_fire:36:rpm
wpn_pm_custom,up_sect_firstc_pm,app_upgrade_bullet_speed:62:speed|ui_inv_accuracy:0.67:pct|st_prop_weight:0.05:kg
wpn_pm_custom,up_sect_firstd_pm,st_prop_weight:0.06:kg
wpn_pm_custom,up_sect_firste_pm,st_prop_weight:0.05:kg
wpn_pm_custom,up_sect_secona_pm,app_upgrade_bullet_speed:31:speed|st_prop_weight:0.04:kg
wpn_pm_custom,up_sect_seconc_pm,st_prop_reliability:2.5:pct|st_prop_weight:0.09:kg
wpn_pm_custom,up_sect_thirda_pm,ui_inv_handling:1.19:pct|st_prop_weight:-0.36:kg
wpn_pm_custom,up_sect_thirdc_pm,ui_inv_handling:3.57:pct|st_prop_weight:-0.04:kg
wpn_pm_custom,up_sect_thirdd_pm,st_prop_weight:0.06:kg
wpn_pm_custom,up_sect_fourta_pm,ui_inv_accuracy:4.67:pct|st_prop_weight:0.04:kg
wpn_pm_custom,up_sect_fourtc_pm,ui_inv_accuracy:9.33:pct|st_prop_weight:0.08:kg
wpn_pm_custom,up_sect_fiftha_pm,st_prop_weight:0.03:kg|ui_inv_rate_of_fire:36:rpm
wpn_pm_custom,up_sect_fifthc_pm,app_upgrade_mag_size:-4:num|app_upgrade_bullet_speed:40:speed|st_prop_reliability:-36:pct|st_prop_weight:0.06:kg|ui_inv_rate_of_fire:-35:rpm|st_prop_recoil:-3.58:pct
wpn_pmm_bas,up_sect_firsta_pm,st_prop_weight:0.03:kg|ui_inv_rate_of_fire:36:rpm
wpn_pmm_bas,up_sect_firstc_pm,app_upgrade_bullet_speed:62:speed|ui_inv_accuracy:0.67:pct|st_prop_weight:0.05:kg
wpn_pmm_bas,up_sect_firstd_pm,st_prop_weight:0.06:kg
wpn_pmm_bas,up_sect_firste_pm,st_prop_weight:0.05:kg
wpn_pmm_bas,up_sect_secona_pm,app_upgrade_bullet_speed:31:speed|st_prop_weight:0.04:kg
wpn_pmm_bas,up_sect_seconc_pm,st_prop_reliability:2.5:pct|st_prop_weight:0.09:kg
wpn_pmm_bas,up_sect_thirda_pm,ui_inv_handling:1.19:pct|st_prop_weight:-0.36:kg
wpn_pmm_bas,up_sect_thirdc_pm,ui_inv_handling:3.57:pct|st_prop_weight:-0.04:kg
wpn_pmm_bas,up_sect_thirdd_pm,st_prop_weight:0.06:kg
wpn_pmm_bas,up_sect_fourta_pm,ui_inv_accuracy:4.67:pct|st_prop_weight:0.04:kg
wpn_pmm_bas,up_sect_fourtc_pm,ui_inv_accuracy:9.33:pct|st_prop_weight:0.08:kg
wpn_pmm_bas,up_sect_fiftha_pm,st_prop_weight:0.03:kg|ui_inv_rate_of_fire:36:rpm
wpn_pmm_bas,up_sect_fifthc_pm,app_upgrade_mag_size:-4:num|app_upgrade_bullet_speed:40:speed|st_prop_reliability:-36:pct|st_prop_weight:0.06:kg|ui_inv_rate_of_fire:-35:rpm|st_prop_recoil:-3.58:pct
wpn_pp2000,up_sect_firsta_bizon,ui_inv_accuracy:0.67:pct|st_prop_weight:0.1:kg
wpn_pp2000,up_sect_firstc_bizon,ui_inv_accuracy:3.33:pct|st_prop_weight:0.05:kg
wpn_pp2000,up_sect_firstd_bizon,st_prop_weight:0.1:kg|st_prop_recoil:7.64:pct
wpn_pp2000,up_sect_firste_bizon,ui_inv_accuracy:16.67:pct|st_prop_weight:0.1:kg
wpn_pp2000,up_sect_secona_bizon,st_prop_reliability:0.9:pct|st_prop_weight:0.13:kg
wpn_pp2000,up_sect_seconc_bizon,st_prop_reliability:1.8:pct|st_prop_weight:0.2:kg
wpn_pp2000,up_sect_secone_pp2000,ui_inv_accuracy:6:pct|st_prop_weight:0.1:kg
wpn_pp2000,up_sect_seconf_pp2000,st_prop_weight:0.1:kg|st_prop_recoil:11.77:pct
wpn_pp2000,up_sect_thirda_bizon,app_upgrade_bullet_speed:35:speed|ui_inv_accuracy:0.67:pct|st_prop_weight:0.1:kg
wpn_pp2000,up_sect_thirdc_bizon,st_prop_weight:0.1:kg|st_prop_recoil:7.64:pct
wpn_pp2000,up_sect_thirdd_bizon,ui_inv_handling:2.38:pct|st_prop_weight:-0.1:kg
wpn_pp2000,up_sect_thirde_bizon,app_upgrade_bullet_speed:175:speed
wpn_pp2000,up_sect_fourta_bizon,st_prop_weight:0.1:kg|ui_inv_rate_of_fire:40:rpm
wpn_pp2000,up_sect_fourtc_bizon,st_prop_weight:0.1:kg|ui_inv_rate_of_fire:40:rpm
wpn_pp2000,up_sect_fourte_bizon,st_prop_weight:0.13:kg|ui_inv_rate_of_fire:160:rpm
wpn_pp2000,up_sect_fourtf_bizon,app_upgrade_bullet_speed:175:speed
wpn_pp2000,up_sect_fiftha_bizon,st_prop_reliability:0.9:pct|st_prop_weight:0.13:kg
wpn_pp2000,up_sect_fifthc_pp2000,st_prop_reliability:-1:pct
wpn_pp2000_operator,up_sect_firsta_bizon,ui_inv_accuracy:0.67:pct|st_prop_weight:0.1:kg
wpn_pp2000_operator,up_sect_firstc_bizon,ui_inv_accuracy:3.33:pct|st_prop_weight:0.05:kg
wpn_pp2000_operator,up_sect_firstd_bizon,st_prop_weight:0.1:kg
wpn_pp2000_operator,up_sect_firste_bizon,ui_inv_accuracy:16.67:pct|st_prop_weight:0.1:kg
wpn_pp2000_operator,up_sect_secona_bizon,st_prop_reliability:0.9:pct|st_prop_weight:0.13:kg
wpn_pp2000_operator,up_sect_seconc_bizon,st_prop_reliability:1.8:pct|st_prop_weight:0.2:kg
wpn_pp2000_operator,up_sect_secone_pp2000,ui_inv_accuracy:6:pct|st_prop_weight:0.1:kg
wpn_pp2000_operator,up_sect_seconf_pp2000,st_prop_weight:0.1:kg
wpn_pp2000_operator,up_sect_thirda_bizon,app_upgrade_bullet_speed:35:speed|ui_inv_accuracy:0.67:pct|st_prop_weight:0.1:kg
wpn_pp2000_operator,up_sect_thirdc_bizon,st_prop_weight:0.1:kg
wpn_pp2000_operator,up_sect_thirdd_bizon,ui_inv_handling:2.38:pct|st_prop_weight:-0.1:kg
wpn_pp2000_operator,up_sect_thirde_bizon,app_upgrade_bullet_speed:175:speed
wpn_pp2000_operator,up_sect_fourta_bizon,st_prop_weight:0.1:kg|ui_inv_rate_of_fire:40:rpm
wpn_pp2000_operator,up_sect_fourtc_bizon,st_prop_weight:0.1:kg|ui_inv_rate_of_fire:40:rpm
wpn_pp2000_operator,up_sect_fourte_bizon,st_prop_weight:0.13:kg|ui_inv_rate_of_fire:160:rpm
wpn_pp2000_operator,up_sect_fourtf_bizon,app_upgrade_bullet_speed:175:speed
wpn_pp2000_operator,up_sect_fiftha_bizon,st_prop_reliability:0.9:pct|st_prop_weight:0.13:kg
wpn_pp2000_operator,up_sect_fifthc_pp2000,st_prop_reliability:-1:pct
wpn_ppsh41,up_sect_firsta_ppsh41,st_prop_weight:0.12:kg|st_prop_recoil:7.98:pct
wpn_ppsh41,up_sect_firstc_ppsh41,st_prop_reliability:1:pct|st_prop_weight:0.15:kg
wpn_ppsh41,up_sect_firstd_ppsh41,st_prop_weight:0.2:kg|st_prop_recoil:4.92:pct
wpn_ppsh41,up_sect_firste_ppsh41,ui_inv_accuracy:4:pct|st_prop_weight:0.1:kg
wpn_ppsh41,up_sect_firstf_ppsh41,app_upgrade_bullet_speed:110:speed|ui_inv_accuracy:2.67:pct|st_prop_weight:0.2:kg
wpn_ppsh41,up_sect_secona_ppsh41,ui_inv_handling:2.38:pct|st_prop_weight:0.15:kg
wpn_ppsh41,up_sect_seconc_ppsh41,ui_inv_accuracy:4:pct
wpn_ppsh41,up_sect_second_ppsh41,st_prop_weight:0.15:kg|ui_inv_rate_of_fire:90:rpm
wpn_ppsh41,up_sect_thirda_ppsh41,st_prop_reliability:1:pct|st_prop_weight:0.12:kg
wpn_ppsh41,up_sect_thirdc_ppsh41,app_upgrade_bullet_speed:38:speed|ui_inv_accuracy:3.33:pct|st_prop_weight:0.15:kg
wpn_ppsh41,up_sect_thirde_ppsh41,st_prop_reliability:1.5:pct
wpn_ppsh41,up_sect_thirdf_ppsh41,ui_inv_handling:3.57:pct
wpn_ppsh41_rednew,up_sect_firsta_ppsh41,st_prop_weight:0.12:kg|st_prop_recoil:7.98:pct
wpn_ppsh41_rednew,up_sect_firstc_ppsh41,st_prop_reliability:1:pct|st_prop_weight:0.15:kg
wpn_ppsh41_rednew,up_sect_firstd_ppsh41,st_prop_weight:0.2:kg|st_prop_recoil:4.92:pct
wpn_ppsh41_rednew,up_sect_firste_ppsh41,ui_inv_accuracy:4:pct|st_prop_weight:0.1:kg
wpn_ppsh41_rednew,up_sect_firstf_ppsh41,app_upgrade_bullet_speed:110:speed|ui_inv_accuracy:2.67:pct|st_prop_weight:0.2:kg
wpn_ppsh41_rednew,up_sect_secona_ppsh41,ui_inv_handling:2.38:pct|st_prop_weight:0.15:kg
wpn_ppsh41_rednew,up_sect_seconc_ppsh41,ui_inv_accuracy:4:pct
wpn_ppsh41_rednew,up_sect_second_ppsh41,st_prop_weight:0.15:kg|ui_inv_rate_of_fire:90:rpm
wpn_ppsh41_rednew,up_sect_thirda_ppsh41,st_prop_reliability:1:pct|st_prop_weight:0.12:kg
wpn_ppsh41_rednew,up_sect_thirdc_ppsh41,app_upgrade_bullet_speed:38:speed|ui_inv_accuracy:3.33:pct|st_prop_weight:0.15:kg
wpn_ppsh41_rednew,up_sect_thirde_ppsh41,st_prop_reliability:1.5:pct
wpn_ppsh41_rednew,up_sect_thirdf_ppsh41,ui_inv_handling:3.57:pct
wpn_ppsh41_woodnew,up_sect_firsta_ppsh41,st_prop_weight:0.12:kg|st_prop_recoil:7.98:pct
wpn_ppsh41_woodnew,up_sect_firstc_ppsh41,st_prop_reliability:1:pct|st_prop_weight:0.15:kg
wpn_ppsh41_woodnew,up_sect_firstd_ppsh41,st_prop_weight:0.2:kg|st_prop_recoil:4.92:pct
wpn_ppsh41_woodnew,up_sect_firste_ppsh41,ui_inv_accuracy:4:pct|st_prop_weight:0.1:kg
wpn_ppsh41_woodnew,up_sect_firstf_ppsh41,app_upgrade_bullet_speed:110:speed|ui_inv_accuracy:2.67:pct|st_prop_weight:0.2:kg
wpn_ppsh41_woodnew,up_sect_secona_ppsh41,ui_inv_handling:2.38:pct|st_prop_weight:0.15:kg
wpn_ppsh41_woodnew,up_sect_seconc_ppsh41,ui_inv_accuracy:4:pct
wpn_ppsh41_woodnew,up_sect_second_ppsh41,st_prop_weight:0.15:kg|ui_inv_rate_of_fire:90:rpm
wpn_ppsh41_woodnew,up_sect_thirda_ppsh41,st_prop_reliability:1:pct|st_prop_weight:0.12:kg
wpn_ppsh41_woodnew,up_sect_thirdc_ppsh41,app_upgrade_bullet_speed:38:speed|ui_inv_accuracy:3.33:pct|st_prop_weight:0.15:kg
wpn_ppsh41_woodnew,up_sect_thirde_ppsh41,st_prop_reliability:1.5:pct
wpn_ppsh41_woodnew,up_sect_thirdf_ppsh41,ui_inv_handling:3.57:pct
wpn_protecta,up_sect_firsta_protecta,st_prop_reliability:2:pct|st_prop_weight:0.1:kg
wpn_protecta,up_sect_firstc_protecta,app_upgrade_bullet_speed:80:speed|ui_inv_accuracy:1.33:pct|st_prop_weight:0.18:kg
wpn_protecta,up_sect_firstd_protecta,st_prop_reliability:4:pct|st_prop_weight:0.14:kg
wpn_protecta,up_sect_firste_protecta,st_prop_weight:0.25:kg|st_prop_recoil:0.08:pct
wpn_protecta,up_sect_firstf_protecta,st_prop_weight:0.15:kg|ui_inv_rate_of_fire:40:rpm
wpn_protecta,up_sect_secona_protecta,st_prop_recoil:0.04:pct
wpn_protecta,up_sect_seconc_protecta,ui_inv_handling:2.38:pct|st_prop_weight:-0.58:kg
wpn_protecta,up_sect_second_protecta,st_prop_weight:0.16:kg|st_prop_recoil:0.08:pct
wpn_protecta,up_sect_thirda_protecta,st_prop_reliability:2:pct
wpn_protecta,up_sect_thirdc_protecta,st_prop_weight:0.2:kg|st_prop_recoil:0.08:pct
wpn_protecta,up_sect_thirdd_protecta,st_prop_weight:0.1:kg|ui_inv_rate_of_fire:25:rpm
wpn_protecta,up_sect_thirde_protecta,ui_inv_accuracy:12:pct|st_prop_weight:0.22:kg
wpn_protecta,up_sect_fourta_protecta,st_prop_weight:0.1:kg|st_prop_recoil:0.04:pct
wpn_protecta,up_sect_fourtc_protecta,st_prop_weight:0.1:kg|ui_inv_rate_of_fire:25:rpm
wpn_protecta_aim,up_sect_firsta_protecta,st_prop_reliability:2:pct|st_prop_weight:0.1:kg
wpn_protecta_aim,up_sect_firstc_protecta,app_upgrade_bullet_speed:80:speed|ui_inv_accuracy:1.33:pct|st_prop_weight:0.18:kg
wpn_protecta_aim,up_sect_firstd_protecta,st_prop_reliability:4:pct|st_prop_weight:0.14:kg
wpn_protecta_aim,up_sect_firste_protecta,st_prop_weight:0.25:kg|st_prop_recoil:0.08:pct
wpn_protecta_aim,up_sect_firstf_protecta,st_prop_weight:0.15:kg|ui_inv_rate_of_fire:40:rpm
wpn_protecta_aim,up_sect_secona_protecta,st_prop_recoil:0.04:pct
wpn_protecta_aim,up_sect_seconc_protecta,ui_inv_handling:2.38:pct|st_prop_weight:-0.58:kg
wpn_protecta_aim,up_sect_second_protecta,st_prop_weight:0.16:kg|st_prop_recoil:0.08:pct
wpn_protecta_aim,up_sect_thirda_protecta,st_prop_reliability:2:pct
wpn_protecta_aim,up_sect_thirdc_protecta,st_prop_weight:0.2:kg|st_prop_recoil:0.08:pct
wpn_protecta_aim,up_sect_thirdd_protecta,st_prop_weight:0.1:kg|ui_inv_rate_of_fire:25:rpm
wpn_protecta_aim,up_sect_thirde_protecta,ui_inv_accuracy:12:pct|st_prop_weight:0.22:kg
wpn_protecta_aim,up_sect_fourta_protecta,st_prop_weight:0.1:kg|st_prop_recoil:0.04:pct
wpn_protecta_aim,up_sect_fourtc_protecta,st_prop_weight:0.1:kg|ui_inv_rate_of_fire:25:rpm
wpn_protecta_camo,up_sect_firsta_protecta,st_prop_reliability:2:pct|st_prop_weight:0.1:kg
wpn_protecta_camo,up_sect_firstc_protecta,app_upgrade_bullet_speed:80:speed|ui_inv_accuracy:1.33:pct|st_prop_weight:0.18:kg
wpn_protecta_camo,up_sect_firstd_protecta,st_prop_reliability:4:pct|st_prop_weight:0.14:kg
wpn_protecta_camo,up_sect_firste_protecta,st_prop_weight:0.25:kg|st_prop_recoil:0.08:pct
wpn_protecta_camo,up_sect_firstf_protecta,st_prop_weight:0.15:kg|ui_inv_rate_of_fire:40:rpm
wpn_protecta_camo,up_sect_secona_protecta,st_prop_recoil:0.04:pct
wpn_protecta_camo,up_sect_seconc_protecta,ui_inv_handling:2.38:pct|st_prop_weight:-0.58:kg
wpn_protecta_camo,up_sect_second_protecta,st_prop_weight:0.16:kg|st_prop_recoil:0.08:pct
wpn_protecta_camo,up_sect_thirda_protecta,st_prop_reliability:2:pct
wpn_protecta_camo,up_sect_thirdc_protecta,st_prop_weight:0.2:kg|st_prop_recoil:0.08:pct
wpn_protecta_camo,up_sect_thirdd_protecta,st_prop_weight:0.1:kg|ui_inv_rate_of_fire:25:rpm
wpn_protecta_camo,up_sect_thirde_protecta,ui_inv_accuracy:12:pct|st_prop_weight:0.22:kg
wpn_protecta_camo,up_sect_fourta_protecta,st_prop_weight:0.1:kg|st_prop_recoil:0.04:pct
wpn_protecta_camo,up_sect_fourtc_protecta,st_prop_weight:0.1:kg|ui_inv_rate_of_fire:25:rpm
wpn_protecta_custom,up_sect_firsta_protecta,st_prop_reliability:2:pct|st_prop_weight:0.1:kg
wpn_protecta_custom,up_sect_firstc_protecta,app_upgrade_bullet_speed:80:speed|ui_inv_accuracy:1.33:pct|st_prop_weight:0.18:kg
wpn_protecta_custom,up_sect_firstd_protecta,st_prop_reliability:4:pct|st_prop_weight:0.14:kg
wpn_protecta_custom,up_sect_firste_protecta,st_prop_weight:0.25:kg|st_prop_recoil:0.08:pct
wpn_protecta_custom,up_sect_firstf_protecta,st_prop_weight:0.15:kg|ui_inv_rate_of_fire:40:rpm
wpn_protecta_custom,up_sect_secona_protecta,st_prop_recoil:0.04:pct
wpn_protecta_custom,up_sect_seconc_protecta,ui_inv_handling:2.38:pct|st_prop_weight:-0.58:kg
wpn_protecta_custom,up_sect_second_protecta,st_prop_weight:0.16:kg|st_prop_recoil:0.08:pct
wpn_protecta_custom,up_sect_thirda_protecta,st_prop_reliability:2:pct
wpn_protecta_custom,up_sect_thirdc_protecta,st_prop_weight:0.2:kg|st_prop_recoil:0.08:pct
wpn_protecta_custom,up_sect_thirdd_protecta,st_prop_weight:0.1:kg|ui_inv_rate_of_fire:25:rpm
wpn_protecta_custom,up_sect_thirde_protecta,ui_inv_accuracy:12:pct|st_prop_weight:0.22:kg
wpn_protecta_custom,up_sect_fourta_protecta,st_prop_weight:0.1:kg|st_prop_recoil:0.04:pct
wpn_protecta_custom,up_sect_fourtc_protecta,st_prop_weight:0.1:kg|ui_inv_rate_of_fire:25:rpm
wpn_protecta_nimble,up_sect_firsta_protecta,st_prop_reliability:2:pct|st_prop_weight:0.1:kg
wpn_protecta_nimble,up_sect_firstc_protecta,app_upgrade_bullet_speed:80:speed|ui_inv_accuracy:1.33:pct|st_prop_weight:0.18:kg
wpn_protecta_nimble,up_sect_firstd_protecta,st_prop_reliability:4:pct|st_prop_weight:0.14:kg
wpn_protecta_nimble,up_sect_firste_protecta,st_prop_weight:0.25:kg|st_prop_recoil:0.08:pct
wpn_protecta_nimble,up_sect_firstf_protecta,st_prop_weight:0.15:kg|ui_inv_rate_of_fire:40:rpm
wpn_protecta_nimble,up_sect_secona_protecta,st_prop_recoil:0.04:pct
wpn_protecta_nimble,up_sect_seconc_protecta,ui_inv_handling:2.38:pct|st_prop_weight:-0.58:kg
wpn_protecta_nimble,up_sect_second_protecta,st_prop_weight:0.16:kg|st_prop_recoil:0.08:pct
wpn_protecta_nimble,up_sect_thirda_protecta,st_prop_reliability:2:pct
wpn_protecta_nimble,up_sect_thirdc_protecta,st_prop_weight:0.2:kg|st_prop_recoil:0.08:pct
wpn_protecta_nimble,up_sect_thirdd_protecta,st_prop_weight:0.1:kg|ui_inv_rate_of_fire:25:rpm
wpn_protecta_nimble,up_sect_thirde_protecta,ui_inv_accuracy:12:pct|st_prop_weight:0.22:kg
wpn_protecta_nimble,up_sect_fourta_protecta,st_prop_weight:0.1:kg|st_prop_recoil:0.04:pct
wpn_protecta_nimble,up_sect_fourtc_protecta,st_prop_weight:0.1:kg|ui_inv_rate_of_fire:25:rpm
wpn_raptr,up_sect_firsta_protecta,st_prop_reliability:2:pct|st_prop_weight:0.1:kg
wpn_raptr,up_sect_firstc_protecta,app_upgrade_bullet_speed:80:speed|ui_inv_accuracy:1.33:pct|st_prop_weight:0.18:kg
wpn_raptr,up_sect_firstd_protecta,st_prop_reliability:4:pct|st_prop_weight:0.14:kg
wpn_raptr,up_sect_firste_protecta,st_prop_weight:0.25:kg|st_prop_recoil:0.74:pct
wpn_raptr,up_sect_firstf_protecta,st_prop_weight:0.15:kg|ui_inv_rate_of_fire:40:rpm
wpn_raptr,up_sect_secona_protecta,st_prop_recoil:0.36:pct
wpn_raptr,up_sect_seconc_protecta,ui_inv_handling:2.38:pct|st_prop_weight:-0.58:kg
wpn_raptr,up_sect_second_protecta,st_prop_weight:0.16:kg|st_prop_recoil:0.74:pct
wpn_raptr,up_sect_thirda_protecta,st_prop_reliability:2:pct
wpn_raptr,up_sect_thirdc_protecta,st_prop_weight:0.2:kg|st_prop_recoil:0.74:pct
wpn_raptr,up_sect_thirdd_protecta,st_prop_weight:0.1:kg|ui_inv_rate_of_fire:25:rpm
wpn_raptr,up_sect_thirde_protecta,ui_inv_accuracy:12:pct|st_prop_weight:0.22:kg
wpn_raptr,up_sect_fourta_protecta,st_prop_weight:0.1:kg|st_prop_recoil:0.36:pct
wpn_raptr,up_sect_fourtc_protecta,st_prop_weight:0.1:kg|ui_inv_rate_of_fire:25:rpm
wpn_remington700,up_sect_firsta_sv98,ui_inv_handling:4.76:pct|st_prop_weight:-0.21:kg
wpn_remington700,up_sect_firstc_sv98,ui_inv_accuracy:1:pct|st_prop_weight:0.15:kg
wpn_remington700,up_sect_firstd_sv98,ui_inv_handling:9.52:pct|st_prop_weight:-0.23:kg
wpn_remington700,up_sect_firste_sv98,app_upgrade_bullet_speed:200:speed|ui_inv_accuracy:0.33:pct|st_prop_weight:0.16:kg
wpn_remington700,up_sect_firstf_sv98,st_prop_weight:0.17:kg|ui_inv_rate_of_fire:35:rpm
wpn_remington700,up_sect_secona_sv98,st_prop_reliability:9:pct
wpn_remington700,up_sect_seconc_sv98,st_prop_weight:0.22:kg|st_prop_recoil:1.45:pct
wpn_remington700,up_sect_second_sv98,ui_inv_accuracy:1:pct|st_prop_weight:0.16:kg
wpn_remington700,up_sect_thirda_sv98,st_prop_weight:0.18:kg|st_prop_recoil:1.45:pct
wpn_remington700,up_sect_thirdc_sv98,ui_inv_handling:9.52:pct|st_prop_weight:-0.2:kg
wpn_remington700,up_sect_thirde_sv98,st_prop_weight:0.16:kg|st_prop_recoil:1.45:pct
wpn_remington700_archangel,up_sect_firsta_sv98,ui_inv_handling:4.76:pct|st_prop_weight:-0.21:kg
wpn_remington700_archangel,up_sect_firstc_sv98,ui_inv_accuracy:1:pct|st_prop_weight:0.15:kg
wpn_remington700_archangel,up_sect_firstd_sv98,ui_inv_handling:9.52:pct|st_prop_weight:-0.23:kg
wpn_remington700_archangel,up_sect_firste_sv98,app_upgrade_bullet_speed:200:speed|ui_inv_accuracy:0.33:pct|st_prop_weight:0.16:kg
wpn_remington700_archangel,up_sect_firstf_sv98,st_prop_weight:0.17:kg|ui_inv_rate_of_fire:35:rpm
wpn_remington700_archangel,up_sect_secona_sv98,st_prop_reliability:9:pct
wpn_remington700_archangel,up_sect_seconc_sv98,st_prop_weight:0.22:kg|st_prop_recoil:2.04:pct
wpn_remington700_archangel,up_sect_second_sv98,ui_inv_accuracy:1:pct|st_prop_weight:0.16:kg
wpn_remington700_archangel,up_sect_thirda_sv98,st_prop_weight:0.18:kg|st_prop_recoil:2.04:pct
wpn_remington700_archangel,up_sect_thirdc_sv98,ui_inv_handling:9.52:pct|st_prop_weight:-0.2:kg
wpn_remington700_archangel,up_sect_thirde_sv98,st_prop_weight:0.16:kg|st_prop_recoil:2.04:pct
wpn_remington700_lapua700,up_sect_firsta_sv98,ui_inv_handling:4.76:pct|st_prop_weight:-0.21:kg
wpn_remington700_lapua700,up_sect_firstc_sv98,ui_inv_accuracy:1:pct|st_prop_weight:0.15:kg
wpn_remington700_lapua700,up_sect_firstd_sv98,ui_inv_handling:9.52:pct|st_prop_weight:-0.23:kg
wpn_remington700_lapua700,up_sect_firste_sv98,app_upgrade_bullet_speed:200:speed|ui_inv_accuracy:0.33:pct|st_prop_weight:0.16:kg
wpn_remington700_lapua700,up_sect_firstf_sv98,st_prop_weight:0.17:kg|ui_inv_rate_of_fire:35:rpm
wpn_remington700_lapua700,up_sect_secona_sv98,st_prop_reliability:9:pct
wpn_remington700_lapua700,up_sect_seconc_sv98,st_prop_weight:0.22:kg|st_prop_recoil:1.51:pct
wpn_remington700_lapua700,up_sect_second_sv98,ui_inv_accuracy:1:pct|st_prop_weight:0.16:kg
wpn_remington700_lapua700,up_sect_thirda_sv98,st_prop_weight:0.18:kg|st_prop_recoil:1.51:pct
wpn_remington700_lapua700,up_sect_thirdc_sv98,ui_inv_handling:9.52:pct|st_prop_weight:-0.2:kg
wpn_remington700_lapua700,up_sect_thirde_sv98,st_prop_weight:0.16:kg|st_prop_recoil:1.51:pct
wpn_remington700_magpul_pro,up_sect_firsta_sv98,ui_inv_handling:4.76:pct|st_prop_weight:-0.21:kg
wpn_remington700_magpul_pro,up_sect_firstc_sv98,ui_inv_accuracy:1:pct|st_prop_weight:0.15:kg
wpn_remington700_magpul_pro,up_sect_firstd_sv98,ui_inv_handling:9.52:pct|st_prop_weight:-0.23:kg
wpn_remington700_magpul_pro,up_sect_firste_sv98,app_upgrade_bullet_speed:200:speed|ui_inv_accuracy:0.33:pct|st_prop_weight:0.16:kg
wpn_remington700_magpul_pro,up_sect_firstf_sv98,st_prop_weight:0.17:kg|ui_inv_rate_of_fire:35:rpm
wpn_remington700_magpul_pro,up_sect_secona_sv98,st_prop_reliability:9:pct
wpn_remington700_magpul_pro,up_sect_seconc_sv98,st_prop_weight:0.22:kg|st_prop_recoil:2.23:pct
wpn_remington700_magpul_pro,up_sect_second_sv98,ui_inv_accuracy:1:pct|st_prop_weight:0.16:kg
wpn_remington700_magpul_pro,up_sect_thirda_sv98,st_prop_weight:0.18:kg|st_prop_recoil:2.23:pct
wpn_remington700_magpul_pro,up_sect_thirdc_sv98,ui_inv_handling:9.52:pct|st_prop_weight:-0.2:kg
wpn_remington700_magpul_pro,up_sect_thirde_sv98,st_prop_weight:0.16:kg|st_prop_recoil:2.23:pct
wpn_remington700_mod_x_gen3,up_sect_firsta_sv98,ui_inv_handling:4.76:pct|st_prop_weight:-0.21:kg
wpn_remington700_mod_x_gen3,up_sect_firstc_sv98,ui_inv_accuracy:1:pct|st_prop_weight:0.15:kg
wpn_remington700_mod_x_gen3,up_sect_firstd_sv98,ui_inv_handling:9.52:pct|st_prop_weight:-0.23:kg
wpn_remington700_mod_x_gen3,up_sect_firste_sv98,app_upgrade_bullet_speed:200:speed|ui_inv_accuracy:0.33:pct|st_prop_weight:0.16:kg
wpn_remington700_mod_x_gen3,up_sect_firstf_sv98,st_prop_weight:0.17:kg|ui_inv_rate_of_fire:35:rpm
wpn_remington700_mod_x_gen3,up_sect_secona_sv98,st_prop_reliability:9:pct
wpn_remington700_mod_x_gen3,up_sect_seconc_sv98,st_prop_weight:0.22:kg|st_prop_recoil:2.58:pct
wpn_remington700_mod_x_gen3,up_sect_second_sv98,ui_inv_accuracy:1:pct|st_prop_weight:0.16:kg
wpn_remington700_mod_x_gen3,up_sect_thirda_sv98,st_prop_weight:0.18:kg|st_prop_recoil:2.58:pct
wpn_remington700_mod_x_gen3,up_sect_thirdc_sv98,ui_inv_handling:9.52:pct|st_prop_weight:-0.2:kg
wpn_remington700_mod_x_gen3,up_sect_thirde_sv98,st_prop_weight:0.16:kg|st_prop_recoil:2.58:pct
wpn_remington870,up_sect_firsta_wincheaster1300,st_prop_reliability:1.5:pct|st_prop_weight:0.12:kg
wpn_remington870,up_sect_firstc_wincheaster1300,app_upgrade_bullet_speed:45:speed|ui_inv_accuracy:2:pct|st_prop_weight:0.15:kg
wpn_remington870,up_sect_firstd_wincheaster1300,st_prop_weight:0.15:kg|st_prop_recoil:0.08:pct
wpn_remington870,up_sect_firste_wincheaster1300,ui_inv_accuracy:6.67:pct|st_prop_weight:0.1:kg
wpn_remington870,up_sect_firstf_wincheaster1300,ui_inv_handling:2.38:pct|st_prop_weight:-0.12:kg
wpn_remington870,up_sect_secona_wincheaster1300,st_prop_weight:-0.62:kg
wpn_remington870,up_sect_seconc_wincheaster1300,ui_inv_handling:2.38:pct|st_prop_weight:0.05:kg
wpn_remington870,up_sect_second_wincheaster1300,st_prop_reliability:2:pct|st_prop_weight:0.2:kg
wpn_remington870,up_sect_thirda_wincheaster1300,st_prop_reliability:1.5:pct|st_prop_weight:0.2:kg
wpn_remington870,up_sect_thirdc_wincheaster1300,ui_inv_accuracy:6.67:pct|st_prop_weight:0.05:kg
wpn_remington870,up_sect_thirde_wincheaster1300,st_prop_reliability:4:pct|st_prop_weight:0.3:kg
wpn_remington870,up_sect_thirdf_wincheaster1300,st_prop_weight:0.05:kg|ui_inv_rate_of_fire:10:rpm
wpn_rpd,up_sect_firsta_pkm,st_prop_reliability:0.8:pct|st_prop_weight:0.12:kg
wpn_rpd,up_sect_firstc_pkm,st_prop_weight:0.18:kg|st_prop_recoil:8.39:pct
wpn_rpd,up_sect_firstd_pkm,app_upgrade_bullet_speed:82:speed|ui_inv_accuracy:1.33:pct|st_prop_weight:0.24:kg
wpn_rpd,up_sect_firste_pkm,st_prop_weight:0.1:kg|ui_inv_rate_of_fire:35:rpm
wpn_rpd,up_sect_secona_pkm,st_prop_weight:0.24:kg|st_prop_recoil:8.39:pct
wpn_rpd,up_sect_seconc_pkm,st_prop_weight:0.2:kg|st_prop_recoil:8.39:pct
wpn_rpd,up_sect_secone_pkm,ui_inv_handling:4.76:pct|st_prop_weight:-0.08:kg
wpn_rpd,up_sect_seconf_pkm,st_prop_weight:0.16:kg|ui_inv_rate_of_fire:65:rpm
wpn_rpd,up_sect_thirda_pkm,st_prop_reliability:0.8:pct|st_prop_weight:0.11:kg
wpn_rpd,up_sect_thirdc_pkm,st_prop_reliability:2:pct|st_prop_weight:0.2:kg
wpn_rpd,up_sect_thirdd_pkm,st_prop_weight:0.16:kg|ui_inv_rate_of_fire:65:rpm
wpn_rpd,up_sect_thirde_pkm,ui_inv_accuracy:9.33:pct|st_prop_weight:0.2:kg
wpn_rpd,up_sect_fourta_pkm,ui_inv_accuracy:3:pct|st_prop_weight:0.2:kg
wpn_rpd,up_sect_fourtc_pkm,ui_inv_handling:2.38:pct|st_prop_weight:-0.12:kg
wpn_rpd,up_sect_fourte_pkm,st_prop_weight:0.24:kg|st_prop_recoil:8.39:pct
wpn_rpd,up_sect_fiftha_pkm,st_prop_recoil:5.58:pct
wpn_rpk,up_sect_firsta_akm,st_prop_weight:0.25:kg|st_prop_recoil:6.62:pct
wpn_rpk,up_sect_firstc_ak74,st_prop_reliability:2:pct|st_prop_weight:0.15:kg
wpn_rpk,up_sect_firste_ak74,ui_inv_accuracy:2.33:pct|st_prop_weight:0.15:kg
wpn_rpk,up_sect_firstf_akm,st_prop_recoil:6.62:pct
wpn_rpk,up_sect_secona_akm,ui_inv_handling:1.67:pct|st_prop_weight:0.15:kg|st_prop_recoil:3.04:pct
wpn_rpk,up_sect_seconc_ak74,ui_inv_accuracy:2.33:pct
wpn_rpk,up_sect_second_ak74,st_prop_weight:0.14:kg|ui_inv_rate_of_fire:95:rpm
wpn_rpk,up_sect_secone_ak74,app_upgrade_bullet_speed:200:speed|ui_inv_accuracy:1.33:pct|st_prop_weight:0.2:kg
wpn_rpk,up_sect_thirda_ak74,st_prop_reliability:1.5:pct|st_prop_weight:0.15:kg
wpn_rpk,up_sect_thirdc_ak74,app_upgrade_bullet_speed:100:speed|ui_inv_accuracy:1:pct|st_prop_weight:0.15:kg
wpn_rpk,up_sect_thirdd_akm,st_prop_weight:0.25:kg|st_prop_recoil:6.62:pct
wpn_rpk,up_sect_thirde_ak74,st_prop_weight:0.1:kg|ui_inv_rate_of_fire:65:rpm
wpn_rpk,up_sect_fourta_ak74,st_prop_weight:-0.84:kg
wpn_rpk,up_sect_fourtc_ak74,ui_inv_handling:2.38:pct|st_prop_weight:-0.17:kg
wpn_rpk,up_sect_fourte_ak74,ui_inv_handling:4.76:pct|st_prop_weight:-0.2:kg
wpn_rpk,up_sect_fiftha_rpk,st_prop_recoil:5.58:pct
wpn_rpk,up_sect_fifthc_akm,st_prop_weight:0.06:kg|ui_inv_rate_of_fire:48:rpm
wpn_rpk74,up_sect_firsta_ak74,st_prop_weight:0.25:kg|st_prop_recoil:4.27:pct
wpn_rpk74,up_sect_firstc_ak74,st_prop_reliability:2:pct|st_prop_weight:0.15:kg
wpn_rpk74,up_sect_firste_ak74,ui_inv_accuracy:2.33:pct|st_prop_weight:0.15:kg
wpn_rpk74,up_sect_firstf_ak74,st_prop_weight:0.2:kg|st_prop_recoil:4.27:pct
wpn_rpk74,up_sect_secona_ak74,ui_inv_handling:1.67:pct|st_prop_weight:0.15:kg|st_prop_recoil:2.57:pct
wpn_rpk74,up_sect_seconc_ak74,ui_inv_accuracy:2.33:pct
wpn_rpk74,up_sect_second_ak74,st_prop_weight:0.14:kg|ui_inv_rate_of_fire:95:rpm
wpn_rpk74,up_sect_secone_ak74,app_upgrade_bullet_speed:200:speed|ui_inv_accuracy:1.33:pct|st_prop_weight:0.2:kg
wpn_rpk74,up_sect_thirda_ak74,st_prop_reliability:1.5:pct|st_prop_weight:0.15:kg
wpn_rpk74,up_sect_thirdc_ak74,app_upgrade_bullet_speed:100:speed|ui_inv_accuracy:1:pct|st_prop_weight:0.15:kg
wpn_rpk74,up_sect_thirdd_ak74,st_prop_weight:0.25:kg|st_prop_recoil:4.27:pct
wpn_rpk74,up_sect_thirde_ak74,st_prop_weight:0.1:kg|ui_inv_rate_of_fire:65:rpm
wpn_rpk74,up_sect_fourta_rpk74,st_prop_weight:-0.9:kg
wpn_rpk74,up_sect_fourtc_ak74,ui_inv_handling:2.38:pct|st_prop_weight:-0.17:kg
wpn_rpk74,up_sect_fourte_ak74,ui_inv_handling:4.76:pct|st_prop_weight:-0.2:kg
wpn_rpk74,up_sect_fiftha_rpk74,st_prop_weight:0.21:kg|st_prop_recoil:4.46:pct
wpn_rpk74,up_sect_fifthc_rpk74,st_prop_reliability:-1:pct|st_prop_weight:0.15:kg
wpn_rpk74_16,up_sect_firsta_ak74,st_prop_weight:0.25:kg|st_prop_recoil:4.27:pct
wpn_rpk74_16,up_sect_firstc_ak74,st_prop_reliability:2:pct|st_prop_weight:0.15:kg
wpn_rpk74_16,up_sect_firste_ak74,ui_inv_accuracy:2.33:pct|st_prop_weight:0.15:kg
wpn_rpk74_16,up_sect_firstf_ak74,st_prop_weight:0.2:kg|st_prop_recoil:4.27:pct
wpn_rpk74_16,up_sect_secona_ak74,ui_inv_handling:1.67:pct|st_prop_weight:0.15:kg|st_prop_recoil:2.57:pct
wpn_rpk74_16,up_sect_seconc_ak74,ui_inv_accuracy:2.33:pct
wpn_rpk74_16,up_sect_second_ak74,st_prop_weight:0.14:kg|ui_inv_rate_of_fire:95:rpm
wpn_rpk74_16,up_sect_secone_ak74,app_upgrade_bullet_speed:200:speed|ui_inv_accuracy:1.33:pct|st_prop_weight:0.2:kg
wpn_rpk74_16,up_sect_thirda_ak74,st_prop_reliability:1.5:pct|st_prop_weight:0.15:kg
wpn_rpk74_16,up_sect_thirdc_ak74,app_upgrade_bullet_speed:100:speed|ui_inv_accuracy:1:pct|st_prop_weight:0.15:kg
wpn_rpk74_16,up_sect_thirdd_ak74,st_prop_weight:0.25:kg|st_prop_recoil:4.27:pct
wpn_rpk74_16,up_sect_thirde_ak74,st_prop_weight:0.1:kg|ui_inv_rate_of_fire:65:rpm
wpn_rpk74_16,up_sect_fourta_ak74,st_prop_weight:-0.84:kg
wpn_rpk74_16,up_sect_fourtc_ak74,ui_inv_handling:2.38:pct|st_prop_weight:-0.17:kg
wpn_rpk74_16,up_sect_fourte_ak74,ui_inv_handling:4.76:pct|st_prop_weight:-0.2:kg
wpn_rpk74_16,up_sect_fiftha_ak12,st_prop_reliability:1.2:pct|st_prop_weight:0.1:kg
wpn_rpk74_16,up_sect_fifthc_ak74,st_prop_reliability:-1:pct|st_prop_weight:0.15:kg
wpn_rpk74_16_drum,up_sect_firsta_ak74,st_prop_weight:0.25:kg
wpn_rpk74_16_drum,up_sect_firstc_ak74,st_prop_reliability:2:pct|st_prop_weight:0.15:kg
wpn_rpk74_16_drum,up_sect_firste_ak74,ui_inv_accuracy:2.33:pct|st_prop_weight:0.15:kg
wpn_rpk74_16_drum,up_sect_firstf_ak74,st_prop_weight:0.2:kg
wpn_rpk74_16_drum,up_sect_secona_ak74,ui_inv_handling:1.67:pct|st_prop_weight:0.15:kg
wpn_rpk74_16_drum,up_sect_seconc_ak74,ui_inv_accuracy:2.33:pct
wpn_rpk74_16_drum,up_sect_second_ak74,st_prop_weight:0.14:kg|ui_inv_rate_of_fire:95:rpm
wpn_rpk74_16_drum,up_sect_secone_ak74,app_upgrade_bullet_speed:200:speed|ui_inv_accuracy:1.33:pct|st_prop_weight:0.2:kg
wpn_rpk74_16_drum,up_sect_thirda_ak74,st_prop_reliability:1.5:pct|st_prop_weight:0.15:kg
wpn_rpk74_16_drum,up_sect_thirdc_ak74,app_upgrade_bullet_speed:100:speed|ui_inv_accuracy:1:pct|st_prop_weight:0.15:kg
wpn_rpk74_16_drum,up_sect_thirdd_ak74,st_prop_weight:0.25:kg
wpn_rpk74_16_drum,up_sect_thirde_ak74,st_prop_weight:0.1:kg|ui_inv_rate_of_fire:65:rpm
wpn_rpk74_16_drum,up_sect_fourta_rpk74,st_prop_weight:-0.9:kg
wpn_rpk74_16_drum,up_sect_fourtc_ak74,ui_inv_handling:2.38:pct|st_prop_weight:-0.17:kg
wpn_rpk74_16_drum,up_sect_fourte_ak74,ui_inv_handling:4.76:pct|st_prop_weight:-0.2:kg
wpn_rpk74_16_drum,up_sect_fiftha_rpk74,st_prop_weight:0.21:kg
wpn_rpk74_16_drum,up_sect_fifthc_rpk74,st_prop_reliability:-1:pct|st_prop_weight:0.15:kg
wpn_saiga12s,up_sect_firsta_saiga12,st_prop_weight:0.1:kg|ui_inv_rate_of_fire:35:rpm
wpn_saiga12s,up_sect_firstc_saiga12,st_prop_reliability:3:pct|st_prop_weight:0.14:kg
wpn_saiga12s,up_sect_firstd_saiga12,st_prop_weight:0.16:kg|st_prop_recoil:0.03:pct
wpn_saiga12s,up_sect_secona_saiga12,st_prop_recoil:0.03:pct
wpn_saiga12s,up_sect_seconc_saiga12,st_prop_weight:-0.88:kg
wpn_saiga12s,up_sect_secone_saiga12,st_prop_weight:0.15:kg|st_prop_recoil:0.07:pct
wpn_saiga12s,up_sect_seconf_saiga12,st_prop_reliability:3:pct|st_prop_weight:0.13:kg
wpn_saiga12s,up_sect_thirda_saiga12,st_prop_recoil:0.03:pct
wpn_saiga12s,up_sect_thirdc_saiga12,ui_inv_rate_of_fire:50:rpm
wpn_saiga12s,up_sect_thirdd_saiga12,st_prop_reliability:3:pct|st_prop_weight:0.1:kg
wpn_saiga12s,up_sect_thirde_saiga12,ui_inv_handling:2.38:pct|st_prop_weight:0.12:kg
wpn_saiga12s,up_sect_fourta_saiga12,st_prop_recoil:0.04:pct
wpn_saiga12s,up_sect_fourtc_saiga12,ui_inv_rate_of_fire:35:rpm
wpn_saiga12s,up_sect_fourte_saiga12,ui_inv_rate_of_fire:50:rpm
wpn_saiga12s,up_sect_fiftha_saiga12,ui_inv_handling:1.67:pct|st_prop_weight:0.06:kg|st_prop_recoil:0.02:pct
wpn_saiga12s_isg,up_sect_firsta_saiga12,st_prop_weight:0.1:kg|ui_inv_rate_of_fire:35:rpm
wpn_saiga12s_isg,up_sect_firstc_saiga12,st_prop_reliability:3:pct|st_prop_weight:0.14:kg
wpn_saiga12s_isg,up_sect_firstd_saiga12,st_prop_weight:0.16:kg|st_prop_recoil:0.28:pct
wpn_saiga12s_isg,up_sect_secona_saiga12,st_prop_recoil:0.28:pct
wpn_saiga12s_isg,up_sect_seconc_saiga12,st_prop_weight:-0.88:kg
wpn_saiga12s_isg,up_sect_secone_saiga12,st_prop_weight:0.15:kg|st_prop_recoil:0.57:pct
wpn_saiga12s_isg,up_sect_seconf_saiga12,st_prop_reliability:3:pct|st_prop_weight:0.13:kg
wpn_saiga12s_isg,up_sect_thirda_saiga12,st_prop_recoil:0.28:pct
wpn_saiga12s_isg,up_sect_thirdc_saiga12,ui_inv_rate_of_fire:50:rpm
wpn_saiga12s_isg,up_sect_thirdd_saiga12,st_prop_reliability:3:pct|st_prop_weight:0.1:kg
wpn_saiga12s_isg,up_sect_thirde_saiga12,ui_inv_handling:2.38:pct|st_prop_weight:0.12:kg
wpn_saiga12s_isg,up_sect_fourta_saiga12,st_prop_recoil:0.37:pct
wpn_saiga12s_isg,up_sect_fourtc_saiga12,ui_inv_rate_of_fire:35:rpm
wpn_saiga12s_isg,up_sect_fourte_saiga12,ui_inv_rate_of_fire:50:rpm
wpn_saiga12s_isg,up_sect_fiftha_saiga12,ui_inv_handling:1.67:pct|st_prop_weight:0.06:kg|st_prop_recoil:0.19:pct
wpn_saiga12s_m1,up_sect_firsta_saiga12,st_prop_weight:0.1:kg|ui_inv_rate_of_fire:35:rpm
wpn_saiga12s_m1,up_sect_firstc_saiga12,st_prop_reliability:3:pct|st_prop_weight:0.14:kg
wpn_saiga12s_m1,up_sect_firstd_saiga12,st_prop_weight:0.16:kg|st_prop_recoil:0.03:pct
wpn_saiga12s_m1,up_sect_secona_saiga12,st_prop_recoil:0.03:pct
wpn_saiga12s_m1,up_sect_seconc_saiga12,st_prop_weight:-0.88:kg
wpn_saiga12s_m1,up_sect_secone_saiga12,st_prop_weight:0.15:kg|st_prop_recoil:0.06:pct
wpn_saiga12s_m1,up_sect_seconf_saiga12,st_prop_reliability:3:pct|st_prop_weight:0.13:kg
wpn_saiga12s_m1,up_sect_thirda_saiga12,st_prop_recoil:0.03:pct
wpn_saiga12s_m1,up_sect_thirdc_saiga12,ui_inv_rate_of_fire:50:rpm
wpn_saiga12s_m1,up_sect_thirdd_saiga12,st_prop_reliability:3:pct|st_prop_weight:0.1:kg
wpn_saiga12s_m1,up_sect_thirde_saiga12,ui_inv_handling:2.38:pct|st_prop_weight:0.12:kg
wpn_saiga12s_m1,up_sect_fourta_saiga12,st_prop_recoil:0.04:pct
wpn_saiga12s_m1,up_sect_fourtc_saiga12,ui_inv_rate_of_fire:35:rpm
wpn_saiga12s_m1,up_sect_fourte_saiga12,ui_inv_rate_of_fire:50:rpm
wpn_saiga12s_m1,up_sect_fiftha_saiga12,ui_inv_handling:1.67:pct|st_prop_weight:0.06:kg|st_prop_recoil:0.02:pct
wpn_saiga12s_m2,up_sect_firsta_saiga12,st_prop_weight:0.1:kg|ui_inv_rate_of_fire:35:rpm
wpn_saiga12s_m2,up_sect_firstc_saiga12,st_prop_reliability:3:pct|st_prop_weight:0.14:kg
wpn_saiga12s_m2,up_sect_firstd_saiga12,st_prop_weight:0.16:kg|st_prop_recoil:0.05:pct
wpn_saiga12s_m2,up_sect_secona_saiga12,st_prop_recoil:0.05:pct
wpn_saiga12s_m2,up_sect_seconc_saiga12,st_prop_weight:-0.88:kg
wpn_saiga12s_m2,up_sect_secone_saiga12,st_prop_weight:0.15:kg|st_prop_recoil:0.1:pct
wpn_saiga12s_m2,up_sect_seconf_saiga12,st_prop_reliability:3:pct|st_prop_weight:0.13:kg
wpn_saiga12s_m2,up_sect_thirda_saiga12,st_prop_recoil:0.05:pct
wpn_saiga12s_m2,up_sect_thirdc_saiga12,ui_inv_rate_of_fire:50:rpm
wpn_saiga12s_m2,up_sect_thirdd_saiga12,st_prop_reliability:3:pct|st_prop_weight:0.1:kg
wpn_saiga12s_m2,up_sect_thirde_saiga12,ui_inv_handling:2.38:pct|st_prop_weight:0.12:kg
wpn_saiga12s_m2,up_sect_fourta_saiga12,st_prop_recoil:0.07:pct
wpn_saiga12s_m2,up_sect_fourtc_saiga12,ui_inv_rate_of_fire:35:rpm
wpn_saiga12s_m2,up_sect_fourte_saiga12,ui_inv_rate_of_fire:50:rpm
wpn_saiga12s_m2,up_sect_fiftha_saiga12,ui_inv_handling:1.67:pct|st_prop_weight:0.06:kg|st_prop_recoil:0.03:pct
wpn_scar_new,up_sect_firsta_scar,st_prop_weight:0.1:kg|ui_inv_rate_of_fire:35:rpm
wpn_scar_new,up_sect_firstc_scar,ui_inv_handling:2.38:pct|st_prop_weight:0.1:kg
wpn_scar_new,up_sect_firstd_scar,app_upgrade_bullet_speed:35:speed|ui_inv_accuracy:0.8:pct|st_prop_weight:0.05:kg
wpn_scar_new,up_sect_firste_scar,ui_inv_handling:1.67:pct|st_prop_weight:-0.53:kg
wpn_scar_new,up_sect_secona_scar,st_prop_weight:0.1:kg|st_prop_recoil:0.79:pct
wpn_scar_new,up_sect_seconc_scar,st_prop_reliability:0.7:pct|st_prop_weight:0.1:kg
wpn_scar_new,up_sect_secone_scar,ui_inv_handling:2.38:pct|st_prop_weight:-0.12:kg
wpn_scar_new,up_sect_seconf_scar,ui_inv_accuracy:3.33:pct|st_prop_weight:0.1:kg
wpn_scar_new,up_sect_thirda_scar,st_prop_reliability:0.5:pct|st_prop_weight:0.19:kg
wpn_scar_new,up_sect_thirdc_scar,st_prop_weight:0.1:kg|ui_inv_rate_of_fire:35:rpm
wpn_scar_new,up_sect_thirdd_scar,app_upgrade_bullet_speed:38:speed|ui_inv_accuracy:1:pct|st_prop_weight:0.1:kg
wpn_scar_new,up_sect_thirde_scar,st_prop_weight:0.18:kg|ui_inv_rate_of_fire:70:rpm
wpn_scar_new,up_sect_fourta_scar,ui_inv_accuracy:1.33:pct|st_prop_weight:0.05:kg
wpn_scar_new,up_sect_fourtc_scar,ui_inv_handling:1.67:pct|st_prop_weight:0.1:kg
wpn_scar_new,up_sect_fourte_scar,ui_inv_handling:3.1:pct|st_prop_weight:-0.12:kg
wpn_scar_new,up_sect_fourtf_scar,app_upgrade_bullet_speed:38:speed|ui_inv_accuracy:1:pct|st_prop_weight:0.07:kg
wpn_scar_new,up_sect_fiftha_scar,st_prop_weight:0.07:kg|ui_inv_rate_of_fire:35:rpm
wpn_scar_siber,up_sect_firsta_scar,st_prop_weight:0.1:kg|ui_inv_rate_of_fire:35:rpm
wpn_scar_siber,up_sect_firstc_scar,ui_inv_handling:2.38:pct|st_prop_weight:0.1:kg
wpn_scar_siber,up_sect_firstd_scar,app_upgrade_bullet_speed:35:speed|ui_inv_accuracy:0.8:pct|st_prop_weight:0.05:kg
wpn_scar_siber,up_sect_firste_scar,ui_inv_handling:1.67:pct|st_prop_weight:-0.53:kg
wpn_scar_siber,up_sect_secona_scar,st_prop_weight:0.1:kg|st_prop_recoil:0.69:pct
wpn_scar_siber,up_sect_seconc_scar,st_prop_reliability:0.7:pct|st_prop_weight:0.1:kg
wpn_scar_siber,up_sect_secone_scar,ui_inv_handling:2.38:pct|st_prop_weight:-0.12:kg
wpn_scar_siber,up_sect_seconf_scar,ui_inv_accuracy:3.33:pct|st_prop_weight:0.1:kg
wpn_scar_siber,up_sect_thirda_scar,st_prop_reliability:0.5:pct|st_prop_weight:0.19:kg
wpn_scar_siber,up_sect_thirdc_scar,st_prop_weight:0.1:kg|ui_inv_rate_of_fire:35:rpm
wpn_scar_siber,up_sect_thirdd_scar,app_upgrade_bullet_speed:38:speed|ui_inv_accuracy:1:pct|st_prop_weight:0.1:kg
wpn_scar_siber,up_sect_thirde_scar,st_prop_weight:0.18:kg|ui_inv_rate_of_fire:70:rpm
wpn_scar_siber,up_sect_fourta_scar,ui_inv_accuracy:1.33:pct|st_prop_weight:0.05:kg
wpn_scar_siber,up_sect_fourtc_scar,ui_inv_handling:1.67:pct|st_prop_weight:0.1:kg
wpn_scar_siber,up_sect_fourte_scar,ui_inv_handling:3.1:pct|st_prop_weight:-0.12:kg
wpn_scar_siber,up_sect_fourtf_scar,app_upgrade_bullet_speed:38:speed|ui_inv_accuracy:1:pct|st_prop_weight:0.07:kg
wpn_scar_siber,up_sect_fiftha_scar,st_prop_weight:0.07:kg|ui_inv_rate_of_fire:35:rpm
wpn_scar_siber_black,up_sect_firsta_scar,st_prop_weight:0.1:kg|ui_inv_rate_of_fire:35:rpm
wpn_scar_siber_black,up_sect_firstc_scar,ui_inv_handling:2.38:pct|st_prop_weight:0.1:kg
wpn_scar_siber_black,up_sect_firstd_scar,app_upgrade_bullet_speed:35:speed|ui_inv_accuracy:0.8:pct|st_prop_weight:0.05:kg
wpn_scar_siber_black,up_sect_firste_scar,ui_inv_handling:1.67:pct|st_prop_weight:-0.53:kg
wpn_scar_siber_black,up_sect_secona_scar,st_prop_weight:0.1:kg|st_prop_recoil:0.31:pct
wpn_scar_siber_black,up_sect_seconc_scar,st_prop_reliability:0.7:pct|st_prop_weight:0.1:kg
wpn_scar_siber_black,up_sect_secone_scar,ui_inv_handling:2.38:pct|st_prop_weight:-0.12:kg
wpn_scar_siber_black,up_sect_seconf_scar,ui_inv_accuracy:3.33:pct|st_prop_weight:0.1:kg
wpn_scar_siber_black,up_sect_thirda_scar,st_prop_reliability:0.5:pct|st_prop_weight:0.19:kg
wpn_scar_siber_black,up_sect_thirdc_scar,st_prop_weight:0.1:kg|ui_inv_rate_of_fire:35:rpm
wpn_scar_siber_black,up_sect_thirdd_scar,app_upgrade_bullet_speed:38:speed|ui_inv_accuracy:1:pct|st_prop_weight:0.1:kg
wpn_scar_siber_black,up_sect_thirde_scar,st_prop_weight:0.18:kg|ui_inv_rate_of_fire:70:rpm
wpn_scar_siber_black,up_sect_fourta_scar,ui_inv_accuracy:1.33:pct|st_prop_weight:0.05:kg
wpn_scar_siber_black,up_sect_fourtc_scar,ui_inv_handling:1.67:pct|st_prop_weight:0.1:kg
wpn_scar_siber_black,up_sect_fourte_scar,ui_inv_handling:3.1:pct|st_prop_weight:-0.12:kg
wpn_scar_siber_black,up_sect_fourtf_scar,app_upgrade_bullet_speed:38:speed|ui_inv_accuracy:1:pct|st_prop_weight:0.07:kg
wpn_scar_siber_black,up_sect_fiftha_scar,st_prop_weight:0.07:kg|ui_inv_rate_of_fire:35:rpm
wpn_scar_siber_m1,up_sect_firsta_scar,st_prop_weight:0.1:kg|ui_inv_rate_of_fire:35:rpm
wpn_scar_siber_m1,up_sect_firstc_scar,ui_inv_handling:2.38:pct|st_prop_weight:0.1:kg
wpn_scar_siber_m1,up_sect_firstd_scar,app_upgrade_bullet_speed:35:speed|ui_inv_accuracy:0.8:pct|st_prop_weight:0.05:kg
wpn_scar_siber_m1,up_sect_firste_scar,ui_inv_handling:1.67:pct|st_prop_weight:-0.53:kg
wpn_scar_siber_m1,up_sect_secona_scar,st_prop_weight:0.1:kg|st_prop_recoil:0.43:pct
wpn_scar_siber_m1,up_sect_seconc_scar,st_prop_reliability:0.7:pct|st_prop_weight:0.1:kg
wpn_scar_siber_m1,up_sect_secone_scar,ui_inv_handling:2.38:pct|st_prop_weight:-0.12:kg
wpn_scar_siber_m1,up_sect_seconf_scar,ui_inv_accuracy:3.33:pct|st_prop_weight:0.1:kg
wpn_scar_siber_m1,up_sect_thirda_scar,st_prop_reliability:0.5:pct|st_prop_weight:0.19:kg
wpn_scar_siber_m1,up_sect_thirdc_scar,st_prop_weight:0.1:kg|ui_inv_rate_of_fire:35:rpm
wpn_scar_siber_m1,up_sect_thirdd_scar,app_upgrade_bullet_speed:38:speed|ui_inv_accuracy:1:pct|st_prop_weight:0.1:kg
wpn_scar_siber_m1,up_sect_thirde_scar,st_prop_weight:0.18:kg|ui_inv_rate_of_fire:70:rpm
wpn_scar_siber_m1,up_sect_fourta_scar,ui_inv_accuracy:1.33:pct|st_prop_weight:0.05:kg
wpn_scar_siber_m1,up_sect_fourtc_scar,ui_inv_handling:1.67:pct|st_prop_weight:0.1:kg
wpn_scar_siber_m1,up_sect_fourte_scar,ui_inv_handling:3.1:pct|st_prop_weight:-0.12:kg
wpn_scar_siber_m1,up_sect_fourtf_scar,app_upgrade_bullet_speed:38:speed|ui_inv_accuracy:1:pct|st_prop_weight:0.07:kg
wpn_scar_siber_m1,up_sect_fiftha_scar,st_prop_weight:0.07:kg|ui_inv_rate_of_fire:35:rpm
wpn_scar_siber_m1_black,up_sect_firsta_scar,st_prop_weight:0.1:kg|ui_inv_rate_of_fire:35:rpm
wpn_scar_siber_m1_black,up_sect_firstc_scar,ui_inv_handling:2.38:pct|st_prop_weight:0.1:kg
wpn_scar_siber_m1_black,up_sect_firstd_scar,app_upgrade_bullet_speed:35:speed|ui_inv_accuracy:0.8:pct|st_prop_weight:0.05:kg
wpn_scar_siber_m1_black,up_sect_firste_scar,ui_inv_handling:1.67:pct|st_prop_weight:-0.53:kg
wpn_scar_siber_m1_black,up_sect_secona_scar,st_prop_weight:0.1:kg|st_prop_recoil:0.43:pct
wpn_scar_siber_m1_black,up_sect_seconc_scar,st_prop_reliability:0.7:pct|st_prop_weight:0.1:kg
wpn_scar_siber_m1_black,up_sect_secone_scar,ui_inv_handling:2.38:pct|st_prop_weight:-0.12:kg
wpn_scar_siber_m1_black,up_sect_seconf_scar,ui_inv_accuracy:3.33:pct|st_prop_weight:0.1:kg
wpn_scar_siber_m1_black,up_sect_thirda_scar,st_prop_reliability:0.5:pct|st_prop_weight:0.19:kg
wpn_scar_siber_m1_black,up_sect_thirdc_scar,st_prop_weight:0.1:kg|ui_inv_rate_of_fire:35:rpm
wpn_scar_siber_m1_black,up_sect_thirdd_scar,app_upgrade_bullet_speed:38:speed|ui_inv_accuracy:1:pct|st_prop_weight:0.1:kg
wpn_scar_siber_m1_black,up_sect_thirde_scar,st_prop_weight:0.18:kg|ui_inv_rate_of_fire:70:rpm
wpn_scar_siber_m1_black,up_sect_fourta_scar,ui_inv_accuracy:1.33:pct|st_prop_weight:0.05:kg
wpn_scar_siber_m1_black,up_sect_fourtc_scar,ui_inv_handling:1.67:pct|st_prop_weight:0.1:kg
wpn_scar_siber_m1_black,up_sect_fourte_scar,ui_inv_handling:3.1:pct|st_prop_weight:-0.12:kg
wpn_scar_siber_m1_black,up_sect_fourtf_scar,app_upgrade_bullet_speed:38:speed|ui_inv_accuracy:1:pct|st_prop_weight:0.07:kg
wpn_scar_siber_m1_black,up_sect_fiftha_scar,st_prop_weight:0.07:kg|ui_inv_rate_of_fire:35:rpm
wpn_scar_siber_m2,up_sect_firsta_scar,st_prop_weight:0.1:kg|ui_inv_rate_of_fire:35:rpm
wpn_scar_siber_m2,up_sect_firstc_scar,ui_inv_handling:2.38:pct|st_prop_weight:0.1:kg
wpn_scar_siber_m2,up_sect_firstd_scar,app_upgrade_bullet_speed:35:speed|ui_inv_accuracy:0.8:pct|st_prop_weight:0.05:kg
wpn_scar_siber_m2,up_sect_firste_scar,ui_inv_handling:1.67:pct|st_prop_weight:-0.53:kg
wpn_scar_siber_m2,up_sect_secona_scar,st_prop_weight:0.1:kg|st_prop_recoil:0.86:pct
wpn_scar_siber_m2,up_sect_seconc_scar,st_prop_reliability:0.7:pct|st_prop_weight:0.1:kg
wpn_scar_siber_m2,up_sect_secone_scar,ui_inv_handling:2.38:pct|st_prop_weight:-0.12:kg
wpn_scar_siber_m2,up_sect_seconf_scar,ui_inv_accuracy:3.33:pct|st_prop_weight:0.1:kg
wpn_scar_siber_m2,up_sect_thirda_scar,st_prop_reliability:0.5:pct|st_prop_weight:0.19:kg
wpn_scar_siber_m2,up_sect_thirdc_scar,st_prop_weight:0.1:kg|ui_inv_rate_of_fire:35:rpm
wpn_scar_siber_m2,up_sect_thirdd_scar,app_upgrade_bullet_speed:38:speed|ui_inv_accuracy:1:pct|st_prop_weight:0.1:kg
wpn_scar_siber_m2,up_sect_thirde_scar,st_prop_weight:0.18:kg|ui_inv_rate_of_fire:70:rpm
wpn_scar_siber_m2,up_sect_fourta_scar,ui_inv_accuracy:1.33:pct|st_prop_weight:0.05:kg
wpn_scar_siber_m2,up_sect_fourtc_scar,ui_inv_handling:1.67:pct|st_prop_weight:0.1:kg
wpn_scar_siber_m2,up_sect_fourte_scar,ui_inv_handling:3.1:pct|st_prop_weight:-0.12:kg
wpn_scar_siber_m2,up_sect_fourtf_scar,app_upgrade_bullet_speed:38:speed|ui_inv_accuracy:1:pct|st_prop_weight:0.07:kg
wpn_scar_siber_m2,up_sect_fiftha_scar,st_prop_weight:0.07:kg|ui_inv_rate_of_fire:35:rpm
wpn_scar_siber_m2_custom,up_sect_firsta_scar,st_prop_weight:0.1:kg|ui_inv_rate_of_fire:35:rpm
wpn_scar_siber_m2_custom,up_sect_firstc_scar,ui_inv_handling:2.38:pct|st_prop_weight:0.1:kg
wpn_scar_siber_m2_custom,up_sect_firstd_scar,app_upgrade_bullet_speed:35:speed|ui_inv_accuracy:0.8:pct|st_prop_weight:0.05:kg
wpn_scar_siber_m2_custom,up_sect_firste_scar,ui_inv_handling:1.67:pct|st_prop_weight:-0.53:kg
wpn_scar_siber_m2_custom,up_sect_secona_scar,st_prop_weight:0.1:kg|st_prop_recoil:0.86:pct
wpn_scar_siber_m2_custom,up_sect_seconc_scar,st_prop_reliability:0.7:pct|st_prop_weight:0.1:kg
wpn_scar_siber_m2_custom,up_sect_secone_scar,ui_inv_handling:2.38:pct|st_prop_weight:-0.12:kg
wpn_scar_siber_m2_custom,up_sect_seconf_scar,ui_inv_accuracy:3.33:pct|st_prop_weight:0.1:kg
wpn_scar_siber_m2_custom,up_sect_thirda_scar,st_prop_reliability:0.5:pct|st_prop_weight:0.19:kg
wpn_scar_siber_m2_custom,up_sect_thirdc_scar,st_prop_weight:0.1:kg|ui_inv_rate_of_fire:35:rpm
wpn_scar_siber_m2_custom,up_sect_thirdd_scar,app_upgrade_bullet_speed:38:speed|ui_inv_accuracy:1:pct|st_prop_weight:0.1:kg
wpn_scar_siber_m2_custom,up_sect_thirde_scar,st_prop_weight:0.18:kg|ui_inv_rate_of_fire:70:rpm
wpn_scar_siber_m2_custom,up_sect_fourta_scar,ui_inv_accuracy:1.33:pct|st_prop_weight:0.05:kg
wpn_scar_siber_m2_custom,up_sect_fourtc_scar,ui_inv_handling:1.67:pct|st_prop_weight:0.1:kg
wpn_scar_siber_m2_custom,up_sect_fourte_scar,ui_inv_handling:3.1:pct|st_prop_weight:-0.12:kg
wpn_scar_siber_m2_custom,up_sect_fourtf_scar,app_upgrade_bullet_speed:38:speed|ui_inv_accuracy:1:pct|st_prop_weight:0.07:kg
wpn_scar_siber_m2_custom,up_sect_fiftha_scar,st_prop_weight:0.07:kg|ui_inv_rate_of_fire:35:rpm
wpn_sig220,up_sect_firsta_sig220,st_prop_weight:0.1:kg|ui_inv_rate_of_fire:20:rpm
wpn_sig220,up_sect_firstc_sig220,st_prop_reliability:1.5:pct|st_prop_weight:0.18:kg
wpn_sig220,up_sect_firstd_sig220,app_upgrade_bullet_speed:56:speed|ui_inv_accuracy:1.33:pct|st_prop_weight:0.13:kg
wpn_sig220,up_sect_firste_sig220,st_prop_weight:0.14:kg|ui_inv_rate_of_fire:275:rpm
wpn_sig220,up_sect_secona_sig220,app_upgrade_bullet_speed:28:speed|ui_inv_accuracy:0.67:pct|st_prop_weight:0.1:kg
wpn_sig220,up_sect_seconc_sig220,st_prop_reliability:1.5:pct|st_prop_weight:0.16:kg
wpn_sig220,up_sect_secone_sig220,st_prop_weight:0.08:kg|ui_inv_rate_of_fire:30:rpm
wpn_sig220,up_sect_seconf_sig220,app_upgrade_bullet_speed:84:speed|ui_inv_accuracy:2:pct|st_prop_weight:0.12:kg
wpn_sig220,up_sect_thirda_sig220,ui_inv_handling:1.19:pct|st_prop_weight:-0.48:kg
wpn_sig220,up_sect_thirdc_sig220,ui_inv_handling:3.57:pct|st_prop_weight:-0.07:kg
wpn_sig220,up_sect_thirdd_sig220,st_prop_weight:0.11:kg
wpn_sig220,up_sect_fourta_sig220,ui_inv_accuracy:3.33:pct|st_prop_weight:0.07:kg
wpn_sig220,up_sect_fourtc_sig220,st_prop_reliability:1.5:pct|st_prop_weight:0.14:kg
wpn_sig220,up_sect_fourte_sig220,st_prop_weight:0.06:kg|ui_inv_rate_of_fire:30:rpm
wpn_sig220,up_sect_fiftha_sig220,st_prop_weight:0.04:kg
wpn_sig220_n,up_sect_firsta_sig220,st_prop_weight:0.1:kg|ui_inv_rate_of_fire:20:rpm
wpn_sig220_n,up_sect_firstc_sig220,st_prop_reliability:1.5:pct|st_prop_weight:0.18:kg
wpn_sig220_n,up_sect_firstd_sig220,app_upgrade_bullet_speed:56:speed|ui_inv_accuracy:1.33:pct|st_prop_weight:0.13:kg
wpn_sig220_n,up_sect_firste_sig220,st_prop_weight:0.14:kg|ui_inv_rate_of_fire:275:rpm
wpn_sig220_n,up_sect_secona_sig220,app_upgrade_bullet_speed:28:speed|ui_inv_accuracy:0.67:pct|st_prop_weight:0.1:kg
wpn_sig220_n,up_sect_seconc_sig220,st_prop_reliability:1.5:pct|st_prop_weight:0.16:kg
wpn_sig220_n,up_sect_secone_sig220,st_prop_weight:0.08:kg|ui_inv_rate_of_fire:30:rpm
wpn_sig220_n,up_sect_seconf_sig220,app_upgrade_bullet_speed:84:speed|ui_inv_accuracy:2:pct|st_prop_weight:0.12:kg
wpn_sig220_n,up_sect_thirda_sig220,ui_inv_handling:1.19:pct|st_prop_weight:-0.48:kg
wpn_sig220_n,up_sect_thirdc_sig220,ui_inv_handling:3.57:pct|st_prop_weight:-0.07:kg
wpn_sig220_n,up_sect_thirdd_sig220,st_prop_weight:0.11:kg
wpn_sig220_n,up_sect_fourta_sig220,ui_inv_accuracy:3.33:pct|st_prop_weight:0.07:kg
wpn_sig220_n,up_sect_fourtc_sig220,st_prop_reliability:1.5:pct|st_prop_weight:0.14:kg
wpn_sig220_n,up_sect_fourte_sig220,st_prop_weight:0.06:kg|ui_inv_rate_of_fire:30:rpm
wpn_sig220_n,up_sect_fiftha_sig220,st_prop_weight:0.04:kg
wpn_sig220_n_u2p2g0r,up_sect_firsta_sig220,st_prop_weight:0.1:kg|ui_inv_rate_of_fire:20:rpm
wpn_sig220_n_u2p2g0r,up_sect_firstc_sig220,st_prop_reliability:1.5:pct|st_prop_weight:0.18:kg
wpn_sig220_n_u2p2g0r,up_sect_firstd_sig220,app_upgrade_bullet_speed:56:speed|ui_inv_accuracy:1.33:pct|st_prop_weight:0.13:kg
wpn_sig220_n_u2p2g0r,up_sect_firste_sig220,st_prop_weight:0.14:kg|ui_inv_rate_of_fire:275:rpm
wpn_sig220_n_u2p2g0r,up_sect_secona_sig220,app_upgrade_bullet_speed:28:speed|ui_inv_accuracy:0.67:pct|st_prop_weight:0.1:kg
wpn_sig220_n_u2p2g0r,up_sect_seconc_sig220,st_prop_reliability:1.5:pct|st_prop_weight:0.16:kg
wpn_sig220_n_u2p2g0r,up_sect_secone_sig220,st_prop_weight:0.08:kg|ui_inv_rate_of_fire:30:rpm
wpn_sig220_n_u2p2g0r,up_sect_seconf_sig220,app_upgrade_bullet_speed:84:speed|ui_inv_accuracy:2:pct|st_prop_weight:0.12:kg
wpn_sig220_n_u2p2g0r,up_sect_thirda_sig220,ui_inv_handling:1.19:pct|st_prop_weight:-0.48:kg
wpn_sig220_n_u2p2g0r,up_sect_thirdc_sig220,ui_inv_handling:3.57:pct|st_prop_weight:-0.07:kg
wpn_sig220_n_u2p2g0r,up_sect_thirdd_sig220,st_prop_weight:0.11:kg
wpn_sig220_n_u2p2g0r,up_sect_fourta_sig220,ui_inv_accuracy:3.33:pct|st_prop_weight:0.07:kg
wpn_sig220_n_u2p2g0r,up_sect_fourtc_sig220,st_prop_reliability:1.5:pct|st_prop_weight:0.14:kg
wpn_sig220_n_u2p2g0r,up_sect_fourte_sig220,st_prop_weight:0.06:kg|ui_inv_rate_of_fire:30:rpm
wpn_sig220_n_u2p2g0r,up_sect_fiftha_sig220,st_prop_weight:0.04:kg
wpn_sig220_n_upg220,up_sect_firsta_sig220,st_prop_weight:0.1:kg|ui_inv_rate_of_fire:20:rpm
wpn_sig220_n_upg220,up_sect_firstc_sig220,st_prop_reliability:1.5:pct|st_prop_weight:0.18:kg
wpn_sig220_n_upg220,up_sect_firstd_sig220,app_upgrade_bullet_speed:56:speed|ui_inv_accuracy:1.33:pct|st_prop_weight:0.13:kg
wpn_sig220_n_upg220,up_sect_firste_sig220,st_prop_weight:0.14:kg|ui_inv_rate_of_fire:275:rpm
wpn_sig220_n_upg220,up_sect_secona_sig220,app_upgrade_bullet_speed:28:speed|ui_inv_accuracy:0.67:pct|st_prop_weight:0.1:kg
wpn_sig220_n_upg220,up_sect_seconc_sig220,st_prop_reliability:1.5:pct|st_prop_weight:0.16:kg
wpn_sig220_n_upg220,up_sect_secone_sig220,st_prop_weight:0.08:kg|ui_inv_rate_of_fire:30:rpm
wpn_sig220_n_upg220,up_sect_seconf_sig220,app_upgrade_bullet_speed:84:speed|ui_inv_accuracy:2:pct|st_prop_weight:0.12:kg
wpn_sig220_n_upg220,up_sect_thirda_sig220,ui_inv_handling:1.19:pct|st_prop_weight:-0.48:kg
wpn_sig220_n_upg220,up_sect_thirdc_sig220,ui_inv_handling:3.57:pct|st_prop_weight:-0.07:kg
wpn_sig220_n_upg220,up_sect_thirdd_sig220,st_prop_weight:0.11:kg
wpn_sig220_n_upg220,up_sect_fourta_sig220,ui_inv_accuracy:3.33:pct|st_prop_weight:0.07:kg
wpn_sig220_n_upg220,up_sect_fourtc_sig220,st_prop_reliability:1.5:pct|st_prop_weight:0.14:kg
wpn_sig220_n_upg220,up_sect_fourte_sig220,st_prop_weight:0.06:kg|ui_inv_rate_of_fire:30:rpm
wpn_sig220_n_upg220,up_sect_fiftha_sig220,st_prop_weight:0.04:kg
wpn_sig220_u2p2g0r,up_sect_firsta_sig220,st_prop_weight:0.1:kg|ui_inv_rate_of_fire:20:rpm
wpn_sig220_u2p2g0r,up_sect_firstc_sig220,st_prop_reliability:1.5:pct|st_prop_weight:0.18:kg
wpn_sig220_u2p2g0r,up_sect_firstd_sig220,app_upgrade_bullet_speed:56:speed|ui_inv_accuracy:1.33:pct|st_prop_weight:0.13:kg
wpn_sig220_u2p2g0r,up_sect_firste_sig220,st_prop_weight:0.14:kg|ui_inv_rate_of_fire:275:rpm
wpn_sig220_u2p2g0r,up_sect_secona_sig220,app_upgrade_bullet_speed:28:speed|ui_inv_accuracy:0.67:pct|st_prop_weight:0.1:kg
wpn_sig220_u2p2g0r,up_sect_seconc_sig220,st_prop_reliability:1.5:pct|st_prop_weight:0.16:kg
wpn_sig220_u2p2g0r,up_sect_secone_sig220,st_prop_weight:0.08:kg|ui_inv_rate_of_fire:30:rpm
wpn_sig220_u2p2g0r,up_sect_seconf_sig220,app_upgrade_bullet_speed:84:speed|ui_inv_accuracy:2:pct|st_prop_weight:0.12:kg
wpn_sig220_u2p2g0r,up_sect_thirda_sig220,ui_inv_handling:1.19:pct|st_prop_weight:-0.48:kg
wpn_sig220_u2p2g0r,up_sect_thirdc_sig220,ui_inv_handling:3.57:pct|st_prop_weight:-0.07:kg
wpn_sig220_u2p2g0r,up_sect_thirdd_sig220,st_prop_weight:0.11:kg
wpn_sig220_u2p2g0r,up_sect_fourta_sig220,ui_inv_accuracy:3.33:pct|st_prop_weight:0.07:kg
wpn_sig220_u2p2g0r,up_sect_fourtc_sig220,st_prop_reliability:1.5:pct|st_prop_weight:0.14:kg
wpn_sig220_u2p2g0r,up_sect_fourte_sig220,st_prop_weight:0.06:kg|ui_inv_rate_of_fire:30:rpm
wpn_sig220_u2p2g0r,up_sect_fiftha_sig220,st_prop_weight:0.04:kg
wpn_sig220_upg220,up_sect_firsta_sig220,st_prop_weight:0.1:kg|ui_inv_rate_of_fire:20:rpm
wpn_sig220_upg220,up_sect_firstc_sig220,st_prop_reliability:1.5:pct|st_prop_weight:0.18:kg
wpn_sig220_upg220,up_sect_firstd_sig220,app_upgrade_bullet_speed:56:speed|ui_inv_accuracy:1.33:pct|st_prop_weight:0.13:kg
wpn_sig220_upg220,up_sect_firste_sig220,st_prop_weight:0.14:kg|ui_inv_rate_of_fire:275:rpm
wpn_sig220_upg220,up_sect_secona_sig220,app_upgrade_bullet_speed:28:speed|ui_inv_accuracy:0.67:pct|st_prop_weight:0.1:kg
wpn_sig220_upg220,up_sect_seconc_sig220,st_prop_reliability:1.5:pct|st_prop_weight:0.16:kg
wpn_sig220_upg220,up_sect_secone_sig220,st_prop_weight:0.08:kg|ui_inv_rate_of_fire:30:rpm
wpn_sig220_upg220,up_sect_seconf_sig220,app_upgrade_bullet_speed:84:speed|ui_inv_accuracy:2:pct|st_prop_weight:0.12:kg
wpn_sig220_upg220,up_sect_thirda_sig220,ui_inv_handling:1.19:pct|st_prop_weight:-0.48:kg
wpn_sig220_upg220,up_sect_thirdc_sig220,ui_inv_handling:3.57:pct|st_prop_weight:-0.07:kg
wpn_sig220_upg220,up_sect_thirdd_sig220,st_prop_weight:0.11:kg
wpn_sig220_upg220,up_sect_fourta_sig220,ui_inv_accuracy:3.33:pct|st_prop_weight:0.07:kg
wpn_sig220_upg220,up_sect_fourtc_sig220,st_prop_reliability:1.5:pct|st_prop_weight:0.14:kg
wpn_sig220_upg220,up_sect_fourte_sig220,st_prop_weight:0.06:kg|ui_inv_rate_of_fire:30:rpm
wpn_sig220_upg220,up_sect_fiftha_sig220,st_prop_weight:0.04:kg
wpn_sig226,up_sect_firsta_sig220,st_prop_weight:0.1:kg|ui_inv_rate_of_fire:20:rpm
wpn_sig226,up_sect_firstc_sig220,st_prop_reliability:1.5:pct|st_prop_weight:0.18:kg
wpn_sig226,up_sect_firstd_sig220,app_upgrade_bullet_speed:56:speed|ui_inv_accuracy:1.33:pct|st_prop_weight:0.13:kg
wpn_sig226,up_sect_firste_sig220,st_prop_weight:0.14:kg|ui_inv_rate_of_fire:275:rpm
wpn_sig226,up_sect_secona_sig220,app_upgrade_bullet_speed:28:speed|ui_inv_accuracy:0.67:pct|st_prop_weight:0.1:kg
wpn_sig226,up_sect_seconc_sig220,st_prop_reliability:1.5:pct|st_prop_weight:0.16:kg
wpn_sig226,up_sect_secone_sig220,st_prop_weight:0.08:kg|ui_inv_rate_of_fire:30:rpm
wpn_sig226,up_sect_seconf_sig220,app_upgrade_bullet_speed:84:speed|ui_inv_accuracy:2:pct|st_prop_weight:0.12:kg
wpn_sig226,up_sect_thirda_sig220,ui_inv_handling:1.19:pct|st_prop_weight:-0.48:kg
wpn_sig226,up_sect_thirdc_sig220,ui_inv_handling:3.57:pct|st_prop_weight:-0.07:kg
wpn_sig226,up_sect_thirdd_sig220,st_prop_weight:0.11:kg
wpn_sig226,up_sect_fourta_sig220,ui_inv_accuracy:3.33:pct|st_prop_weight:0.07:kg
wpn_sig226,up_sect_fourtc_sig220,st_prop_reliability:1.5:pct|st_prop_weight:0.14:kg
wpn_sig226,up_sect_fourte_sig220,st_prop_weight:0.06:kg|ui_inv_rate_of_fire:30:rpm
wpn_sig226,up_sect_fiftha_sig220,st_prop_weight:0.04:kg
wpn_sig226_226sig_kit,up_sect_firsta_sig220,st_prop_weight:0.1:kg|ui_inv_rate_of_fire:20:rpm
wpn_sig226_226sig_kit,up_sect_firstc_sig220,st_prop_reliability:1.5:pct|st_prop_weight:0.18:kg
wpn_sig226_226sig_kit,up_sect_firstd_sig220,app_upgrade_bullet_speed:56:speed|ui_inv_accuracy:1.33:pct|st_prop_weight:0.13:kg
wpn_sig226_226sig_kit,up_sect_firste_sig220,st_prop_weight:0.14:kg|ui_inv_rate_of_fire:275:rpm
wpn_sig226_226sig_kit,up_sect_secona_sig220,app_upgrade_bullet_speed:28:speed|ui_inv_accuracy:0.67:pct|st_prop_weight:0.1:kg
wpn_sig226_226sig_kit,up_sect_seconc_sig220,st_prop_reliability:1.5:pct|st_prop_weight:0.16:kg
wpn_sig226_226sig_kit,up_sect_secone_sig220,st_prop_weight:0.08:kg|ui_inv_rate_of_fire:30:rpm
wpn_sig226_226sig_kit,up_sect_seconf_sig220,app_upgrade_bullet_speed:84:speed|ui_inv_accuracy:2:pct|st_prop_weight:0.12:kg
wpn_sig226_226sig_kit,up_sect_thirda_sig220,ui_inv_handling:1.19:pct|st_prop_weight:-0.48:kg
wpn_sig226_226sig_kit,up_sect_thirdc_sig220,ui_inv_handling:3.57:pct|st_prop_weight:-0.07:kg
wpn_sig226_226sig_kit,up_sect_thirdd_sig220,st_prop_weight:0.11:kg
wpn_sig226_226sig_kit,up_sect_fourta_sig220,ui_inv_accuracy:3.33:pct|st_prop_weight:0.07:kg
wpn_sig226_226sig_kit,up_sect_fourtc_sig220,st_prop_reliability:1.5:pct|st_prop_weight:0.14:kg
wpn_sig226_226sig_kit,up_sect_fourte_sig220,st_prop_weight:0.06:kg|ui_inv_rate_of_fire:30:rpm
wpn_sig226_226sig_kit,up_sect_fiftha_sig220,st_prop_weight:0.04:kg
wpn_sig550,up_sect_firsta_sig550,st_prop_weight:0.1:kg|ui_inv_rate_of_fire:35:rpm
wpn_sig550,up_sect_firstc_sig550,st_prop_weight:0.15:kg|st_prop_recoil:5.6:pct
wpn_sig550,up_sect_firstd_sig550,st_prop_reliability:3:pct|st_prop_weight:0.16:kg
wpn_sig550,up_sect_firste_sig550,st_prop_weight:0.18:kg|st_prop_recoil:5.6:pct
wpn_sig550,up_sect_secona_sig550,st_prop_weight:0.1:kg|st_prop_recoil:5.6:pct
wpn_sig550,up_sect_seconc_sig550,ui_inv_accuracy:3.33:pct|st_prop_weight:0.15:kg
wpn_sig550,up_sect_secone_sig550,st_prop_weight:0.18:kg|st_prop_recoil:12.78:pct
wpn_sig550,up_sect_seconf_sig550,ui_inv_accuracy:5:pct|st_prop_weight:0.2:kg
wpn_sig550,up_sect_thirda_sig550,st_prop_reliability:1.5:pct|st_prop_weight:0.19:kg
wpn_sig550,up_sect_thirdc_sig550,st_prop_weight:0.1:kg|ui_inv_rate_of_fire:35:rpm
wpn_sig550,up_sect_thirdd_sig550,app_upgrade_bullet_speed:98:speed|ui_inv_accuracy:1:pct|st_prop_weight:0.2:kg
wpn_sig550,up_sect_thirde_sig550,st_prop_weight:0.18:kg|ui_inv_rate_of_fire:70:rpm
wpn_sig550,up_sect_fourta_sig550,ui_inv_handling:2.38:pct|st_prop_weight:-0.91:kg
wpn_sig550,up_sect_fourtc_sig550,ui_inv_handling:1.67:pct|st_prop_weight:0.1:kg
wpn_sig550,up_sect_fourte_sig550,ui_inv_handling:3.1:pct|st_prop_weight:-0.12:kg
wpn_sig550,up_sect_fourtf_sig550,app_upgrade_bullet_speed:98:speed|ui_inv_accuracy:1:pct|st_prop_weight:0.15:kg
wpn_sig550,up_sect_fiftha_sig550,ui_inv_handling:2.38:pct|st_prop_weight:0.1:kg
wpn_sig550_camo,up_sect_firsta_sig550,st_prop_weight:0.1:kg|ui_inv_rate_of_fire:35:rpm
wpn_sig550_camo,up_sect_firstc_sig550,st_prop_weight:0.15:kg|st_prop_recoil:5.6:pct
wpn_sig550_camo,up_sect_firstd_sig550,st_prop_reliability:3:pct|st_prop_weight:0.16:kg
wpn_sig550_camo,up_sect_firste_sig550,st_prop_weight:0.18:kg|st_prop_recoil:5.6:pct
wpn_sig550_camo,up_sect_secona_sig550,st_prop_weight:0.1:kg|st_prop_recoil:5.6:pct
wpn_sig550_camo,up_sect_seconc_sig550,ui_inv_accuracy:3.33:pct|st_prop_weight:0.15:kg
wpn_sig550_camo,up_sect_secone_sig550,st_prop_weight:0.18:kg|st_prop_recoil:12.78:pct
wpn_sig550_camo,up_sect_seconf_sig550,ui_inv_accuracy:5:pct|st_prop_weight:0.2:kg
wpn_sig550_camo,up_sect_thirda_sig550,st_prop_reliability:1.5:pct|st_prop_weight:0.19:kg
wpn_sig550_camo,up_sect_thirdc_sig550,st_prop_weight:0.1:kg|ui_inv_rate_of_fire:35:rpm
wpn_sig550_camo,up_sect_thirdd_sig550,app_upgrade_bullet_speed:98:speed|ui_inv_accuracy:1:pct|st_prop_weight:0.2:kg
wpn_sig550_camo,up_sect_thirde_sig550,st_prop_weight:0.18:kg|ui_inv_rate_of_fire:70:rpm
wpn_sig550_camo,up_sect_fourta_sig550,ui_inv_handling:2.38:pct|st_prop_weight:-0.91:kg
wpn_sig550_camo,up_sect_fourtc_sig550,ui_inv_handling:1.67:pct|st_prop_weight:0.1:kg
wpn_sig550_camo,up_sect_fourte_sig550,ui_inv_handling:3.1:pct|st_prop_weight:-0.12:kg
wpn_sig550_camo,up_sect_fourtf_sig550,app_upgrade_bullet_speed:98:speed|ui_inv_accuracy:1:pct|st_prop_weight:0.15:kg
wpn_sig550_camo,up_sect_fiftha_sig550,ui_inv_handling:2.38:pct|st_prop_weight:0.1:kg
wpn_sig550_custom,up_sect_firsta_sig550,st_prop_weight:0.1:kg|ui_inv_rate_of_fire:35:rpm
wpn_sig550_custom,up_sect_firstc_sig550,st_prop_weight:0.15:kg|st_prop_recoil:7.63:pct
wpn_sig550_custom,up_sect_firstd_sig550,st_prop_reliability:3:pct|st_prop_weight:0.16:kg
wpn_sig550_custom,up_sect_firste_sig550,st_prop_weight:0.18:kg|st_prop_recoil:7.63:pct
wpn_sig550_custom,up_sect_secona_sig550,st_prop_weight:0.1:kg|st_prop_recoil:7.63:pct
wpn_sig550_custom,up_sect_seconc_sig550,ui_inv_accuracy:3.33:pct|st_prop_weight:0.15:kg
wpn_sig550_custom,up_sect_secone_sig550,st_prop_weight:0.18:kg|st_prop_recoil:17.72:pct
wpn_sig550_custom,up_sect_seconf_sig550,ui_inv_accuracy:5:pct|st_prop_weight:0.2:kg
wpn_sig550_custom,up_sect_thirda_sig550,st_prop_reliability:1.5:pct|st_prop_weight:0.19:kg
wpn_sig550_custom,up_sect_thirdc_sig550,st_prop_weight:0.1:kg|ui_inv_rate_of_fire:35:rpm
wpn_sig550_custom,up_sect_thirdd_sig550,app_upgrade_bullet_speed:98:speed|ui_inv_accuracy:1:pct|st_prop_weight:0.2:kg
wpn_sig550_custom,up_sect_thirde_sig550,st_prop_weight:0.18:kg|ui_inv_rate_of_fire:70:rpm
wpn_sig550_custom,up_sect_fourta_sig550,ui_inv_handling:2.38:pct|st_prop_weight:-0.91:kg
wpn_sig550_custom,up_sect_fourtc_sig550,ui_inv_handling:1.67:pct|st_prop_weight:0.1:kg
wpn_sig550_custom,up_sect_fourte_sig550,ui_inv_handling:3.1:pct|st_prop_weight:-0.12:kg
wpn_sig550_custom,up_sect_fourtf_sig550,app_upgrade_bullet_speed:98:speed|ui_inv_accuracy:1:pct|st_prop_weight:0.15:kg
wpn_sig550_custom,up_sect_fiftha_sig550,ui_inv_handling:2.38:pct|st_prop_weight:0.1:kg
wpn_sig550_luckygun,up_sect_firsta_sig550,st_prop_weight:0.1:kg|ui_inv_rate_of_fire:35:rpm
wpn_sig550_luckygun,up_sect_firstc_sig550,st_prop_weight:0.15:kg|st_prop_recoil:8.26:pct
wpn_sig550_luckygun,up_sect_firstd_sig550,st_prop_reliability:3:pct|st_prop_weight:0.16:kg
wpn_sig550_luckygun,up_sect_firste_sig550,st_prop_weight:0.18:kg|st_prop_recoil:8.26:pct
wpn_sig550_luckygun,up_sect_secona_sig550,st_prop_weight:0.1:kg|st_prop_recoil:8.26:pct
wpn_sig550_luckygun,up_sect_seconc_sig550,ui_inv_accuracy:3.33:pct|st_prop_weight:0.15:kg
wpn_sig550_luckygun,up_sect_secone_sig550,st_prop_weight:0.18:kg|st_prop_recoil:19.17:pct
wpn_sig550_luckygun,up_sect_seconf_sig550,ui_inv_accuracy:5:pct|st_prop_weight:0.2:kg
wpn_sig550_luckygun,up_sect_thirda_sig550,st_prop_reliability:1.5:pct|st_prop_weight:0.19:kg
wpn_sig550_luckygun,up_sect_thirdc_sig550,st_prop_weight:0.1:kg|ui_inv_rate_of_fire:35:rpm
wpn_sig550_luckygun,up_sect_thirdd_sig550,app_upgrade_bullet_speed:98:speed|ui_inv_accuracy:1:pct|st_prop_weight:0.2:kg
wpn_sig550_luckygun,up_sect_thirde_sig550,st_prop_weight:0.18:kg|ui_inv_rate_of_fire:70:rpm
wpn_sig550_luckygun,up_sect_fourta_sig550,ui_inv_handling:2.38:pct|st_prop_weight:-0.91:kg
wpn_sig550_luckygun,up_sect_fourtc_sig550,ui_inv_handling:1.67:pct|st_prop_weight:0.1:kg
wpn_sig550_luckygun,up_sect_fourte_sig550,ui_inv_handling:3.1:pct|st_prop_weight:-0.12:kg
wpn_sig550_luckygun,up_sect_fourtf_sig550,app_upgrade_bullet_speed:98:speed|ui_inv_accuracy:1:pct|st_prop_weight:0.15:kg
wpn_sig550_luckygun,up_sect_fiftha_sig550,ui_inv_handling:2.38:pct|st_prop_weight:0.1:kg
wpn_sig550_sniper,up_sect_firsta_sig550,st_prop_weight:0.1:kg|ui_inv_rate_of_fire:35:rpm
wpn_sig550_sniper,up_sect_firstc_sig550,st_prop_weight:0.15:kg|st_prop_recoil:7.25:pct
wpn_sig550_sniper,up_sect_firstd_sig550,st_prop_reliability:3:pct|st_prop_weight:0.16:kg
wpn_sig550_sniper,up_sect_firste_sig550,st_prop_weight:0.18:kg|st_prop_recoil:7.25:pct
wpn_sig550_sniper,up_sect_secona_sig550,st_prop_weight:0.1:kg|st_prop_recoil:7.25:pct
wpn_sig550_sniper,up_sect_seconc_sig550,ui_inv_accuracy:3.33:pct|st_prop_weight:0.15:kg
wpn_sig550_sniper,up_sect_secone_sig550,st_prop_weight:0.18:kg|st_prop_recoil:16.55:pct
wpn_sig550_sniper,up_sect_seconf_sig550,ui_inv_accuracy:5:pct|st_prop_weight:0.2:kg
wpn_sig550_sniper,up_sect_thirda_sig550,st_prop_reliability:1.5:pct|st_prop_weight:0.19:kg
wpn_sig550_sniper,up_sect_thirdc_sig550,st_prop_weight:0.1:kg|ui_inv_rate_of_fire:35:rpm
wpn_sig550_sniper,up_sect_thirdd_sig550,app_upgrade_bullet_speed:98:speed|ui_inv_accuracy:1:pct|st_prop_weight:0.2:kg
wpn_sig550_sniper,up_sect_thirde_sig550,st_prop_weight:0.18:kg|ui_inv_rate_of_fire:70:rpm
wpn_sig550_sniper,up_sect_fourta_sig550,ui_inv_handling:2.38:pct|st_prop_weight:-0.91:kg
wpn_sig550_sniper,up_sect_fourtc_sig550,ui_inv_handling:1.67:pct|st_prop_weight:0.1:kg
wpn_sig550_sniper,up_sect_fourte_sig550,ui_inv_handling:3.1:pct|st_prop_weight:-0.12:kg
wpn_sig550_sniper,up_sect_fourtf_sig550,app_upgrade_bullet_speed:98:speed|ui_inv_accuracy:1:pct|st_prop_weight:0.15:kg
wpn_sig550_sniper,up_sect_fiftha_sig550,ui_inv_handling:2.38:pct|st_prop_weight:0.1:kg
wpn_sig552,up_sect_firsta_sig550,st_prop_weight:0.1:kg|ui_inv_rate_of_fire:35:rpm
wpn_sig552,up_sect_firstc_sig550,st_prop_weight:0.15:kg|st_prop_recoil:5.6:pct
wpn_sig552,up_sect_firstd_sig550,st_prop_reliability:3:pct|st_prop_weight:0.16:kg
wpn_sig552,up_sect_firste_sig550,st_prop_weight:0.18:kg|st_prop_recoil:5.6:pct
wpn_sig552,up_sect_secona_sig550,st_prop_weight:0.1:kg|st_prop_recoil:5.6:pct
wpn_sig552,up_sect_seconc_sig550,ui_inv_accuracy:3.33:pct|st_prop_weight:0.15:kg
wpn_sig552,up_sect_secone_sig550,st_prop_weight:0.18:kg|st_prop_recoil:12.78:pct
wpn_sig552,up_sect_seconf_sig550,ui_inv_accuracy:5:pct|st_prop_weight:0.2:kg
wpn_sig552,up_sect_thirda_sig550,st_prop_reliability:1.5:pct|st_prop_weight:0.19:kg
wpn_sig552,up_sect_thirdc_sig550,st_prop_weight:0.1:kg|ui_inv_rate_of_fire:35:rpm
wpn_sig552,up_sect_thirdd_sig550,app_upgrade_bullet_speed:98:speed|ui_inv_accuracy:1:pct|st_prop_weight:0.2:kg
wpn_sig552,up_sect_thirde_sig550,st_prop_weight:0.18:kg|ui_inv_rate_of_fire:70:rpm
wpn_sig552,up_sect_fourta_sig550,ui_inv_handling:2.38:pct|st_prop_weight:-0.91:kg
wpn_sig552,up_sect_fourtc_sig550,ui_inv_handling:1.67:pct|st_prop_weight:0.1:kg
wpn_sig552,up_sect_fourte_sig550,ui_inv_handling:3.1:pct|st_prop_weight:-0.12:kg
wpn_sig552,up_sect_fourtf_sig550,app_upgrade_bullet_speed:98:speed|ui_inv_accuracy:1:pct|st_prop_weight:0.15:kg
wpn_sig552,up_sect_fiftha_sig550,ui_inv_handling:2.38:pct|st_prop_weight:0.1:kg
wpn_sks,up_sect_firsta_sks,st_prop_reliability:2.5:pct|st_prop_weight:0.2:kg
wpn_sks,up_sect_firstc_sks,app_upgrade_bullet_speed:70:speed|st_prop_weight:0.15:kg
wpn_sks,up_sect_firstd_sks,st_prop_weight:0.11:kg|st_prop_recoil:0.97:pct
wpn_sks,up_sect_firste_sks,ui_inv_handling:2.38:pct|st_prop_weight:0.1:kg
wpn_sks,up_sect_firstf_sks,app_upgrade_bullet_speed:90:speed|st_prop_reliability:-3:pct|st_prop_weight:0.2:kg
wpn_sks,up_sect_secona_sks,st_prop_weight:-0.72:kg
wpn_sks,up_sect_seconc_sks,ui_inv_handling:1.19:pct|st_prop_weight:0.05:kg
wpn_sks,up_sect_second_sks,st_prop_weight:0.1:kg|st_prop_recoil:0.97:pct
wpn_sks,up_sect_thirda_sks,st_prop_reliability:2.5:pct|st_prop_weight:0.15:kg
wpn_sks,up_sect_thirdc_sks,st_prop_weight:0.2:kg|st_prop_recoil:0.97:pct
wpn_sks,up_sect_thirde_sks,st_prop_reliability:5:pct
wpn_sks,up_sect_thirdf_sks,app_upgrade_bullet_speed:100:speed|ui_inv_accuracy:1:pct|st_prop_weight:0.2:kg
wpn_sks_b,up_sect_firsta_sks,st_prop_reliability:2.5:pct|st_prop_weight:0.2:kg
wpn_sks_b,up_sect_firstc_sks,app_upgrade_bullet_speed:70:speed|st_prop_weight:0.15:kg
wpn_sks_b,up_sect_firstd_sks,st_prop_weight:0.11:kg|st_prop_recoil:0.14:pct
wpn_sks_b,up_sect_firste_sks,ui_inv_handling:2.38:pct|st_prop_weight:0.1:kg
wpn_sks_b,up_sect_firstf_sks,app_upgrade_bullet_speed:90:speed|st_prop_reliability:-3:pct|st_prop_weight:0.2:kg
wpn_sks_b,up_sect_secona_sks,st_prop_weight:-0.72:kg
wpn_sks_b,up_sect_seconc_sks,ui_inv_handling:1.19:pct|st_prop_weight:0.05:kg
wpn_sks_b,up_sect_second_sks,st_prop_weight:0.1:kg|st_prop_recoil:0.14:pct
wpn_sks_b,up_sect_thirda_sks,st_prop_reliability:2.5:pct|st_prop_weight:0.15:kg
wpn_sks_b,up_sect_thirdc_sks,st_prop_weight:0.2:kg|st_prop_recoil:0.14:pct
wpn_sks_b,up_sect_thirde_sks,st_prop_reliability:5:pct
wpn_sks_b,up_sect_thirdf_sks,app_upgrade_bullet_speed:100:speed|ui_inv_accuracy:1:pct|st_prop_weight:0.2:kg
wpn_sks_modern,up_sect_firsta_sks,st_prop_reliability:2.5:pct|st_prop_weight:0.2:kg
wpn_sks_modern,up_sect_firstc_sks,app_upgrade_bullet_speed:70:speed|st_prop_weight:0.15:kg
wpn_sks_modern,up_sect_firstd_sks,st_prop_weight:0.11:kg|st_prop_recoil:1.04:pct
wpn_sks_modern,up_sect_firste_sks,ui_inv_handling:2.38:pct|st_prop_weight:0.1:kg
wpn_sks_modern,up_sect_firstf_sks,app_upgrade_bullet_speed:90:speed|st_prop_reliability:-3:pct|st_prop_weight:0.2:kg
wpn_sks_modern,up_sect_secona_sks,st_prop_weight:-0.72:kg
wpn_sks_modern,up_sect_seconc_sks,ui_inv_handling:1.19:pct|st_prop_weight:0.05:kg
wpn_sks_modern,up_sect_second_sks,st_prop_weight:0.1:kg|st_prop_recoil:1.04:pct
wpn_sks_modern,up_sect_thirda_sks,st_prop_reliability:2.5:pct|st_prop_weight:0.15:kg
wpn_sks_modern,up_sect_thirdc_sks,st_prop_weight:0.2:kg|st_prop_recoil:1.04:pct
wpn_sks_modern,up_sect_thirde_sks,st_prop_reliability:5:pct
wpn_sks_modern,up_sect_thirdf_sks,app_upgrade_bullet_speed:100:speed|ui_inv_accuracy:1:pct|st_prop_weight:0.2:kg
wpn_sks_molot,up_sect_firsta_sks,st_prop_reliability:2.5:pct|st_prop_weight:0.2:kg
wpn_sks_molot,up_sect_firstc_sks,app_upgrade_bullet_speed:70:speed|st_prop_weight:0.15:kg
wpn_sks_molot,up_sect_firstd_sks,st_prop_weight:0.11:kg|st_prop_recoil:1.04:pct
wpn_sks_molot,up_sect_firste_sks,ui_inv_handling:2.38:pct|st_prop_weight:0.1:kg
wpn_sks_molot,up_sect_firstf_sks,app_upgrade_bullet_speed:90:speed|st_prop_reliability:-3:pct|st_prop_weight:0.2:kg
wpn_sks_molot,up_sect_secona_sks,st_prop_weight:-0.72:kg
wpn_sks_molot,up_sect_seconc_sks,ui_inv_handling:1.19:pct|st_prop_weight:0.05:kg
wpn_sks_molot,up_sect_second_sks,st_prop_weight:0.1:kg|st_prop_recoil:1.04:pct
wpn_sks_molot,up_sect_thirda_sks,st_prop_reliability:2.5:pct|st_prop_weight:0.15:kg
wpn_sks_molot,up_sect_thirdc_sks,st_prop_weight:0.2:kg|st_prop_recoil:1.04:pct
wpn_sks_molot,up_sect_thirde_sks,st_prop_reliability:5:pct
wpn_sks_molot,up_sect_thirdf_sks,app_upgrade_bullet_speed:100:speed|ui_inv_accuracy:1:pct|st_prop_weight:0.2:kg
wpn_sks_tac,up_sect_firsta_sks,st_prop_reliability:2.5:pct|st_prop_weight:0.2:kg
wpn_sks_tac,up_sect_firstc_sks,app_upgrade_bullet_speed:70:speed|st_prop_weight:0.15:kg
wpn_sks_tac,up_sect_firstd_sks,st_prop_weight:0.11:kg|st_prop_recoil:1.04:pct
wpn_sks_tac,up_sect_firste_sks,ui_inv_handling:2.38:pct|st_prop_weight:0.1:kg
wpn_sks_tac,up_sect_firstf_sks,app_upgrade_bullet_speed:90:speed|st_prop_reliability:-3:pct|st_prop_weight:0.2:kg
wpn_sks_tac,up_sect_secona_sks,st_prop_weight:-0.72:kg
wpn_sks_tac,up_sect_seconc_sks,ui_inv_handling:1.19:pct|st_prop_weight:0.05:kg
wpn_sks_tac,up_sect_second_sks,st_prop_weight:0.1:kg|st_prop_recoil:1.04:pct
wpn_sks_tac,up_sect_thirda_sks,st_prop_reliability:2.5:pct|st_prop_weight:0.15:kg
wpn_sks_tac,up_sect_thirdc_sks,st_prop_weight:0.2:kg|st_prop_recoil:1.04:pct
wpn_sks_tac,up_sect_thirde_sks,st_prop_reliability:5:pct
wpn_sks_tac,up_sect_thirdf_sks,app_upgrade_bullet_speed:100:speed|ui_inv_accuracy:1:pct|st_prop_weight:0.2:kg
wpn_spas12,up_sect_firsta_spas12,st_prop_reliability:1:pct|st_prop_weight:0.14:kg
wpn_spas12,up_sect_firstc_spas12,app_upgrade_bullet_speed:45:speed|ui_inv_accuracy:1.33:pct|st_prop_weight:0.2:kg
wpn_spas12,up_sect_firstd_spas12,st_prop_reliability:2:pct|st_prop_weight:0.2:kg
wpn_spas12,up_sect_firste_spas12,ui_inv_accuracy:5.33:pct|st_prop_weight:0.15:kg
wpn_spas12,up_sect_firste_spas12,ui_inv_accuracy:5.33:pct|st_prop_weight:0.15:kg
wpn_spas12,up_sect_secona_spas12,st_prop_weight:-0.81:kg
wpn_spas12,up_sect_seconc_spas12,ui_inv_handling:2.38:pct|st_prop_weight:-0.12:kg
wpn_spas12,up_sect_second_spas12,st_prop_weight:0.15:kg|st_prop_recoil:0.1:pct
wpn_spas12,up_sect_thirda_spas12,st_prop_reliability:1:pct|st_prop_weight:0.14:kg
wpn_spas12,up_sect_thirdc_spas12,ui_inv_accuracy:2.67:pct|st_prop_weight:0.15:kg
wpn_spas12,up_sect_thirdd_spas12,st_prop_weight:0.1:kg|ui_inv_rate_of_fire:20:rpm
wpn_spas12,up_sect_thirde_spas12,st_prop_reliability:3:pct|st_prop_weight:0.22:kg
wpn_spas12,up_sect_thirdf_spas12,st_prop_weight:0.15:kg|st_prop_recoil:0.1:pct
wpn_spas12,up_sect_fourta_spas12,st_prop_weight:0.1:kg|ui_inv_rate_of_fire:30:rpm
wpn_spas12_custom,up_sect_firsta_spas12,st_prop_reliability:1:pct|st_prop_weight:0.14:kg
wpn_spas12_custom,up_sect_firstc_spas12,app_upgrade_bullet_speed:45:speed|ui_inv_accuracy:1.33:pct|st_prop_weight:0.2:kg
wpn_spas12_custom,up_sect_firstd_spas12,st_prop_reliability:2:pct|st_prop_weight:0.2:kg
wpn_spas12_custom,up_sect_firste_spas12,ui_inv_accuracy:5.33:pct|st_prop_weight:0.15:kg
wpn_spas12_custom,up_sect_firste_spas12,ui_inv_accuracy:5.33:pct|st_prop_weight:0.15:kg
wpn_spas12_custom,up_sect_secona_spas12,st_prop_weight:-0.81:kg
wpn_spas12_custom,up_sect_seconc_spas12,ui_inv_handling:2.38:pct|st_prop_weight:-0.12:kg
wpn_spas12_custom,up_sect_second_spas12,st_prop_weight:0.15:kg|st_prop_recoil:0.1:pct
wpn_spas12_custom,up_sect_thirda_spas12,st_prop_reliability:1:pct|st_prop_weight:0.14:kg
wpn_spas12_custom,up_sect_thirdc_spas12,ui_inv_accuracy:2.67:pct|st_prop_weight:0.15:kg
wpn_spas12_custom,up_sect_thirdd_spas12,st_prop_weight:0.1:kg|ui_inv_rate_of_fire:20:rpm
wpn_spas12_custom,up_sect_thirde_spas12,st_prop_reliability:3:pct|st_prop_weight:0.22:kg
wpn_spas12_custom,up_sect_thirdf_spas12,st_prop_weight:0.15:kg|st_prop_recoil:0.1:pct
wpn_spas12_custom,up_sect_fourta_spas12,st_prop_weight:0.1:kg|ui_inv_rate_of_fire:30:rpm
wpn_spas12_nimble,up_sect_firsta_spas12,st_prop_reliability:1:pct|st_prop_weight:0.14:kg
wpn_spas12_nimble,up_sect_firstc_spas12,app_upgrade_bullet_speed:45:speed|ui_inv_accuracy:1.33:pct|st_prop_weight:0.2:kg
wpn_spas12_nimble,up_sect_firstd_spas12,st_prop_reliability:2:pct|st_prop_weight:0.2:kg
wpn_spas12_nimble,up_sect_firste_spas12,ui_inv_accuracy:5.33:pct|st_prop_weight:0.15:kg
wpn_spas12_nimble,up_sect_firste_spas12,ui_inv_accuracy:5.33:pct|st_prop_weight:0.15:kg
wpn_spas12_nimble,up_sect_secona_spas12,st_prop_weight:-0.81:kg
wpn_spas12_nimble,up_sect_seconc_spas12,ui_inv_handling:2.38:pct|st_prop_weight:-0.12:kg
wpn_spas12_nimble,up_sect_second_spas12,st_prop_weight:0.15:kg|st_prop_recoil:0.1:pct
wpn_spas12_nimble,up_sect_thirda_spas12,st_prop_reliability:1:pct|st_prop_weight:0.14:kg
wpn_spas12_nimble,up_sect_thirdc_spas12,ui_inv_accuracy:2.67:pct|st_prop_weight:0.15:kg
wpn_spas12_nimble,up_sect_thirdd_spas12,st_prop_weight:0.1:kg|ui_inv_rate_of_fire:20:rpm
wpn_spas12_nimble,up_sect_thirde_spas12,st_prop_reliability:3:pct|st_prop_weight:0.22:kg
wpn_spas12_nimble,up_sect_thirdf_spas12,st_prop_weight:0.15:kg|st_prop_recoil:0.1:pct
wpn_spas12_nimble,up_sect_fourta_spas12,st_prop_weight:0.1:kg|ui_inv_rate_of_fire:30:rpm
wpn_sr1m,up_sect_firsta_fn57,app_upgrade_bullet_speed:30:speed|st_prop_weight:0.08:kg
wpn_sr1m,up_sect_firstd_fn57,app_upgrade_bullet_speed:70:speed|ui_inv_accuracy:1.33:pct
wpn_sr1m,up_sect_firste_fn57,st_prop_weight:0.09:kg|ui_inv_rate_of_fire:250:rpm
wpn_sr1m,up_sect_secona_fn57,app_upgrade_bullet_speed:35:speed
wpn_sr1m,up_sect_seconc_fn57,st_prop_reliability:4:pct
wpn_sr1m,up_sect_secone_fn57,ui_inv_rate_of_fire:60:rpm
wpn_sr1m,up_sect_seconf_fn57,app_upgrade_bullet_speed:100:speed|ui_inv_accuracy:1.33:pct
wpn_sr1m,up_sect_thirda_fn57,st_prop_reliability:3:pct
wpn_sr1m,up_sect_thirdc_fn57,ui_inv_handling:4.76:pct
wpn_sr1m,up_sect_fourta_fn57,ui_inv_accuracy:4.67:pct
wpn_sr1m,up_sect_fourtc_fn57,st_prop_reliability:4:pct
wpn_sr1m,up_sect_fiftha_fn57,ui_inv_rate_of_fire:45:rpm
wpn_sr1m_gurza_up,up_sect_firsta_fn57,app_upgrade_bullet_speed:30:speed|st_prop_weight:0.08:kg
wpn_sr1m_gurza_up,up_sect_firstd_fn57,app_upgrade_bullet_speed:70:speed|ui_inv_accuracy:1.33:pct
wpn_sr1m_gurza_up,up_sect_firste_fn57,st_prop_weight:0.09:kg|ui_inv_rate_of_fire:250:rpm
wpn_sr1m_gurza_up,up_sect_secona_fn57,app_upgrade_bullet_speed:35:speed
wpn_sr1m_gurza_up,up_sect_seconc_fn57,st_prop_reliability:4:pct
wpn_sr1m_gurza_up,up_sect_secone_fn57,ui_inv_rate_of_fire:60:rpm
wpn_sr1m_gurza_up,up_sect_seconf_fn57,app_upgrade_bullet_speed:100:speed|ui_inv_accuracy:1.33:pct
wpn_sr1m_gurza_up,up_sect_thirda_fn57,st_prop_reliability:3:pct
wpn_sr1m_gurza_up,up_sect_thirdc_fn57,ui_inv_handling:4.76:pct
wpn_sr1m_gurza_up,up_sect_fourta_fn57,ui_inv_accuracy:4.67:pct
wpn_sr1m_gurza_up,up_sect_fourtc_fn57,st_prop_reliability:4:pct
wpn_sr1m_gurza_up,up_sect_fiftha_fn57,ui_inv_rate_of_fire:45:rpm
wpn_sr1m_sr1upgr1,up_sect_firsta_fn57,app_upgrade_bullet_speed:30:speed|st_prop_weight:0.08:kg
wpn_sr1m_sr1upgr1,up_sect_firstd_fn57,app_upgrade_bullet_speed:70:speed|ui_inv_accuracy:1.33:pct
wpn_sr1m_sr1upgr1,up_sect_firste_fn57,st_prop_weight:0.09:kg|ui_inv_rate_of_fire:250:rpm
wpn_sr1m_sr1upgr1,up_sect_secona_fn57,app_upgrade_bullet_speed:35:speed
wpn_sr1m_sr1upgr1,up_sect_seconc_fn57,st_prop_reliability:4:pct
wpn_sr1m_sr1upgr1,up_sect_secone_fn57,ui_inv_rate_of_fire:60:rpm
wpn_sr1m_sr1upgr1,up_sect_seconf_fn57,app_upgrade_bullet_speed:100:speed|ui_inv_accuracy:1.33:pct
wpn_sr1m_sr1upgr1,up_sect_thirda_fn57,st_prop_reliability:3:pct
wpn_sr1m_sr1upgr1,up_sect_thirdc_fn57,ui_inv_handling:4.76:pct
wpn_sr1m_sr1upgr1,up_sect_fourta_fn57,ui_inv_accuracy:4.67:pct
wpn_sr1m_sr1upgr1,up_sect_fourtc_fn57,st_prop_reliability:4:pct
wpn_sr1m_sr1upgr1,up_sect_fiftha_fn57,ui_inv_rate_of_fire:45:rpm
wpn_sr25,up_sect_firsta_m4,st_prop_reliability:1:pct|st_prop_weight:0.1:kg
wpn_sr25,up_sect_firstc_m4,app_upgrade_bullet_speed:83:speed|ui_inv_accuracy:0.67:pct|st_prop_weight:0.1:kg
wpn_sr25,up_sect_firstd_m4,st_prop_weight:0.15:kg|ui_inv_rate_of_fire:45:rpm
wpn_sr25,up_sect_firste_m4,st_prop_reliability:3:pct|st_prop_weight:0.25:kg
wpn_sr25,up_sect_secona_m4,st_prop_weight:0.15:kg|st_prop_recoil:17.85:pct
wpn_sr25,up_sect_seconc_m4,st_prop_reliability:1.5:pct|st_prop_weight:0.15:kg
wpn_sr25,up_sect_secone_m4,st_prop_weight:0.1:kg|st_prop_recoil:17.85:pct
wpn_sr25,up_sect_seconf_m4,ui_inv_accuracy:2:pct|st_prop_weight:0.1:kg
wpn_sr25,up_sect_thirda_m4,ui_inv_handling:1.19:pct|st_prop_weight:0.05:kg
wpn_sr25,up_sect_thirdc_m4,ui_inv_accuracy:2:pct|st_prop_weight:0.1:kg
wpn_sr25,up_sect_thirdd_m4,st_prop_weight:0.15:kg|ui_inv_rate_of_fire:95:rpm
wpn_sr25,up_sect_thirde_m4,st_prop_weight:0.1:kg|ui_inv_rate_of_fire:45:rpm
wpn_sr25,up_sect_fourta_m4,ui_inv_handling:1.19:pct|st_prop_weight:-0.6:kg
wpn_sr25,up_sect_fourtc_m4,ui_inv_handling:2.38:pct|st_prop_weight:0.1:kg
wpn_sr25,up_sect_fourte_m4,ui_inv_handling:3.57:pct|st_prop_weight:0.2:kg
wpn_sr25,up_sect_fourtf_m4,app_upgrade_bullet_speed:83:speed|ui_inv_accuracy:0.67:pct|st_prop_weight:0.2:kg
wpn_sr25,up_sect_fiftha_m4,st_prop_weight:0.1:kg|ui_inv_rate_of_fire:35:rpm
wpn_sr2_m1,up_sect_firsta_mp5,st_prop_weight:0.15:kg|st_prop_recoil:8.44:pct
wpn_sr2_m1,up_sect_firstc_mp5,ui_inv_accuracy:3.33:pct|st_prop_weight:0.05:kg
wpn_sr2_m1,up_sect_firstd_mp5,st_prop_weight:0.1:kg|ui_inv_rate_of_fire:40:rpm
wpn_sr2_m1,up_sect_firste_mp5,st_prop_weight:0.1:kg|ui_inv_rate_of_fire:40:rpm
wpn_sr2_m1,up_sect_secona_mp5,st_prop_weight:0.13:kg|ui_inv_rate_of_fire:40:rpm
wpn_sr2_m1,up_sect_seconc_mp5,st_prop_reliability:1.4:pct|st_prop_weight:0.15:kg
wpn_sr2_m1,up_sect_secone_mp5,ui_inv_accuracy:6:pct|st_prop_weight:0.1:kg
wpn_sr2_m1,up_sect_seconf_mp5,st_prop_weight:0.1:kg|st_prop_recoil:8.44:pct
wpn_sr2_m1,up_sect_thirda_mp5,st_prop_weight:0.1:kg|st_prop_recoil:8.44:pct
wpn_sr2_m1,up_sect_thirdc_mp5,ui_inv_handling:1.67:pct|st_prop_weight:-0.15:kg
wpn_sr2_m1,up_sect_thirdd_mp5,st_prop_reliability:1.4:pct|st_prop_weight:0.15:kg
wpn_sr2_m1,up_sect_thirde_mp5,st_prop_weight:0.1:kg|ui_inv_rate_of_fire:80:rpm
wpn_sr2_m1,up_sect_fourta_mp5,st_prop_reliability:0.9:pct|st_prop_weight:0.1:kg
wpn_sr2_m1,up_sect_fourtc_mp5,st_prop_weight:0.1:kg|ui_inv_rate_of_fire:40:rpm
wpn_sr2_m1,up_sect_fourte_mp5,ui_inv_handling:2.38:pct|st_prop_weight:-0.05:kg
wpn_sr2_m1,up_sect_fourtf_mp5,app_upgrade_bullet_speed:80:speed|ui_inv_accuracy:1.6:pct|st_prop_weight:0.1:kg
wpn_sr2_veresk,up_sect_firsta_mp5,st_prop_weight:0.15:kg|st_prop_recoil:10.55:pct
wpn_sr2_veresk,up_sect_firstc_mp5,ui_inv_accuracy:3.33:pct|st_prop_weight:0.05:kg
wpn_sr2_veresk,up_sect_firstd_mp5,st_prop_weight:0.1:kg|ui_inv_rate_of_fire:40:rpm
wpn_sr2_veresk,up_sect_firste_mp5,st_prop_weight:0.1:kg|ui_inv_rate_of_fire:40:rpm
wpn_sr2_veresk,up_sect_secona_mp5,st_prop_weight:0.13:kg|ui_inv_rate_of_fire:40:rpm
wpn_sr2_veresk,up_sect_seconc_mp5,st_prop_reliability:1.4:pct|st_prop_weight:0.15:kg
wpn_sr2_veresk,up_sect_secone_mp5,ui_inv_accuracy:6:pct|st_prop_weight:0.1:kg
wpn_sr2_veresk,up_sect_seconf_mp5,st_prop_weight:0.1:kg|st_prop_recoil:10.55:pct
wpn_sr2_veresk,up_sect_thirda_mp5,st_prop_weight:0.1:kg|st_prop_recoil:10.55:pct
wpn_sr2_veresk,up_sect_thirdc_mp5,ui_inv_handling:1.67:pct|st_prop_weight:-0.15:kg
wpn_sr2_veresk,up_sect_thirdd_mp5,st_prop_reliability:1.4:pct|st_prop_weight:0.15:kg
wpn_sr2_veresk,up_sect_thirde_mp5,st_prop_weight:0.1:kg|ui_inv_rate_of_fire:80:rpm
wpn_sr2_veresk,up_sect_fourta_mp5,st_prop_reliability:0.9:pct|st_prop_weight:0.1:kg
wpn_sr2_veresk,up_sect_fourtc_mp5,st_prop_weight:0.1:kg|ui_inv_rate_of_fire:40:rpm
wpn_sr2_veresk,up_sect_fourte_mp5,ui_inv_handling:2.38:pct|st_prop_weight:-0.05:kg
wpn_sr2_veresk,up_sect_fourtf_mp5,app_upgrade_bullet_speed:80:speed|ui_inv_accuracy:1.6:pct|st_prop_weight:0.1:kg
wpn_sr2_veresk_sr2_upkit,up_sect_firsta_mp5,st_prop_weight:0.15:kg|st_prop_recoil:8.44:pct
wpn_sr2_veresk_sr2_upkit,up_sect_firstc_mp5,ui_inv_accuracy:3.33:pct|st_prop_weight:0.05:kg
wpn_sr2_veresk_sr2_upkit,up_sect_firstd_mp5,st_prop_weight:0.1:kg|ui_inv_rate_of_fire:40:rpm
wpn_sr2_veresk_sr2_upkit,up_sect_firste_mp5,st_prop_weight:0.1:kg|ui_inv_rate_of_fire:40:rpm
wpn_sr2_veresk_sr2_upkit,up_sect_secona_mp5,st_prop_weight:0.13:kg|ui_inv_rate_of_fire:40:rpm
wpn_sr2_veresk_sr2_upkit,up_sect_seconc_mp5,st_prop_reliability:1.4:pct|st_prop_weight:0.15:kg
wpn_sr2_veresk_sr2_upkit,up_sect_secone_mp5,ui_inv_accuracy:6:pct|st_prop_weight:0.1:kg
wpn_sr2_veresk_sr2_upkit,up_sect_seconf_mp5,st_prop_weight:0.1:kg|st_prop_recoil:8.44:pct
wpn_sr2_veresk_sr2_upkit,up_sect_thirda_mp5,st_prop_weight:0.1:kg|st_prop_recoil:8.44:pct
wpn_sr2_veresk_sr2_upkit,up_sect_thirdc_mp5,ui_inv_handling:1.67:pct|st_prop_weight:-0.15:kg
wpn_sr2_veresk_sr2_upkit,up_sect_thirdd_mp5,st_prop_reliability:1.4:pct|st_prop_weight:0.15:kg
wpn_sr2_veresk_sr2_upkit,up_sect_thirde_mp5,st_prop_weight:0.1:kg|ui_inv_rate_of_fire:80:rpm
wpn_sr2_veresk_sr2_upkit,up_sect_fourta_mp5,st_prop_reliability:0.9:pct|st_prop_weight:0.1:kg
wpn_sr2_veresk_sr2_upkit,up_sect_fourtc_mp5,st_prop_weight:0.1:kg|ui_inv_rate_of_fire:40:rpm
wpn_sr2_veresk_sr2_upkit,up_sect_fourte_mp5,ui_inv_handling:2.38:pct|st_prop_weight:-0.05:kg
wpn_sr2_veresk_sr2_upkit,up_sect_fourtf_mp5,app_upgrade_bullet_speed:80:speed|ui_inv_accuracy:1.6:pct|st_prop_weight:0.1:kg
wpn_steyr_scout,up_sect_firsta_sv98,ui_inv_handling:4.76:pct|st_prop_weight:-0.21:kg
wpn_steyr_scout,up_sect_firstc_sv98,ui_inv_accuracy:1:pct|st_prop_weight:0.15:kg
wpn_steyr_scout,up_sect_firstd_sv98,ui_inv_handling:9.52:pct|st_prop_weight:-0.23:kg
wpn_steyr_scout,up_sect_firste_sv98,app_upgrade_bullet_speed:200:speed|ui_inv_accuracy:0.33:pct|st_prop_weight:0.16:kg
wpn_steyr_scout,up_sect_firstf_sv98,st_prop_weight:0.17:kg|ui_inv_rate_of_fire:35:rpm
wpn_steyr_scout,up_sect_secona_sv98,st_prop_reliability:9:pct
wpn_steyr_scout,up_sect_seconc_sv98,st_prop_weight:0.22:kg|st_prop_recoil:8.95:pct
wpn_steyr_scout,up_sect_second_sv98,ui_inv_accuracy:1:pct|st_prop_weight:0.16:kg
wpn_steyr_scout,up_sect_thirda_sv98,st_prop_weight:0.18:kg|st_prop_recoil:8.95:pct
wpn_steyr_scout,up_sect_thirdc_sv98,ui_inv_handling:9.52:pct|st_prop_weight:-0.2:kg
wpn_steyr_scout,up_sect_thirde_sv98,st_prop_weight:0.16:kg|st_prop_recoil:8.95:pct
wpn_steyr_scout_big,up_sect_firsta_sv98,ui_inv_handling:4.76:pct|st_prop_weight:-0.21:kg
wpn_steyr_scout_big,up_sect_firstc_sv98,ui_inv_accuracy:1:pct|st_prop_weight:0.15:kg
wpn_steyr_scout_big,up_sect_firstd_sv98,ui_inv_handling:9.52:pct|st_prop_weight:-0.23:kg
wpn_steyr_scout_big,up_sect_firste_sv98,app_upgrade_bullet_speed:200:speed|ui_inv_accuracy:0.33:pct|st_prop_weight:0.16:kg
wpn_steyr_scout_big,up_sect_firstf_sv98,st_prop_weight:0.17:kg|ui_inv_rate_of_fire:35:rpm
wpn_steyr_scout_big,up_sect_secona_sv98,st_prop_reliability:9:pct
wpn_steyr_scout_big,up_sect_seconc_sv98,st_prop_weight:0.22:kg|st_prop_recoil:1.45:pct
wpn_steyr_scout_big,up_sect_second_sv98,ui_inv_accuracy:1:pct|st_prop_weight:0.16:kg
wpn_steyr_scout_big,up_sect_thirda_sv98,st_prop_weight:0.18:kg|st_prop_recoil:1.45:pct
wpn_steyr_scout_big,up_sect_thirdc_sv98,ui_inv_handling:9.52:pct|st_prop_weight:-0.2:kg
wpn_steyr_scout_big,up_sect_thirde_sv98,st_prop_weight:0.16:kg|st_prop_recoil:1.45:pct
wpn_sv98,up_sect_firsta_sv98,ui_inv_handling:4.76:pct|st_prop_weight:-0.21:kg
wpn_sv98,up_sect_firstc_sv98,ui_inv_accuracy:1:pct|st_prop_weight:0.15:kg
wpn_sv98,up_sect_firstd_sv98,ui_inv_handling:9.52:pct|st_prop_weight:-0.23:kg
wpn_sv98,up_sect_firste_sv98,app_upgrade_bullet_speed:200:speed|ui_inv_accuracy:0.33:pct|st_prop_weight:0.16:kg
wpn_sv98,up_sect_firstf_sv98,st_prop_weight:0.17:kg|ui_inv_rate_of_fire:35:rpm
wpn_sv98,up_sect_secona_sv98,st_prop_reliability:9:pct
wpn_sv98,up_sect_seconc_sv98,st_prop_weight:0.22:kg|st_prop_recoil:3.03:pct
wpn_sv98,up_sect_second_sv98,ui_inv_accuracy:1:pct|st_prop_weight:0.16:kg
wpn_sv98,up_sect_thirda_sv98,st_prop_weight:0.18:kg|st_prop_recoil:3.03:pct
wpn_sv98,up_sect_thirdc_sv98,ui_inv_handling:9.52:pct|st_prop_weight:-0.2:kg
wpn_sv98,up_sect_thirde_sv98,st_prop_weight:0.16:kg|st_prop_recoil:3.03:pct
wpn_sv98,up_sect_fourta_ak74,st_prop_weight:-0.84:kg
wpn_sv98,up_sect_fourte_sv98,app_upgrade_bullet_speed:40:speed|ui_inv_accuracy:0.67:pct|st_prop_weight:0.1:kg
wpn_sv98,up_sect_fourte_ak74,ui_inv_handling:4.76:pct|st_prop_weight:-0.2:kg
wpn_sv98,up_sect_fourtc_sv98,st_prop_weight:0.27:kg
wpn_sv98,up_sect_fourtd_sv98,st_prop_weight:0.05:kg
wpn_sv98_custom,up_sect_firsta_sv98,ui_inv_handling:4.76:pct|st_prop_weight:-0.21:kg
wpn_sv98_custom,up_sect_firstc_sv98,ui_inv_accuracy:1:pct|st_prop_weight:0.15:kg
wpn_sv98_custom,up_sect_firstd_sv98,ui_inv_handling:9.52:pct|st_prop_weight:-0.23:kg
wpn_sv98_custom,up_sect_firste_sv98,app_upgrade_bullet_speed:200:speed|ui_inv_accuracy:0.33:pct|st_prop_weight:0.16:kg
wpn_sv98_custom,up_sect_firstf_sv98,st_prop_weight:0.17:kg|ui_inv_rate_of_fire:35:rpm
wpn_sv98_custom,up_sect_secona_sv98,st_prop_reliability:9:pct
wpn_sv98_custom,up_sect_seconc_sv98,st_prop_weight:0.22:kg|st_prop_recoil:3.03:pct
wpn_sv98_custom,up_sect_second_sv98,ui_inv_accuracy:1:pct|st_prop_weight:0.16:kg
wpn_sv98_custom,up_sect_thirda_sv98,st_prop_weight:0.18:kg|st_prop_recoil:3.03:pct
wpn_sv98_custom,up_sect_thirdc_sv98,ui_inv_handling:9.52:pct|st_prop_weight:-0.2:kg
wpn_sv98_custom,up_sect_thirde_sv98,st_prop_weight:0.16:kg|st_prop_recoil:3.03:pct
wpn_sv98_custom,up_sect_fourta_ak74,st_prop_weight:-0.84:kg
wpn_sv98_custom,up_sect_fourte_sv98,app_upgrade_bullet_speed:40:speed|ui_inv_accuracy:0.67:pct|st_prop_weight:0.1:kg
wpn_sv98_custom,up_sect_fourte_ak74,ui_inv_handling:4.76:pct|st_prop_weight:-0.2:kg
wpn_sv98_custom,up_sect_fourtc_sv98,st_prop_weight:0.27:kg
wpn_sv98_custom,up_sect_fourtd_sv98,st_prop_weight:0.05:kg
wpn_svd,up_sect_firsta_svd,ui_inv_handling:4.76:pct|st_prop_weight:-0.24:kg
wpn_svd,up_sect_firstc_svd,ui_inv_accuracy:1.33:pct|st_prop_weight:0.15:kg
wpn_svd,up_sect_firstd_svd,ui_inv_handling:4.76:pct|st_prop_weight:-0.23:kg
wpn_svd,up_sect_firste_svd,app_upgrade_bullet_speed:200:speed|ui_inv_accuracy:1.07:pct|st_prop_weight:0.16:kg
wpn_svd,up_sect_firstf_svd,st_prop_weight:0.12:kg|ui_inv_rate_of_fire:35:rpm
wpn_svd,up_sect_secona_svd,st_prop_reliability:7:pct
wpn_svd,up_sect_seconc_svd,st_prop_weight:0.22:kg|st_prop_recoil:2.87:pct
wpn_svd,up_sect_second_svd,ui_inv_accuracy:1.33:pct|st_prop_weight:0.16:kg
wpn_svd,up_sect_thirda_svd,st_prop_weight:0.18:kg|st_prop_recoil:2.87:pct
wpn_svd,up_sect_thirdc_svd,ui_inv_handling:7.14:pct|st_prop_weight:-0.24:kg
wpn_svd,up_sect_thirde_svd,st_prop_weight:0.16:kg|st_prop_recoil:2.87:pct
wpn_svd,up_sect_fourtc_svd,ui_inv_handling:11.9:pct|st_prop_weight:-0.22:kg
wpn_svd,up_sect_fourte_svd,ui_inv_rate_of_fire:15:rpm
wpn_svd,up_sect_fourtf_svd,app_upgrade_bullet_speed:40:speed|ui_inv_accuracy:0.67:pct|st_prop_weight:0.1:kg
wpn_svd_m1,up_sect_firsta_svd,ui_inv_handling:4.76:pct|st_prop_weight:-0.24:kg
wpn_svd_m1,up_sect_firstc_svd,ui_inv_accuracy:1.33:pct|st_prop_weight:0.15:kg
wpn_svd_m1,up_sect_firstd_svd,ui_inv_handling:4.76:pct|st_prop_weight:-0.23:kg
wpn_svd_m1,up_sect_firste_svd,app_upgrade_bullet_speed:200:speed|ui_inv_accuracy:1.07:pct|st_prop_weight:0.16:kg
wpn_svd_m1,up_sect_firstf_svd,st_prop_weight:0.12:kg|ui_inv_rate_of_fire:35:rpm
wpn_svd_m1,up_sect_secona_svd,st_prop_reliability:7:pct
wpn_svd_m1,up_sect_seconc_svd,st_prop_weight:0.22:kg|st_prop_recoil:2.87:pct
wpn_svd_m1,up_sect_second_svd,ui_inv_accuracy:1.33:pct|st_prop_weight:0.16:kg
wpn_svd_m1,up_sect_thirda_svd,st_prop_weight:0.18:kg|st_prop_recoil:2.87:pct
wpn_svd_m1,up_sect_thirdc_svd,ui_inv_handling:7.14:pct|st_prop_weight:-0.24:kg
wpn_svd_m1,up_sect_thirde_svd,st_prop_weight:0.16:kg|st_prop_recoil:2.87:pct
wpn_svd_m1,up_sect_fourtc_svd,ui_inv_handling:11.9:pct|st_prop_weight:-0.22:kg
wpn_svd_m1,up_sect_fourte_svd,ui_inv_rate_of_fire:15:rpm
wpn_svd_m1,up_sect_fourtf_svd,app_upgrade_bullet_speed:40:speed|ui_inv_accuracy:0.67:pct|st_prop_weight:0.1:kg
wpn_svd_nimble,up_sect_firsta_svd,ui_inv_handling:4.76:pct|st_prop_weight:-0.24:kg
wpn_svd_nimble,up_sect_firstc_svd,ui_inv_accuracy:1.33:pct|st_prop_weight:0.15:kg
wpn_svd_nimble,up_sect_firstd_svd,ui_inv_handling:4.76:pct|st_prop_weight:-0.23:kg
wpn_svd_nimble,up_sect_firste_svd,app_upgrade_bullet_speed:200:speed|ui_inv_accuracy:1.07:pct|st_prop_weight:0.16:kg
wpn_svd_nimble,up_sect_firstf_svd,st_prop_weight:0.12:kg|ui_inv_rate_of_fire:35:rpm
wpn_svd_nimble,up_sect_secona_svd,st_prop_reliability:7:pct
wpn_svd_nimble,up_sect_seconc_svd,st_prop_weight:0.22:kg|st_prop_recoil:2.87:pct
wpn_svd_nimble,up_sect_second_svd,ui_inv_accuracy:1.33:pct|st_prop_weight:0.16:kg
wpn_svd_nimble,up_sect_thirda_svd,st_prop_weight:0.18:kg|st_prop_recoil:2.87:pct
wpn_svd_nimble,up_sect_thirdc_svd,ui_inv_handling:7.14:pct|st_prop_weight:-0.24:kg
wpn_svd_nimble,up_sect_thirde_svd,st_prop_weight:0.16:kg|st_prop_recoil:2.87:pct
wpn_svd_nimble,up_sect_fourtc_svd,ui_inv_handling:11.9:pct|st_prop_weight:-0.22:kg
wpn_svd_nimble,up_sect_fourte_svd,ui_inv_rate_of_fire:15:rpm
wpn_svd_nimble,up_sect_fourtf_svd,app_upgrade_bullet_speed:40:speed|ui_inv_accuracy:0.67:pct|st_prop_weight:0.1:kg
wpn_svds,up_sect_firsta_m4,st_prop_reliability:1:pct|st_prop_weight:0.1:kg
wpn_svds,up_sect_firstc_m4,app_upgrade_bullet_speed:83:speed|ui_inv_accuracy:0.67:pct|st_prop_weight:0.1:kg
wpn_svds,up_sect_firstd_m4,st_prop_weight:0.15:kg|ui_inv_rate_of_fire:45:rpm
wpn_svds,up_sect_firste_m4,st_prop_reliability:3:pct|st_prop_weight:0.25:kg
wpn_svds,up_sect_secona_m4,st_prop_weight:0.15:kg|st_prop_recoil:2.5:pct
wpn_svds,up_sect_seconc_m4,st_prop_reliability:1.5:pct|st_prop_weight:0.15:kg
wpn_svds,up_sect_secone_m4,st_prop_weight:0.1:kg|st_prop_recoil:2.5:pct
wpn_svds,up_sect_seconf_m4,ui_inv_accuracy:2:pct|st_prop_weight:0.1:kg
wpn_svds,up_sect_thirda_m4,ui_inv_handling:1.19:pct|st_prop_weight:0.05:kg
wpn_svds,up_sect_thirdc_m4,ui_inv_accuracy:2:pct|st_prop_weight:0.1:kg
wpn_svds,up_sect_thirdd_m4,st_prop_weight:0.15:kg|ui_inv_rate_of_fire:95:rpm
wpn_svds,up_sect_thirde_m4,st_prop_weight:0.1:kg|ui_inv_rate_of_fire:45:rpm
wpn_svds,up_sect_fourta_m4,ui_inv_handling:1.19:pct|st_prop_weight:-0.6:kg
wpn_svds,up_sect_fourtc_m4,ui_inv_handling:2.38:pct|st_prop_weight:0.1:kg
wpn_svds,up_sect_fourte_m4,ui_inv_handling:3.57:pct|st_prop_weight:0.2:kg
wpn_svds,up_sect_fourtf_m4,app_upgrade_bullet_speed:83:speed|ui_inv_accuracy:0.67:pct|st_prop_weight:0.2:kg
wpn_svds,up_sect_fiftha_m4,st_prop_weight:0.1:kg|ui_inv_rate_of_fire:35:rpm
wpn_svds_pmc,up_sect_firsta_m4,st_prop_reliability:1:pct|st_prop_weight:0.1:kg
wpn_svds_pmc,up_sect_firstc_m4,app_upgrade_bullet_speed:83:speed|ui_inv_accuracy:0.67:pct|st_prop_weight:0.1:kg
wpn_svds_pmc,up_sect_firstd_m4,st_prop_weight:0.15:kg|ui_inv_rate_of_fire:45:rpm
wpn_svds_pmc,up_sect_firste_m4,st_prop_reliability:3:pct|st_prop_weight:0.25:kg
wpn_svds_pmc,up_sect_secona_m4,st_prop_weight:0.15:kg|st_prop_recoil:2.24:pct
wpn_svds_pmc,up_sect_seconc_m4,st_prop_reliability:1.5:pct|st_prop_weight:0.15:kg
wpn_svds_pmc,up_sect_secone_m4,st_prop_weight:0.1:kg|st_prop_recoil:2.24:pct
wpn_svds_pmc,up_sect_seconf_m4,ui_inv_accuracy:2:pct|st_prop_weight:0.1:kg
wpn_svds_pmc,up_sect_thirda_m4,ui_inv_handling:1.19:pct|st_prop_weight:0.05:kg
wpn_svds_pmc,up_sect_thirdc_m4,ui_inv_accuracy:2:pct|st_prop_weight:0.1:kg
wpn_svds_pmc,up_sect_thirdd_m4,st_prop_weight:0.15:kg|ui_inv_rate_of_fire:95:rpm
wpn_svds_pmc,up_sect_thirde_m4,st_prop_weight:0.1:kg|ui_inv_rate_of_fire:45:rpm
wpn_svds_pmc,up_sect_fourta_m4,ui_inv_handling:1.19:pct|st_prop_weight:-0.6:kg
wpn_svds_pmc,up_sect_fourtc_m4,ui_inv_handling:2.38:pct|st_prop_weight:0.1:kg
wpn_svds_pmc,up_sect_fourte_m4,ui_inv_handling:3.57:pct|st_prop_weight:0.2:kg
wpn_svds_pmc,up_sect_fourtf_m4,app_upgrade_bullet_speed:83:speed|ui_inv_accuracy:0.67:pct|st_prop_weight:0.2:kg
wpn_svds_pmc,up_sect_fiftha_m4,st_prop_weight:0.1:kg|ui_inv_rate_of_fire:35:rpm
wpn_svt40,up_sect_firsta_svt40,ui_inv_handling:7.62:pct|st_prop_weight:-0.15:kg
wpn_svt40,up_sect_firstc_svt40,app_upgrade_bullet_speed:25:speed|st_prop_weight:0.05:kg
wpn_svt40,up_sect_firstd_svt40,st_prop_weight:0.18:kg|st_prop_recoil:1.77:pct
wpn_svt40,up_sect_secona_svt40,ui_inv_rate_of_fire:15:rpm
wpn_svt40,up_sect_secona_svt40,ui_inv_rate_of_fire:15:rpm
wpn_svt40,up_sect_seconc_svt40,ui_inv_handling:1.19:pct|st_prop_weight:0.05:kg
wpn_svt40,up_sect_second_svt40,st_prop_weight:0.05:kg|st_prop_recoil:1.55:pct
wpn_svt40,up_sect_thirda_svt40,st_prop_reliability:3:pct|st_prop_weight:0.1:kg
wpn_svt40,up_sect_thirdc_svt40,ui_inv_handling:2.38:pct|st_prop_weight:-0.23:kg
wpn_svt40,up_sect_thirde_svt40,app_upgrade_bullet_speed:45:speed|ui_inv_accuracy:0.67:pct|st_prop_weight:0.1:kg
wpn_svt40,up_sect_thirdf_svt40,st_prop_reliability:3:pct|st_prop_weight:0.1:kg
wpn_svu,up_sect_firsta_svu,ui_inv_accuracy:1:pct|st_prop_weight:0.13:kg
wpn_svu,up_sect_firstc_svu,st_prop_reliability:6:pct|st_prop_weight:0.14:kg
wpn_svu,up_sect_firste_svu,app_upgrade_bullet_speed:200:speed|ui_inv_accuracy:0.67:pct|st_prop_weight:0.11:kg
wpn_svu,up_sect_firstf_svu,ui_inv_accuracy:2:pct|st_prop_weight:0.14:kg
wpn_svu,up_sect_secona_svu,st_prop_reliability:3:pct|st_prop_weight:0.1:kg
wpn_svu,up_sect_seconc_svu,st_prop_weight:0.2:kg|st_prop_recoil:0.12:pct
wpn_svu,up_sect_second_svu,st_prop_reliability:4:pct|st_prop_weight:0.2:kg
wpn_svu,up_sect_secone_svu,ui_inv_handling:2.38:pct|st_prop_weight:-0.55:kg
wpn_svu,up_sect_seconf_svu,ui_inv_rate_of_fire:25:rpm
wpn_svu,up_sect_thirda_svu,st_prop_weight:0.18:kg|st_prop_recoil:0.12:pct
wpn_svu,up_sect_thirdc_svu,ui_inv_handling:20.24:pct|st_prop_weight:-0.22:kg
wpn_svu,up_sect_fourta_svu,st_prop_weight:0.1:kg|st_prop_recoil:0.05:pct
wpn_svu,up_sect_firstf_l85,app_upgrade_bullet_speed:95:speed|ui_inv_accuracy:0.67:pct|st_prop_weight:0.1:kg
wpn_svu,up_sect_fourte_svu,ui_inv_accuracy:1:pct|st_prop_weight:0.1:kg
wpn_svu,up_sect_fourtf_svu,st_prop_weight:0.1:kg|ui_inv_rate_of_fire:25:rpm
wpn_svu,up_sect_fiftha_svu,ui_inv_handling:4.76:pct|st_prop_weight:-0.12:kg
wpn_svu_alt,up_sect_firsta_svu,ui_inv_accuracy:1:pct|st_prop_weight:0.13:kg
wpn_svu_alt,up_sect_firstc_svu,st_prop_reliability:6:pct|st_prop_weight:0.14:kg
wpn_svu_alt,up_sect_firste_svu,app_upgrade_bullet_speed:200:speed|ui_inv_accuracy:0.67:pct|st_prop_weight:0.11:kg
wpn_svu_alt,up_sect_firstf_svu,ui_inv_accuracy:2:pct|st_prop_weight:0.14:kg
wpn_svu_alt,up_sect_secona_svu,st_prop_reliability:3:pct|st_prop_weight:0.1:kg
wpn_svu_alt,up_sect_seconc_svu,st_prop_weight:0.2:kg|st_prop_recoil:0.12:pct
wpn_svu_alt,up_sect_second_svu,st_prop_reliability:4:pct|st_prop_weight:0.2:kg
wpn_svu_alt,up_sect_secone_svu,ui_inv_handling:2.38:pct|st_prop_weight:-0.55:kg
wpn_svu_alt,up_sect_seconf_svu,ui_inv_rate_of_fire:25:rpm
wpn_svu_alt,up_sect_thirda_svu,st_prop_weight:0.18:kg|st_prop_recoil:0.12:pct
wpn_svu_alt,up_sect_thirdc_svu,ui_inv_handling:20.24:pct|st_prop_weight:-0.22:kg
wpn_svu_alt,up_sect_fourta_svu,st_prop_weight:0.1:kg|st_prop_recoil:0.05:pct
wpn_svu_alt,up_sect_firstf_l85,app_upgrade_bullet_speed:95:speed|ui_inv_accuracy:0.67:pct|st_prop_weight:0.1:kg
wpn_svu_alt,up_sect_fourte_svu,ui_inv_accuracy:1:pct|st_prop_weight:0.1:kg
wpn_svu_alt,up_sect_fourtf_svu,st_prop_weight:0.1:kg|ui_inv_rate_of_fire:25:rpm
wpn_svu_alt,up_sect_fiftha_svu,ui_inv_handling:4.76:pct|st_prop_weight:-0.12:kg
wpn_svu_nimble,up_sect_firsta_svu,ui_inv_accuracy:1:pct|st_prop_weight:0.13:kg
wpn_svu_nimble,up_sect_firstc_svu,st_prop_reliability:6:pct|st_prop_weight:0.14:kg
wpn_svu_nimble,up_sect_firste_svu,app_upgrade_bullet_speed:200:speed|ui_inv_accuracy:0.67:pct|st_prop_weight:0.11:kg
wpn_svu_nimble,up_sect_firstf_svu,ui_inv_accuracy:2:pct|st_prop_weight:0.14:kg
wpn_svu_nimble,up_sect_secona_svu,st_prop_reliability:3:pct|st_prop_weight:0.1:kg
wpn_svu_nimble,up_sect_seconc_svu,st_prop_weight:0.2:kg|st_prop_recoil:0.18:pct
wpn_svu_nimble,up_sect_second_svu,st_prop_reliability:4:pct|st_prop_weight:0.2:kg
wpn_svu_nimble,up_sect_secone_svu,ui_inv_handling:2.38:pct|st_prop_weight:-0.55:kg
wpn_svu_nimble,up_sect_seconf_svu,ui_inv_rate_of_fire:25:rpm
wpn_svu_nimble,up_sect_thirda_svu,st_prop_weight:0.18:kg|st_prop_recoil:0.18:pct
wpn_svu_nimble,up_sect_thirdc_svu,ui_inv_handling:20.24:pct|st_prop_weight:-0.22:kg
wpn_svu_nimble,up_sect_fourta_svu,st_prop_weight:0.1:kg|st_prop_recoil:0.07:pct
wpn_svu_nimble,up_sect_firstf_l85,app_upgrade_bullet_speed:95:speed|ui_inv_accuracy:0.67:pct|st_prop_weight:0.1:kg
wpn_svu_nimble,up_sect_fourte_svu,ui_inv_accuracy:1:pct|st_prop_weight:0.1:kg
wpn_svu_nimble,up_sect_fourtf_svu,st_prop_weight:0.1:kg|ui_inv_rate_of_fire:25:rpm
wpn_svu_nimble,up_sect_fiftha_svu,ui_inv_handling:4.76:pct|st_prop_weight:-0.12:kg
wpn_thompson_1921,up_sect_firsta_1921,st_prop_weight:0.08:kg|ui_inv_rate_of_fire:25:rpm
wpn_thompson_1921,up_sect_firstc_1921,st_prop_reliability:2:pct|st_prop_weight:0.03:kg
wpn_thompson_1921,up_sect_firstd_1921,st_prop_weight:0.03:kg|st_prop_recoil:10.34:pct
wpn_thompson_1921,up_sect_firste_1921,st_prop_reliability:3:pct|st_prop_weight:0.03:kg
wpn_thompson_1921,up_sect_secona_1921,st_prop_weight:-0.35:kg
wpn_thompson_1921,up_sect_seconc_1921,app_upgrade_bullet_speed:70:speed|ui_inv_accuracy:2.33:pct|st_prop_weight:0.08:kg
wpn_thompson_1921,up_sect_second_1921,st_prop_reliability:2:pct|st_prop_weight:0.08:kg
wpn_thompson_1921,up_sect_secone_1921,st_prop_weight:0.03:kg|ui_inv_rate_of_fire:40:rpm
wpn_thompson_1921,up_sect_thirda_1921,st_prop_reliability:0.4:pct|st_prop_weight:0.03:kg
wpn_thompson_1921,up_sect_thirdc_1921,st_prop_weight:-0.15:kg
wpn_thompson_1921,up_sect_thirdd_1921,st_prop_reliability:1:pct|st_prop_weight:0.03:kg
wpn_thompson_m1a1,up_sect_firsta_m1a1,st_prop_weight:0.08:kg|ui_inv_rate_of_fire:38:rpm
wpn_thompson_m1a1,up_sect_firstc_m1a1,st_prop_reliability:2:pct|st_prop_weight:0.03:kg
wpn_thompson_m1a1,up_sect_firstd_m1a1,st_prop_weight:0.03:kg|st_prop_recoil:4.07:pct
wpn_thompson_m1a1,up_sect_firste_m1a1,st_prop_weight:0.08:kg|st_prop_recoil:20.66:pct
wpn_thompson_m1a1,up_sect_secona_m1a1,st_prop_weight:-0.35:kg
wpn_thompson_m1a1,up_sect_seconc_m1a1,app_upgrade_bullet_speed:70:speed|ui_inv_accuracy:2.33:pct|st_prop_weight:0.08:kg
wpn_thompson_m1a1,up_sect_second_m1a1,st_prop_reliability:2:pct|st_prop_weight:0.08:kg
wpn_thompson_m1a1,up_sect_secone_m1a1,st_prop_weight:0.03:kg|ui_inv_rate_of_fire:30:rpm
wpn_thompson_m1a1,up_sect_thirda_m1a1,st_prop_reliability:0.4:pct|st_prop_weight:0.03:kg
wpn_thompson_m1a1,up_sect_thirdc_m1a1,st_prop_weight:-0.15:kg
wpn_thompson_m1a1,up_sect_thirdd_m1a1,st_prop_weight:0.03:kg|st_prop_recoil:8.76:pct
wpn_toz106,up_sect_firsta_toz34,st_prop_reliability:3:pct|st_prop_weight:0.2:kg
wpn_toz106,up_sect_firstc_toz34,app_upgrade_bullet_speed:20:speed|st_prop_weight:0.05:kg
wpn_toz106,up_sect_firstd_toz34,st_prop_weight:0.11:kg|st_prop_recoil:1.46:pct
wpn_toz106,up_sect_firste_toz34,ui_inv_handling:2.38:pct|st_prop_weight:0.1:kg
wpn_toz106,up_sect_firstf_toz34,ui_inv_accuracy:12.67:pct|st_prop_weight:0.1:kg
wpn_toz106,up_sect_secona_toz34,st_prop_weight:-0.56:kg
wpn_toz106,up_sect_seconc_toz34,ui_inv_handling:1.19:pct|st_prop_weight:0.05:kg
wpn_toz106,up_sect_second_toz34,st_prop_weight:0.1:kg|st_prop_recoil:1.46:pct
wpn_toz106,up_sect_thirda_toz34,st_prop_reliability:3:pct|st_prop_weight:0.15:kg
wpn_toz106,up_sect_thirdc_toz34,st_prop_weight:0.2:kg|st_prop_recoil:1.46:pct
wpn_toz106,up_sect_thirde_toz34,st_prop_reliability:6:pct
wpn_toz106,up_sect_thirdf_toz34,app_upgrade_bullet_speed:30:speed|ui_inv_accuracy:0.67:pct|st_prop_weight:0.1:kg
wpn_toz106_m1,up_sect_firsta_toz34,st_prop_reliability:3:pct|st_prop_weight:0.2:kg
wpn_toz106_m1,up_sect_firstc_toz34,app_upgrade_bullet_speed:20:speed|st_prop_weight:0.05:kg
wpn_toz106_m1,up_sect_firstd_toz34,st_prop_weight:0.11:kg|st_prop_recoil:1.46:pct
wpn_toz106_m1,up_sect_firste_toz34,ui_inv_handling:2.38:pct|st_prop_weight:0.1:kg
wpn_toz106_m1,up_sect_firstf_toz34,ui_inv_accuracy:12.67:pct|st_prop_weight:0.1:kg
wpn_toz106_m1,up_sect_secona_toz34,st_prop_weight:-0.56:kg
wpn_toz106_m1,up_sect_seconc_toz34,ui_inv_handling:1.19:pct|st_prop_weight:0.05:kg
wpn_toz106_m1,up_sect_second_toz34,st_prop_weight:0.1:kg|st_prop_recoil:1.46:pct
wpn_toz106_m1,up_sect_thirda_toz34,st_prop_reliability:3:pct|st_prop_weight:0.15:kg
wpn_toz106_m1,up_sect_thirdc_toz34,st_prop_weight:0.2:kg|st_prop_recoil:1.46:pct
wpn_toz106_m1,up_sect_thirde_toz34,st_prop_reliability:6:pct
wpn_toz106_m1,up_sect_thirdf_toz34,app_upgrade_bullet_speed:30:speed|ui_inv_accuracy:0.67:pct|st_prop_weight:0.1:kg
wpn_toz34,up_sect_firsta_toz34,st_prop_reliability:3:pct|st_prop_weight:0.2:kg
wpn_toz34,up_sect_firstc_toz34,app_upgrade_bullet_speed:20:speed|st_prop_weight:0.05:kg
wpn_toz34,up_sect_firstd_toz34,st_prop_weight:0.11:kg|st_prop_recoil:0.07:pct
wpn_toz34,up_sect_firste_toz34,ui_inv_handling:2.38:pct|st_prop_weight:0.1:kg
wpn_toz34,up_sect_firstf_toz34,ui_inv_accuracy:12.67:pct|st_prop_weight:0.1:kg
wpn_toz34,up_sect_secona_toz34,st_prop_weight:-0.56:kg
wpn_toz34,up_sect_seconc_toz34,ui_inv_handling:1.19:pct|st_prop_weight:0.05:kg
wpn_toz34,up_sect_second_toz34,st_prop_weight:0.1:kg|st_prop_recoil:0.07:pct
wpn_toz34,up_sect_thirda_toz34,st_prop_reliability:3:pct|st_prop_weight:0.15:kg
wpn_toz34,up_sect_thirdc_toz34,st_prop_weight:0.2:kg|st_prop_recoil:0.07:pct
wpn_toz34,up_sect_thirde_toz34,st_prop_reliability:6:pct
wpn_toz34,up_sect_thirdf_toz34,app_upgrade_bullet_speed:30:speed|ui_inv_accuracy:0.67:pct|st_prop_weight:0.1:kg
wpn_toz34_custom,up_sect_firsta_toz34,st_prop_reliability:3:pct|st_prop_weight:0.2:kg
wpn_toz34_custom,up_sect_firstc_toz34,app_upgrade_bullet_speed:20:speed|st_prop_weight:0.05:kg
wpn_toz34_custom,up_sect_firstd_toz34,st_prop_weight:0.11:kg|st_prop_recoil:0.07:pct
wpn_toz34_custom,up_sect_firste_toz34,ui_inv_handling:2.38:pct|st_prop_weight:0.1:kg
wpn_toz34_custom,up_sect_firstf_toz34,ui_inv_accuracy:12.67:pct|st_prop_weight:0.1:kg
wpn_toz34_custom,up_sect_secona_toz34,st_prop_weight:-0.56:kg
wpn_toz34_custom,up_sect_seconc_toz34,ui_inv_handling:1.19:pct|st_prop_weight:0.05:kg
wpn_toz34_custom,up_sect_second_toz34,st_prop_weight:0.1:kg|st_prop_recoil:0.07:pct
wpn_toz34_custom,up_sect_thirda_toz34,st_prop_reliability:3:pct|st_prop_weight:0.15:kg
wpn_toz34_custom,up_sect_thirdc_toz34,st_prop_weight:0.2:kg|st_prop_recoil:0.07:pct
wpn_toz34_custom,up_sect_thirde_toz34,st_prop_reliability:6:pct
wpn_toz34_custom,up_sect_thirdf_toz34,app_upgrade_bullet_speed:30:speed|ui_inv_accuracy:0.67:pct|st_prop_weight:0.1:kg
wpn_toz34_decor,up_sect_firsta_toz34,st_prop_reliability:3:pct|st_prop_weight:0.2:kg
wpn_toz34_decor,up_sect_firstc_toz34,app_upgrade_bullet_speed:20:speed|st_prop_weight:0.05:kg
wpn_toz34_decor,up_sect_firstd_toz34,st_prop_weight:0.11:kg|st_prop_recoil:0.07:pct
wpn_toz34_decor,up_sect_firste_toz34,ui_inv_handling:2.38:pct|st_prop_weight:0.1:kg
wpn_toz34_decor,up_sect_firstf_toz34,ui_inv_accuracy:12.67:pct|st_prop_weight:0.1:kg
wpn_toz34_decor,up_sect_secona_toz34,st_prop_weight:-0.56:kg
wpn_toz34_decor,up_sect_seconc_toz34,ui_inv_handling:1.19:pct|st_prop_weight:0.05:kg
wpn_toz34_decor,up_sect_second_toz34,st_prop_weight:0.1:kg|st_prop_recoil:0.07:pct
wpn_toz34_decor,up_sect_thirda_toz34,st_prop_reliability:3:pct|st_prop_weight:0.15:kg
wpn_toz34_decor,up_sect_thirdc_toz34,st_prop_weight:0.2:kg|st_prop_recoil:0.07:pct
wpn_toz34_decor,up_sect_thirde_toz34,st_prop_reliability:6:pct
wpn_toz34_decor,up_sect_thirdf_toz34,app_upgrade_bullet_speed:30:speed|ui_inv_accuracy:0.67:pct|st_prop_weight:0.1:kg
wpn_toz34_mark4,up_sect_firsta_toz34,st_prop_reliability:3:pct|st_prop_weight:0.2:kg
wpn_toz34_mark4,up_sect_firstc_toz34,app_upgrade_bullet_speed:20:speed|st_prop_weight:0.05:kg
wpn_toz34_mark4,up_sect_firstd_toz34,st_prop_weight:0.11:kg|st_prop_recoil:0.07:pct
wpn_toz34_mark4,up_sect_firste_toz34,ui_inv_handling:2.38:pct|st_prop_weight:0.1:kg
wpn_toz34_mark4,up_sect_firstf_toz34,ui_inv_accuracy:12.67:pct|st_prop_weight:0.1:kg
wpn_toz34_mark4,up_sect_secona_toz34,st_prop_weight:-0.56:kg
wpn_toz34_mark4,up_sect_seconc_toz34,ui_inv_handling:1.19:pct|st_prop_weight:0.05:kg
wpn_toz34_mark4,up_sect_second_toz34,st_prop_weight:0.1:kg|st_prop_recoil:0.07:pct
wpn_toz34_mark4,up_sect_thirda_toz34,st_prop_reliability:3:pct|st_prop_weight:0.15:kg
wpn_toz34_mark4,up_sect_thirdc_toz34,st_prop_weight:0.2:kg|st_prop_recoil:0.07:pct
wpn_toz34_mark4,up_sect_thirde_toz34,st_prop_reliability:6:pct
wpn_toz34_mark4,up_sect_thirdf_toz34,app_upgrade_bullet_speed:30:speed|ui_inv_accuracy:0.67:pct|st_prop_weight:0.1:kg
wpn_toz34_mark4_23,up_sect_firsta_mp133,st_prop_reliability:1.5:pct|st_prop_weight:0.12:kg
wpn_toz34_mark4_23,up_sect_firstc_mp133,app_upgrade_bullet_speed:45:speed|ui_inv_accuracy:2:pct|st_prop_weight:0.15:kg
wpn_toz34_mark4_23,up_sect_firstd_mp133,st_prop_weight:0.15:kg|st_prop_recoil:0.07:pct
wpn_toz34_mark4_23,up_sect_firste_mp133,ui_inv_accuracy:6.67:pct|st_prop_weight:0.1:kg
wpn_toz34_mark4_23,up_sect_secona_mp133,st_prop_weight:-0.5:kg
wpn_toz34_mark4_23,up_sect_seconc_mp133,ui_inv_handling:2.38:pct|st_prop_weight:0.05:kg
wpn_toz34_mark4_23,up_sect_second_mp133,st_prop_reliability:2:pct|st_prop_weight:0.2:kg
wpn_toz34_mark4_23,up_sect_secone_mp133,ui_inv_handling:2.38:pct|st_prop_weight:-0.12:kg
wpn_toz34_mark4_23,up_sect_thirda_mp133,st_prop_reliability:1.5:pct|st_prop_weight:0.2:kg
wpn_toz34_mark4_23,up_sect_thirdc_mp133,ui_inv_accuracy:6.67:pct|st_prop_weight:0.05:kg
wpn_toz34_mark4_23,up_sect_thirdd_mp133,st_prop_weight:0.1:kg|st_prop_recoil:0.07:pct
wpn_toz34_mark4_23,up_sect_thirde_mp133,st_prop_reliability:4:pct|st_prop_weight:0.3:kg
wpn_toz34_mark4_23,up_sect_thirdf_mp133,st_prop_weight:0.05:kg|ui_inv_rate_of_fire:15:rpm
wpn_toz34_mark4_23,up_sect_fourta_mp133,ui_inv_handling:1.19:pct|st_prop_weight:-0.12:kg
wpn_toz34_obrez,up_sect_firsta_toz34_obrez,app_upgrade_bullet_speed:30:speed|ui_inv_accuracy:0.67:pct|st_prop_weight:0.1:kg
wpn_toz34_obrez,up_sect_firstc_toz34_obrez,st_prop_weight:0.11:kg|st_prop_recoil:0.02:pct
wpn_toz34_obrez,up_sect_secona_toz34_obrez,ui_inv_handling:2.38:pct|st_prop_weight:0.1:kg
wpn_toz34_obrez,up_sect_seconc_toz34_obrez,ui_inv_accuracy:6.67:pct|st_prop_weight:0.1:kg
wpn_toz34_obrez,up_sect_second_toz34_obrez,st_prop_reliability:3.5:pct
wpn_toz34_obrez,up_sect_thirda_toz34_obrez,st_prop_reliability:2:pct|st_prop_weight:0.08:kg
wpn_toz34_obrez,up_sect_thirdc_toz34_obrez,st_prop_weight:-0.28:kg
wpn_toz34_obrez_custom,up_sect_firsta_toz34_obrez,app_upgrade_bullet_speed:30:speed|ui_inv_accuracy:0.67:pct|st_prop_weight:0.1:kg
wpn_toz34_obrez_custom,up_sect_firstc_toz34_obrez,st_prop_weight:0.11:kg|st_prop_recoil:0.02:pct
wpn_toz34_obrez_custom,up_sect_secona_toz34_obrez,ui_inv_handling:2.38:pct|st_prop_weight:0.1:kg
wpn_toz34_obrez_custom,up_sect_seconc_toz34_obrez,ui_inv_accuracy:6.67:pct|st_prop_weight:0.1:kg
wpn_toz34_obrez_custom,up_sect_second_toz34_obrez,st_prop_reliability:3.5:pct
wpn_toz34_obrez_custom,up_sect_thirda_toz34_obrez,st_prop_reliability:2:pct|st_prop_weight:0.08:kg
wpn_toz34_obrez_custom,up_sect_thirdc_toz34_obrez,st_prop_weight:-0.28:kg
wpn_toz34_obrez_decor,up_sect_firsta_toz34_obrez,app_upgrade_bullet_speed:30:speed|ui_inv_accuracy:0.67:pct|st_prop_weight:0.1:kg
wpn_toz34_obrez_decor,up_sect_firstc_toz34_obrez,st_prop_weight:0.11:kg|st_prop_recoil:0.02:pct
wpn_toz34_obrez_decor,up_sect_secona_toz34_obrez,ui_inv_handling:2.38:pct|st_prop_weight:0.1:kg
wpn_toz34_obrez_decor,up_sect_seconc_toz34_obrez,ui_inv_accuracy:6.67:pct|st_prop_weight:0.1:kg
wpn_toz34_obrez_decor,up_sect_second_toz34_obrez,st_prop_reliability:3.5:pct
wpn_toz34_obrez_decor,up_sect_thirda_toz34_obrez,st_prop_reliability:2:pct|st_prop_weight:0.08:kg
wpn_toz34_obrez_decor,up_sect_thirdc_toz34_obrez,st_prop_weight:-0.28:kg
wpn_trg,up_sect_firsta_sv98,ui_inv_handling:4.76:pct|st_prop_weight:-0.21:kg
wpn_trg,up_sect_firstc_sv98,ui_inv_accuracy:1:pct|st_prop_weight:0.15:kg
wpn_trg,up_sect_firstd_sv98,ui_inv_handling:9.52:pct|st_prop_weight:-0.23:kg
wpn_trg,up_sect_firste_sv98,app_upgrade_bullet_speed:200:speed|ui_inv_accuracy:0.33:pct|st_prop_weight:0.16:kg
wpn_trg,up_sect_firstf_sv98,st_prop_weight:0.17:kg|ui_inv_rate_of_fire:35:rpm
wpn_trg,up_sect_secona_sv98,st_prop_reliability:9:pct
wpn_trg,up_sect_seconc_sv98,st_prop_weight:0.22:kg|st_prop_recoil:1.51:pct
wpn_trg,up_sect_second_sv98,ui_inv_accuracy:1:pct|st_prop_weight:0.16:kg
wpn_trg,up_sect_thirda_sv98,st_prop_weight:0.18:kg|st_prop_recoil:1.51:pct
wpn_trg,up_sect_thirdc_sv98,ui_inv_handling:9.52:pct|st_prop_weight:-0.2:kg
wpn_trg,up_sect_thirde_sv98,st_prop_weight:0.16:kg|st_prop_recoil:1.51:pct
wpn_tt33,up_sect_firsta_tt33,st_prop_weight:0.03:kg|ui_inv_rate_of_fire:28:rpm
wpn_tt33,up_sect_firstc_tt33,app_upgrade_bullet_speed:62:speed|ui_inv_accuracy:0.67:pct|st_prop_weight:0.05:kg
wpn_tt33,up_sect_firstd_tt33,st_prop_weight:0.06:kg
wpn_tt33,up_sect_firste_tt33,st_prop_weight:0.09:kg|ui_inv_rate_of_fire:40:rpm
wpn_tt33,up_sect_secona_tt33,app_upgrade_bullet_speed:31:speed|st_prop_weight:0.04:kg
wpn_tt33,up_sect_seconc_tt33,st_prop_reliability:2.5:pct|st_prop_weight:0.09:kg
wpn_tt33,up_sect_thirda_tt33,ui_inv_handling:0.95:pct|st_prop_weight:-0.28:kg
wpn_tt33,up_sect_thirdc_tt33,ui_inv_handling:3.57:pct|st_prop_weight:-0.04:kg
wpn_tt33,up_sect_thirdd_tt33,st_prop_weight:0.06:kg
wpn_tt33,up_sect_fourta_tt33,ui_inv_accuracy:4.67:pct|st_prop_weight:0.04:kg
wpn_tt33,up_sect_fourtc_tt33,ui_inv_handling:3.57:pct|st_prop_weight:-0.09:kg
wpn_tt33,up_sect_fiftha_tt33,st_prop_weight:0.03:kg|ui_inv_rate_of_fire:28:rpm
wpn_tt33,up_sect_fifthc_tt33,st_prop_reliability:2:pct|st_prop_weight:0.05:kg
wpn_tt33_modern,up_sect_firsta_tt33,st_prop_weight:0.03:kg|ui_inv_rate_of_fire:28:rpm
wpn_tt33_modern,up_sect_firstc_tt33,app_upgrade_bullet_speed:62:speed|ui_inv_accuracy:0.67:pct|st_prop_weight:0.05:kg
wpn_tt33_modern,up_sect_firstd_tt33,st_prop_weight:0.06:kg
wpn_tt33_modern,up_sect_firste_tt33,st_prop_weight:0.09:kg|ui_inv_rate_of_fire:40:rpm
wpn_tt33_modern,up_sect_secona_tt33,app_upgrade_bullet_speed:31:speed|st_prop_weight:0.04:kg
wpn_tt33_modern,up_sect_seconc_tt33,st_prop_reliability:2.5:pct|st_prop_weight:0.09:kg
wpn_tt33_modern,up_sect_thirda_tt33,ui_inv_handling:0.95:pct|st_prop_weight:-0.28:kg
wpn_tt33_modern,up_sect_thirdc_tt33,ui_inv_handling:3.57:pct|st_prop_weight:-0.04:kg
wpn_tt33_modern,up_sect_thirdd_tt33,st_prop_weight:0.06:kg
wpn_tt33_modern,up_sect_fourta_tt33,ui_inv_accuracy:4.67:pct|st_prop_weight:0.04:kg
wpn_tt33_modern,up_sect_fourtc_tt33,ui_inv_handling:3.57:pct|st_prop_weight:-0.09:kg
wpn_tt33_modern,up_sect_fiftha_tt33,st_prop_weight:0.03:kg|ui_inv_rate_of_fire:28:rpm
wpn_tt33_modern,up_sect_fifthc_tt33,st_prop_reliability:2:pct|st_prop_weight:0.05:kg
wpn_tt33_modern_tt_upgr_kit,up_sect_firsta_tt33,st_prop_weight:0.03:kg|ui_inv_rate_of_fire:28:rpm
wpn_tt33_modern_tt_upgr_kit,up_sect_firstc_tt33,app_upgrade_bullet_speed:62:speed|ui_inv_accuracy:0.67:pct|st_prop_weight:0.05:kg
wpn_tt33_modern_tt_upgr_kit,up_sect_firstd_tt33,st_prop_weight:0.06:kg
wpn_tt33_modern_tt_upgr_kit,up_sect_firste_tt33,st_prop_weight:0.09:kg|ui_inv_rate_of_fire:40:rpm
wpn_tt33_modern_tt_upgr_kit,up_sect_secona_tt33,app_upgrade_bullet_speed:31:speed|st_prop_weight:0.04:kg
wpn_tt33_modern_tt_upgr_kit,up_sect_seconc_tt33,st_prop_reliability:2.5:pct|st_prop_weight:0.09:kg
wpn_tt33_modern_tt_upgr_kit,up_sect_thirda_tt33,ui_inv_handling:0.95:pct|st_prop_weight:-0.28:kg
wpn_tt33_modern_tt_upgr_kit,up_sect_thirdc_tt33,ui_inv_handling:3.57:pct|st_prop_weight:-0.04:kg
wpn_tt33_modern_tt_upgr_kit,up_sect_thirdd_tt33,st_prop_weight:0.06:kg
wpn_tt33_modern_tt_upgr_kit,up_sect_fourta_tt33,ui_inv_accuracy:4.67:pct|st_prop_weight:0.04:kg
wpn_tt33_modern_tt_upgr_kit,up_sect_fourtc_tt33,ui_inv_handling:3.57:pct|st_prop_weight:-0.09:kg
wpn_tt33_modern_tt_upgr_kit,up_sect_fiftha_tt33,st_prop_weight:0.03:kg|ui_inv_rate_of_fire:28:rpm
wpn_tt33_modern_tt_upgr_kit,up_sect_fifthc_tt33,st_prop_reliability:2:pct|st_prop_weight:0.05:kg
wpn_tt33_tt_upgr_kit,up_sect_firsta_tt33,st_prop_weight:0.03:kg|ui_inv_rate_of_fire:28:rpm
wpn_tt33_tt_upgr_kit,up_sect_firstc_tt33,app_upgrade_bullet_speed:62:speed|ui_inv_accuracy:0.67:pct|st_prop_weight:0.05:kg
wpn_tt33_tt_upgr_kit,up_sect_firstd_tt33,st_prop_weight:0.06:kg
wpn_tt33_tt_upgr_kit,up_sect_firste_tt33,st_prop_weight:0.09:kg|ui_inv_rate_of_fire:40:rpm
wpn_tt33_tt_upgr_kit,up_sect_secona_tt33,app_upgrade_bullet_speed:31:speed|st_prop_weight:0.04:kg
wpn_tt33_tt_upgr_kit,up_sect_seconc_tt33,st_prop_reliability:2.5:pct|st_prop_weight:0.09:kg
wpn_tt33_tt_upgr_kit,up_sect_thirda_tt33,ui_inv_handling:0.95:pct|st_prop_weight:-0.28:kg
wpn_tt33_tt_upgr_kit,up_sect_thirdc_tt33,ui_inv_handling:3.57:pct|st_prop_weight:-0.04:kg
wpn_tt33_tt_upgr_kit,up_sect_thirdd_tt33,st_prop_weight:0.06:kg
wpn_tt33_tt_upgr_kit,up_sect_fourta_tt33,ui_inv_accuracy:4.67:pct|st_prop_weight:0.04:kg
wpn_tt33_tt_upgr_kit,up_sect_fourtc_tt33,ui_inv_handling:3.57:pct|st_prop_weight:-0.09:kg
wpn_tt33_tt_upgr_kit,up_sect_fiftha_tt33,st_prop_weight:0.03:kg|ui_inv_rate_of_fire:28:rpm
wpn_tt33_tt_upgr_kit,up_sect_fifthc_tt33,st_prop_reliability:2:pct|st_prop_weight:0.05:kg
wpn_type63,up_sect_firsta_sks,st_prop_reliability:2.5:pct|st_prop_weight:0.2:kg
wpn_type63,up_sect_firstc_sks,app_upgrade_bullet_speed:70:speed|st_prop_weight:0.15:kg
wpn_type63,up_sect_firstd_sks,st_prop_weight:0.11:kg|st_prop_recoil:1.69:pct
wpn_type63,up_sect_firste_sks,ui_inv_handling:2.38:pct|st_prop_weight:0.1:kg
wpn_type63,up_sect_firstf_sks,app_upgrade_bullet_speed:90:speed|st_prop_reliability:-3:pct|st_prop_weight:0.2:kg
wpn_type63,up_sect_secona_sks,st_prop_weight:-0.72:kg
wpn_type63,up_sect_seconc_sks,ui_inv_handling:1.19:pct|st_prop_weight:0.05:kg
wpn_type63,up_sect_second_sks,st_prop_weight:0.1:kg|st_prop_recoil:1.69:pct
wpn_type63,up_sect_thirda_sks,st_prop_reliability:2.5:pct|st_prop_weight:0.15:kg
wpn_type63,up_sect_thirdc_sks,st_prop_weight:0.2:kg|st_prop_recoil:1.69:pct
wpn_type63,up_sect_thirde_sks,st_prop_reliability:5:pct
wpn_type63,up_sect_thirdf_sks,app_upgrade_bullet_speed:100:speed|ui_inv_accuracy:1:pct|st_prop_weight:0.2:kg
wpn_udp9,up_sect_firsta_udp9,st_prop_weight:0.15:kg|st_prop_recoil:12.34:pct
wpn_udp9,up_sect_firstc_udp9,ui_inv_accuracy:3.33:pct|st_prop_weight:0.05:kg
wpn_udp9,up_sect_firstd_udp9,st_prop_weight:0.1:kg|ui_inv_rate_of_fire:40:rpm
wpn_udp9,up_sect_firste_udp9,st_prop_weight:0.1:kg|ui_inv_rate_of_fire:40:rpm
wpn_udp9,up_sect_secona_udp9,st_prop_weight:0.13:kg|ui_inv_rate_of_fire:40:rpm
wpn_udp9,up_sect_seconc_udp9,st_prop_reliability:1.4:pct|st_prop_weight:0.15:kg
wpn_udp9,up_sect_secone_udp9,ui_inv_accuracy:6:pct|st_prop_weight:0.1:kg
wpn_udp9,up_sect_seconf_udp9,st_prop_weight:0.1:kg|st_prop_recoil:12.34:pct
wpn_udp9,up_sect_thirda_udp9,st_prop_weight:0.1:kg|st_prop_recoil:12.34:pct
wpn_udp9,up_sect_thirdc_udp9,ui_inv_handling:1.67:pct|st_prop_weight:-0.15:kg
wpn_udp9,up_sect_thirdd_udp9,st_prop_reliability:1.4:pct|st_prop_weight:0.15:kg
wpn_udp9,up_sect_thirde_udp9,st_prop_weight:0.1:kg|ui_inv_rate_of_fire:80:rpm
wpn_udp9,up_sect_fourta_udp9,st_prop_reliability:0.9:pct|st_prop_weight:0.1:kg
wpn_udp9,up_sect_fourtc_udp9,st_prop_weight:0.1:kg|ui_inv_rate_of_fire:40:rpm
wpn_udp9,up_sect_fourte_udp9,ui_inv_handling:2.38:pct|st_prop_weight:-0.05:kg
wpn_udp9,up_sect_fourtf_udp9,app_upgrade_bullet_speed:80:speed|ui_inv_accuracy:1.6:pct|st_prop_weight:0.1:kg
wpn_udp9,up_sect_fifthc_udp9,app_upgrade_mag_size:-4:num|st_prop_weight:0.06:kg|ui_inv_rate_of_fire:-50:rpm|st_prop_recoil:-34.5:pct
wpn_ump45,up_sect_firsta_ump45,st_prop_weight:0.15:kg|st_prop_recoil:4.95:pct
wpn_ump45,up_sect_firstc_ump45,ui_inv_accuracy:3.33:pct|st_prop_weight:0.05:kg
wpn_ump45,up_sect_firstd_ump45,st_prop_weight:0.1:kg|ui_inv_rate_of_fire:40:rpm
wpn_ump45,up_sect_firste_ump45,st_prop_weight:0.1:kg|ui_inv_rate_of_fire:40:rpm
wpn_ump45,up_sect_secona_ump45,st_prop_weight:0.13:kg|ui_inv_rate_of_fire:40:rpm
wpn_ump45,up_sect_seconc_ump45,st_prop_reliability:1.5:pct|st_prop_weight:0.15:kg
wpn_ump45,up_sect_secone_ump45,ui_inv_accuracy:5:pct|st_prop_weight:0.1:kg
wpn_ump45,up_sect_seconf_ump45,st_prop_weight:0.1:kg|st_prop_recoil:4.95:pct
wpn_ump45,up_sect_thirda_ump45,st_prop_weight:0.1:kg|st_prop_recoil:4.95:pct
wpn_ump45,up_sect_thirdc_ump45,ui_inv_handling:1.67:pct|st_prop_weight:-0.15:kg
wpn_ump45,up_sect_thirdd_ump45,st_prop_reliability:1.5:pct|st_prop_weight:0.15:kg
wpn_ump45,up_sect_thirde_ump45,st_prop_weight:0.1:kg|ui_inv_rate_of_fire:80:rpm
wpn_ump45,up_sect_fourta_ump45,st_prop_reliability:0.5:pct|st_prop_weight:0.1:kg
wpn_ump45,up_sect_fourtc_ump45,st_prop_weight:0.1:kg|ui_inv_rate_of_fire:40:rpm
wpn_ump45,up_sect_fourte_ump45,ui_inv_handling:2.38:pct|st_prop_weight:-0.05:kg
wpn_ump45,up_sect_fourtf_ump45,app_upgrade_bullet_speed:40:speed|ui_inv_accuracy:1.33:pct|st_prop_weight:0.1:kg
wpn_ump45,up_sect_fiftha_ump45,st_prop_weight:0.15:kg|st_prop_recoil:6.9:pct
wpn_ump45,up_sect_fifthc_ump45,ui_inv_handling:2.38:pct|st_prop_weight:-0.1:kg
wpn_ump45_custom,up_sect_firsta_ump45,st_prop_weight:0.15:kg|st_prop_recoil:5.44:pct
wpn_ump45_custom,up_sect_firstc_ump45,ui_inv_accuracy:3.33:pct|st_prop_weight:0.05:kg
wpn_ump45_custom,up_sect_firstd_ump45,st_prop_weight:0.1:kg|ui_inv_rate_of_fire:40:rpm
wpn_ump45_custom,up_sect_firste_ump45,st_prop_weight:0.1:kg|ui_inv_rate_of_fire:40:rpm
wpn_ump45_custom,up_sect_secona_ump45,st_prop_weight:0.13:kg|ui_inv_rate_of_fire:40:rpm
wpn_ump45_custom,up_sect_seconc_ump45,st_prop_reliability:1.5:pct|st_prop_weight:0.15:kg
wpn_ump45_custom,up_sect_secone_ump45,ui_inv_accuracy:5:pct|st_prop_weight:0.1:kg
wpn_ump45_custom,up_sect_seconf_ump45,st_prop_weight:0.1:kg|st_prop_recoil:5.44:pct
wpn_ump45_custom,up_sect_thirda_ump45,st_prop_weight:0.1:kg|st_prop_recoil:5.44:pct
wpn_ump45_custom,up_sect_thirdc_ump45,ui_inv_handling:1.67:pct|st_prop_weight:-0.15:kg
wpn_ump45_custom,up_sect_thirdd_ump45,st_prop_reliability:1.5:pct|st_prop_weight:0.15:kg
wpn_ump45_custom,up_sect_thirde_ump45,st_prop_weight:0.1:kg|ui_inv_rate_of_fire:80:rpm
wpn_ump45_custom,up_sect_fourta_ump45,st_prop_reliability:0.5:pct|st_prop_weight:0.1:kg
wpn_ump45_custom,up_sect_fourtc_ump45,st_prop_weight:0.1:kg|ui_inv_rate_of_fire:40:rpm
wpn_ump45_custom,up_sect_fourte_ump45,ui_inv_handling:2.38:pct|st_prop_weight:-0.05:kg
wpn_ump45_custom,up_sect_fourtf_ump45,app_upgrade_bullet_speed:40:speed|ui_inv_accuracy:1.33:pct|st_prop_weight:0.1:kg
wpn_ump45_custom,up_sect_fiftha_ump45,st_prop_weight:0.15:kg|st_prop_recoil:7.61:pct
wpn_ump45_custom,up_sect_fifthc_ump45,ui_inv_handling:2.38:pct|st_prop_weight:-0.1:kg
wpn_usas12,up_sect_firsta_protecta,st_prop_reliability:2:pct|st_prop_weight:0.1:kg
wpn_usas12,up_sect_firstc_protecta,app_upgrade_bullet_speed:80:speed|ui_inv_accuracy:1.33:pct|st_prop_weight:0.18:kg
wpn_usas12,up_sect_firstd_protecta,st_prop_reliability:4:pct|st_prop_weight:0.14:kg
wpn_usas12,up_sect_firste_protecta,st_prop_weight:0.25:kg|st_prop_recoil:0.4:pct
wpn_usas12,up_sect_firstf_protecta,st_prop_weight:0.15:kg|ui_inv_rate_of_fire:40:rpm
wpn_usas12,up_sect_secona_protecta,st_prop_recoil:0.19:pct
wpn_usas12,up_sect_seconc_protecta,ui_inv_handling:2.38:pct|st_prop_weight:-0.58:kg
wpn_usas12,up_sect_second_protecta,st_prop_weight:0.16:kg|st_prop_recoil:0.4:pct
wpn_usas12,up_sect_thirda_protecta,st_prop_reliability:2:pct
wpn_usas12,up_sect_thirdc_protecta,st_prop_weight:0.2:kg|st_prop_recoil:0.4:pct
wpn_usas12,up_sect_thirdd_protecta,st_prop_weight:0.1:kg|ui_inv_rate_of_fire:25:rpm
wpn_usas12,up_sect_thirde_protecta,ui_inv_accuracy:12:pct|st_prop_weight:0.22:kg
wpn_usas12,up_sect_fourta_protecta,st_prop_weight:0.1:kg|st_prop_recoil:0.19:pct
wpn_usas12,up_sect_fourtc_protecta,st_prop_weight:0.1:kg|ui_inv_rate_of_fire:25:rpm
wpn_usp,up_sect_firsta_fn57,app_upgrade_bullet_speed:30:speed|st_prop_weight:0.08:kg
wpn_usp,up_sect_firstd_fn57,app_upgrade_bullet_speed:70:speed|ui_inv_accuracy:1.33:pct
wpn_usp,up_sect_firste_fn57,st_prop_weight:0.09:kg|ui_inv_rate_of_fire:250:rpm
wpn_usp,up_sect_secona_fn57,app_upgrade_bullet_speed:35:speed
wpn_usp,up_sect_seconc_fn57,st_prop_reliability:4:pct
wpn_usp,up_sect_secone_fn57,ui_inv_rate_of_fire:60:rpm
wpn_usp,up_sect_seconf_fn57,app_upgrade_bullet_speed:100:speed|ui_inv_accuracy:1.33:pct
wpn_usp,up_sect_thirda_fn57,st_prop_reliability:3:pct
wpn_usp,up_sect_thirdc_fn57,ui_inv_handling:4.76:pct
wpn_usp,up_sect_fourta_fn57,ui_inv_accuracy:4.67:pct
wpn_usp,up_sect_fourtc_fn57,st_prop_reliability:4:pct
wpn_usp,up_sect_fiftha_fn57,ui_inv_rate_of_fire:45:rpm
wpn_usp_tac,up_sect_firsta_fn57,app_upgrade_bullet_speed:30:speed|st_prop_weight:0.08:kg
wpn_usp_tac,up_sect_firstd_fn57,app_upgrade_bullet_speed:70:speed|ui_inv_accuracy:1.33:pct
wpn_usp_tac,up_sect_firste_fn57,st_prop_weight:0.09:kg|ui_inv_rate_of_fire:250:rpm
wpn_usp_tac,up_sect_secona_fn57,app_upgrade_bullet_speed:35:speed
wpn_usp_tac,up_sect_seconc_fn57,st_prop_reliability:4:pct
wpn_usp_tac,up_sect_secone_fn57,ui_inv_rate_of_fire:60:rpm
wpn_usp_tac,up_sect_seconf_fn57,app_upgrade_bullet_speed:100:speed|ui_inv_accuracy:1.33:pct
wpn_usp_tac,up_sect_thirda_fn57,st_prop_reliability:3:pct
wpn_usp_tac,up_sect_thirdc_fn57,ui_inv_handling:4.76:pct
wpn_usp_tac,up_sect_fourta_fn57,ui_inv_accuracy:4.67:pct
wpn_usp_tac,up_sect_fourtc_fn57,st_prop_reliability:4:pct
wpn_usp_tac,up_sect_fiftha_fn57,ui_inv_rate_of_fire:45:rpm
wpn_usp_tac_45,up_sect_firsta_fn57,app_upgrade_bullet_speed:30:speed|st_prop_weight:0.08:kg
wpn_usp_tac_45,up_sect_firstd_fn57,app_upgrade_bullet_speed:70:speed|ui_inv_accuracy:1.33:pct
wpn_usp_tac_45,up_sect_firste_fn57,st_prop_weight:0.09:kg|ui_inv_rate_of_fire:250:rpm
wpn_usp_tac_45,up_sect_secona_fn57,app_upgrade_bullet_speed:35:speed
wpn_usp_tac_45,up_sect_seconc_fn57,st_prop_reliability:4:pct
wpn_usp_tac_45,up_sect_secone_fn57,ui_inv_rate_of_fire:60:rpm
wpn_usp_tac_45,up_sect_seconf_fn57,app_upgrade_bullet_speed:100:speed|ui_inv_accuracy:1.33:pct
wpn_usp_tac_45,up_sect_thirda_fn57,st_prop_reliability:3:pct
wpn_usp_tac_45,up_sect_thirdc_fn57,ui_inv_handling:4.76:pct
wpn_usp_tac_45,up_sect_fourta_fn57,ui_inv_accuracy:4.67:pct
wpn_usp_tac_45,up_sect_fourtc_fn57,st_prop_reliability:4:pct
wpn_usp_tac_45,up_sect_fiftha_fn57,ui_inv_rate_of_fire:45:rpm
wpn_uzi,up_sect_firsta_bizon,ui_inv_accuracy:0.67:pct|st_prop_weight:0.1:kg
wpn_uzi,up_sect_firstc_bizon,ui_inv_accuracy:3.33:pct|st_prop_weight:0.05:kg
wpn_uzi,up_sect_firstd_bizon,st_prop_weight:0.1:kg|st_prop_recoil:5.7:pct
wpn_uzi,up_sect_firste_bizon,ui_inv_accuracy:16.67:pct|st_prop_weight:0.1:kg
wpn_uzi,up_sect_secona_bizon,st_prop_reliability:0.9:pct|st_prop_weight:0.13:kg
wpn_uzi,up_sect_seconc_bizon,st_prop_reliability:1.8:pct|st_prop_weight:0.2:kg
wpn_uzi,up_sect_secone_pp2000,ui_inv_accuracy:6:pct|st_prop_weight:0.1:kg
wpn_uzi,up_sect_seconf_pp2000,st_prop_weight:0.1:kg|st_prop_recoil:8.73:pct
wpn_uzi,up_sect_thirda_bizon,app_upgrade_bullet_speed:35:speed|ui_inv_accuracy:0.67:pct|st_prop_weight:0.1:kg
wpn_uzi,up_sect_thirdc_bizon,st_prop_weight:0.1:kg|st_prop_recoil:5.7:pct
wpn_uzi,up_sect_thirdd_bizon,ui_inv_handling:2.38:pct|st_prop_weight:-0.1:kg
wpn_uzi,up_sect_thirde_bizon,app_upgrade_bullet_speed:175:speed
wpn_uzi,up_sect_fourta_bizon,st_prop_weight:0.1:kg|ui_inv_rate_of_fire:40:rpm
wpn_uzi,up_sect_fourtc_bizon,st_prop_weight:0.1:kg|ui_inv_rate_of_fire:40:rpm
wpn_uzi,up_sect_fourte_bizon,st_prop_weight:0.13:kg|ui_inv_rate_of_fire:160:rpm
wpn_uzi,up_sect_fourtf_bizon,app_upgrade_bullet_speed:175:speed
wpn_uzi_micro,up_sect_firsta_bizon,ui_inv_accuracy:0.67:pct|st_prop_weight:0.1:kg
wpn_uzi_micro,up_sect_firstc_bizon,ui_inv_accuracy:3.33:pct|st_prop_weight:0.05:kg
wpn_uzi_micro,up_sect_firstd_bizon,st_prop_weight:0.1:kg|st_prop_recoil:1.41:pct
wpn_uzi_micro,up_sect_firste_bizon,ui_inv_accuracy:16.67:pct|st_prop_weight:0.1:kg
wpn_uzi_micro,up_sect_secona_bizon,st_prop_reliability:0.9:pct|st_prop_weight:0.13:kg
wpn_uzi_micro,up_sect_seconc_bizon,st_prop_reliability:1.8:pct|st_prop_weight:0.2:kg
wpn_uzi_micro,up_sect_secone_pp2000,ui_inv_accuracy:6:pct|st_prop_weight:0.1:kg
wpn_uzi_micro,up_sect_seconf_pp2000,st_prop_weight:0.1:kg|st_prop_recoil:2.13:pct
wpn_uzi_micro,up_sect_thirda_bizon,app_upgrade_bullet_speed:35:speed|ui_inv_accuracy:0.67:pct|st_prop_weight:0.1:kg
wpn_uzi_micro,up_sect_thirdc_bizon,st_prop_weight:0.1:kg|st_prop_recoil:1.41:pct
wpn_uzi_micro,up_sect_thirdd_bizon,ui_inv_handling:2.38:pct|st_prop_weight:-0.1:kg
wpn_uzi_micro,up_sect_thirde_bizon,app_upgrade_bullet_speed:175:speed
wpn_uzi_micro,up_sect_fourta_bizon,st_prop_weight:0.1:kg|ui_inv_rate_of_fire:40:rpm
wpn_uzi_micro,up_sect_fourtc_bizon,st_prop_weight:0.1:kg|ui_inv_rate_of_fire:40:rpm
wpn_uzi_micro,up_sect_fourte_bizon,st_prop_weight:0.13:kg|ui_inv_rate_of_fire:160:rpm
wpn_uzi_micro,up_sect_fourtf_bizon,app_upgrade_bullet_speed:175:speed
wpn_uzi_mini,up_sect_firsta_bizon,ui_inv_accuracy:0.67:pct|st_prop_weight:0.1:kg
wpn_uzi_mini,up_sect_firstc_bizon,ui_inv_accuracy:3.33:pct|st_prop_weight:0.05:kg
wpn_uzi_mini,up_sect_firstd_bizon,st_prop_weight:0.1:kg|st_prop_recoil:6.03:pct
wpn_uzi_mini,up_sect_firste_bizon,ui_inv_accuracy:16.67:pct|st_prop_weight:0.1:kg
wpn_uzi_mini,up_sect_secona_bizon,st_prop_reliability:0.9:pct|st_prop_weight:0.13:kg
wpn_uzi_mini,up_sect_seconc_bizon,st_prop_reliability:1.8:pct|st_prop_weight:0.2:kg
wpn_uzi_mini,up_sect_secone_pp2000,ui_inv_accuracy:6:pct|st_prop_weight:0.1:kg
wpn_uzi_mini,up_sect_seconf_pp2000,st_prop_weight:0.1:kg|st_prop_recoil:9.24:pct
wpn_uzi_mini,up_sect_thirda_bizon,app_upgrade_bullet_speed:35:speed|ui_inv_accuracy:0.67:pct|st_prop_weight:0.1:kg
wpn_uzi_mini,up_sect_thirdc_bizon,st_prop_weight:0.1:kg|st_prop_recoil:6.03:pct
wpn_uzi_mini,up_sect_thirdd_bizon,ui_inv_handling:2.38:pct|st_prop_weight:-0.1:kg
wpn_uzi_mini,up_sect_thirde_bizon,app_upgrade_bullet_speed:175:speed
wpn_uzi_mini,up_sect_fourta_bizon,st_prop_weight:0.1:kg|ui_inv_rate_of_fire:40:rpm
wpn_uzi_mini,up_sect_fourtc_bizon,st_prop_weight:0.1:kg|ui_inv_rate_of_fire:40:rpm
wpn_uzi_mini,up_sect_fourte_bizon,st_prop_weight:0.13:kg|ui_inv_rate_of_fire:160:rpm
wpn_uzi_mini,up_sect_fourtf_bizon,app_upgrade_bullet_speed:175:speed
wpn_val,up_sect_firsta_val,st_prop_reliability:1:pct|st_prop_weight:0.15:kg
wpn_val,up_sect_firstc_val,st_prop_weight:0.05:kg|st_prop_recoil:14.66:pct
wpn_val,up_sect_firstd_val,app_upgrade_bullet_speed:60:speed|ui_inv_accuracy:0.67:pct|st_prop_weight:0.15:kg
wpn_val,up_sect_firste_val,st_prop_weight:0.1:kg|ui_inv_rate_of_fire:45:rpm
wpn_val,up_sect_firstf_val,ui_inv_accuracy:4:pct|st_prop_weight:0.1:kg
wpn_val,up_sect_secona_val,st_prop_weight:0.05:kg|st_prop_recoil:6.56:pct
wpn_val,up_sect_seconc_val,ui_inv_handling:2.38:pct|st_prop_weight:0.03:kg
wpn_val,up_sect_secone_val,ui_inv_handling:3.57:pct|st_prop_weight:0.03:kg
wpn_val,up_sect_seconf_val,st_prop_weight:0.1:kg|st_prop_recoil:14.66:pct
wpn_val,up_sect_thirda_val,app_upgrade_bullet_speed:60:speed|ui_inv_accuracy:0.67:pct|st_prop_weight:0.05:kg
wpn_val,up_sect_thirdc_val,st_prop_reliability:2:pct|st_prop_weight:0.1:kg
wpn_val,up_sect_thirdd_val,ui_inv_accuracy:4:pct|st_prop_weight:0.05:kg
wpn_val,up_sect_thirde_val,st_prop_weight:0.1:kg|ui_inv_rate_of_fire:45:rpm
wpn_val,up_sect_thirdf_val,app_upgrade_bullet_speed:60:speed|ui_inv_accuracy:0.67:pct|st_prop_weight:0.1:kg
wpn_val,up_sect_fourta_val,st_prop_weight:0.15:kg|ui_inv_rate_of_fire:45:rpm
wpn_val,up_sect_fourtc_val,st_prop_reliability:1.5:pct|st_prop_weight:0.1:kg
wpn_val,up_sect_fourte_val,ui_inv_accuracy:4:pct|st_prop_weight:0.05:kg
wpn_val,up_sect_fourtf_val,st_prop_weight:0.1:kg|st_prop_recoil:14.66:pct
wpn_val_modern,up_sect_firsta_val,st_prop_reliability:1:pct|st_prop_weight:0.15:kg
wpn_val_modern,up_sect_firstc_val,st_prop_weight:0.05:kg|st_prop_recoil:14.66:pct
wpn_val_modern,up_sect_firstd_val,app_upgrade_bullet_speed:60:speed|ui_inv_accuracy:0.67:pct|st_prop_weight:0.15:kg
wpn_val_modern,up_sect_firste_val,st_prop_weight:0.1:kg|ui_inv_rate_of_fire:45:rpm
wpn_val_modern,up_sect_firstf_val,ui_inv_accuracy:4:pct|st_prop_weight:0.1:kg
wpn_val_modern,up_sect_secona_val,st_prop_weight:0.05:kg|st_prop_recoil:6.56:pct
wpn_val_modern,up_sect_seconc_val,ui_inv_handling:2.38:pct|st_prop_weight:0.03:kg
wpn_val_modern,up_sect_secone_val,ui_inv_handling:3.57:pct|st_prop_weight:0.03:kg
wpn_val_modern,up_sect_seconf_val,st_prop_weight:0.1:kg|st_prop_recoil:14.66:pct
wpn_val_modern,up_sect_thirda_val,app_upgrade_bullet_speed:60:speed|ui_inv_accuracy:0.67:pct|st_prop_weight:0.05:kg
wpn_val_modern,up_sect_thirdc_val,st_prop_reliability:2:pct|st_prop_weight:0.1:kg
wpn_val_modern,up_sect_thirdd_val,ui_inv_accuracy:4:pct|st_prop_weight:0.05:kg
wpn_val_modern,up_sect_thirde_val,st_prop_weight:0.1:kg|ui_inv_rate_of_fire:45:rpm
wpn_val_modern,up_sect_thirdf_val,app_upgrade_bullet_speed:60:speed|ui_inv_accuracy:0.67:pct|st_prop_weight:0.1:kg
wpn_val_modern,up_sect_fourta_val,st_prop_weight:0.15:kg|ui_inv_rate_of_fire:45:rpm
wpn_val_modern,up_sect_fourtc_val,st_prop_reliability:1.5:pct|st_prop_weight:0.1:kg
wpn_val_modern,up_sect_fourte_val,ui_inv_accuracy:4:pct|st_prop_weight:0.05:kg
wpn_val_modern,up_sect_fourtf_val,st_prop_weight:0.1:kg|st_prop_recoil:14.66:pct
wpn_val_tac,up_sect_firsta_val,st_prop_reliability:1:pct|st_prop_weight:0.15:kg
wpn_val_tac,up_sect_firstc_val,st_prop_weight:0.05:kg|st_prop_recoil:14.66:pct
wpn_val_tac,up_sect_firstd_val,app_upgrade_bullet_speed:60:speed|ui_inv_accuracy:0.67:pct|st_prop_weight:0.15:kg
wpn_val_tac,up_sect_firste_val,st_prop_weight:0.1:kg|ui_inv_rate_of_fire:45:rpm
wpn_val_tac,up_sect_firstf_val,ui_inv_accuracy:4:pct|st_prop_weight:0.1:kg
wpn_val_tac,up_sect_secona_val,st_prop_weight:0.05:kg|st_prop_recoil:6.56:pct
wpn_val_tac,up_sect_seconc_val,ui_inv_handling:2.38:pct|st_prop_weight:0.03:kg
wpn_val_tac,up_sect_secone_val,ui_inv_handling:3.57:pct|st_prop_weight:0.03:kg
wpn_val_tac,up_sect_seconf_val,st_prop_weight:0.1:kg|st_prop_recoil:14.66:pct
wpn_val_tac,up_sect_thirda_val,app_upgrade_bullet_speed:60:speed|ui_inv_accuracy:0.67:pct|st_prop_weight:0.05:kg
wpn_val_tac,up_sect_thirdc_val,st_prop_reliability:2:pct|st_prop_weight:0.1:kg
wpn_val_tac,up_sect_thirdd_val,ui_inv_accuracy:4:pct|st_prop_weight:0.05:kg
wpn_val_tac,up_sect_thirde_val,st_prop_weight:0.1:kg|ui_inv_rate_of_fire:45:rpm
wpn_val_tac,up_sect_thirdf_val,app_upgrade_bullet_speed:60:speed|ui_inv_accuracy:0.67:pct|st_prop_weight:0.1:kg
wpn_val_tac,up_sect_fourta_val,st_prop_weight:0.15:kg|ui_inv_rate_of_fire:45:rpm
wpn_val_tac,up_sect_fourtc_val,st_prop_reliability:1.5:pct|st_prop_weight:0.1:kg
wpn_val_tac,up_sect_fourte_val,ui_inv_accuracy:4:pct|st_prop_weight:0.05:kg
wpn_val_tac,up_sect_fourtf_val,st_prop_weight:0.1:kg|st_prop_recoil:14.66:pct
wpn_vepr,up_sect_firsta_saiga12,st_prop_weight:0.1:kg|ui_inv_rate_of_fire:35:rpm
wpn_vepr,up_sect_firstc_saiga12,st_prop_reliability:3:pct|st_prop_weight:0.14:kg
wpn_vepr,up_sect_firstd_saiga12,st_prop_weight:0.16:kg|st_prop_recoil:0.04:pct
wpn_vepr,up_sect_secona_saiga12,st_prop_recoil:0.04:pct
wpn_vepr,up_sect_seconc_saiga12,st_prop_weight:-0.88:kg
wpn_vepr,up_sect_secone_saiga12,st_prop_weight:0.15:kg|st_prop_recoil:0.09:pct
wpn_vepr,up_sect_seconf_saiga12,st_prop_reliability:3:pct|st_prop_weight:0.13:kg
wpn_vepr,up_sect_thirda_saiga12,st_prop_recoil:0.04:pct
wpn_vepr,up_sect_thirdc_saiga12,ui_inv_rate_of_fire:50:rpm
wpn_vepr,up_sect_thirdd_saiga12,st_prop_reliability:3:pct|st_prop_weight:0.1:kg
wpn_vepr,up_sect_thirde_saiga12,ui_inv_handling:2.38:pct|st_prop_weight:0.12:kg
wpn_vepr,up_sect_fourta_saiga12,st_prop_recoil:0.06:pct
wpn_vepr,up_sect_fourtc_saiga12,ui_inv_rate_of_fire:35:rpm
wpn_vepr,up_sect_fourte_saiga12,ui_inv_rate_of_fire:50:rpm
wpn_vepr,up_sect_fiftha_saiga12,ui_inv_handling:1.67:pct|st_prop_weight:0.06:kg|st_prop_recoil:0.03:pct
wpn_vihr,up_sect_firsta_val,st_prop_reliability:1:pct|st_prop_weight:0.15:kg
wpn_vihr,up_sect_firstc_val,st_prop_weight:0.05:kg|st_prop_recoil:14.66:pct
wpn_vihr,up_sect_firstd_val,app_upgrade_bullet_speed:60:speed|ui_inv_accuracy:0.67:pct|st_prop_weight:0.15:kg
wpn_vihr,up_sect_firste_val,st_prop_weight:0.1:kg|ui_inv_rate_of_fire:45:rpm
wpn_vihr,up_sect_firstf_val,ui_inv_accuracy:4:pct|st_prop_weight:0.1:kg
wpn_vihr,up_sect_secona_val,st_prop_weight:0.05:kg|st_prop_recoil:6.56:pct
wpn_vihr,up_sect_seconc_val,ui_inv_handling:2.38:pct|st_prop_weight:0.03:kg
wpn_vihr,up_sect_secone_val,ui_inv_handling:3.57:pct|st_prop_weight:0.03:kg
wpn_vihr,up_sect_seconf_val,st_prop_weight:0.1:kg|st_prop_recoil:14.66:pct
wpn_vihr,up_sect_thirda_val,app_upgrade_bullet_speed:60:speed|ui_inv_accuracy:0.67:pct|st_prop_weight:0.05:kg
wpn_vihr,up_sect_thirdc_val,st_prop_reliability:2:pct|st_prop_weight:0.1:kg
wpn_vihr,up_sect_thirdd_val,ui_inv_accuracy:4:pct|st_prop_weight:0.05:kg
wpn_vihr,up_sect_thirde_val,st_prop_weight:0.1:kg|ui_inv_rate_of_fire:45:rpm
wpn_vihr,up_sect_thirdf_val,app_upgrade_bullet_speed:60:speed|ui_inv_accuracy:0.67:pct|st_prop_weight:0.1:kg
wpn_vihr,up_sect_fourta_val,st_prop_weight:0.15:kg|ui_inv_rate_of_fire:45:rpm
wpn_vihr,up_sect_fourtc_val,st_prop_reliability:1.5:pct|st_prop_weight:0.1:kg
wpn_vihr,up_sect_fourte_val,ui_inv_accuracy:4:pct|st_prop_weight:0.05:kg
wpn_vihr,up_sect_fourtf_val,st_prop_weight:0.1:kg|st_prop_recoil:14.66:pct
wpn_vintorez,up_sect_firsta_vintorez,st_prop_reliability:1:pct|st_prop_weight:0.15:kg
wpn_vintorez,up_sect_firstc_vintorez,st_prop_weight:0.05:kg|st_prop_recoil:16.36:pct
wpn_vintorez,up_sect_firstd_vintorez,app_upgrade_bullet_speed:60:speed|ui_inv_accuracy:0.67:pct|st_prop_weight:0.1:kg
wpn_vintorez,up_sect_firste_vintorez,ui_inv_handling:3.57:pct|st_prop_weight:0.05:kg
wpn_vintorez,up_sect_firstf_vintorez,ui_inv_accuracy:2.67:pct|st_prop_weight:0.05:kg
wpn_vintorez,up_sect_secona_vintorez,app_upgrade_bullet_speed:60:speed|ui_inv_accuracy:0.67:pct|st_prop_weight:0.1:kg
wpn_vintorez,up_sect_seconc_vintorez,st_prop_reliability:2:pct|st_prop_weight:0.2:kg
wpn_vintorez,up_sect_second_vintorez,ui_inv_accuracy:2.67:pct|st_prop_weight:0.05:kg
wpn_vintorez,up_sect_secone_vintorez,app_upgrade_bullet_speed:60:speed|ui_inv_accuracy:0.67:pct|st_prop_weight:0.1:kg
wpn_vintorez,up_sect_thirda_vintorez,st_prop_weight:0.05:kg|st_prop_recoil:16.36:pct
wpn_vintorez,up_sect_thirdc_vintorez,ui_inv_handling:1.9:pct|st_prop_weight:0.05:kg
wpn_vintorez,up_sect_thirde_vintorez,ui_inv_handling:3.57:pct|st_prop_weight:0.05:kg
wpn_vintorez,up_sect_thirdf_vintorez,st_prop_weight:0.1:kg|st_prop_recoil:16.36:pct
wpn_vintorez,up_sect_fourta_vintorez,st_prop_weight:0.05:kg|st_prop_recoil:14.66:pct
wpn_vintorez,up_sect_fourtc_vintorez,ui_inv_handling:3.57:pct|st_prop_weight:0.03:kg
wpn_vintorez,up_sect_fourtf_vintorez,st_prop_reliability:1:pct|st_prop_weight:0.1:kg
wpn_vintorez_isg,up_sect_firsta_vintorez,st_prop_reliability:1:pct|st_prop_weight:0.15:kg
wpn_vintorez_isg,up_sect_firstc_vintorez,st_prop_weight:0.05:kg|st_prop_recoil:16.36:pct
wpn_vintorez_isg,up_sect_firstd_vintorez,app_upgrade_bullet_speed:60:speed|ui_inv_accuracy:0.67:pct|st_prop_weight:0.1:kg
wpn_vintorez_isg,up_sect_firste_vintorez,ui_inv_handling:3.57:pct|st_prop_weight:0.05:kg
wpn_vintorez_isg,up_sect_firstf_vintorez,ui_inv_accuracy:2.67:pct|st_prop_weight:0.05:kg
wpn_vintorez_isg,up_sect_secona_vintorez,app_upgrade_bullet_speed:60:speed|ui_inv_accuracy:0.67:pct|st_prop_weight:0.1:kg
wpn_vintorez_isg,up_sect_seconc_vintorez,st_prop_reliability:2:pct|st_prop_weight:0.2:kg
wpn_vintorez_isg,up_sect_second_vintorez,ui_inv_accuracy:2.67:pct|st_prop_weight:0.05:kg
wpn_vintorez_isg,up_sect_secone_vintorez,app_upgrade_bullet_speed:60:speed|ui_inv_accuracy:0.67:pct|st_prop_weight:0.1:kg
wpn_vintorez_isg,up_sect_thirda_vintorez,st_prop_weight:0.05:kg|st_prop_recoil:16.36:pct
wpn_vintorez_isg,up_sect_thirdc_vintorez,ui_inv_handling:1.9:pct|st_prop_weight:0.05:kg
wpn_vintorez_isg,up_sect_thirde_vintorez,ui_inv_handling:3.57:pct|st_prop_weight:0.05:kg
wpn_vintorez_isg,up_sect_thirdf_vintorez,st_prop_weight:0.1:kg|st_prop_recoil:16.36:pct
wpn_vintorez_isg,up_sect_fourta_vintorez,st_prop_weight:0.05:kg|st_prop_recoil:14.66:pct
wpn_vintorez_isg,up_sect_fourtc_vintorez,ui_inv_handling:3.57:pct|st_prop_weight:0.03:kg
wpn_vintorez_isg,up_sect_fourtf_vintorez,st_prop_reliability:1:pct|st_prop_weight:0.1:kg
wpn_vintorez_m1,up_sect_firsta_vintorez,st_prop_reliability:1:pct|st_prop_weight:0.15:kg
wpn_vintorez_m1,up_sect_firstc_vintorez,st_prop_weight:0.05:kg|st_prop_recoil:16.36:pct
wpn_vintorez_m1,up_sect_firstd_vintorez,app_upgrade_bullet_speed:60:speed|ui_inv_accuracy:0.67:pct|st_prop_weight:0.1:kg
wpn_vintorez_m1,up_sect_firste_vintorez,ui_inv_handling:3.57:pct|st_prop_weight:0.05:kg
wpn_vintorez_m1,up_sect_firstf_vintorez,ui_inv_accuracy:2.67:pct|st_prop_weight:0.05:kg
wpn_vintorez_m1,up_sect_secona_vintorez,app_upgrade_bullet_speed:60:speed|ui_inv_accuracy:0.67:pct|st_prop_weight:0.1:kg
wpn_vintorez_m1,up_sect_seconc_vintorez,st_prop_reliability:2:pct|st_prop_weight:0.2:kg
wpn_vintorez_m1,up_sect_second_vintorez,ui_inv_accuracy:2.67:pct|st_prop_weight:0.05:kg
wpn_vintorez_m1,up_sect_secone_vintorez,app_upgrade_bullet_speed:60:speed|ui_inv_accuracy:0.67:pct|st_prop_weight:0.1:kg
wpn_vintorez_m1,up_sect_thirda_vintorez,st_prop_weight:0.05:kg|st_prop_recoil:16.36:pct
wpn_vintorez_m1,up_sect_thirdc_vintorez,ui_inv_handling:1.9:pct|st_prop_weight:0.05:kg
wpn_vintorez_m1,up_sect_thirde_vintorez,ui_inv_handling:3.57:pct|st_prop_weight:0.05:kg
wpn_vintorez_m1,up_sect_thirdf_vintorez,st_prop_weight:0.1:kg|st_prop_recoil:16.36:pct
wpn_vintorez_m1,up_sect_fourta_vintorez,st_prop_weight:0.05:kg|st_prop_recoil:14.66:pct
wpn_vintorez_m1,up_sect_fourtc_vintorez,ui_inv_handling:3.57:pct|st_prop_weight:0.03:kg
wpn_vintorez_m1,up_sect_fourtf_vintorez,st_prop_reliability:1:pct|st_prop_weight:0.1:kg
wpn_vintorez_m2,up_sect_firsta_vintorez,st_prop_reliability:1:pct|st_prop_weight:0.15:kg
wpn_vintorez_m2,up_sect_firstc_vintorez,st_prop_weight:0.05:kg|st_prop_recoil:16.36:pct
wpn_vintorez_m2,up_sect_firstd_vintorez,app_upgrade_bullet_speed:60:speed|ui_inv_accuracy:0.67:pct|st_prop_weight:0.1:kg
wpn_vintorez_m2,up_sect_firste_vintorez,ui_inv_handling:3.57:pct|st_prop_weight:0.05:kg
wpn_vintorez_m2,up_sect_firstf_vintorez,ui_inv_accuracy:2.67:pct|st_prop_weight:0.05:kg
wpn_vintorez_m2,up_sect_secona_vintorez,app_upgrade_bullet_speed:60:speed|ui_inv_accuracy:0.67:pct|st_prop_weight:0.1:kg
wpn_vintorez_m2,up_sect_seconc_vintorez,st_prop_reliability:2:pct|st_prop_weight:0.2:kg
wpn_vintorez_m2,up_sect_second_vintorez,ui_inv_accuracy:2.67:pct|st_prop_weight:0.05:kg
wpn_vintorez_m2,up_sect_secone_vintorez,app_upgrade_bullet_speed:60:speed|ui_inv_accuracy:0.67:pct|st_prop_weight:0.1:kg
wpn_vintorez_m2,up_sect_thirda_vintorez,st_prop_weight:0.05:kg|st_prop_recoil:16.36:pct
wpn_vintorez_m2,up_sect_thirdc_vintorez,ui_inv_handling:1.9:pct|st_prop_weight:0.05:kg
wpn_vintorez_m2,up_sect_thirde_vintorez,ui_inv_handling:3.57:pct|st_prop_weight:0.05:kg
wpn_vintorez_m2,up_sect_thirdf_vintorez,st_prop_weight:0.1:kg|st_prop_recoil:16.36:pct
wpn_vintorez_m2,up_sect_fourta_vintorez,st_prop_weight:0.05:kg|st_prop_recoil:14.66:pct
wpn_vintorez_m2,up_sect_fourtc_vintorez,ui_inv_handling:3.57:pct|st_prop_weight:0.03:kg
wpn_vintorez_m2,up_sect_fourtf_vintorez,st_prop_reliability:1:pct|st_prop_weight:0.1:kg
wpn_vintorez_n1,up_sect_firsta_vintorez,st_prop_reliability:1:pct|st_prop_weight:0.15:kg
wpn_vintorez_n1,up_sect_firstc_vintorez,st_prop_weight:0.05:kg|st_prop_recoil:16.36:pct
wpn_vintorez_n1,up_sect_firstd_vintorez,app_upgrade_bullet_speed:60:speed|ui_inv_accuracy:0.67:pct|st_prop_weight:0.1:kg
wpn_vintorez_n1,up_sect_firste_vintorez,ui_inv_handling:3.57:pct|st_prop_weight:0.05:kg
wpn_vintorez_n1,up_sect_firstf_vintorez,ui_inv_accuracy:2.67:pct|st_prop_weight:0.05:kg
wpn_vintorez_n1,up_sect_secona_vintorez,app_upgrade_bullet_speed:60:speed|ui_inv_accuracy:0.67:pct|st_prop_weight:0.1:kg
wpn_vintorez_n1,up_sect_seconc_vintorez,st_prop_reliability:2:pct|st_prop_weight:0.2:kg
wpn_vintorez_n1,up_sect_second_vintorez,ui_inv_accuracy:2.67:pct|st_prop_weight:0.05:kg
wpn_vintorez_n1,up_sect_secone_vintorez,app_upgrade_bullet_speed:60:speed|ui_inv_accuracy:0.67:pct|st_prop_weight:0.1:kg
wpn_vintorez_n1,up_sect_thirda_vintorez,st_prop_weight:0.05:kg|st_prop_recoil:16.36:pct
wpn_vintorez_n1,up_sect_thirdc_vintorez,ui_inv_handling:1.9:pct|st_prop_weight:0.05:kg
wpn_vintorez_n1,up_sect_thirde_vintorez,ui_inv_handling:3.57:pct|st_prop_weight:0.05:kg
wpn_vintorez_n1,up_sect_thirdf_vintorez,st_prop_weight:0.1:kg|st_prop_recoil:16.36:pct
wpn_vintorez_n1,up_sect_fourta_vintorez,st_prop_weight:0.05:kg|st_prop_recoil:14.66:pct
wpn_vintorez_n1,up_sect_fourtc_vintorez,ui_inv_handling:3.57:pct|st_prop_weight:0.03:kg
wpn_vintorez_n1,up_sect_fourtf_vintorez,st_prop_reliability:1:pct|st_prop_weight:0.1:kg
wpn_vintorez_nimble,up_sect_firsta_vintorez,st_prop_reliability:1:pct|st_prop_weight:0.15:kg
wpn_vintorez_nimble,up_sect_firstc_vintorez,st_prop_weight:0.05:kg|st_prop_recoil:16.36:pct
wpn_vintorez_nimble,up_sect_firstd_vintorez,app_upgrade_bullet_speed:60:speed|ui_inv_accuracy:0.67:pct|st_prop_weight:0.1:kg
wpn_vintorez_nimble,up_sect_firste_vintorez,ui_inv_handling:3.57:pct|st_prop_weight:0.05:kg
wpn_vintorez_nimble,up_sect_firstf_vintorez,ui_inv_accuracy:2.67:pct|st_prop_weight:0.05:kg
wpn_vintorez_nimble,up_sect_secona_vintorez,app_upgrade_bullet_speed:60:speed|ui_inv_accuracy:0.67:pct|st_prop_weight:0.1:kg
wpn_vintorez_nimble,up_sect_seconc_vintorez,st_prop_reliability:2:pct|st_prop_weight:0.2:kg
wpn_vintorez_nimble,up_sect_second_vintorez,ui_inv_accuracy:2.67:pct|st_prop_weight:0.05:kg
wpn_vintorez_nimble,up_sect_secone_vintorez,app_upgrade_bullet_speed:60:speed|ui_inv_accuracy:0.67:pct|st_prop_weight:0.1:kg
wpn_vintorez_nimble,up_sect_thirda_vintorez,st_prop_weight:0.05:kg|st_prop_recoil:16.36:pct
wpn_vintorez_nimble,up_sect_thirdc_vintorez,ui_inv_handling:1.9:pct|st_prop_weight:0.05:kg
wpn_vintorez_nimble,up_sect_thirde_vintorez,ui_inv_handling:3.57:pct|st_prop_weight:0.05:kg
wpn_vintorez_nimble,up_sect_thirdf_vintorez,st_prop_weight:0.1:kg|st_prop_recoil:16.36:pct
wpn_vintorez_nimble,up_sect_fourta_vintorez,st_prop_weight:0.05:kg|st_prop_recoil:14.66:pct
wpn_vintorez_nimble,up_sect_fourtc_vintorez,ui_inv_handling:3.57:pct|st_prop_weight:0.03:kg
wpn_vintorez_nimble,up_sect_fourtf_vintorez,st_prop_reliability:1:pct|st_prop_weight:0.1:kg
wpn_vityaz,up_sect_firsta_vityaz,ui_inv_accuracy:1.67:pct|st_prop_weight:0.1:kg
wpn_vityaz,up_sect_firstc_vityaz,ui_inv_accuracy:3.33:pct|st_prop_weight:0.05:kg
wpn_vityaz,up_sect_firstd_vityaz,st_prop_weight:0.15:kg|st_prop_recoil:3.68:pct
wpn_vityaz,up_sect_firste_vityaz,ui_inv_accuracy:3.33:pct|st_prop_weight:-0.05:kg
wpn_vityaz,up_sect_secona_vityaz,st_prop_weight:0.13:kg|ui_inv_rate_of_fire:40:rpm
wpn_vityaz,up_sect_seconc_vityaz,st_prop_reliability:1.4:pct|st_prop_weight:0.15:kg
wpn_vityaz,up_sect_secone_vityaz,ui_inv_accuracy:3.33:pct|st_prop_weight:0.05:kg
wpn_vityaz,up_sect_seconf_vityaz,st_prop_weight:0.1:kg|st_prop_recoil:7.96:pct
wpn_vityaz,up_sect_thirda_vityaz,st_prop_weight:0.1:kg|st_prop_recoil:7.96:pct
wpn_vityaz,up_sect_thirdc_vityaz,ui_inv_handling:1.67:pct|st_prop_weight:-0.15:kg
wpn_vityaz,up_sect_thirdd_vityaz,st_prop_reliability:1.4:pct|st_prop_weight:0.15:kg
wpn_vityaz,up_sect_thirde_vityaz,app_upgrade_bullet_speed:35:speed|ui_inv_accuracy:0.67:pct|st_prop_weight:0.1:kg
wpn_vityaz,up_sect_fourta_vityaz,st_prop_reliability:0.9:pct|st_prop_weight:0.1:kg
wpn_vityaz,up_sect_fourtc_vityaz,ui_inv_handling:1.43:pct
wpn_vityaz,up_sect_fourte_vityaz,ui_inv_handling:2.38:pct
wpn_vityaz,up_sect_fourtf_vityaz,app_upgrade_bullet_speed:80:speed|ui_inv_accuracy:1.6:pct|st_prop_weight:0.1:kg
wpn_vityaz,up_sect_fiftha_vityaz,st_prop_weight:-0.44:kg
wpn_vityaz,up_sect_fifthc_vityaz,st_prop_reliability:-1:pct|st_prop_weight:-0.02:kg|st_prop_recoil:4.11:pct
wpn_vityaz_vitup,up_sect_firsta_vityaz,ui_inv_accuracy:1.67:pct|st_prop_weight:0.1:kg
wpn_vityaz_vitup,up_sect_firstc_vityaz,ui_inv_accuracy:3.33:pct|st_prop_weight:0.05:kg
wpn_vityaz_vitup,up_sect_firstd_vityaz,st_prop_weight:0.15:kg|st_prop_recoil:3.8:pct
wpn_vityaz_vitup,up_sect_firste_vityaz,ui_inv_accuracy:3.33:pct|st_prop_weight:-0.05:kg
wpn_vityaz_vitup,up_sect_secona_vityaz,st_prop_weight:0.13:kg|ui_inv_rate_of_fire:40:rpm
wpn_vityaz_vitup,up_sect_seconc_vityaz,st_prop_reliability:1.4:pct|st_prop_weight:0.15:kg
wpn_vityaz_vitup,up_sect_secone_vityaz,ui_inv_accuracy:3.33:pct|st_prop_weight:0.05:kg
wpn_vityaz_vitup,up_sect_seconf_vityaz,st_prop_weight:0.1:kg|st_prop_recoil:8.22:pct
wpn_vityaz_vitup,up_sect_thirda_vityaz,st_prop_weight:0.1:kg|st_prop_recoil:8.22:pct
wpn_vityaz_vitup,up_sect_thirdc_vityaz,ui_inv_handling:1.67:pct|st_prop_weight:-0.15:kg
wpn_vityaz_vitup,up_sect_thirdd_vityaz,st_prop_reliability:1.4:pct|st_prop_weight:0.15:kg
wpn_vityaz_vitup,up_sect_thirde_vityaz,app_upgrade_bullet_speed:35:speed|ui_inv_accuracy:0.67:pct|st_prop_weight:0.1:kg
wpn_vityaz_vitup,up_sect_fourta_vityaz,st_prop_reliability:0.9:pct|st_prop_weight:0.1:kg
wpn_vityaz_vitup,up_sect_fourtc_vityaz,ui_inv_handling:1.43:pct
wpn_vityaz_vitup,up_sect_fourte_vityaz,ui_inv_handling:2.38:pct
wpn_vityaz_vitup,up_sect_fourtf_vityaz,app_upgrade_bullet_speed:80:speed|ui_inv_accuracy:1.6:pct|st_prop_weight:0.1:kg
wpn_vityaz_vitup,up_sect_fiftha_vityaz,st_prop_weight:-0.44:kg
wpn_vityaz_vitup,up_sect_fifthc_vityaz,st_prop_reliability:-1:pct|st_prop_weight:-0.02:kg|st_prop_recoil:4.24:pct
wpn_vsk94,up_sect_firsta_vsk94,st_prop_reliability:1:pct|st_prop_weight:0.15:kg
wpn_vsk94,up_sect_firstc_vsk94,st_prop_weight:0.05:kg|st_prop_recoil:3.35:pct
wpn_vsk94,up_sect_firstd_vsk94,app_upgrade_bullet_speed:60:speed|ui_inv_accuracy:0.67:pct|st_prop_weight:0.15:kg
wpn_vsk94,up_sect_firste_vsk94,st_prop_weight:0.1:kg|ui_inv_rate_of_fire:35:rpm
wpn_vsk94,up_sect_firstf_vsk94,ui_inv_accuracy:2.87:pct|st_prop_weight:0.1:kg
wpn_vsk94,up_sect_secona_vsk94,st_prop_weight:0.05:kg|st_prop_recoil:1.57:pct
wpn_vsk94,up_sect_seconc_vsk94,ui_inv_handling:2.38:pct|st_prop_weight:0.03:kg
wpn_vsk94,up_sect_secone_vsk94,ui_inv_handling:3.57:pct|st_prop_weight:0.03:kg
wpn_vsk94,up_sect_seconf_vsk94,st_prop_weight:0.1:kg|st_prop_recoil:3.35:pct
wpn_vsk94,up_sect_thirda_vsk94,app_upgrade_bullet_speed:60:speed|ui_inv_accuracy:0.67:pct|st_prop_weight:0.05:kg
wpn_vsk94,up_sect_thirdc_vsk94,st_prop_reliability:2:pct|st_prop_weight:0.1:kg
wpn_vsk94,up_sect_thirdd_vsk94,ui_inv_accuracy:2.87:pct|st_prop_weight:0.05:kg
wpn_vsk94,up_sect_thirde_vsk94,st_prop_weight:0.1:kg|ui_inv_rate_of_fire:35:rpm
wpn_vsk94,up_sect_thirdf_vsk94,app_upgrade_bullet_speed:60:speed|ui_inv_accuracy:0.67:pct|st_prop_weight:0.1:kg
wpn_vsk94,up_sect_fourta_vsk94,st_prop_weight:0.15:kg|ui_inv_rate_of_fire:35:rpm
wpn_vsk94,up_sect_fourtc_vsk94,st_prop_reliability:1.5:pct|st_prop_weight:0.1:kg
wpn_vsk94,up_sect_fourte_vsk94,ui_inv_accuracy:2.87:pct|st_prop_weight:0.05:kg
wpn_vsk94,up_sect_fourtf_vsk94,st_prop_weight:0.1:kg|st_prop_recoil:3.35:pct
wpn_vssk,up_sect_firsta_vssk,st_prop_reliability:1:pct|st_prop_weight:0.15:kg
wpn_vssk,up_sect_firstc_vssk,st_prop_weight:0.05:kg|st_prop_recoil:0.52:pct
wpn_vssk,up_sect_firstd_vssk,app_upgrade_bullet_speed:60:speed|ui_inv_accuracy:0.67:pct|st_prop_weight:0.1:kg
wpn_vssk,up_sect_firste_vssk,ui_inv_handling:3.57:pct|st_prop_weight:0.05:kg
wpn_vssk,up_sect_firstf_vssk,ui_inv_accuracy:1.33:pct|st_prop_weight:0.05:kg
wpn_vssk,up_sect_secona_vssk,app_upgrade_bullet_speed:60:speed|ui_inv_accuracy:0.67:pct|st_prop_weight:0.1:kg
wpn_vssk,up_sect_seconc_vssk,st_prop_reliability:2:pct|st_prop_weight:0.2:kg
wpn_vssk,up_sect_second_vssk,ui_inv_accuracy:1.33:pct|st_prop_weight:0.05:kg
wpn_vssk,up_sect_secone_vssk,app_upgrade_bullet_speed:60:speed|ui_inv_accuracy:0.67:pct|st_prop_weight:0.1:kg
wpn_vssk,up_sect_thirda_vssk,st_prop_weight:0.05:kg|st_prop_recoil:0.52:pct
wpn_vssk,up_sect_thirdc_vssk,ui_inv_handling:1.9:pct|st_prop_weight:0.05:kg
wpn_vssk,up_sect_thirde_vssk,ui_inv_handling:3.57:pct|st_prop_weight:0.05:kg
wpn_vssk,up_sect_thirdf_vssk,st_prop_weight:0.1:kg|st_prop_recoil:0.52:pct
wpn_vz61,up_sect_firsta_vz61,st_prop_weight:0.1:kg|ui_inv_rate_of_fire:40:rpm
wpn_vz61,up_sect_firstc_vz61,st_prop_reliability:2:pct|st_prop_weight:0.2:kg
wpn_vz61,up_sect_firstd_vz61,st_prop_weight:0.16:kg|st_prop_recoil:6.23:pct
wpn_vz61,up_sect_secona_vz61,st_prop_recoil:6.23:pct
wpn_vz61,up_sect_seconc_vz61,st_prop_reliability:1.5:pct|st_prop_weight:0.13:kg
wpn_vz61,up_sect_secone_vz61,st_prop_recoil:12.66:pct
wpn_vz61,up_sect_seconf_vz61,st_prop_weight:-0.15:kg
wpn_vz61,up_sect_thirda_vz61,st_prop_weight:0.08:kg|st_prop_recoil:6.23:pct
wpn_vz61,up_sect_thirdc_vz61,st_prop_weight:0.09:kg|ui_inv_rate_of_fire:85:rpm
wpn_vz61,up_sect_thirdd_vz61,st_prop_reliability:2:pct|st_prop_weight:0.11:kg
wpn_vz61,up_sect_thirde_vz61,app_upgrade_bullet_speed:30:speed|ui_inv_accuracy:1.6:pct|st_prop_weight:0.1:kg
wpn_vz61,up_sect_fourta_vz61,st_prop_weight:0.12:kg|st_prop_recoil:6.23:pct
wpn_vz61,up_sect_fourtc_vz61,st_prop_weight:0.14:kg|ui_inv_rate_of_fire:40:rpm
wpn_vz61,up_sect_fourte_vz61,st_prop_reliability:1.5:pct|st_prop_weight:0.1:kg
wpn_vz61,up_sect_fiftha_vz61,st_prop_weight:0.02:kg
wpn_vz61_alt,up_sect_firsta_vz61,st_prop_weight:0.1:kg|ui_inv_rate_of_fire:40:rpm
wpn_vz61_alt,up_sect_firstc_vz61,st_prop_reliability:2:pct|st_prop_weight:0.2:kg
wpn_vz61_alt,up_sect_firstd_vz61,st_prop_weight:0.16:kg|st_prop_recoil:6.23:pct
wpn_vz61_alt,up_sect_secona_vz61,st_prop_recoil:6.23:pct
wpn_vz61_alt,up_sect_seconc_vz61,st_prop_reliability:1.5:pct|st_prop_weight:0.13:kg
wpn_vz61_alt,up_sect_secone_vz61,st_prop_recoil:12.66:pct
wpn_vz61_alt,up_sect_seconf_vz61,st_prop_weight:-0.15:kg
wpn_vz61_alt,up_sect_thirda_vz61,st_prop_weight:0.08:kg|st_prop_recoil:6.23:pct
wpn_vz61_alt,up_sect_thirdc_vz61,st_prop_weight:0.09:kg|ui_inv_rate_of_fire:85:rpm
wpn_vz61_alt,up_sect_thirdd_vz61,st_prop_reliability:2:pct|st_prop_weight:0.11:kg
wpn_vz61_alt,up_sect_thirde_vz61,app_upgrade_bullet_speed:30:speed|ui_inv_accuracy:1.6:pct|st_prop_weight:0.1:kg
wpn_vz61_alt,up_sect_fourta_vz61,st_prop_weight:0.12:kg|st_prop_recoil:6.23:pct
wpn_vz61_alt,up_sect_fourtc_vz61,st_prop_weight:0.14:kg|ui_inv_rate_of_fire:40:rpm
wpn_vz61_alt,up_sect_fourte_vz61,st_prop_reliability:1.5:pct|st_prop_weight:0.1:kg
wpn_vz61_alt,up_sect_fiftha_vz61,st_prop_weight:0.02:kg
wpn_wa2000,up_sect_firsta_svd,ui_inv_handling:4.76:pct|st_prop_weight:-0.24:kg
wpn_wa2000,up_sect_firstc_svd,ui_inv_accuracy:1.33:pct|st_prop_weight:0.15:kg
wpn_wa2000,up_sect_firstd_svd,ui_inv_handling:4.76:pct|st_prop_weight:-0.23:kg
wpn_wa2000,up_sect_firste_svd,app_upgrade_bullet_speed:200:speed|ui_inv_accuracy:1.07:pct|st_prop_weight:0.16:kg
wpn_wa2000,up_sect_firstf_svd,st_prop_weight:0.12:kg|ui_inv_rate_of_fire:35:rpm
wpn_wa2000,up_sect_secona_svd,st_prop_reliability:7:pct
wpn_wa2000,up_sect_seconc_svd,st_prop_weight:0.22:kg|st_prop_recoil:3.13:pct
wpn_wa2000,up_sect_second_svd,ui_inv_accuracy:1.33:pct|st_prop_weight:0.16:kg
wpn_wa2000,up_sect_thirda_svd,st_prop_weight:0.18:kg|st_prop_recoil:3.13:pct
wpn_wa2000,up_sect_thirdc_svd,ui_inv_handling:7.14:pct|st_prop_weight:-0.24:kg
wpn_wa2000,up_sect_thirde_svd,st_prop_weight:0.16:kg|st_prop_recoil:3.13:pct
wpn_wa2000,up_sect_fourtc_svd,ui_inv_handling:11.9:pct|st_prop_weight:-0.22:kg
wpn_wa2000,up_sect_fourte_svd,ui_inv_rate_of_fire:15:rpm
wpn_wa2000,up_sect_fourtf_svd,app_upgrade_bullet_speed:40:speed|ui_inv_accuracy:0.67:pct|st_prop_weight:0.1:kg
wpn_walther,up_sect_firsta_sig220,st_prop_weight:0.1:kg|ui_inv_rate_of_fire:20:rpm
wpn_walther,up_sect_firstc_sig220,st_prop_reliability:1.5:pct|st_prop_weight:0.18:kg
wpn_walther,up_sect_firstd_sig220,app_upgrade_bullet_speed:56:speed|ui_inv_accuracy:1.33:pct|st_prop_weight:0.13:kg
wpn_walther,up_sect_firste_sig220,st_prop_weight:0.14:kg|ui_inv_rate_of_fire:275:rpm
wpn_walther,up_sect_secona_sig220,app_upgrade_bullet_speed:28:speed|ui_inv_accuracy:0.67:pct|st_prop_weight:0.1:kg
wpn_walther,up_sect_seconc_sig220,st_prop_reliability:1.5:pct|st_prop_weight:0.16:kg
wpn_walther,up_sect_secone_sig220,st_prop_weight:0.08:kg|ui_inv_rate_of_fire:30:rpm
wpn_walther,up_sect_seconf_sig220,app_upgrade_bullet_speed:84:speed|ui_inv_accuracy:2:pct|st_prop_weight:0.12:kg
wpn_walther,up_sect_thirda_sig220,ui_inv_handling:1.19:pct|st_prop_weight:-0.48:kg
wpn_walther,up_sect_thirdc_sig220,ui_inv_handling:3.57:pct|st_prop_weight:-0.07:kg
wpn_walther,up_sect_thirdd_sig220,st_prop_weight:0.11:kg
wpn_walther,up_sect_fourta_sig220,ui_inv_accuracy:3.33:pct|st_prop_weight:0.07:kg
wpn_walther,up_sect_fourtc_sig220,st_prop_reliability:1.5:pct|st_prop_weight:0.14:kg
wpn_walther,up_sect_fourte_sig220,st_prop_weight:0.06:kg|ui_inv_rate_of_fire:30:rpm
wpn_walther,up_sect_fiftha_sig220,st_prop_weight:0.04:kg
wpn_walther_mod9,up_sect_firsta_sig220,st_prop_weight:0.1:kg|ui_inv_rate_of_fire:20:rpm
wpn_walther_mod9,up_sect_firstc_sig220,st_prop_reliability:1.5:pct|st_prop_weight:0.18:kg
wpn_walther_mod9,up_sect_firstd_sig220,app_upgrade_bullet_speed:56:speed|ui_inv_accuracy:1.33:pct|st_prop_weight:0.13:kg
wpn_walther_mod9,up_sect_firste_sig220,st_prop_weight:0.14:kg|ui_inv_rate_of_fire:275:rpm
wpn_walther_mod9,up_sect_secona_sig220,app_upgrade_bullet_speed:28:speed|ui_inv_accuracy:0.67:pct|st_prop_weight:0.1:kg
wpn_walther_mod9,up_sect_seconc_sig220,st_prop_reliability:1.5:pct|st_prop_weight:0.16:kg
wpn_walther_mod9,up_sect_secone_sig220,st_prop_weight:0.08:kg|ui_inv_rate_of_fire:30:rpm
wpn_walther_mod9,up_sect_seconf_sig220,app_upgrade_bullet_speed:84:speed|ui_inv_accuracy:2:pct|st_prop_weight:0.12:kg
wpn_walther_mod9,up_sect_thirda_sig220,ui_inv_handling:1.19:pct|st_prop_weight:-0.48:kg
wpn_walther_mod9,up_sect_thirdc_sig220,ui_inv_handling:3.57:pct|st_prop_weight:-0.07:kg
wpn_walther_mod9,up_sect_thirdd_sig220,st_prop_weight:0.11:kg
wpn_walther_mod9,up_sect_fourta_sig220,ui_inv_accuracy:3.33:pct|st_prop_weight:0.07:kg
wpn_walther_mod9,up_sect_fourtc_sig220,st_prop_reliability:1.5:pct|st_prop_weight:0.14:kg
wpn_walther_mod9,up_sect_fourte_sig220,st_prop_weight:0.06:kg|ui_inv_rate_of_fire:30:rpm
wpn_walther_mod9,up_sect_fiftha_sig220,st_prop_weight:0.04:kg
wpn_walther_p99,up_sect_firsta_sig220,st_prop_weight:0.1:kg|ui_inv_rate_of_fire:20:rpm
wpn_walther_p99,up_sect_firstc_sig220,st_prop_reliability:1.5:pct|st_prop_weight:0.18:kg
wpn_walther_p99,up_sect_firstd_sig220,app_upgrade_bullet_speed:56:speed|ui_inv_accuracy:1.33:pct|st_prop_weight:0.13:kg
wpn_walther_p99,up_sect_firste_sig220,st_prop_weight:0.14:kg|ui_inv_rate_of_fire:275:rpm
wpn_walther_p99,up_sect_secona_sig220,app_upgrade_bullet_speed:28:speed|ui_inv_accuracy:0.67:pct|st_prop_weight:0.1:kg
wpn_walther_p99,up_sect_seconc_sig220,st_prop_reliability:1.5:pct|st_prop_weight:0.16:kg
wpn_walther_p99,up_sect_secone_sig220,st_prop_weight:0.08:kg|ui_inv_rate_of_fire:30:rpm
wpn_walther_p99,up_sect_seconf_sig220,app_upgrade_bullet_speed:84:speed|ui_inv_accuracy:2:pct|st_prop_weight:0.12:kg
wpn_walther_p99,up_sect_thirda_sig220,ui_inv_handling:1.19:pct|st_prop_weight:-0.48:kg
wpn_walther_p99,up_sect_thirdc_sig220,ui_inv_handling:3.57:pct|st_prop_weight:-0.07:kg
wpn_walther_p99,up_sect_thirdd_sig220,st_prop_weight:0.11:kg
wpn_walther_p99,up_sect_fourta_sig220,ui_inv_accuracy:3.33:pct|st_prop_weight:0.07:kg
wpn_walther_p99,up_sect_fourtc_sig220,st_prop_reliability:1.5:pct|st_prop_weight:0.14:kg
wpn_walther_p99,up_sect_fourte_sig220,st_prop_weight:0.06:kg|ui_inv_rate_of_fire:30:rpm
wpn_walther_p99,up_sect_fiftha_sig220,st_prop_weight:0.04:kg
wpn_walther_p99_mod9,up_sect_firsta_sig220,st_prop_weight:0.1:kg|ui_inv_rate_of_fire:20:rpm
wpn_walther_p99_mod9,up_sect_firstc_sig220,st_prop_reliability:1.5:pct|st_prop_weight:0.18:kg
wpn_walther_p99_mod9,up_sect_firstd_sig220,app_upgrade_bullet_speed:56:speed|ui_inv_accuracy:1.33:pct|st_prop_weight:0.13:kg
wpn_walther_p99_mod9,up_sect_firste_sig220,st_prop_weight:0.14:kg|ui_inv_rate_of_fire:275:rpm
wpn_walther_p99_mod9,up_sect_secona_sig220,app_upgrade_bullet_speed:28:speed|ui_inv_accuracy:0.67:pct|st_prop_weight:0.1:kg
wpn_walther_p99_mod9,up_sect_seconc_sig220,st_prop_reliability:1.5:pct|st_prop_weight:0.16:kg
wpn_walther_p99_mod9,up_sect_secone_sig220,st_prop_weight:0.08:kg|ui_inv_rate_of_fire:30:rpm
wpn_walther_p99_mod9,up_sect_seconf_sig220,app_upgrade_bullet_speed:84:speed|ui_inv_accuracy:2:pct|st_prop_weight:0.12:kg
wpn_walther_p99_mod9,up_sect_thirda_sig220,ui_inv_handling:1.19:pct|st_prop_weight:-0.48:kg
wpn_walther_p99_mod9,up_sect_thirdc_sig220,ui_inv_handling:3.57:pct|st_prop_weight:-0.07:kg
wpn_walther_p99_mod9,up_sect_thirdd_sig220,st_prop_weight:0.11:kg
wpn_walther_p99_mod9,up_sect_fourta_sig220,ui_inv_accuracy:3.33:pct|st_prop_weight:0.07:kg
wpn_walther_p99_mod9,up_sect_fourtc_sig220,st_prop_reliability:1.5:pct|st_prop_weight:0.14:kg
wpn_walther_p99_mod9,up_sect_fourte_sig220,st_prop_weight:0.06:kg|ui_inv_rate_of_fire:30:rpm
wpn_walther_p99_mod9,up_sect_fiftha_sig220,st_prop_weight:0.04:kg
wpn_wincheaster1300,up_sect_firsta_wincheaster1300,st_prop_reliability:1.5:pct|st_prop_weight:0.12:kg
wpn_wincheaster1300,up_sect_firstc_wincheaster1300,app_upgrade_bullet_speed:45:speed|ui_inv_accuracy:2:pct|st_prop_weight:0.15:kg
wpn_wincheaster1300,up_sect_firstd_wincheaster1300,st_prop_weight:0.15:kg|st_prop_recoil:0.06:pct
wpn_wincheaster1300,up_sect_firste_wincheaster1300,ui_inv_accuracy:6.67:pct|st_prop_weight:0.1:kg
wpn_wincheaster1300,up_sect_firstf_wincheaster1300,ui_inv_handling:2.38:pct|st_prop_weight:-0.12:kg
wpn_wincheaster1300,up_sect_secona_wincheaster1300,st_prop_weight:-0.62:kg
wpn_wincheaster1300,up_sect_seconc_wincheaster1300,ui_inv_handling:2.38:pct|st_prop_weight:0.05:kg
wpn_wincheaster1300,up_sect_second_wincheaster1300,st_prop_reliability:2:pct|st_prop_weight:0.2:kg
wpn_wincheaster1300,up_sect_thirda_wincheaster1300,st_prop_reliability:1.5:pct|st_prop_weight:0.2:kg
wpn_wincheaster1300,up_sect_thirdc_wincheaster1300,ui_inv_accuracy:6.67:pct|st_prop_weight:0.05:kg
wpn_wincheaster1300,up_sect_thirde_wincheaster1300,st_prop_reliability:4:pct|st_prop_weight:0.3:kg
wpn_wincheaster1300,up_sect_thirdf_wincheaster1300,st_prop_weight:0.05:kg|ui_inv_rate_of_fire:10:rpm
wpn_wincheaster1300_trapper,up_sect_firsta_wincheaster1300,st_prop_reliability:1.5:pct|st_prop_weight:0.12:kg
wpn_wincheaster1300_trapper,up_sect_firstc_wincheaster1300,app_upgrade_bullet_speed:45:speed|ui_inv_accuracy:2:pct|st_prop_weight:0.15:kg
wpn_wincheaster1300_trapper,up_sect_firstd_wincheaster1300,st_prop_weight:0.15:kg|st_prop_recoil:0.06:pct
wpn_wincheaster1300_trapper,up_sect_firste_wincheaster1300,ui_inv_accuracy:6.67:pct|st_prop_weight:0.1:kg
wpn_wincheaster1300_trapper,up_sect_firstf_wincheaster1300,ui_inv_handling:2.38:pct|st_prop_weight:-0.12:kg
wpn_wincheaster1300_trapper,up_sect_secona_wincheaster1300,st_prop_weight:-0.62:kg
wpn_wincheaster1300_trapper,up_sect_seconc_wincheaster1300,ui_inv_handling:2.38:pct|st_prop_weight:0.05:kg
wpn_wincheaster1300_trapper,up_sect_second_wincheaster1300,st_prop_reliability:2:pct|st_prop_weight:0.2:kg
wpn_wincheaster1300_trapper,up_sect_thirda_wincheaster1300,st_prop_reliability:1.5:pct|st_prop_weight:0.2:kg
wpn_wincheaster1300_trapper,up_sect_thirdc_wincheaster1300,ui_inv_accuracy:6.67:pct|st_prop_weight:0.05:kg
wpn_wincheaster1300_trapper,up_sect_thirde_wincheaster1300,st_prop_reliability:4:pct|st_prop_weight:0.3:kg
wpn_wincheaster1300_trapper,up_sect_thirdf_wincheaster1300,st_prop_weight:0.05:kg|ui_inv_rate_of_fire:10:rpm
wpn_winchester1873,up_sect_firsta_svd,ui_inv_handling:4.76:pct|st_prop_weight:-0.24:kg
wpn_winchester1873,up_sect_firstc_svd,ui_inv_accuracy:1.33:pct|st_prop_weight:0.15:kg
wpn_winchester1873,up_sect_firstd_svd,ui_inv_handling:4.76:pct|st_prop_weight:-0.23:kg
wpn_winchester1873,up_sect_firste_svd,app_upgrade_bullet_speed:200:speed|ui_inv_accuracy:1.07:pct|st_prop_weight:0.16:kg
wpn_winchester1873,up_sect_firstf_svd,st_prop_weight:0.12:kg|ui_inv_rate_of_fire:35:rpm
wpn_winchester1873,up_sect_secona_svd,st_prop_reliability:7:pct
wpn_winchester1873,up_sect_seconc_svd,st_prop_weight:0.22:kg|st_prop_recoil:9.07:pct
wpn_winchester1873,up_sect_second_svd,ui_inv_accuracy:1.33:pct|st_prop_weight:0.16:kg
wpn_winchester1873,up_sect_thirda_svd,st_prop_weight:0.18:kg|st_prop_recoil:9.07:pct
wpn_winchester1873,up_sect_thirdc_svd,ui_inv_handling:7.14:pct|st_prop_weight:-0.24:kg
wpn_winchester1873,up_sect_thirde_svd,st_prop_weight:0.16:kg|st_prop_recoil:9.07:pct
wpn_xm4,up_sect_firsta_m4,st_prop_reliability:1:pct|st_prop_weight:0.1:kg
wpn_xm4,up_sect_firstc_m4,app_upgrade_bullet_speed:83:speed|ui_inv_accuracy:0.67:pct|st_prop_weight:0.1:kg
wpn_xm4,up_sect_firstd_m4,st_prop_weight:0.15:kg|ui_inv_rate_of_fire:45:rpm
wpn_xm4,up_sect_firste_m4,st_prop_reliability:3:pct|st_prop_weight:0.25:kg
wpn_xm4,up_sect_secona_m4,st_prop_weight:0.15:kg|st_prop_recoil:12.65:pct
wpn_xm4,up_sect_seconc_m4,st_prop_reliability:1.5:pct|st_prop_weight:0.15:kg
wpn_xm4,up_sect_secone_m4,st_prop_weight:0.1:kg|st_prop_recoil:12.65:pct
wpn_xm4,up_sect_seconf_m4,ui_inv_accuracy:2:pct|st_prop_weight:0.1:kg
wpn_xm4,up_sect_thirda_m4,ui_inv_handling:1.19:pct|st_prop_weight:0.05:kg
wpn_xm4,up_sect_thirdc_m4,ui_inv_accuracy:2:pct|st_prop_weight:0.1:kg
wpn_xm4,up_sect_thirdd_m4,st_prop_weight:0.15:kg|ui_inv_rate_of_fire:95:rpm
wpn_xm4,up_sect_thirde_m4,st_prop_weight:0.1:kg|ui_inv_rate_of_fire:45:rpm
wpn_xm4,up_sect_fourta_m4a1,ui_inv_handling:1.19:pct|st_prop_weight:0.1:kg|ui_inv_rate_of_fire:35:rpm
wpn_xm4,up_sect_fourtc_m4,ui_inv_handling:2.38:pct|st_prop_weight:0.1:kg
wpn_xm4,up_sect_fourte_m4,ui_inv_handling:3.57:pct|st_prop_weight:0.2:kg
wpn_xm4,up_sect_fourtf_m4,app_upgrade_bullet_speed:83:speed|ui_inv_accuracy:0.67:pct|st_prop_weight:0.2:kg
wpn_xm4_admin,up_sect_firsta_g36,st_prop_reliability:2:pct|st_prop_weight:0.1:kg
wpn_xm4_admin,up_sect_firstc_g36,ui_inv_accuracy:1.33:pct|st_prop_weight:0.11:kg
wpn_xm4_admin,up_sect_firste_g36,ui_inv_handling:3.57:pct|st_prop_weight:0.05:kg
wpn_xm4_admin,up_sect_firstf_g36,ui_inv_accuracy:2.67:pct|st_prop_weight:0.18:kg
wpn_xm4_admin,up_sect_secona_g36,st_prop_weight:0.15:kg
wpn_xm4_admin,up_sect_seconc_g36,ui_inv_handling:2.38:pct|st_prop_weight:0.1:kg
wpn_xm4_admin,up_sect_second_g36,st_prop_weight:0.15:kg
wpn_xm4_admin,up_sect_secone_g36,app_upgrade_bullet_speed:85:speed|ui_inv_accuracy:0.67:pct|st_prop_weight:0.1:kg
wpn_xm4_admin,up_sect_thirda_g36,ui_inv_accuracy:1.33:pct|st_prop_weight:0.05:kg
wpn_xm4_admin,up_sect_thirdc_g36,st_prop_weight:0.2:kg
wpn_xm4_admin,up_sect_thirde_g36,app_upgrade_bullet_speed:85:speed|ui_inv_accuracy:0.67:pct|st_prop_weight:0.1:kg
wpn_xm4_admin,up_sect_thirdf_g36,ui_inv_accuracy:2:pct|st_prop_weight:0.15:kg
wpn_xm4_admin,up_sect_fourta_g36,st_prop_weight:0.1:kg|ui_inv_rate_of_fire:35:rpm
wpn_xm4_admin,up_sect_fourtc_g36,ui_inv_handling:1.19:pct|st_prop_weight:-0.4:kg
wpn_xm4_admin,up_sect_fourte_g36,st_prop_reliability:1.5:pct|st_prop_weight:0.2:kg
wpn_xm4_admin,up_sect_fourtf_g36,ui_inv_handling:1.67:pct|st_prop_weight:-0.06:kg
wpn_xm4_bd,up_sect_firsta_m4,st_prop_reliability:1:pct|st_prop_weight:0.1:kg
wpn_xm4_bd,up_sect_firstc_m4,app_upgrade_bullet_speed:83:speed|ui_inv_accuracy:0.67:pct|st_prop_weight:0.1:kg
wpn_xm4_bd,up_sect_firstd_m4,st_prop_weight:0.15:kg|ui_inv_rate_of_fire:45:rpm
wpn_xm4_bd,up_sect_firste_m4,st_prop_reliability:3:pct|st_prop_weight:0.25:kg
wpn_xm4_bd,up_sect_secona_m4,st_prop_weight:0.15:kg
wpn_xm4_bd,up_sect_seconc_m4,st_prop_reliability:1.5:pct|st_prop_weight:0.15:kg
wpn_xm4_bd,up_sect_secone_m4,st_prop_weight:0.1:kg
wpn_xm4_bd,up_sect_seconf_m4,ui_inv_accuracy:2:pct|st_prop_weight:0.1:kg
wpn_xm4_bd,up_sect_thirda_m4,ui_inv_handling:1.19:pct|st_prop_weight:0.05:kg
wpn_xm4_bd,up_sect_thirdc_m4,ui_inv_accuracy:2:pct|st_prop_weight:0.1:kg
wpn_xm4_bd,up_sect_thirdd_m4,st_prop_weight:0.15:kg|ui_inv_rate_of_fire:95:rpm
wpn_xm4_bd,up_sect_thirde_m4,st_prop_weight:0.1:kg|ui_inv_rate_of_fire:45:rpm
wpn_xm4_bd,up_sect_fourta_m4a1,ui_inv_handling:1.19:pct|st_prop_weight:0.1:kg|ui_inv_rate_of_fire:35:rpm
wpn_xm4_bd,up_sect_fourtc_m4,ui_inv_handling:2.38:pct|st_prop_weight:0.1:kg
wpn_xm4_bd,up_sect_fourte_m4,ui_inv_handling:3.57:pct|st_prop_weight:0.2:kg
wpn_xm4_bd,up_sect_fourtf_m4,app_upgrade_bullet_speed:83:speed|ui_inv_accuracy:0.67:pct|st_prop_weight:0.2:kg
wpn_xm8,up_sect_firsta_g36,st_prop_reliability:2:pct|st_prop_weight:0.1:kg
wpn_xm8,up_sect_firstc_g36,ui_inv_accuracy:1.33:pct|st_prop_weight:0.11:kg
wpn_xm8,up_sect_firste_g36,ui_inv_handling:3.57:pct|st_prop_weight:0.05:kg
wpn_xm8,up_sect_firstf_g36,ui_inv_accuracy:2.67:pct|st_prop_weight:0.18:kg
wpn_xm8,up_sect_secona_g36,st_prop_weight:0.15:kg|st_prop_recoil:15.47:pct
wpn_xm8,up_sect_seconc_g36,ui_inv_handling:2.38:pct|st_prop_weight:0.1:kg
wpn_xm8,up_sect_second_g36,st_prop_weight:0.15:kg|st_prop_recoil:15.47:pct
wpn_xm8,up_sect_secone_g36,app_upgrade_bullet_speed:85:speed|ui_inv_accuracy:0.67:pct|st_prop_weight:0.1:kg
wpn_xm8,up_sect_thirda_g36,ui_inv_accuracy:1.33:pct|st_prop_weight:0.05:kg
wpn_xm8,up_sect_thirdc_g36,st_prop_weight:0.2:kg|st_prop_recoil:15.47:pct
wpn_xm8,up_sect_thirde_g36,app_upgrade_bullet_speed:85:speed|ui_inv_accuracy:0.67:pct|st_prop_weight:0.1:kg
wpn_xm8,up_sect_thirdf_g36,ui_inv_accuracy:2:pct|st_prop_weight:0.15:kg
wpn_xm8,up_sect_fourta_g36,st_prop_weight:0.1:kg|ui_inv_rate_of_fire:35:rpm
wpn_xm8,up_sect_fourtc_g36,ui_inv_handling:1.19:pct|st_prop_weight:-0.4:kg
wpn_xm8,up_sect_fourte_g36,st_prop_reliability:1.5:pct|st_prop_weight:0.2:kg
wpn_xm8,up_sect_fourtf_g36,ui_inv_handling:1.67:pct|st_prop_weight:-0.06:kg
